W,Название,Title,Источник,Оригинал (URL),"Ширина, px","Высота, px",Мегапиксели,Страница источника
1,Вид в Руэле. Гавр,"View at Rouelles, Le Havre",Wikimedia Commons,"https://commons.wikimedia.org/wiki/Special:FilePath/Monet,_Claude_-_View_At_Rouelles,_Le_Havre_(1858).jpg",800,562,0.4,"https://commons.wikimedia.org/wiki/File:Monet,_Claude_-_View_At_Rouelles,_Le_Havre_(1858).jpg"
2,Натюрморт,Still Life,нет открытого изображения,,,,,
3,Натюрморт,Still Life,нет открытого изображения,,,,,
4,Натюрморт,Still Life,нет открытого изображения,,,,,
5,Пейзаж с заводами,Landscape with Factories,Wikimedia Commons,https://commons.wikimedia.org/wiki/Special:FilePath/Monet_-_Paysage_d'usines_W5.jpg,2000,1131,2.3,https://commons.wikimedia.org/wiki/File:Monet_-_Paysage_d'usines_W5.jpg
5a,Пейзаж с заводами,Landscape with Factories,Wikimedia Commons (скан каталога),"https://commons.wikimedia.org/wiki/Special:FilePath/Monet_-_Wildenstein_1996,_5a.png",482,290,0.1,"https://commons.wikimedia.org/wiki/File:Monet_-_Wildenstein_1996,_5a.png"
6,Уголок мастерской,Corner of a Studio,Wikimedia Commons,"https://commons.wikimedia.org/wiki/Special:FilePath/Claude_monet,_angolo_dello_studio,_1861,_01.JPG",2012,2652,5.3,"https://commons.wikimedia.org/wiki/File:Claude_monet,_angolo_dello_studio,_1861,_01.JPG"
7,Натюрморт с фазаном,Still Life with Pheasant,Wikimedia Commons,https://commons.wikimedia.org/wiki/Special:FilePath/Monet-faisan-musée_de_rouen.jpg,453,548,0.2,https://commons.wikimedia.org/wiki/File:Monet-faisan-musée_de_rouen.jpg
8,Алжирская сцена,Algerian Scene,нет открытого изображения,,,,,
9,Отбивная,La Côtelette,Wikimedia Commons (скан каталога),"https://commons.wikimedia.org/wiki/Special:FilePath/Monet_-_Wildenstein_1996,_9.png",550,378,0.2,"https://commons.wikimedia.org/wiki/File:Monet_-_Wildenstein_1996,_9.png"
10,Охотничьи трофеи,Hunting Trophy,Wikimedia Commons,https://commons.wikimedia.org/wiki/Special:FilePath/Trophies-of-the-hunt-Monet.jpg,425,600,0.3,https://commons.wikimedia.org/wiki/File:Trophies-of-the-hunt-Monet.jpg
10a,Натюрморт с куропатками,Still Life with Partridges,Wikimedia Commons (скан каталога),"https://commons.wikimedia.org/wiki/Special:FilePath/Monet_-_Wildenstein_1996,_10a.png",551,382,0.2,"https://commons.wikimedia.org/wiki/File:Monet_-_Wildenstein_1996,_10a.png"
11,Голова собаки,Dog's Head,Wikimedia Commons (скан каталога),"https://commons.wikimedia.org/wiki/Special:FilePath/Monet_-_Wildenstein_1996,_11.png",355,428,0.2,"https://commons.wikimedia.org/wiki/File:Monet_-_Wildenstein_1996,_11.png"
12,Голова борзой,Greyhound's Head,Wikimedia Commons (скан каталога),"https://commons.wikimedia.org/wiki/Special:FilePath/Monet_-_Wildenstein_1996,_12.png",409,339,0.1,"https://commons.wikimedia.org/wiki/File:Monet_-_Wildenstein_1996,_12.png"
13,"Натюрморт с бутылкой, графином, хлебом и вином","Still Life with Bottle, Carafe, Bread and Wine",National Gallery of Art (CC0),https://api.nga.gov/iiif/f2b37bef-9caf-4f86-a6a2-72c5773e9267/full/max/0/default.jpg,16003,10532,168.5,https://www.nga.gov/collection/art-object-page.164942.html
14,Натюрморт с мясом,Still Life with Meat,Wikimedia Commons,https://commons.wikimedia.org/wiki/Special:FilePath/Monet_-_Stilleben_mit_Fleisch.jpg,1221,926,1.1,https://commons.wikimedia.org/wiki/File:Monet_-_Stilleben_mit_Fleisch.jpg
15,Голова женщины,Head of a Woman,Wikimedia Commons (скан каталога),"https://commons.wikimedia.org/wiki/Special:FilePath/Monet_-_Wildenstein_1996,_15.png",360,455,0.2,"https://commons.wikimedia.org/wiki/File:Monet_-_Wildenstein_1996,_15.png"
16,Ферма в Нормандии,Farmyard in Normandy,Wikimedia Commons,https://commons.wikimedia.org/wiki/Special:FilePath/Cour_de_ferme_en_Normandie_-_Claude_Monet.jpg,4517,3607,16.3,https://commons.wikimedia.org/wiki/File:Cour_de_ferme_en_Normandie_-_Claude_Monet.jpg
17,Дорога в лесу,Road in a Forest,Wikimedia Commons,"https://commons.wikimedia.org/wiki/Special:FilePath/Monet,_Claude_-_Forest_Road.jpg",1600,1156,1.8,"https://commons.wikimedia.org/wiki/File:Monet,_Claude_-_Forest_Road.jpg"
18,Сборщики хвороста на опушке леса,Woodgatherers at the Edge of the Forest,Wikimedia Commons,"https://commons.wikimedia.org/wiki/Special:FilePath/Monet_-_Woodgatherers_at_the_Edge_of_the_Forest,_about_1863.jpg",1600,1053,1.7,"https://commons.wikimedia.org/wiki/File:Monet_-_Woodgatherers_at_the_Edge_of_the_Forest,_about_1863.jpg"
19,Дорога в Шайи,Le Pavé de Chailly,Wikimedia Commons (скан каталога),"https://commons.wikimedia.org/wiki/Special:FilePath/Monet_-_Wildenstein_1996,_19.png",543,392,0.2,"https://commons.wikimedia.org/wiki/File:Monet_-_Wildenstein_1996,_19.png"
20,Весенние цветы,Spring Flowers,Wikimedia Commons,"https://commons.wikimedia.org/wiki/Special:FilePath/Spring_Flowers,_by_Claude_Monet,_Cleveland_Museum_of_Art,_1953.155.jpg",11304,14845,167.8,"https://commons.wikimedia.org/wiki/File:Spring_Flowers,_by_Claude_Monet,_Cleveland_Museum_of_Art,_1953.155.jpg"
21,Цветы,Flowers,нет открытого изображения,,,,,
22,Морской берег в Сент-Адрессе,Seashore at Sainte-Adresse,Wikimedia Commons,https://commons.wikimedia.org/wiki/Special:FilePath/Claude_Monet_-_The_Seashore_at_Sainte-Adresse_-_53.13_-_Minneapolis_Institute_of_Arts.jpg,6676,3729,24.9,https://commons.wikimedia.org/wiki/File:Claude_Monet_-_The_Seashore_at_Sainte-Adresse_-_53.13_-_Minneapolis_Institute_of_Arts.jpg
22a,Этрета,Étretat,Wikimedia Commons,"https://commons.wikimedia.org/wiki/Special:FilePath/Claude_Monet_-_Étretat,_(1864).jpg",2362,1532,3.6,"https://commons.wikimedia.org/wiki/File:Claude_Monet_-_Étretat,_(1864).jpg"
22b,Этрета. Порт-д’Аваль,Étretat Porte d'Aval,Wikimedia Commons,"https://commons.wikimedia.org/wiki/Special:FilePath/Étretat,_porte_et_falaise_d'Aval_(1864)_Claude_Monet_(W_22b).jpg",1569,884,1.4,"https://commons.wikimedia.org/wiki/File:Étretat,_porte_et_falaise_d'Aval_(1864)_Claude_Monet_(W_22b).jpg"
22c,Вид Сент-Адресса,View of Sainte-Adresse,Wikimedia Commons (скан каталога),"https://commons.wikimedia.org/wiki/Special:FilePath/Monet_-_Wildenstein_1996,_97.png",573,396,0.2,"https://commons.wikimedia.org/wiki/File:Monet_-_Wildenstein_1996,_97.png"
23,Прибрежный пейзаж,Coastal landscape,Wikimedia Commons,https://commons.wikimedia.org/wiki/Special:FilePath/Claude_Monnet.Coastal_landscape.jpg,3840,2525,9.7,https://commons.wikimedia.org/wiki/File:Claude_Monnet.Coastal_landscape.jpg
24,Дорога у фермы Сен-Симеон,Road by Saint-Siméon Farm,Wikimedia Commons,https://commons.wikimedia.org/wiki/Special:FilePath/Claude_Monet_-_La_Route_devant_la_ferme_Saint-Siméon.jpg,1303,970,1.3,https://commons.wikimedia.org/wiki/File:Claude_Monet_-_La_Route_devant_la_ferme_Saint-Siméon.jpg
25,Дорога у фермы Сен-Симеон,Road by Saint-Simeon Farm,Wikimedia Commons (скан каталога),"https://commons.wikimedia.org/wiki/Special:FilePath/Monet_-_Wildenstein_1996,_25.png",283,506,0.1,"https://commons.wikimedia.org/wiki/File:Monet_-_Wildenstein_1996,_25.png"
26,Верфь малых судов близ Онфлёра,Small Boatyard near Honfleur,Wikimedia Commons,"https://commons.wikimedia.org/wiki/Special:FilePath/Le_Chantier_de_petits_navires,_près_de_Honfleur_(1867)_Claude_Monet_(W27).jpg",888,630,0.6,"https://commons.wikimedia.org/wiki/File:Le_Chantier_de_petits_navires,_près_de_Honfleur_(1867)_Claude_Monet_(W27).jpg"
27,Лодочная верфь близ Онфлёра,Boatyard near Honfleur,Wikimedia Commons (скан каталога),"https://commons.wikimedia.org/wiki/Special:FilePath/Monet_-_Wildenstein_1996,_27.png",552,380,0.2,"https://commons.wikimedia.org/wiki/File:Monet_-_Wildenstein_1996,_27.png"
28,Дорога у фермы Сен-Симеон,Road by Saint-Siméon Farm,Wikimedia Commons (скан каталога),https://commons.wikimedia.org/wiki/Special:FilePath/Monet_w28(1).jpg,1024,752,0.8,https://commons.wikimedia.org/wiki/File:Monet_w28(1).jpg
29,Дорога у фермы Сен-Симеон,Road by Saint-Siméon Farm,Wikimedia Commons,https://commons.wikimedia.org/wiki/Special:FilePath/Claude_Monet_-_Walk_(Road_of_the_Farm_Saint-Siméon)_-_Google_Art_Project.jpg,2327,4145,9.6,https://commons.wikimedia.org/wiki/File:Claude_Monet_-_Walk_(Road_of_the_Farm_Saint-Siméon)_-_Google_Art_Project.jpg
30,Дорога у фермы Сен-Симеон,Road by Saint-Siméon Farm,Wikimedia Commons (скан каталога),"https://commons.wikimedia.org/wiki/Special:FilePath/Monet_-_Wildenstein_1996,_30.png",360,662,0.2,"https://commons.wikimedia.org/wiki/File:Monet_-_Wildenstein_1996,_30.png"
31,Лейтенантство в Онфлёре,La Lieutenance at Honfleur,Wikimedia Commons (скан каталога),"https://commons.wikimedia.org/wiki/Special:FilePath/Monet_-_Wildenstein_1996,_31.png",359,228,0.1,"https://commons.wikimedia.org/wiki/File:Monet_-_Wildenstein_1996,_31.png"
32,Лётенанс в Онфлёре,The Lieutenance at Honfleur,Wikimedia Commons (скан каталога),"https://commons.wikimedia.org/wiki/Special:FilePath/Monet_-_Wildenstein_1996,_32.png",359,264,0.1,"https://commons.wikimedia.org/wiki/File:Monet_-_Wildenstein_1996,_32.png"
33,Улица Бавол в Онфлёре,Le Rue de la Bavole at Honfleur,Wikimedia Commons,"https://commons.wikimedia.org/wiki/Special:FilePath/Claude_Monet_-_Rue_de_la_Bavole,_Honfleur_-_Google_Art_Project.jpg",4292,3912,16.8,"https://commons.wikimedia.org/wiki/File:Claude_Monet_-_Rue_de_la_Bavole,_Honfleur_-_Google_Art_Project.jpg"
34,Улица Бавол в Онфлёре,Le Rue de la Bavole at Honfleur,Wikimedia Commons,"https://commons.wikimedia.org/wiki/Special:FilePath/Monet_-_La_Rue_de_la_Bavolle_à_Honfleur,_1864.jpg",1025,946,1.0,"https://commons.wikimedia.org/wiki/File:Monet_-_La_Rue_de_la_Bavolle_à_Honfleur,_1864.jpg"
35,Часовня Нотр-Дам-де-Грас в Онфлёре,The Chapel of Notre-dame de Grace at Honfleur,Wikimedia Commons,"https://commons.wikimedia.org/wiki/Special:FilePath/La_Chapelle_de_Notre-Dame-de-Grâce,_Honfleur_(1864)_Claude_Monet_(W_35).jpg",2880,2200,6.3,"https://commons.wikimedia.org/wiki/File:La_Chapelle_de_Notre-Dame-de-Grâce,_Honfleur_(1864)_Claude_Monet_(W_35).jpg"
36,Ферма близ Онфлёра,Farm near Honfleur,Wikimedia Commons (скан каталога),"https://commons.wikimedia.org/wiki/Special:FilePath/Monet_-_Wildenstein_1996,_36.png",359,290,0.1,"https://commons.wikimedia.org/wiki/File:Monet_-_Wildenstein_1996,_36.png"
37,"Лодку вытаскивают на берег, Онфлёр","Hauling a Boat Ashore, Honfleur",Wikimedia Commons,"https://commons.wikimedia.org/wiki/Special:FilePath/Monet_-_Towing_a_Boat,_Honfleur,_1864.jpg",500,330,0.2,"https://commons.wikimedia.org/wiki/File:Monet_-_Towing_a_Boat,_Honfleur,_1864.jpg"
38,Маяк у Оспис,Lighthouse at the Hospice,Wikimedia Commons,"https://commons.wikimedia.org/wiki/Special:FilePath/Monet_-_Le_phare_de_Honfleur,_1864.jpg",600,400,0.2,"https://commons.wikimedia.org/wiki/File:Monet_-_Le_phare_de_Honfleur,_1864.jpg"
39,"Мыс Эв, Онфлёр","La Pointe de la Hève, Honfleur",Wikimedia Commons,https://commons.wikimedia.org/wiki/Special:FilePath/Monet_Pointe_de_la_Hève.jpg,2000,1099,2.2,https://commons.wikimedia.org/wiki/File:Monet_Pointe_de_la_Hève.jpg
39a,Пляж в Сент-Адрессе,La Plage de Sainte-Adresse,Wikimedia Commons,"https://commons.wikimedia.org/wiki/Special:FilePath/Monet_-_Beach_of_Sainte-Adresse,_1864.jpg",710,306,0.2,"https://commons.wikimedia.org/wiki/File:Monet_-_Beach_of_Sainte-Adresse,_1864.jpg"
40,Лошади на мысе Ла-Эв,Chevaux à la pointe de la Hève,Wikimedia Commons,https://commons.wikimedia.org/wiki/Special:FilePath/Claude_Monet_-_Chevaux_à_la_pointe_de_la_Hève.jpg,2000,1391,2.8,https://commons.wikimedia.org/wiki/File:Claude_Monet_-_Chevaux_à_la_pointe_de_la_Hève.jpg
41,Пляж в Онфлёре,The Beach at Honfleur,Wikimedia Commons,"https://commons.wikimedia.org/wiki/Special:FilePath/'The_Beach_at_Honfleur'_by_Claude_Monet,_LACMA.jpg",2684,1960,5.3,"https://commons.wikimedia.org/wiki/File:'The_Beach_at_Honfleur'_by_Claude_Monet,_LACMA.jpg"
42,Портрет стоящего мужчины,Portrait of a Man Standing,Wikimedia Commons (скан каталога),https://commons.wikimedia.org/wiki/Special:FilePath/Monet_w_42.jpg,717,1024,0.7,https://commons.wikimedia.org/wiki/File:Monet_w_42.jpg
43,Доктор Лекланше,Dr. Leclenché,Wikimedia Commons,https://commons.wikimedia.org/wiki/Special:FilePath/Dr._Leclenché_MET_DT1900.jpg,2658,3722,9.9,https://commons.wikimedia.org/wiki/File:Dr._Leclenché_MET_DT1900.jpg
44,Мужчина с трубкой,Man with a Pipe,Wikimedia Commons,"https://commons.wikimedia.org/wiki/Special:FilePath/L'Homme_à_la_pipe,_portrait_présumé_de_Jongking_(1864)_Claude_Monet_(W_44).jpg",522,699,0.4,"https://commons.wikimedia.org/wiki/File:L'Homme_à_la_pipe,_portrait_présumé_de_Jongking_(1864)_Claude_Monet_(W_44).jpg"
45,"Портрет Адольфа Моне, отца художника","Portrait of Adolphe Monet, the Artist's Father",нет открытого изображения,,,,,
46,"Портрет Леона Моне, брата художника","Portrait of Léon Monet, the Artist's Brother",нет открытого изображения,,,,,
47,Натюрморт с куропатками,Still Life with Partridges,нет открытого изображения,,,,,
48,Рыболовные снасти и морской пейзаж,"Fishing Gear, and Seascape",нет открытого изображения,,,,,
49,Торговцы рыбой в предместье,Fish Sellers in the Faubourg,нет открытого изображения,,,,,
50,Повозка на заснеженной дороге в Онфлёре,A Cart on the Snowy Road at Honfleur,Wikimedia Commons,"https://commons.wikimedia.org/wiki/Special:FilePath/Monet,_A_Cart_on_the_Snowy_Road_at_Honfleur_(1865_or_1867).jpg",3500,2410,8.4,"https://commons.wikimedia.org/wiki/File:Monet,_A_Cart_on_the_Snowy_Road_at_Honfleur_(1865_or_1867).jpg"
51,Устье Сены в Онфлёре,Mouth of the Seine at Honfleur,Wikimedia Commons,https://commons.wikimedia.org/wiki/Special:FilePath/Claude_Monet_-_Mouth_of_the_Seine_-_1865.jpg,16267,9458,153.9,https://commons.wikimedia.org/wiki/File:Claude_Monet_-_Mouth_of_the_Seine_-_1865.jpg
52,Мыс Ла-Эв в отлив,The Pointe de la Heve at Low Tide,Wikimedia Commons,https://commons.wikimedia.org/wiki/Special:FilePath/Claude_Monet_-_La_Pointe_de_la_Hève_at_Low_Tide_-_Google_Art_Project.jpg,5101,3031,15.5,https://commons.wikimedia.org/wiki/File:Claude_Monet_-_La_Pointe_de_la_Hève_at_Low_Tide_-_Google_Art_Project.jpg
53,Портрет мужчины: Адольф Моне,Portrait of a Man: Adolphe Monet,Wikimedia Commons,"https://commons.wikimedia.org/wiki/Special:FilePath/Portrait_of_Claude-Adolphe_Monet,_the_Artist's_Father.jpg",500,579,0.3,"https://commons.wikimedia.org/wiki/File:Portrait_of_Claude-Adolphe_Monet,_the_Artist's_Father.jpg"
53a,"Адольф Моне, отец художника","Adolphe Monet, Father of the Artist",Wikimedia Commons (скан каталога),"https://commons.wikimedia.org/wiki/Special:FilePath/Monet_-_Wildenstein_1996,_53a.png",357,407,0.1,"https://commons.wikimedia.org/wiki/File:Monet_-_Wildenstein_1996,_53a.png"
54,Виктор Жакмон с зонтиком,Victor Jacquemont Holding a Parasol,Wikimedia Commons,https://commons.wikimedia.org/wiki/Special:FilePath/Monet_Jacquemont_Victor.jpg,425,700,0.3,https://commons.wikimedia.org/wiki/File:Monet_Jacquemont_Victor.jpg
55,Двор фермы в Шайи,Farmyard at Chailly,Wikimedia Commons (скан каталога),https://commons.wikimedia.org/wiki/Special:FilePath/Monet_w55a.jpg,1200,675,0.8,https://commons.wikimedia.org/wiki/File:Monet_w55a.jpg
55a,Стога в Шайи на восходе солнца,Haystacks at Chailly at Sunrise,Wikimedia Commons,"https://commons.wikimedia.org/wiki/Special:FilePath/Haystacks_at_Chailly_at_Sunrise,_1865,_oil_on_canvas,_11_7-8_x_23_3-4_inches_(30_x_60_cm),_San_Diego_Museum_of_Art.jpg",800,377,0.3,"https://commons.wikimedia.org/wiki/File:Haystacks_at_Chailly_at_Sunrise,_1865,_oil_on_canvas,_11_7-8_x_23_3-4_inches_(30_x_60_cm),_San_Diego_Museum_of_Art.jpg"
56,Дорога в Шайи,Le Pavé de Chailly,Wikimedia Commons,https://commons.wikimedia.org/wiki/Special:FilePath/Monet_Le_Pave_de_Chailly_Musee_dOrsay.JPG,2778,2002,5.6,https://commons.wikimedia.org/wiki/File:Monet_Le_Pave_de_Chailly_Musee_dOrsay.JPG
57,Дорога в Шайи в лесу Фонтенбло,Le Pavé de Chailly in the Fontainebleau Forest,Wikimedia Commons,https://commons.wikimedia.org/wiki/Special:FilePath/Le_Pavé_de_Chailly_in_the_Forest_of_Fontainebleau_(Monet).jpg,1600,1184,1.9,https://commons.wikimedia.org/wiki/File:Le_Pavé_de_Chailly_in_the_Forest_of_Fontainebleau_(Monet).jpg
58,Тропа в лесу,Path in the Forest,Wikimedia Commons,https://commons.wikimedia.org/wiki/Special:FilePath/Wuppertal_Turmhof_2009_002.jpg,1944,2592,5.0,https://commons.wikimedia.org/wiki/File:Wuppertal_Turmhof_2009_002.jpg
59,Лес Фонтенбло,Fontainebleau Forest,Wikimedia Commons,https://commons.wikimedia.org/wiki/Special:FilePath/Monet_-_Wald_von_Fontainbleau.jpeg,3918,2916,11.4,https://commons.wikimedia.org/wiki/File:Monet_-_Wald_von_Fontainbleau.jpeg
60,Дуб Бодмера,"The Bodmer Oak, Fontainebleau",Wikimedia Commons,"https://commons.wikimedia.org/wiki/Special:FilePath/The_Bodmer_Oak,_Fontainebleau_Forest_MET_DT1560.jpg",3811,2849,10.9,"https://commons.wikimedia.org/wiki/File:The_Bodmer_Oak,_Fontainebleau_Forest_MET_DT1560.jpg"
60a,Дуб Бодмера,The Bodmer Oak,Wikimedia Commons,"https://commons.wikimedia.org/wiki/Special:FilePath/Claude_Monet,_Un_chêne_au_Bas-Bréau,_le_Bodmer.jpg",1430,1920,2.7,"https://commons.wikimedia.org/wiki/File:Claude_Monet,_Un_chêne_au_Bas-Bréau,_le_Bodmer.jpg"
61,Гуляющие (этюд к «Завтраку на траве»),The Strollers (study for Luncheon on the Grass),National Gallery of Art (CC0),https://api.nga.gov/iiif/bfd3764c-8711-4b04-9f02-ed6b07995d40/full/max/0/default.jpg,12717,17100,217.5,https://www.nga.gov/collection/art-object-page.52185.html
62,Завтрак на траве (этюд к № 63),Luncheon on the Grass (study),Wikimedia Commons,https://commons.wikimedia.org/wiki/Special:FilePath/Claude_Monet_-_Le_Déjeuner_sur_l'herbe_(1866)_-_Pushkin_Museum_Ж-3307.jpg,10000,7069,70.7,https://commons.wikimedia.org/wiki/File:Claude_Monet_-_Le_Déjeuner_sur_l'herbe_(1866)_-_Pushkin_Museum_Ж-3307.jpg
63,Завтрак на траве,Le Déjeuner sur l’herbe - left panel,Wikimedia Commons,"https://commons.wikimedia.org/wiki/Special:FilePath/Claude_Monet_-_Le_Déjeuner_sur_l'herbe,_partie_gauche.jpg",700,2015,1.4,"https://commons.wikimedia.org/wiki/File:Claude_Monet_-_Le_Déjeuner_sur_l'herbe,_partie_gauche.jpg"
63a,"Завтрак на траве, левая часть","Luncheon on the Grass, Left Panel",Wikimedia Commons,"https://commons.wikimedia.org/wiki/Special:FilePath/Claude_Monet_-_Le_Déjeuner_sur_l'herbe,_partie_gauche.jpg",700,2015,1.4,"https://commons.wikimedia.org/wiki/File:Claude_Monet_-_Le_Déjeuner_sur_l'herbe,_partie_gauche.jpg"
63b,"Завтрак на траве, центральная часть","Luncheon on the Grass, Central Panel",Wikimedia Commons,"https://commons.wikimedia.org/wiki/Special:FilePath/Le_Déjeuner_sur_l'herbe_-_Monet_(Middle_fragment,_Musée_d'Orsay).jpg",2247,2590,5.8,"https://commons.wikimedia.org/wiki/File:Le_Déjeuner_sur_l'herbe_-_Monet_(Middle_fragment,_Musée_d'Orsay).jpg"
64,Камилла с собачкой,Camille with a Small Dog,Wikimedia Commons (скан каталога),https://commons.wikimedia.org/wiki/Special:FilePath/Monet_w64.jpg,785,1043,0.8,https://commons.wikimedia.org/wiki/File:Monet_w64.jpg
65,Камилла в зелёном платье,Camille (also known as The Woman in a Green Dress),Wikimedia Commons,https://commons.wikimedia.org/wiki/Special:FilePath/Claude_Monet_-_Camille.JPG,3800,5856,22.3,https://commons.wikimedia.org/wiki/File:Claude_Monet_-_Camille.JPG
66,Камилла (реплика),Camille (Replica),Wikimedia Commons,https://commons.wikimedia.org/wiki/Special:FilePath/Camille_in_the_Green_Dress_(1866)_Claude_Monet_-_Muzeul_Național_de_Artă_al_României_(W66).jpg,467,700,0.3,https://commons.wikimedia.org/wiki/File:Camille_in_the_Green_Dress_(1866)_Claude_Monet_-_Muzeul_Național_de_Artă_al_României_(W66).jpg
67,Женщины в саду,Women in the Garden,Wikimedia Commons,https://commons.wikimedia.org/wiki/Special:FilePath/Frauen_im_Garten_-_Claude_Monet_-_Paris_1863_–_1874-_Revolution_in_der_Kunst-4703.jpg,4142,4997,20.7,https://commons.wikimedia.org/wiki/File:Frauen_im_Garten_-_Claude_Monet_-_Paris_1863_–_1874-_Revolution_in_der_Kunst-4703.jpg
68,Дама в саду Сент-Адресс,Woman in the Garden,Wikimedia Commons,https://commons.wikimedia.org/wiki/Special:FilePath/Monet-Lady_in_the_Garden.jpg,8748,6999,61.2,https://commons.wikimedia.org/wiki/File:Monet-Lady_in_the_Garden.jpg
68a,Адольф Моне в саду Ле-Кото в Сент-Адрессе,Adolphe Monet in the Garden of Le Coteau at Sainte-Adresse,Wikimedia Commons,https://commons.wikimedia.org/wiki/Special:FilePath/Monet-Lady_in_the_Garden.jpg,8748,6999,61.2,https://commons.wikimedia.org/wiki/File:Monet-Lady_in_the_Garden.jpg
69,Цветущий сад,Garden in Flower,Wikimedia Commons,https://commons.wikimedia.org/wiki/Special:FilePath/Claude_Monet_007.jpg,2024,2500,5.1,https://commons.wikimedia.org/wiki/File:Claude_Monet_007.jpg
70,Ваза с персиками,Jar of Peaches,Wikimedia Commons,https://commons.wikimedia.org/wiki/Special:FilePath/Claude_Monet_-_Jar_of_Peaches_-_Google_Art_Project.jpg,3178,3891,12.4,https://commons.wikimedia.org/wiki/File:Claude_Monet_-_Jar_of_Peaches_-_Google_Art_Project.jpg
71,Морской пейзаж. Ночь,"Seascape, Night Effect",Wikimedia Commons,"https://commons.wikimedia.org/wiki/Special:FilePath/Claude_Monet_-_A_Seascape,_Shipping_by_Moonlight_-_Google_Art_Project.jpg",4001,3264,13.1,"https://commons.wikimedia.org/wiki/File:Claude_Monet_-_A_Seascape,_Shipping_by_Moonlight_-_Google_Art_Project.jpg"
72,Морской пейзаж,Seascape,Wikimedia Commons,"https://commons.wikimedia.org/wiki/Special:FilePath/Claude_Monet_-_Marine,_Le_Havre_-_Ordrupgaard.jpg",2048,1458,3.0,"https://commons.wikimedia.org/wiki/File:Claude_Monet_-_Marine,_Le_Havre_-_Ordrupgaard.jpg"
73,Зеленая волна,The Green Wave,Wikimedia Commons,https://commons.wikimedia.org/wiki/Special:FilePath/The_Green_Wave_MET_DT1896.jpg,3811,2854,10.9,https://commons.wikimedia.org/wiki/File:The_Green_Wave_MET_DT1896.jpg
74,Рыбацкие лодки. Онфлёр,"Bateaux de pêche, Honfleur",Wikimedia Commons,"https://commons.wikimedia.org/wiki/Special:FilePath/Monet_Bateaux_de_pêche,_Honfleur_w74.jpg",995,817,0.8,"https://commons.wikimedia.org/wiki/File:Monet_Bateaux_de_pêche,_Honfleur_w74.jpg"
75,Парусники в Онфлёре,Sailing Boats at Honfleur,Wikimedia Commons (скан каталога),https://commons.wikimedia.org/wiki/Special:FilePath/Monet_w75.jpg,837,1023,0.9,https://commons.wikimedia.org/wiki/File:Monet_w75.jpg
76,Рыбацкие лодки (этюд),Fishing Boats (study),Wikimedia Commons,https://commons.wikimedia.org/wiki/Special:FilePath/Barques_de_pêche_(1866)_de_Claude_Monet_(W76).jpg,743,616,0.5,https://commons.wikimedia.org/wiki/File:Barques_de_pêche_(1866)_de_Claude_Monet_(W76).jpg
77,Порт Онфлёра,Port of Honfleur,Wikimedia Commons (скан каталога),"https://commons.wikimedia.org/wiki/Special:FilePath/Monet_-_Wildenstein_1996,_77.png",629,397,0.2,"https://commons.wikimedia.org/wiki/File:Monet_-_Wildenstein_1996,_77.png"
77a,Лодки в порту Онфлёра,Boats in the Port of Honfleur,Wikimedia Commons,https://commons.wikimedia.org/wiki/Special:FilePath/Claude_monet_bateaux_dans_le_port_de_honfleur040433).jpg,3200,2382,7.6,https://commons.wikimedia.org/wiki/File:Claude_monet_bateaux_dans_le_port_de_honfleur040433).jpg
78,Портрет Ш. Ф. Лапьера,Portrait of Ch. F. Lapierre,нет открытого изображения,,,,,
79,Дорога перед фермой Сен-Симеон зимой,The Road in Front of Saint-Simeon Farm in Winter,Wikimedia Commons,https://commons.wikimedia.org/wiki/Special:FilePath/1867_The_Road_in_front_of_Saint-Simeon_Farm_in_Winter.jpg,1474,1200,1.8,https://commons.wikimedia.org/wiki/File:1867_The_Road_in_front_of_Saint-Simeon_Farm_in_Winter.jpg
80,Дорога к ферме Сен-Симеон,Road to the Farm of Saint-Simeon,Wikimedia Commons,"https://commons.wikimedia.org/wiki/Special:FilePath/Monet_-_Road_toward_the_Farm_Saint-Siméon,_Honfleur,_1867.jpg",2400,1655,4.0,"https://commons.wikimedia.org/wiki/File:Monet_-_Road_toward_the_Farm_Saint-Siméon,_Honfleur,_1867.jpg"
81,Дорога к ферме Сен-Симеон зимой,The Road to the Farm of Saint-Simeon in Winter,Wikimedia Commons,https://commons.wikimedia.org/wiki/Special:FilePath/LA_ROUTE_DE_LA_FERME_SAINT-SIMÉON_EN_HIVER_(1867)_Claude_Monet_(W81).jpg,2800,2080,5.8,https://commons.wikimedia.org/wiki/File:LA_ROUTE_DE_LA_FERME_SAINT-SIMÉON_EN_HIVER_(1867)_Claude_Monet_(W81).jpg
82,Заснеженная дорога в Онфлёре,The Snowy Road at Honfleur,Wikimedia Commons (скан каталога),"https://commons.wikimedia.org/wiki/Special:FilePath/Monet_-_Wildenstein_1996,_82.png",492,370,0.2,"https://commons.wikimedia.org/wiki/File:Monet_-_Wildenstein_1996,_82.png"
83,Набережная Лувра,Quai du Louvre,Wikimedia Commons,"https://commons.wikimedia.org/wiki/Special:FilePath/Quai_du_Louvre_1867,_by_Claude_Monet.jpg",3904,2750,10.7,"https://commons.wikimedia.org/wiki/File:Quai_du_Louvre_1867,_by_Claude_Monet.jpg"
84,Сен-Жермен в Париже,Saint-Germain-l'Auxerrois,Wikimedia Commons,"https://commons.wikimedia.org/wiki/Special:FilePath/Monet,_Saint-Germain-l'Auxerrois_in_Paris,_1867,_Alte_Nationalgalerie,_Berlin_(40147039542).jpg",4961,3847,19.1,"https://commons.wikimedia.org/wiki/File:Monet,_Saint-Germain-l'Auxerrois_in_Paris,_1867,_Alte_Nationalgalerie,_Berlin_(40147039542).jpg"
85,Сад инфанты,Garden of the Princess,Wikimedia Commons,https://commons.wikimedia.org/wiki/Special:FilePath/Monet_-_Garten_der_Infantin.jpg,1008,1512,1.5,https://commons.wikimedia.org/wiki/File:Monet_-_Garten_der_Infantin.jpg
86,Бурное море,Stormy Seascape,Wikimedia Commons,"https://commons.wikimedia.org/wiki/Special:FilePath/Claude_Monet,_Seascape_-_Storm.JPG",1952,1460,2.8,"https://commons.wikimedia.org/wiki/File:Claude_Monet,_Seascape_-_Storm.JPG"
87,Вход в порт Гавра,L'Entrée du port de Le Havre,Wikimedia Commons,"https://commons.wikimedia.org/wiki/Special:FilePath/'The_Entrance_to_the_Port_of_Le_Havre'_by_Monet,_Norton_Simon_Museum.JPG",3088,2488,7.7,"https://commons.wikimedia.org/wiki/File:'The_Entrance_to_the_Port_of_Le_Havre'_by_Monet,_Norton_Simon_Museum.JPG"
87a,В порту Онфлёра,In the Port of Honfleur,Wikimedia Commons (скан каталога),"https://commons.wikimedia.org/wiki/Special:FilePath/Monet_-_Wildenstein_1996,_87a.png",356,245,0.1,"https://commons.wikimedia.org/wiki/File:Monet_-_Wildenstein_1996,_87a.png"
88,Мол в Гавре в непогоду,The Jetty of Le Havre in Rough Weather,Wikimedia Commons (скан каталога),https://commons.wikimedia.org/wiki/Special:FilePath/Monet_w88.jpg,1024,842,0.9,https://commons.wikimedia.org/wiki/File:Monet_w88.jpg
89,"Корабли, выходящие из гавани Гавра",Ships Leaving the Jetties of Le Havre,Wikimedia Commons (скан каталога),"https://commons.wikimedia.org/wiki/Special:FilePath/Monet_-_Wildenstein_1996,_89.png",197,527,0.1,"https://commons.wikimedia.org/wiki/File:Monet_-_Wildenstein_1996,_89.png"
90,Пляж в Сент-Адрессе,The Beach at Sainte-Adresse,Wikimedia Commons (скан каталога),"https://commons.wikimedia.org/wiki/Special:FilePath/Monet_-_Wildenstein_1996,_90.png",439,316,0.1,"https://commons.wikimedia.org/wiki/File:Monet_-_Wildenstein_1996,_90.png"
91,Регата в Сент-Адрессе,Regatta at Sainte-Adresse,Wikimedia Commons,"https://commons.wikimedia.org/wiki/Special:FilePath/Claude_Monet,_1867,_Regatta_at_Sainte-Adresse,_Metropolitan_Museum_of_Art.jpg",3789,2790,10.6,"https://commons.wikimedia.org/wiki/File:Claude_Monet,_1867,_Regatta_at_Sainte-Adresse,_Metropolitan_Museum_of_Art.jpg"
92,Пляж в Сент-Адрессе,The Beach at Sainte-Adresse,Wikimedia Commons,https://commons.wikimedia.org/wiki/Special:FilePath/Claude_Monet_-_The_Beach_at_Sainte-Adresse_-_Google_Art_Project.jpg,6793,5021,34.1,https://commons.wikimedia.org/wiki/File:Claude_Monet_-_The_Beach_at_Sainte-Adresse_-_Google_Art_Project.jpg
93,Сент-Адресс. Рыбацкие лодки на берегу,"Sainte-Adresse, Fishing Boats on the Shore",National Gallery of Art (CC0),https://api.nga.gov/iiif/579777b9-33fb-493e-8e2c-89b972019854/full/max/0/default.jpg,19047,13249,252.4,https://www.nga.gov/collection/art-object-page.71550.html
93a,Прогулка по скалам Сент-Адресса,Taking a Walk on the Cliffs of Sainte-Adresse,Wikimedia Commons,"https://commons.wikimedia.org/wiki/Special:FilePath/Promenade_sur_la_falaise_de_Sainte-Adresse,_by_Claude_Monet,_1867,_oil_on_canvas_-_Matsuoka_Museum_of_Art_-_Tokyo,_Japan_-_DSC07396.JPG",4748,3217,15.3,"https://commons.wikimedia.org/wiki/File:Promenade_sur_la_falaise_de_Sainte-Adresse,_by_Claude_Monet,_1867,_oil_on_canvas_-_Matsuoka_Museum_of_Art_-_Tokyo,_Japan_-_DSC07396.JPG"
94,Хижина в Сент-Адрессе,The Cabin at Sainte-Adresse,Wikimedia Commons,"https://commons.wikimedia.org/wiki/Special:FilePath/Claude_monet,_la_cabene_de_saint-adresse,_1867.JPG",2724,2406,6.6,"https://commons.wikimedia.org/wiki/File:Claude_monet,_la_cabene_de_saint-adresse,_1867.JPG"
95,Терраса в Сент-Адресс,Garden at Sainte-Adresse,Wikimedia Commons,https://commons.wikimedia.org/wiki/Special:FilePath/Claude_Monet_-_Jardin_à_Sainte-Adresse.jpg,5940,4453,26.5,https://commons.wikimedia.org/wiki/File:Claude_Monet_-_Jardin_à_Sainte-Adresse.jpg
96,Запись W96 каталога Вильденштейна,Catalogue entry W96,нет открытого изображения,,,,,
97,Дорога среди виноградников в Аржантёе,Lane in the Vineyards at Argenteuil,Wikimedia Commons (скан каталога),"https://commons.wikimedia.org/wiki/Special:FilePath/Monet_-_Wildenstein_1996,_97.png",573,396,0.2,"https://commons.wikimedia.org/wiki/File:Monet_-_Wildenstein_1996,_97.png"
98,Улица в Сент-Адрессе,Street in Sainte-Adresse,Wikimedia Commons,https://commons.wikimedia.org/wiki/Special:FilePath/Claude_Monet_-_Street_in_Sainte-Adresse_(1867).jpg,4563,6220,28.4,https://commons.wikimedia.org/wiki/File:Claude_Monet_-_Street_in_Sainte-Adresse_(1867).jpg
99,Портрет мужчины,Portrait of a Man,Wikimedia Commons,https://commons.wikimedia.org/wiki/Special:FilePath/Claude_Monet._1867_Portrait_of_a_man.jpg,760,1024,0.8,https://commons.wikimedia.org/wiki/File:Claude_Monet._1867_Portrait_of_a_man.jpg
100,Портрет Эрнеста Кабада,Portrait of Ernest Cabade,Wikimedia Commons,https://commons.wikimedia.org/wiki/Special:FilePath/Portrait_d'Ernest_Cabadé_(1867)_de_Claude_Monet.jpg,300,414,0.1,https://commons.wikimedia.org/wiki/File:Portrait_d'Ernest_Cabadé_(1867)_de_Claude_Monet.jpg
101,Жан Моне в колыбели,Jean Monet in His Cradle,National Gallery of Art (CC0),https://api.nga.gov/iiif/dba8b352-d853-49c6-89b3-76035e17f15c/full/max/0/default.jpg,24530,32127,788.1,https://www.nga.gov/collection/art-object-page.61375.html
102,Натюрморт с птицами и фруктами,Still Life with Birds and Fruit,Wikimedia Commons (скан каталога),https://commons.wikimedia.org/wiki/Special:FilePath/Monet_w_102.jpg,2048,1667,3.4,https://commons.wikimedia.org/wiki/File:Monet_w_102.jpg
103,"Натюрморт, груши и виноград","Still Life, Pears and Grapes",Wikimedia Commons (скан каталога),"https://commons.wikimedia.org/wiki/Special:FilePath/Monet_-_Wildenstein_1996,_103.png",493,394,0.2,"https://commons.wikimedia.org/wiki/File:Monet_-_Wildenstein_1996,_103.png"
104,Груши и виноград,Pears and Grapes,Wikimedia Commons (скан каталога),https://commons.wikimedia.org/wiki/Special:FilePath/Monet_w_104.jpg,1024,752,0.8,https://commons.wikimedia.org/wiki/File:Monet_w_104.jpg
105,Ледоход на Сене в Буживале,Ice Floes on the Seine at Bougival,Wikimedia Commons,https://commons.wikimedia.org/wiki/Special:FilePath/Monet_-_ice-floes-on-the-seine-at-bougival-1868.jpg,1512,1200,1.8,https://commons.wikimedia.org/wiki/File:Monet_-_ice-floes-on-the-seine-at-bougival-1868.jpg
106,Снег на реке,Snow on the River,Wikimedia Commons (скан каталога),https://commons.wikimedia.org/wiki/Special:FilePath/Monet_w_106.jpg,1020,821,0.8,https://commons.wikimedia.org/wiki/File:Monet_w_106.jpg
107,"Китайская картина с флажками, известная также как «Японец с флажками»","Chinese Painting with Flags, also known as The Japanese Boy with Small Flags",нет открытого изображения,,,,,
108,Спящий Жан Моне,Jean Monet Sleeping,Wikimedia Commons,https://commons.wikimedia.org/wiki/Special:FilePath/Monet_-_Jean_Monet_endormi.jpg,3576,3003,10.7,https://commons.wikimedia.org/wiki/File:Monet_-_Jean_Monet_endormi.jpg
109,Мол в Гавре,The Jetty at Le Havre,Wikimedia Commons (скан каталога),https://commons.wikimedia.org/wiki/Special:FilePath/Monet_w109.jpg,1024,671,0.7,https://commons.wikimedia.org/wiki/File:Monet_w109.jpg
110,Речной вид в Беннекуре,River Scene at Bennecourt,Art Institute of Chicago (CC0),https://www.artic.edu/iiif/2/66f95ea3-a11a-1cf4-6599-d0a49bb25744/full/max/0/default.jpg,6116,4943,30.2,https://www.artic.edu/artworks/81539
111,"Набросок, Боньер","Sketch, Bonnières",нет открытого изображения,,,,,
112,Море в Сент-Адресе,The Sea at Sainte-Adresse,Wikimedia Commons,https://commons.wikimedia.org/wiki/Special:FilePath/The_Sea_at_Le_Havre_1868.jpg,2098,1514,3.2,https://commons.wikimedia.org/wiki/File:The_Sea_at_Le_Havre_1868.jpg
113,Взморье в Сент-Адрессе,Seaside at Sainte-Adresse,Wikimedia Commons,https://commons.wikimedia.org/wiki/Special:FilePath/Bord_de_mer_à_Sainte-Adresse.jpg,3200,2120,6.8,https://commons.wikimedia.org/wiki/File:Bord_de_mer_à_Sainte-Adresse.jpg
114,Хижины в Сент-Адрессе,The Huts at Sainte-Adresse,Wikimedia Commons (скан каталога),"https://commons.wikimedia.org/wiki/Special:FilePath/Monet_-_Wildenstein_1996,_114.png",433,282,0.1,"https://commons.wikimedia.org/wiki/File:Monet_-_Wildenstein_1996,_114.png"
115,Сена близ устья. Онфлёр,"The Seine Near its Estuary, Honfleur",Wikimedia Commons,"https://commons.wikimedia.org/wiki/Special:FilePath/Monet_-_The_Seine_Near_its_Estuary,_Honfleur,_ca._1868.jpg",1024,669,0.7,"https://commons.wikimedia.org/wiki/File:Monet_-_The_Seine_Near_its_Estuary,_Honfleur,_ca._1868.jpg"
116,Рыбацкие лодки в Онфлёре,Fishing Boats at Honfleur,Wikimedia Commons,https://commons.wikimedia.org/wiki/Special:FilePath/Boats_by_Claude_Monet.jpg,1369,1718,2.4,https://commons.wikimedia.org/wiki/File:Boats_by_Claude_Monet.jpg
117,Лодка на берегу во время отлива в Фекане,Boat Lying at Low Tide at Fécamp,Wikimedia Commons (скан каталога),"https://commons.wikimedia.org/wiki/Special:FilePath/Monet_-_Wildenstein_1996,_117.png",345,453,0.2,"https://commons.wikimedia.org/wiki/File:Monet_-_Wildenstein_1996,_117.png"
118,Лодка на мели в Фекане,Stranded Boat in Fécamp,Wikimedia Commons,https://commons.wikimedia.org/wiki/Special:FilePath/Monet_-_Gestrandetes_Boot_in_Fécamp.jpeg,2880,3876,11.2,https://commons.wikimedia.org/wiki/File:Monet_-_Gestrandetes_Boot_in_Fécamp.jpeg
119,Лодки в Фекане,Boats at Fécamp,Wikimedia Commons (скан каталога),"https://commons.wikimedia.org/wiki/Special:FilePath/Monet_-_Wildenstein_1996,_119.png",345,453,0.2,"https://commons.wikimedia.org/wiki/File:Monet_-_Wildenstein_1996,_119.png"
120,Портрет месье Годибера в домашнем платье,Portrait of Monsieur Gaudibert in Casual Dress,нет открытого изображения,,,,,
121,Мадам Годибер,Madame Gaudibert,Wikimedia Commons,https://commons.wikimedia.org/wiki/Special:FilePath/Claude_Monet_036.jpg,1576,2691,4.2,https://commons.wikimedia.org/wiki/File:Claude_Monet_036.jpg
122,Портрет месье Годибера,Portrait of Monsieur Gaudibert,нет открытого изображения,,,,,
123,Портрет юного Луи Годибера,Portrait of Young Louis Gaudibert,Wikimedia Commons (скан каталога),https://commons.wikimedia.org/wiki/Special:FilePath/Monet_w_123.jpg,390,480,0.2,https://commons.wikimedia.org/wiki/File:Monet_w_123.jpg
124,"Рыбацкие лодки, штиль","Fishing Boats, Calm Sea",Wikimedia Commons,https://commons.wikimedia.org/wiki/Special:FilePath/Monet_-_fishing-boats-calm-sea.jpg,280,344,0.1,https://commons.wikimedia.org/wiki/File:Monet_-_fishing-boats-calm-sea.jpg
125,Парусники в море,Voiliers en mer,Wikimedia Commons,https://commons.wikimedia.org/wiki/Special:FilePath/Voiliers_en_mer_(1868)_Claude_Monet_-_musée_des_Beaux-Arts_de_Lausanne_(W_125).jpg,539,441,0.2,https://commons.wikimedia.org/wiki/File:Voiliers_en_mer_(1868)_Claude_Monet_-_musée_des_Beaux-Arts_de_Lausanne_(W_125).jpg
126,Рыбацкие лодки в море,Fishing Boats at Sea,Wikimedia Commons,"https://commons.wikimedia.org/wiki/Special:FilePath/Monet_-_Fishing_Boats_at_Sea,_1868.jpg",800,592,0.5,"https://commons.wikimedia.org/wiki/File:Monet_-_Fishing_Boats_at_Sea,_1868.jpg"
127,Бурное море в Этрета,Rough Sea at Etretat,Wikimedia Commons,https://commons.wikimedia.org/wiki/Special:FilePath/Grosse_mer_à_Étretat_-_Claude_Monet.jpg,4101,2018,8.3,https://commons.wikimedia.org/wiki/File:Grosse_mer_à_Étretat_-_Claude_Monet.jpg
128,Дорога в Нормандии,Lane in Normandy,Wikimedia Commons,"https://commons.wikimedia.org/wiki/Special:FilePath/Chemin_en_Normandie_by_Claude_Monet,_1868,_oil_on_canvas_-_Matsuoka_Museum_of_Art_-_Tokyo,_Japan_-_DSC07407.JPG",3448,4604,15.9,"https://commons.wikimedia.org/wiki/File:Chemin_en_Normandie_by_Claude_Monet,_1868,_oil_on_canvas_-_Matsuoka_Museum_of_Art_-_Tokyo,_Japan_-_DSC07407.JPG"
129,Ужин,The Dinner,Wikimedia Commons,"https://commons.wikimedia.org/wiki/Special:FilePath/Monet_-_Das_Nachtessen,_1868-69.jpg",2347,1800,4.2,"https://commons.wikimedia.org/wiki/File:Monet_-_Das_Nachtessen,_1868-69.jpg"
130,Интерьер после обеда,"Interior, after Dinner",National Gallery of Art (CC0),https://api.nga.gov/iiif/23a7bb39-d6da-4cf4-8961-7e743fd39aba/full/max/0/default.jpg,15342,11872,182.1,https://www.nga.gov/collection/art-object-page.61376.html
131,Ребёнок с чашкой,L'Enfant a la tasse,Wikimedia Commons,"https://commons.wikimedia.org/wiki/Special:FilePath/L'Enfant_a_la_tasse,_portrait_de_Jean_Monet.jpg",1028,1500,1.5,"https://commons.wikimedia.org/wiki/File:L'Enfant_a_la_tasse,_portrait_de_Jean_Monet.jpg"
132,Завтрак в саду,The Luncheon,Wikimedia Commons,"https://commons.wikimedia.org/wiki/Special:FilePath/Claude_monet,_il_pranzo,_1868,_02.jpg",4480,6720,30.1,"https://commons.wikimedia.org/wiki/File:Claude_monet,_il_pranzo,_1868,_02.jpg"
133,Сорока,The Magpie,Wikimedia Commons,https://commons.wikimedia.org/wiki/Special:FilePath/Claude_Monet_-_The_Magpie_-_Google_Art_Project.jpg,4289,2909,12.5,https://commons.wikimedia.org/wiki/File:Claude_Monet_-_The_Magpie_-_Google_Art_Project.jpg
134,Лягушатник,La Grenouillere,Wikimedia Commons,https://commons.wikimedia.org/wiki/Special:FilePath/La_Grenouillère_MET_DT833.jpg,3811,2880,11.0,https://commons.wikimedia.org/wiki/File:La_Grenouillère_MET_DT833.jpg
135,Купальщики в Лягушатнике,Bathers at La Grenouillere,Wikimedia Commons,https://commons.wikimedia.org/wiki/Special:FilePath/Monet_-_Bathers_at_La_Grenouillère.jpg,5319,4226,22.5,https://commons.wikimedia.org/wiki/File:Monet_-_Bathers_at_La_Grenouillère.jpg
136,Лягушатник,La Grenouillere,Wikimedia Commons (скан каталога),"https://commons.wikimedia.org/wiki/Special:FilePath/Monet_-_Wildenstein_1996,_136.png",611,339,0.2,"https://commons.wikimedia.org/wiki/File:Monet_-_Wildenstein_1996,_136.png"
137,Гребные лодки,Rowing Boats,Wikimedia Commons,https://commons.wikimedia.org/wiki/Special:FilePath/Monet_barques_w_137.jpg,1020,723,0.7,https://commons.wikimedia.org/wiki/File:Monet_barques_w_137.jpg
138,Пристань,The Landing Stage,Wikimedia Commons,https://commons.wikimedia.org/wiki/Special:FilePath/Monet_tuinhuis-aan-de-achterzaan.jpg,900,666,0.6,https://commons.wikimedia.org/wiki/File:Monet_tuinhuis-aan-de-achterzaan.jpg
138a,Люди в гребной лодке,People in a Rowing Boat,Wikimedia Commons (скан каталога),"https://commons.wikimedia.org/wiki/Special:FilePath/Monet_-_Wildenstein_1996,_138a.png",472,335,0.2,"https://commons.wikimedia.org/wiki/File:Monet_-_Wildenstein_1996,_138a.png"
139,Цветы и фрукты,Flowers and Fruit,Wikimedia Commons,https://commons.wikimedia.org/wiki/Special:FilePath/Claude_Monet_(French_-_Still_Life_with_Flowers_and_Fruit_-_Google_Art_Project.jpg,3331,4139,13.8,https://commons.wikimedia.org/wiki/File:Claude_Monet_(French_-_Still_Life_with_Flowers_and_Fruit_-_Google_Art_Project.jpg
140,Барабулька,Red Mullets,Wikimedia Commons,"https://commons.wikimedia.org/wiki/Special:FilePath/Monet_-_Red_Mullets,_c._1870.jpg",2400,1632,3.9,"https://commons.wikimedia.org/wiki/File:Monet_-_Red_Mullets,_c._1870.jpg"
141,Фазан,Pheasant,Wikimedia Commons,https://commons.wikimedia.org/wiki/Special:FilePath/Pheasant_Claude_Monet_1869.jpeg,1108,540,0.6,https://commons.wikimedia.org/wiki/File:Pheasant_Claude_Monet_1869.jpeg
142,Портрет Жана Моне в шапочке с помпоном,Portrait of Jean Monet Wearing a Hat with a Pompom,Wikimedia Commons,https://commons.wikimedia.org/wiki/Special:FilePath/Bemberg_Fondation_Toulouse_-_Claude_Monet_-_Portrait_de_son_fils_Jean_en_bonnet_à_pompon_-_1869_42x33_Inv.2076.jpg,4709,5958,28.1,https://commons.wikimedia.org/wiki/File:Bemberg_Fondation_Toulouse_-_Claude_Monet_-_Portrait_de_son_fils_Jean_en_bonnet_à_pompon_-_1869_42x33_Inv.2076.jpg
143,Сена в Буживале,The Seine at Bougival,Wikimedia Commons,https://commons.wikimedia.org/wiki/Special:FilePath/LA_SEINE_À_BOUGIVAL_(1869)_Claude_Monet_(W143).jpg,2880,2239,6.4,https://commons.wikimedia.org/wiki/File:LA_SEINE_À_BOUGIVAL_(1869)_Claude_Monet_(W143).jpg
144,"Лесная тропа, эффект снега","Path through the Forest, Snow Effect",Wikimedia Commons (скан каталога),https://commons.wikimedia.org/wiki/Special:FilePath/Monet_w144.jpg,736,658,0.5,https://commons.wikimedia.org/wiki/File:Monet_w144.jpg
145,Снег на закате,Snow at Sunset,Wikimedia Commons,"https://commons.wikimedia.org/wiki/Special:FilePath/Route,_effet_de_neige,_soleil_couchant_(Monet).jpg",4608,3456,15.9,"https://commons.wikimedia.org/wiki/File:Route,_effet_de_neige,_soleil_couchant_(Monet).jpg"
146,Голова кабана,Boar's Head,Wikimedia Commons (скан каталога),https://commons.wikimedia.org/wiki/Special:FilePath/Monet_w146.jpg,800,645,0.5,https://commons.wikimedia.org/wiki/File:Monet_w146.jpg
147,"Дорога в Лувесьенне, эффект снега","Road to Louveciennes, Snow Effect",Wikimedia Commons,https://commons.wikimedia.org/wiki/Special:FilePath/Snow-effect-the-road-to-louveciennes.jpg,500,414,0.2,https://commons.wikimedia.org/wiki/File:Snow-effect-the-road-to-louveciennes.jpg
148,"Дорога в Лувесьенне, тающий снег, закат","Road at Louveciennes, Melting Snow, Sunset",Wikimedia Commons,https://commons.wikimedia.org/wiki/Special:FilePath/Claude_monet_route_a_louveciennes_neige_fondante_soleil_couchant.jpg,3200,2370,7.6,https://commons.wikimedia.org/wiki/File:Claude_monet_route_a_louveciennes_neige_fondante_soleil_couchant.jpg
149,Пехотинцы на прогулке вдоль реки,Infantry Guards Wandering along the River,Wikimedia Commons,https://commons.wikimedia.org/wiki/Special:FilePath/Infantry-guards-wandering-along-the-river-1870-claude-monet_(W149).jpg,900,738,0.7,https://commons.wikimedia.org/wiki/File:Infantry-guards-wandering-along-the-river-1870-claude-monet_(W149).jpg
150,Сена в Буживале,The Seine at Bougival,Wikimedia Commons,https://commons.wikimedia.org/wiki/Special:FilePath/La_Seine_à_Bougival_(1870)_Claude_MONET_(W_150).jpg,1147,625,0.7,https://commons.wikimedia.org/wiki/File:La_Seine_à_Bougival_(1870)_Claude_MONET_(W_150).jpg
151,Сена в Буживале. Вечер (Буживаль),"The Seine at Bougival, Evening (also known as Bougival)",Wikimedia Commons,https://commons.wikimedia.org/wiki/Special:FilePath/The_Seine_at_Bougival_1946_4.jpg,900,748,0.7,https://commons.wikimedia.org/wiki/File:The_Seine_at_Bougival_1946_4.jpg
152,Мост в Буживале,The Bridge at Bougival,Wikimedia Commons,https://commons.wikimedia.org/wiki/Special:FilePath/Bougival_le_pont_Claude_Monet_1869.jpg,3682,2635,9.7,https://commons.wikimedia.org/wiki/File:Bougival_le_pont_Claude_Monet_1869.jpg
153,Поезд в сельской местности,Train in the Countryside,Wikimedia Commons,https://commons.wikimedia.org/wiki/Special:FilePath/Claude_Monet_-_Train_in_the_Countryside_-_Google_Art_Project.jpg,5209,3880,20.2,https://commons.wikimedia.org/wiki/File:Claude_Monet_-_Train_in_the_Countryside_-_Google_Art_Project.jpg
154,Вход в порт Трувиля,Entrance to the Port of Trouville,Wikimedia Commons,https://commons.wikimedia.org/wiki/Special:FilePath/Claude_Monet_-_Entrée_du_port_de_Trouville.jpg,3998,3286,13.1,https://commons.wikimedia.org/wiki/File:Claude_Monet_-_Entrée_du_port_de_Trouville.jpg
155,Отель Рош-Нуар,"Hotel des Roches Noires, Trouville",Wikimedia Commons,https://commons.wikimedia.org/wiki/Special:FilePath/Claude_Monet_-_Hôtel_des_roches_noires._Trouville_-_Google_Art_Project.jpg,3133,4533,14.2,https://commons.wikimedia.org/wiki/File:Claude_Monet_-_Hôtel_des_roches_noires._Trouville_-_Google_Art_Project.jpg
156,Пляж в Трувиле,The Beach at Trouville,Wikimedia Commons,https://commons.wikimedia.org/wiki/Special:FilePath/The_Beach_at_Trouville_1948.116.jpg,3600,2988,10.8,https://commons.wikimedia.org/wiki/File:The_Beach_at_Trouville_1948.116.jpg
157,Набережная в Трувиле,The Boardwalk at Trouville,Wikimedia Commons,https://commons.wikimedia.org/wiki/Special:FilePath/LA_PLAGE_À_TROUVILLE_(1870)_Claude_Monet_(W157).jpg,2861,1828,5.2,https://commons.wikimedia.org/wiki/File:LA_PLAGE_À_TROUVILLE_(1870)_Claude_Monet_(W157).jpg
157a,Дощатый настил на пляже в Трувиле,The Boardwalk on the Beach at Trouville,Wikimedia Commons,https://commons.wikimedia.org/wiki/Special:FilePath/Monet_trouville.jpg,2815,1964,5.5,https://commons.wikimedia.org/wiki/File:Monet_trouville.jpg
158,Пляж в Трувиле,The Beach at Trouville,Wikimedia Commons,https://commons.wikimedia.org/wiki/Special:FilePath/Claude_Monet_002.jpg,2000,1645,3.3,https://commons.wikimedia.org/wiki/File:Claude_Monet_002.jpg
158a,На пляже в Трувиле,On the Beach at Trouville,нет открытого изображения,,,,,
159,Камилла на пляже в Трувиле,Camille Sitting on the Beach at Trouville,Wikimedia Commons,https://commons.wikimedia.org/wiki/Special:FilePath/Camille_assise_sur_la_plage_à_Trouville.JPG,413,498,0.2,https://commons.wikimedia.org/wiki/File:Camille_assise_sur_la_plage_à_Trouville.JPG
160,Камилла на пляже,Camille on the Beach,Wikimedia Commons,https://commons.wikimedia.org/wiki/Special:FilePath/Claude_Monet_-_Camille_on_the_Beach_in_Trouville_-_1998.46.1_-_Yale_University_Art_Gallery.jpg,6012,4920,29.6,https://commons.wikimedia.org/wiki/File:Claude_Monet_-_Camille_on_the_Beach_in_Trouville_-_1998.46.1_-_Yale_University_Art_Gallery.jpg
161,Камилла на пляже в Трувиле,Camille on the Beach at Trouville,Wikimedia Commons (скан каталога),https://commons.wikimedia.org/wiki/Special:FilePath/Monet_w161.jpg,507,1009,0.5,https://commons.wikimedia.org/wiki/File:Monet_w161.jpg
162,На пляже в Трувиле,On the Beach at Trouville,Wikimedia Commons,https://commons.wikimedia.org/wiki/Special:FilePath/Monet_paris_marmottan_strand_trouville.jpg,4380,3586,15.7,https://commons.wikimedia.org/wiki/File:Monet_paris_marmottan_strand_trouville.jpg
163,Размышление. Мадам Моне на диване,"Meditation, Madame Monet Sitting on a Sofa",Wikimedia Commons,https://commons.wikimedia.org/wiki/Special:FilePath/Madame_Monet_au_canapé_Monet_1871.jpg,3172,2020,6.4,https://commons.wikimedia.org/wiki/File:Madame_Monet_au_canapé_Monet_1871.jpg
164,Гайд-парк,Hyde Park,Wikimedia Commons,"https://commons.wikimedia.org/wiki/Special:FilePath/Claude_Monet_-_Hyde_Park,_London_(c._1871).jpg",4000,2161,8.6,"https://commons.wikimedia.org/wiki/File:Claude_Monet_-_Hyde_Park,_London_(c._1871).jpg"
165,Грин-парк в Лондоне,Green Park in London,Wikimedia Commons,"https://commons.wikimedia.org/wiki/Special:FilePath/Monet_-_Green_Park,_London,_1870_or_1871.jpg",1500,700,1.1,"https://commons.wikimedia.org/wiki/File:Monet_-_Green_Park,_London,_1870_or_1871.jpg"
166,Темза ниже Вестминстера,The Thames below Westminster,Wikimedia Commons,https://commons.wikimedia.org/wiki/Special:FilePath/Monet_The_Thames_at_Westminster_1871_Westminster.jpg,3000,1929,5.8,https://commons.wikimedia.org/wiki/File:Monet_The_Thames_at_Westminster_1871_Westminster.jpg
167,Лодки в лондонском порту,Boats in the Pool of London,Wikimedia Commons (скан каталога),https://commons.wikimedia.org/wiki/Special:FilePath/Monet_w167.jpg,1024,655,0.7,https://commons.wikimedia.org/wiki/File:Monet_w167.jpg
168,Лондонский порт,The Pool of London,Wikimedia Commons,https://commons.wikimedia.org/wiki/Special:FilePath/Amgueddfa_Cymru_-_Afon_Tafwys_yn_Llundain_-_The_Pool_of_London_-_2651.jpeg,4000,2594,10.4,https://commons.wikimedia.org/wiki/File:Amgueddfa_Cymru_-_Afon_Tafwys_yn_Llundain_-_The_Pool_of_London_-_2651.jpeg
169,Вид порта,Vue d'un port,Wikimedia Commons,https://commons.wikimedia.org/wiki/Special:FilePath/Claude_Monet_-_Vue_d'un_port.jpg,1600,1217,1.9,https://commons.wikimedia.org/wiki/File:Claude_Monet_-_Vue_d'un_port.jpg
170,Мельницы близ Зандама,Windmills near Zaandam,Wikimedia Commons,https://commons.wikimedia.org/wiki/Special:FilePath/Claude_Monet_-_Windmills_Near_Zaandam_-_Walters_37894.jpg,1800,1001,1.8,https://commons.wikimedia.org/wiki/File:Claude_Monet_-_Windmills_Near_Zaandam_-_Walters_37894.jpg
171,Ветряная мельница в Зандаме,A Windmill at Zaandam,Wikimedia Commons,https://commons.wikimedia.org/wiki/Special:FilePath/CLAUDE_MONET_1840_-_1926_UN_MOULIN_À_ZAANDAM.jpg,2000,1312,2.6,https://commons.wikimedia.org/wiki/File:CLAUDE_MONET_1840_-_1926_UN_MOULIN_À_ZAANDAM.jpg
172,Заан в Зандаме,The Zaan at Zaandam,Wikimedia Commons,https://commons.wikimedia.org/wiki/Special:FilePath/Monet_-_Die_Zaan_bei_Zaandam.jpg,1600,917,1.5,https://commons.wikimedia.org/wiki/File:Monet_-_Die_Zaan_bei_Zaandam.jpg
173,Лодки на Зане,Boats on the Zaan,Wikimedia Commons,"https://commons.wikimedia.org/wiki/Special:FilePath/Bateaux_en_Hollande,_près_de_Zaandam_(1871)_Claude_Monet_-_Glynn_Vivian_Art_Gallery_(W173).jpg",1200,586,0.7,"https://commons.wikimedia.org/wiki/File:Bateaux_en_Hollande,_près_de_Zaandam_(1871)_Claude_Monet_-_Glynn_Vivian_Art_Gallery_(W173).jpg"
174,Берега Зана,The Banks of the Zaan,Wikimedia Commons,https://commons.wikimedia.org/wiki/Special:FilePath/Monet_voorzaan_en_westerhem.jpg,575,272,0.2,https://commons.wikimedia.org/wiki/File:Monet_voorzaan_en_westerhem.jpg
175,Ворзан,The Voorzaan,Wikimedia Commons,https://commons.wikimedia.org/wiki/Special:FilePath/Monet_1871_The_Voorzaan_near_Zaandam.jpg,1366,745,1.0,https://commons.wikimedia.org/wiki/File:Monet_1871_The_Voorzaan_near_Zaandam.jpg
176,Вид Ворзана,View of the Voorzaan,Wikimedia Commons,https://commons.wikimedia.org/wiki/Special:FilePath/Monet_1871_View_of_the_Voorzaan.jpg,1280,588,0.8,https://commons.wikimedia.org/wiki/File:Monet_1871_View_of_the_Voorzaan.jpg
177,Мельница и лодки близ Зандама,Windmill and Boats near Zaandam,Wikimedia Commons,"https://commons.wikimedia.org/wiki/Special:FilePath/Windmill_and_Boats_near_Zaandam,_Holland,_by_Claude_Monet,_1871_-_Ny_Carlsberg_Glyptotek_-_Copenhagen_-_DSC09437.JPG",3392,2156,7.3,"https://commons.wikimedia.org/wiki/File:Windmill_and_Boats_near_Zaandam,_Holland,_by_Claude_Monet,_1871_-_Ny_Carlsberg_Glyptotek_-_Copenhagen_-_DSC09437.JPG"
178,Ветряная мельница близ Зандама,A Windmill near Zaandam,Wikimedia Commons,https://commons.wikimedia.org/wiki/Special:FilePath/Monet_A_Windmill_Near_Zaandam.jpg,1000,579,0.6,https://commons.wikimedia.org/wiki/File:Monet_A_Windmill_Near_Zaandam.jpg
179,Вид с Ворзана,View from the Voorzaan,Wikimedia Commons,https://commons.wikimedia.org/wiki/Special:FilePath/Claude_Monet_Schelde.JPG,2937,1333,3.9,https://commons.wikimedia.org/wiki/File:Claude_Monet_Schelde.JPG
180,Мельницы в Голландии,Windmills in Holland,Wikimedia Commons,https://commons.wikimedia.org/wiki/Special:FilePath/Moulins_en_Hollande_(1871)_Claude_Monet_(W_180).jpg,850,558,0.5,https://commons.wikimedia.org/wiki/File:Moulins_en_Hollande_(1871)_Claude_Monet_(W_180).jpg
181,Мельницы близ Зандама,Windmills near Zaandam,Wikimedia Commons,https://commons.wikimedia.org/wiki/Special:FilePath/Molens_bij_Zaandam_-_s0503S2001_-_Van_Gogh_Museum.jpg,7725,4994,38.6,https://commons.wikimedia.org/wiki/File:Molens_bij_Zaandam_-_s0503S2001_-_Van_Gogh_Museum.jpg
182,Мельницы в Зандаме,Windmills at Zaandam,Wikimedia Commons,https://commons.wikimedia.org/wiki/Special:FilePath/Monet_molens_in_het_westzijderveld.jpg,575,366,0.2,https://commons.wikimedia.org/wiki/File:Monet_molens_in_het_westzijderveld.jpg
183,Зандам,Zaandam,Wikimedia Commons,https://commons.wikimedia.org/wiki/Special:FilePath/Zaandam_by_Claude_Monet_(52256052502).jpg,5472,3648,20.0,https://commons.wikimedia.org/wiki/File:Zaandam_by_Claude_Monet_(52256052502).jpg
184,Синий дом в Зандаме,The Blue House at Zaandam,Wikimedia Commons,https://commons.wikimedia.org/wiki/Special:FilePath/Monet_-_Das_blaue_Haus_in_Zaandam.jpg,1060,800,0.8,https://commons.wikimedia.org/wiki/File:Monet_-_Das_blaue_Haus_in_Zaandam.jpg
185,Дома на реке Зан в Зандаме,Houses on the Zaan River at Zaandam,Wikimedia Commons,https://commons.wikimedia.org/wiki/Special:FilePath/The_House_on_the_River_Zaan_in_Zaandam.jpg,3663,2363,8.7,https://commons.wikimedia.org/wiki/File:The_House_on_the_River_Zaan_in_Zaandam.jpg
186,Дома на Ахтерзане,Houses on the Achterzaan,Wikimedia Commons,https://commons.wikimedia.org/wiki/Special:FilePath/Houses_on_the_Achterzaan_MET_DT719.jpg,3811,2506,9.6,https://commons.wikimedia.org/wiki/File:Houses_on_the_Achterzaan_MET_DT719.jpg
187,Заан в Зандаме,The Zaan at Zaandam,Wikimedia Commons,https://commons.wikimedia.org/wiki/Special:FilePath/Monet_1871_The_Zaan_at_Zaandam.jpg,1280,880,1.1,https://commons.wikimedia.org/wiki/File:Monet_1871_The_Zaan_at_Zaandam.jpg
188,Порт Зандама,The Port of Zaandam,Wikimedia Commons,https://commons.wikimedia.org/wiki/Special:FilePath/MB-Mon-01_Monet_Der-Hafen-von-Zaandam_1.jpg,2560,1632,4.2,https://commons.wikimedia.org/wiki/File:MB-Mon-01_Monet_Der-Hafen-von-Zaandam_1.jpg
189,Лодки в Зандаме,Boats at Zaandam,Wikimedia Commons,https://commons.wikimedia.org/wiki/Special:FilePath/Monet_1871_Boats_at_Zaandamn.jpg,10000,6105,61.0,https://commons.wikimedia.org/wiki/File:Monet_1871_Boats_at_Zaandamn.jpg
190,Плотина в Зандаме. Вечер,"The Dam at Zaandam, evening",Wikimedia Commons,https://commons.wikimedia.org/wiki/Special:FilePath/Monet_1871_The_Dam_at_Zaandam.jpg,900,551,0.5,https://commons.wikimedia.org/wiki/File:Monet_1871_The_Dam_at_Zaandam.jpg
191,Канал в Зандаме,Canal in Zaandam,Wikimedia Commons,"https://commons.wikimedia.org/wiki/Special:FilePath/'Canal_à_Zaandam'_by_Claude_Monet,_1871.JPG",2935,1560,4.6,"https://commons.wikimedia.org/wiki/File:'Canal_à_Zaandam'_by_Claude_Monet,_1871.JPG"
191a,Мостик в Зандаме,Passerelle à Zaandam,Wikimedia Commons,https://commons.wikimedia.org/wiki/Special:FilePath/Passerelle-à-Zaandam_(1871)_Claude_Monet_-_Musées_de_Mâcon_(W191a).jpg,2087,2575,5.4,https://commons.wikimedia.org/wiki/File:Passerelle-à-Zaandam_(1871)_Claude_Monet_-_Musées_de_Mâcon_(W191a).jpg
192,Гуртье ван де Штадт,Guurtje Van de Stadt,Wikimedia Commons,https://commons.wikimedia.org/wiki/Special:FilePath/Claude_Monet_Guurtje_Van_de_Stadt.jpg,352,687,0.2,https://commons.wikimedia.org/wiki/File:Claude_Monet_Guurtje_Van_de_Stadt.jpg
193,Новый мост,The Pont Neuf,Wikimedia Commons,https://commons.wikimedia.org/wiki/Special:FilePath/Le_Pont_Neuf_-_Claude_Monet.jpg,8920,6512,58.1,https://commons.wikimedia.org/wiki/File:Le_Pont_Neuf_-_Claude_Monet.jpg
194,"Аржантёй, ремонт моста","Argenteuil, the Bridge under Repair",Wikimedia Commons,"https://commons.wikimedia.org/wiki/Special:FilePath/Claude_Monet_-_Argenteuil,_le_pont_en_réparation.jpg",1657,1242,2.1,"https://commons.wikimedia.org/wiki/File:Claude_Monet_-_Argenteuil,_le_pont_en_réparation.jpg"
195,Деревянный мост,The Wooden Bridge,Wikimedia Commons,https://commons.wikimedia.org/wiki/Special:FilePath/Claude_Monet_-_The_Highway_Bridge_under_repair.jpg,1063,783,0.8,https://commons.wikimedia.org/wiki/File:Claude_Monet_-_The_Highway_Bridge_under_repair.jpg
196,Рукав Сены в Аржантёе,Small Arm of the Seine at Argenteuil,Wikimedia Commons,https://commons.wikimedia.org/wiki/Special:FilePath/The_Petit_Bras_of_the_Seine_at_Argenteuil.jpg,,,,https://commons.wikimedia.org/wiki/File:The_Petit_Bras_of_the_Seine_at_Argenteuil.jpg
197,Вид на Аржантёй с малого рукава Сены,"Argenteuil, seen from the Small Arm of the Seine",Wikimedia Commons (скан каталога),https://commons.wikimedia.org/wiki/Special:FilePath/Monet_w197.jpg,1023,761,0.8,https://commons.wikimedia.org/wiki/File:Monet_w197.jpg
198,Сена в Аржантёе,The Seine in Argenteuil,Wikimedia Commons,https://commons.wikimedia.org/wiki/Special:FilePath/Claude_Monet_-_The_Seine_at_Argenteuil_1873.jpg,1000,830,0.8,https://commons.wikimedia.org/wiki/File:Claude_Monet_-_The_Seine_at_Argenteuil_1873.jpg
199,Весна в Аржантёе,Springtime at Argenteuil,Wikimedia Commons (скан каталога),https://commons.wikimedia.org/wiki/Special:FilePath/Monet_w199.jpg,1023,807,0.8,https://commons.wikimedia.org/wiki/File:Monet_w199.jpg
200,Лодка на рукаве Сены в Аржантёе,Small Boat on the Small Branch of the Seine at Argenteuil,Wikimedia Commons,"https://commons.wikimedia.org/wiki/Special:FilePath/Voilier_sur_le_petit_bras_de_la_Seine,_Argenteuil_(1872)_Claude_Monet_(W_200).jpg",2880,2395,6.9,"https://commons.wikimedia.org/wiki/File:Voilier_sur_le_petit_bras_de_la_Seine,_Argenteuil_(1872)_Claude_Monet_(W_200).jpg"
201,Цветущие деревья,Trees in Bloom,Wikimedia Commons,https://commons.wikimedia.org/wiki/Special:FilePath/Monet_-_trees-in-bloom.jpg,280,224,0.1,https://commons.wikimedia.org/wiki/File:Monet_-_trees-in-bloom.jpg
202,Сад,The Garden,Wikimedia Commons,https://commons.wikimedia.org/wiki/Special:FilePath/Monet_-_the-garden.jpg,280,225,0.1,https://commons.wikimedia.org/wiki/File:Monet_-_the-garden.jpg
203,"Сирень, пасмурная погода","Lilacs, Grey Weather",Wikimedia Commons,"https://commons.wikimedia.org/wiki/Special:FilePath/Claude_monet,_lillà,_tempo_grigio_(il_riposo_sui_lillà),_1872-73,_02.JPG",3456,2304,8.0,"https://commons.wikimedia.org/wiki/File:Claude_monet,_lillà,_tempo_grigio_(il_riposo_sui_lillà),_1872-73,_02.JPG"
204,Сирень на солнце,Lilac in the Sun,Wikimedia Commons,"https://commons.wikimedia.org/wiki/Special:FilePath/Lilacs_in_the_Sun,_1872.jpg",3164,2436,7.7,"https://commons.wikimedia.org/wiki/File:Lilacs_in_the_Sun,_1872.jpg"
205,Весна,Springtime,Wikimedia Commons,https://commons.wikimedia.org/wiki/Special:FilePath/Claude_Monet_-_Springtime_-_Google_Art_Project.jpg,6587,5038,33.2,https://commons.wikimedia.org/wiki/File:Claude_Monet_-_Springtime_-_Google_Art_Project.jpg
206,Ручей Робек. Руан,"The Robec Stream, Rouen",Wikimedia Commons,https://commons.wikimedia.org/wiki/Special:FilePath/Claude_Monet_017.jpg,,,,https://commons.wikimedia.org/wiki/File:Claude_Monet_017.jpg
207,Шасс-маре на якоре,Anchored Chasse-marée,Wikimedia Commons,https://commons.wikimedia.org/wiki/Special:FilePath/Chasse-marée_à_l'ancre_-_Claude_Monet.jpg,3472,2152,7.5,https://commons.wikimedia.org/wiki/File:Chasse-marée_à_l'ancre_-_Claude_Monet.jpg
208,Сена ниже Руана,The Seine downstream from Rouen,Wikimedia Commons (скан каталога),https://commons.wikimedia.org/wiki/Special:FilePath/Monet_w_208.jpg,1024,720,0.7,https://commons.wikimedia.org/wiki/File:Monet_w_208.jpg
209,Лодки в Руане,Boats at Rouen,Wikimedia Commons (скан каталога),"https://commons.wikimedia.org/wiki/Special:FilePath/Monet_-_Wildenstein_1996,_209.png",436,353,0.2,"https://commons.wikimedia.org/wiki/File:Monet_-_Wildenstein_1996,_209.png"
210,Корабли на Сене в Руане,Ships Riding on the Seine at Rouen,Wikimedia Commons,"https://commons.wikimedia.org/wiki/Special:FilePath/Ships_Riding_on_the_Seine_at_Rouen_by_Claude_Monet,_1872.jpg",11078,9011,99.8,"https://commons.wikimedia.org/wiki/File:Ships_Riding_on_the_Seine_at_Rouen_by_Claude_Monet,_1872.jpg"
211,Сена в Руане,The Seine at Rouen,Wikimedia Commons,"https://commons.wikimedia.org/wiki/Special:FilePath/'The_Seine_at_Rouen'_by_Claude_Monet,_1872,_Hermitage.JPG",1476,1224,1.8,"https://commons.wikimedia.org/wiki/File:'The_Seine_at_Rouen'_by_Claude_Monet,_1872,_Hermitage.JPG"
212,Лодки в Руане,Boats at Rouen,Wikimedia Commons (скан каталога),"https://commons.wikimedia.org/wiki/Special:FilePath/Monet_-_Wildenstein_1996,_212.png",431,346,0.1,"https://commons.wikimedia.org/wiki/File:Monet_-_Wildenstein_1996,_212.png"
213,Товарный поезд,The Goods Train,Wikimedia Commons,https://commons.wikimedia.org/wiki/Special:FilePath/Claude_Monet_-_The_Train.jpg,1800,1136,2.0,https://commons.wikimedia.org/wiki/File:Claude_Monet_-_The_Train.jpg
214,Фабрики в Девиле близ Руана,"Factories at Deville, near Rouen",нет открытого изображения,,,,,
215,Долина Девиля близ Руана,"The Valley of Déville, near Rouen",нет открытого изображения,,,,,
216,Мон-Рибуде в Руане весной,Le Mont Riboudet à Rouen au Printemps,Wikimedia Commons,https://commons.wikimedia.org/wiki/Special:FilePath/Le_Mont_Riboudet_à_Rouen_au_printemps_(1872)_Claude_Monet_(W216).jpg,2880,2163,6.2,https://commons.wikimedia.org/wiki/File:Le_Mont_Riboudet_à_Rouen_au_printemps_(1872)_Claude_Monet_(W216).jpg
217,Вид Руана,View of Rouen,Wikimedia Commons (скан каталога),https://commons.wikimedia.org/wiki/Special:FilePath/Monet_w217.jpg,1024,746,0.8,https://commons.wikimedia.org/wiki/File:Monet_w217.jpg
218,Сена в Руане,The Seine at Rouen,Wikimedia Commons,"https://commons.wikimedia.org/wiki/Special:FilePath/Monet_-_La_Seine_à_Rouen,_1872.jpg",800,509,0.4,"https://commons.wikimedia.org/wiki/File:Monet_-_La_Seine_à_Rouen,_1872.jpg"
219,Дорога среди виноградников в Аржантёе,Lane in the Vineyards at Argenteuil,Wikimedia Commons (скан каталога),https://commons.wikimedia.org/wiki/Special:FilePath/Monet_w219.jpg,640,405,0.3,https://commons.wikimedia.org/wiki/File:Monet_w219.jpg
220,Вид на равнину Аржантёя,View to the plain of Argenteuil,Wikimedia Commons,https://commons.wikimedia.org/wiki/Special:FilePath/Monet_-_Blick_auf_die_Ebene_von_Argenteuil.jpg,1226,928,1.1,https://commons.wikimedia.org/wiki/File:Monet_-_Blick_auf_die_Ebene_von_Argenteuil.jpg
221,Берега Сены в Аржантёе,Banks of the Seine at Argenteuil,Wikimedia Commons,https://commons.wikimedia.org/wiki/Special:FilePath/Les_Bords_de_la_Seine_à_Argenteuil_(1872)_Claude_Monet_(W_221).jpg,1149,863,1.0,https://commons.wikimedia.org/wiki/File:Les_Bords_de_la_Seine_à_Argenteuil_(1872)_Claude_Monet_(W_221).jpg
222,Прогулка в Аржантёе,The Promenade at Argenteuil,Wikimedia Commons (скан каталога),https://commons.wikimedia.org/wiki/Special:FilePath/Monet_w222.jpg,1024,762,0.8,https://commons.wikimedia.org/wiki/File:Monet_w222.jpg
223,Аржантёй,Argenteuil,National Gallery of Art (CC0),https://api.nga.gov/iiif/c6780a7f-2720-433c-9562-552c996c6d04/full/max/0/default.jpg,16980,12978,220.4,https://www.nga.gov/collection/art-object-page.52186.html
224,"Аржантёй, под вечер","Argenteuil, Late Afternoon",Wikimedia Commons,https://commons.wikimedia.org/wiki/Special:FilePath/MB-Mon-03_Monet_Argenteuil-am-Spaetnachmittag_1.jpg,2560,1876,4.8,https://commons.wikimedia.org/wiki/File:MB-Mon-03_Monet_Argenteuil-am-Spaetnachmittag_1.jpg
225,Пруд в Аржантёе,The Basin at Argenteuil,Wikimedia Commons,https://commons.wikimedia.org/wiki/Special:FilePath/Claude_Monet_-_Bassin_d'Argenteuil_-_Google_Art_Project.jpg,5377,3953,21.3,https://commons.wikimedia.org/wiki/File:Claude_Monet_-_Bassin_d'Argenteuil_-_Google_Art_Project.jpg
226,"Аржантёй, лодки у берега","Argenteuil, Boats along the Bank",Wikimedia Commons (скан каталога),https://commons.wikimedia.org/wiki/Special:FilePath/Monet_w226.jpg,1024,656,0.7,https://commons.wikimedia.org/wiki/File:Monet_w226.jpg
227,Парусники на Сене,Boats on the Seine at Le Petit-Gennevilliers,Wikimedia Commons,https://commons.wikimedia.org/wiki/Special:FilePath/Claude_Monet_-_Voiliers_sur_la_Seine_(1874).jpg,4526,3735,16.9,https://commons.wikimedia.org/wiki/File:Claude_Monet_-_Voiliers_sur_la_Seine_(1874).jpg
228,Сена в Пти-Женвилье,The Seine at Le Petit-Gennevilliers,Wikimedia Commons,https://commons.wikimedia.org/wiki/Special:FilePath/La_Seine_au_Petit-Gennevilliers_(1872)_Claude_Monet_(W228).jpg,2880,2170,6.2,https://commons.wikimedia.org/wiki/File:La_Seine_au_Petit-Gennevilliers_(1872)_Claude_Monet_(W228).jpg
229,Прогулочные лодки,Pleasure Boats,Wikimedia Commons,"https://commons.wikimedia.org/wiki/Special:FilePath/Monet_-_Bateaux_de_plaisance,_Argenteuil,_1872-1873.jpg",758,574,0.4,"https://commons.wikimedia.org/wiki/File:Monet_-_Bateaux_de_plaisance,_Argenteuil,_1872-1873.jpg"
230,Аржантёй,Argenteuil,Wikimedia Commons,https://commons.wikimedia.org/wiki/Special:FilePath/Claude_Monet_-_Argenteuil_-_1872_-_Musée_d'Orsay.jpg,4325,3312,14.3,https://commons.wikimedia.org/wiki/File:Claude_Monet_-_Argenteuil_-_1872_-_Musée_d'Orsay.jpg
231,Вид на Аржантёй с малого рукава Сены,Argenteuil Seen from the Small Arm of the Seine,Wikimedia Commons (скан каталога),https://commons.wikimedia.org/wiki/Special:FilePath/Monet_w231.jpg,995,721,0.7,https://commons.wikimedia.org/wiki/File:Monet_w231.jpg
232,Малый рукав Сены в Аржантёе,The Small Arm of the Seine at Argenteuil,Wikimedia Commons,"https://commons.wikimedia.org/wiki/Special:FilePath/Argenteuil_Seen_from_the_Small_Branch_of_the_Seine_(1872)_by_Claude_Monet_-_Pola_Museum_of_Art_(Hakone,_Japan).jpg",664,517,0.3,"https://commons.wikimedia.org/wiki/File:Argenteuil_Seen_from_the_Small_Branch_of_the_Seine_(1872)_by_Claude_Monet_-_Pola_Museum_of_Art_(Hakone,_Japan).jpg"
233,Регата в Аржантёе,Regatta at Argenteuil,Wikimedia Commons,https://commons.wikimedia.org/wiki/Special:FilePath/Claude_Monet_-_Regattas_at_Argenteuil_-_Google_Art_Project.jpg,5978,3852,23.0,https://commons.wikimedia.org/wiki/File:Claude_Monet_-_Regattas_at_Argenteuil_-_Google_Art_Project.jpg
234,Парусник,Voilier,Wikimedia Commons (скан каталога),https://commons.wikimedia.org/wiki/Special:FilePath/Monet_w234.jpg,597,335,0.2,https://commons.wikimedia.org/wiki/File:Monet_w234.jpg
235,Вид Аржантёя,View of Argenteuil,Wikimedia Commons,https://commons.wikimedia.org/wiki/Special:FilePath/Vue_d'Argenteuil_(1872)_Claude_Monet_(W_235).jpg,2880,1420,4.1,https://commons.wikimedia.org/wiki/File:Vue_d'Argenteuil_(1872)_Claude_Monet_(W_235).jpg
236,Сена близ Буживаля,The Seine near Bougival,Wikimedia Commons (скан каталога),https://commons.wikimedia.org/wiki/Special:FilePath/Monet_w236.jpg,1024,516,0.5,https://commons.wikimedia.org/wiki/File:Monet_w236.jpg
237,Карьер-Сен-Дени,Carrières-Saint-Denis,Wikimedia Commons,https://commons.wikimedia.org/wiki/Special:FilePath/Carrières-Saint-Denis_-_Claude_Monet.jpg,3005,2195,6.6,https://commons.wikimedia.org/wiki/File:Carrières-Saint-Denis_-_Claude_Monet.jpg
238,Жан Моне на трёхколёсном велосипеде-лошадке,Jean Monet on His Horse Tricycle,Wikimedia Commons,https://commons.wikimedia.org/wiki/Special:FilePath/Claude_Monet_-_Jean_Monet_on_his_Hobby_Horse.jpg,5737,4710,27.0,https://commons.wikimedia.org/wiki/File:Claude_Monet_-_Jean_Monet_on_his_Hobby_Horse.jpg
239,Старая улица Шоссе. Аржантёй,"The Old Rue de la Chaussee, Argenteuil",Wikimedia Commons,"https://commons.wikimedia.org/wiki/Special:FilePath/L'Ancienne_rue_de_la_Chaussée,_Argenteuil_by_Claude_Monet.jpg",918,640,0.6,"https://commons.wikimedia.org/wiki/File:L'Ancienne_rue_de_la_Chaussée,_Argenteuil_by_Claude_Monet.jpg"
240,"Аржантёй, богадельня","Argenteuil, the Hospice",Wikimedia Commons (скан каталога),"https://commons.wikimedia.org/wiki/Special:FilePath/Monet_-_Wildenstein_1996,_240.png",416,312,0.1,"https://commons.wikimedia.org/wiki/File:Monet_-_Wildenstein_1996,_240.png"
241,Праздник в Аржантёе,Fete at Argenteuil,Wikimedia Commons,https://commons.wikimedia.org/wiki/Special:FilePath/Claude_Monet_-_La_fête_d'Argenteuil.jpg,749,553,0.4,https://commons.wikimedia.org/wiki/File:Claude_Monet_-_La_fête_d'Argenteuil.jpg
242,Вокзал в Аржантёе,The Railroad Station at Argenteuil,Wikimedia Commons,https://commons.wikimedia.org/wiki/Special:FilePath/La-gare-dArgenteuil_(1872)_Claude_Monet_-_Musée_Tavet-Delacour_-_Pontoise_(W242).jpg,2953,1969,5.8,https://commons.wikimedia.org/wiki/File:La-gare-dArgenteuil_(1872)_Claude_Monet_-_Musée_Tavet-Delacour_-_Pontoise_(W242).jpg
243,Деревенская улица,Village Street,Wikimedia Commons,"https://commons.wikimedia.org/wiki/Special:FilePath/Claude_Monet_-_Village_Street,_ca._1869-71,_Dixon_Gallery.jpg",7118,4676,33.3,"https://commons.wikimedia.org/wiki/File:Claude_Monet_-_Village_Street,_ca._1869-71,_Dixon_Gallery.jpg"
244,Чайный сервиз,The Tea Set,Wikimedia Commons,"https://commons.wikimedia.org/wiki/Special:FilePath/Claude_Monet_-_Still_Life,_Tea_Service_-_2019.67.12.McD_-_Dallas_Museum_of_Art.jpg",7015,5873,41.2,"https://commons.wikimedia.org/wiki/File:Claude_Monet_-_Still_Life,_Tea_Service_-_2019.67.12.McD_-_Dallas_Museum_of_Art.jpg"
245,Натюрморт,Still Life with Melon,Wikimedia Commons,https://commons.wikimedia.org/wiki/Special:FilePath/Still_Life_with_Melon_Claude_Monet.jpg,2921,2068,6.0,https://commons.wikimedia.org/wiki/File:Still_Life_with_Melon_Claude_Monet.jpg
246,Куропатка и вальдшнеп,Partridge and Woodcock,Wikimedia Commons (скан каталога),https://commons.wikimedia.org/wiki/Special:FilePath/Monet_w246.jpg,829,1024,0.8,https://commons.wikimedia.org/wiki/File:Monet_w246.jpg
247,Бульвар Элоизы в Аржантёе,"Boulevard Héloise, Argenteuil",Wikimedia Commons,https://commons.wikimedia.org/wiki/Special:FilePath/Boulevard_Heloise_Argenteuil_by_Claude_Monet_1872.jpeg,2000,1182,2.4,https://commons.wikimedia.org/wiki/File:Boulevard_Heloise_Argenteuil_by_Claude_Monet_1872.jpeg
248,Дом на бульваре,The House on the Mall,Wikimedia Commons (скан каталога),"https://commons.wikimedia.org/wiki/Special:FilePath/Monet_-_Wildenstein_1996,_248.png",435,352,0.2,"https://commons.wikimedia.org/wiki/File:Monet_-_Wildenstein_1996,_248.png"
249,Туман,Fog Effect,Wikimedia Commons (скан каталога),https://commons.wikimedia.org/wiki/Special:FilePath/Monet_w249.jpg,1024,651,0.7,https://commons.wikimedia.org/wiki/File:Monet_w249.jpg
250,Туман,Fog Effect,Wikimedia Commons (скан каталога),"https://commons.wikimedia.org/wiki/Special:FilePath/Monet_-_Wildenstein_1996,_250.png",433,271,0.1,"https://commons.wikimedia.org/wiki/File:Monet_-_Wildenstein_1996,_250.png"
251,Наводнение в Аржантёе,Flood in Argenteuil,Wikimedia Commons,"https://commons.wikimedia.org/wiki/Special:FilePath/Flood_at_Argenteuil_(1872-73)_de_Claude_Monet_(Artizon_Museum,_Tokyo).jpg",961,705,0.7,"https://commons.wikimedia.org/wiki/File:Flood_at_Argenteuil_(1872-73)_de_Claude_Monet_(Artizon_Museum,_Tokyo).jpg"
252,Наводнение,The Flood,Wikimedia Commons (скан каталога),https://commons.wikimedia.org/wiki/Special:FilePath/Monet_w252.jpg,751,1024,0.8,https://commons.wikimedia.org/wiki/File:Monet_w252.jpg
253,Сена в Аржантёе,The Seine at Argenteuil,Wikimedia Commons (скан каталога),https://commons.wikimedia.org/wiki/Special:FilePath/Monet_w_253.jpg,1024,488,0.5,https://commons.wikimedia.org/wiki/File:Monet_w_253.jpg
254,Мельница в Оржемоне. Снег,"The Mill at Orgemont, Snow",Wikimedia Commons,"https://commons.wikimedia.org/wiki/Special:FilePath/Monet_-_Vineyards_in_the_Snow,_Looking_Towards_the_Mill_at_Orgemont,_1873.jpg",1200,873,1.0,"https://commons.wikimedia.org/wiki/File:Monet_-_Vineyards_in_the_Snow,_Looking_Towards_the_Mill_at_Orgemont,_1873.jpg"
255,Оттепель в Аржантёе,Thaw in Argenteuil,Wikimedia Commons (скан каталога),https://commons.wikimedia.org/wiki/Special:FilePath/Monet_w_255.jpg,474,350,0.2,https://commons.wikimedia.org/wiki/File:Monet_w_255.jpg
256,Равнина Коломб. Иней,"The Plain of Colombes, White Frost",Wikimedia Commons,"https://commons.wikimedia.org/wiki/Special:FilePath/Monet_-_Frost_on_the_Plains_of_Colombes,_1873.jpg",485,364,0.2,"https://commons.wikimedia.org/wiki/File:Monet_-_Frost_on_the_Plains_of_Colombes,_1873.jpg"
257,Красная накидка,"The Red Kerchief, Portrait of Madame Monet",Wikimedia Commons,"https://commons.wikimedia.org/wiki/Special:FilePath/The_Red_Kerchief,_by_Claude_Monet,_Cleveland_Museum_of_Art,_1958.39.jpg",11652,14500,169.0,"https://commons.wikimedia.org/wiki/File:The_Red_Kerchief,_by_Claude_Monet,_Cleveland_Museum_of_Art,_1958.39.jpg"
258,Врата д’Амон. Этрета,"The Porte d'Amont, Etretat",Wikimedia Commons,"https://commons.wikimedia.org/wiki/Special:FilePath/Monet_-_La_Porte_d'Amont,_Étretat,_c._1868-1869.jpg",2400,1932,4.6,"https://commons.wikimedia.org/wiki/File:Monet_-_La_Porte_d'Amont,_Étretat,_c._1868-1869.jpg"
259,Этюд лодок,Study of Boats (also known as Ships in Harbor),Wikimedia Commons,"https://commons.wikimedia.org/wiki/Special:FilePath/Monet_-_Ships_in_a_Harbor,_about_1873.jpg",1600,1324,2.1,"https://commons.wikimedia.org/wiki/File:Monet_-_Ships_in_a_Harbor,_about_1873.jpg"
260,Ремонт лодок,Boats under Repair,Wikimedia Commons,https://commons.wikimedia.org/wiki/Special:FilePath/Claude_Monet_-_Boats_in_a_Harbour_-_NG_2423_-_National_Galleries_of_Scotland.jpg,600,795,0.5,https://commons.wikimedia.org/wiki/File:Claude_Monet_-_Boats_in_a_Harbour_-_NG_2423_-_National_Galleries_of_Scotland.jpg
261,Музей в Гавре,Le Havre Museum,Wikimedia Commons,"https://commons.wikimedia.org/wiki/Special:FilePath/Monet,_The_Museum_at_Le_Havre.jpg",800,602,0.5,"https://commons.wikimedia.org/wiki/File:Monet,_The_Museum_at_Le_Havre.jpg"
262,Восход солнца,Sunrise (also known as Seascape),Wikimedia Commons,https://commons.wikimedia.org/wiki/Special:FilePath/Claude_Monet_(French_-_Sunrise_(Marine)_-_Google_Art_Project.jpg,8029,6529,52.4,https://commons.wikimedia.org/wiki/File:Claude_Monet_(French_-_Sunrise_(Marine)_-_Google_Art_Project.jpg
263,Впечатление. Восходящее солнце,"Impression, Sunrise",Wikimedia Commons,"https://commons.wikimedia.org/wiki/Special:FilePath/Monet_-_Impression,_Sunrise.jpg",5773,4478,25.9,"https://commons.wikimedia.org/wiki/File:Monet_-_Impression,_Sunrise.jpg"
264,Порт Гавра. Ночь,"The Port of Le Havre, Night Effect",Wikimedia Commons,https://commons.wikimedia.org/wiki/Special:FilePath/Monet_-_the-port-of-le-havre-night-effect.jpg,2560,1890,4.8,https://commons.wikimedia.org/wiki/File:Monet_-_the-port-of-le-havre-night-effect.jpg
265,Парусники в Сент-Адрессе,Sailing at Sainte-Adresse,Wikimedia Commons (скан каталога),https://commons.wikimedia.org/wiki/Special:FilePath/Monet_w265.jpg,1024,663,0.7,https://commons.wikimedia.org/wiki/File:Monet_w265.jpg
266,Скала в Сент-Адрессе,The Cliff at Sainte-Adresse,Wikimedia Commons (скан каталога),https://commons.wikimedia.org/wiki/Special:FilePath/Monet_w266.jpg,500,376,0.2,https://commons.wikimedia.org/wiki/File:Monet_w266.jpg
267,Лодки в Руане,Boats at Rouen,Wikimedia Commons (скан каталога),https://commons.wikimedia.org/wiki/Special:FilePath/Monet_w267.jpg,736,550,0.4,https://commons.wikimedia.org/wiki/File:Monet_w267.jpg
268,Сена в Руане,The Seine at Rouen,Wikimedia Commons,"https://commons.wikimedia.org/wiki/Special:FilePath/Monet_-_Die_Seine_bei_Rouen,_1874.jpg",640,490,0.3,"https://commons.wikimedia.org/wiki/File:Monet_-_Die_Seine_bei_Rouen,_1874.jpg"
269,The Seine at Asnières,The Seine at Asnières,Wikimedia Commons,https://commons.wikimedia.org/wiki/Special:FilePath/La_Seine_à_Asnière_-_Monet.jpg,1920,1611,3.1,https://commons.wikimedia.org/wiki/File:La_Seine_à_Asnière_-_Monet.jpg
269a,Сена в Аньере,The Seine at Asnieres,Wikimedia Commons,https://commons.wikimedia.org/wiki/Special:FilePath/La_Seine_à_Asnière_-_Monet.jpg,1920,1611,3.1,https://commons.wikimedia.org/wiki/File:La_Seine_à_Asnière_-_Monet.jpg
270,Сена в Аньере,The Seine at Asnieres,Wikimedia Commons (скан каталога),https://commons.wikimedia.org/wiki/Special:FilePath/Monet_w270.jpg,1024,753,0.8,https://commons.wikimedia.org/wiki/File:Monet_w270.jpg
271,Весна,Springtime,Wikimedia Commons,https://commons.wikimedia.org/wiki/Special:FilePath/Spring_(Fruit_Trees_in_Bloom)_MET_DT1902.jpg,3811,2363,9.0,https://commons.wikimedia.org/wiki/File:Spring_(Fruit_Trees_in_Bloom)_MET_DT1902.jpg
272,Цветущие яблони,Apple Trees in Bloom,Wikimedia Commons (скан каталога),https://commons.wikimedia.org/wiki/Special:FilePath/Monet_w_272_Apple_Trees_in_Bloom.jpg,1024,724,0.7,https://commons.wikimedia.org/wiki/File:Monet_w_272_Apple_Trees_in_Bloom.jpg
273,Весна,Springtime,Wikimedia Commons,https://commons.wikimedia.org/wiki/Special:FilePath/Claude_Monet_-_Springtime_-_Johannesburg_Art_Gallery.jpg,1280,950,1.2,https://commons.wikimedia.org/wiki/File:Claude_Monet_-_Springtime_-_Johannesburg_Art_Gallery.jpg
274,Маки,Les Coquelicots,Wikimedia Commons,https://commons.wikimedia.org/wiki/Special:FilePath/Claude_Monet_-_Poppy_Field_-_Google_Art_Project.jpg,5586,4258,23.8,https://commons.wikimedia.org/wiki/File:Claude_Monet_-_Poppy_Field_-_Google_Art_Project.jpg
275,На лугу близ Аржантёя,In the Meadow near Argenteuil,Wikimedia Commons (скан каталога),"https://commons.wikimedia.org/wiki/Special:FilePath/Monet_-_Wildenstein_1996,_275.png",450,308,0.1,"https://commons.wikimedia.org/wiki/File:Monet_-_Wildenstein_1996,_275.png"
276,Прогулка по лугам в Аржантёе,Walk in the Meadows at Argenteuil,Wikimedia Commons,https://commons.wikimedia.org/wiki/Special:FilePath/Claude_Monet_-_A_Walk_in_the_Meadows_at_Argenteuil_-_1998.107_-_Rhode_Island_School_of_Design_Museum.jpg,1024,850,0.9,https://commons.wikimedia.org/wiki/File:Claude_Monet_-_A_Walk_in_the_Meadows_at_Argenteuil_-_1998.107_-_Rhode_Island_School_of_Design_Museum.jpg
277,Дома в Аржантёе,Houses at Argenteuil,Wikimedia Commons,"https://commons.wikimedia.org/wiki/Special:FilePath/Monet,_Houses_at_Argenteuil,_1873,_Alte_Nationalgalerie,_Berlin_(25308214617).jpg",5020,3898,19.6,"https://commons.wikimedia.org/wiki/File:Monet,_Houses_at_Argenteuil,_1873,_Alte_Nationalgalerie,_Berlin_(25308214617).jpg"
278,Мост в Аржантёе,The Bridge at Argenteuil,Wikimedia Commons (скан каталога),https://commons.wikimedia.org/wiki/Special:FilePath/Monet_w_278_the_bridge_at_argenteuil.jpg,1024,654,0.7,https://commons.wikimedia.org/wiki/File:Monet_w_278_the_bridge_at_argenteuil.jpg
279,Железнодорожный мост в Аржантёе,The Railroad Bridge at Argenteuil,Wikimedia Commons,https://commons.wikimedia.org/wiki/Special:FilePath/Claude_Monet_-_Le_pont_de_chemin_der_fer_à_Argenteuil.jpg,2261,1328,3.0,https://commons.wikimedia.org/wiki/File:Claude_Monet_-_Le_pont_de_chemin_der_fer_à_Argenteuil.jpg
280,Камилла в саду с Жаном и его няней,Camille in the Garden with Jean and His Nanny,Wikimedia Commons,"https://commons.wikimedia.org/wiki/Special:FilePath/'Camille_in_the_Garden_with_Jean_and_a_Maid'_by_Claude_Monet,_1873.jpg",1359,910,1.2,"https://commons.wikimedia.org/wiki/File:'Camille_in_the_Garden_with_Jean_and_a_Maid'_by_Claude_Monet,_1873.jpg"
281,Камилла Моне на скамейке в саду,The Bench,Wikimedia Commons,https://commons.wikimedia.org/wiki/Special:FilePath/WLA_metmuseum_Camille_Monet_on_a_Garden_Bench_by_Claude_Monet.jpg,1905,1441,2.7,https://commons.wikimedia.org/wiki/File:WLA_metmuseum_Camille_Monet_on_a_Garden_Bench_by_Claude_Monet.jpg
282,Камилла и Жан Моне в саду в Аржантёе,Camille and Jean Monet in the Garden at Argenteuil,Wikimedia Commons,https://commons.wikimedia.org/wiki/Special:FilePath/Monet_-_camille-and-jean-monet-in-the-garden-at-argenteuil.jpg,280,376,0.1,https://commons.wikimedia.org/wiki/File:Monet_-_camille-and-jean-monet-in-the-garden-at-argenteuil.jpg
283,Портрет мадемуазель Бонне,Portrait of Mademoiselle Bonnet,Wikimedia Commons (скан каталога),https://commons.wikimedia.org/wiki/Special:FilePath/Monet_w_283_Mademoiselle_Bonnet.jpg,591,720,0.4,https://commons.wikimedia.org/wiki/File:Monet_w_283_Mademoiselle_Bonnet.jpg
284,Дом художника в Аржантёе,The Artist's House at Argenteuil,Art Institute of Chicago (CC0),https://www.artic.edu/iiif/2/7d533ed4-ff54-fa2c-64f4-2b16bfbb5880/full/max/0/default.jpg,5928,4842,28.7,https://www.artic.edu/artworks/16554
285,Завтрак в саду,The Luncheon,Wikimedia Commons,"https://commons.wikimedia.org/wiki/Special:FilePath/Claude_monet,_il_pranzo,_1873_ca._01.JPG",2444,2008,4.9,"https://commons.wikimedia.org/wiki/File:Claude_monet,_il_pranzo,_1873_ca._01.JPG"
286,Сад в Аржантёе,The Garden at Argenteuil,National Gallery of Art (CC0),https://api.nga.gov/iiif/4196f97b-1edb-4fae-aa9f-882afe35978b/full/max/0/default.jpg,17348,12979,225.2,https://www.nga.gov/collection/art-object-page.72138.html
287,Камилла Моне у окна. Аржантёй,"Camille Monet at the Window, Argenteuil",Wikimedia Commons,https://commons.wikimedia.org/wiki/Special:FilePath/Monet_-_camille-monet-at-the-window-argentuile.jpg,1392,1701,2.4,https://commons.wikimedia.org/wiki/File:Monet_-_camille-monet-at-the-window-argentuile.jpg
288,Укромная тропинка,The Sheltered Path,Wikimedia Commons,https://commons.wikimedia.org/wiki/Special:FilePath/Monet_-_the-sheltered-path.jpg,280,232,0.1,https://commons.wikimedia.org/wiki/File:Monet_-_the-sheltered-path.jpg
289,Пруд с утками осенью,The Pond with Ducks in Autumn,Wikimedia Commons (скан каталога),https://commons.wikimedia.org/wiki/Special:FilePath/Monet_w289.jpg,1024,871,0.9,https://commons.wikimedia.org/wiki/File:Monet_w289.jpg
290,Осень в Аржантёе,Autumn Effect at Argenteuil,Wikimedia Commons,"https://commons.wikimedia.org/wiki/Special:FilePath/Monet,_Autumn_Effect_at_Argenteuil,_Courtauld_Gallery.jpg",3888,2592,10.1,"https://commons.wikimedia.org/wiki/File:Monet,_Autumn_Effect_at_Argenteuil,_Courtauld_Gallery.jpg"
291,Осень на Сене в Аржантёе,Autumn on the Seine at Argenteuil,Wikimedia Commons,https://commons.wikimedia.org/wiki/Special:FilePath/Claude_Monet_-_Automne_sur_la_Seine_Argenteuil_(1873).jpg,9272,6698,62.1,https://commons.wikimedia.org/wiki/File:Claude_Monet_-_Automne_sur_la_Seine_Argenteuil_(1873).jpg
292,Карнавал на бульваре Капуцинок,Carnaval Boulevard des Capucines,Wikimedia Commons,https://commons.wikimedia.org/wiki/Special:FilePath/Interior_of_Gallery_of_19th_and_20th_Century_Art_(Pushkin_museum)_-_008.jpg,4000,3000,12.0,https://commons.wikimedia.org/wiki/File:Interior_of_Gallery_of_19th_and_20th_Century_Art_(Pushkin_museum)_-_008.jpg
293,Бульвар Капуцинок,Boulevard des Capucines,Wikimedia Commons,https://commons.wikimedia.org/wiki/Special:FilePath/Claude_Monet_-_Boulevard_des_Capucines_-_Google_Art_Project.jpg,2959,3992,11.8,https://commons.wikimedia.org/wiki/File:Claude_Monet_-_Boulevard_des_Capucines_-_Google_Art_Project.jpg
294,Торговый бассейн. Гавр,"The Trade Basin, Le Havre",Wikimedia Commons,https://commons.wikimedia.org/wiki/Special:FilePath/HavreMonet.jpg,2272,1917,4.4,https://commons.wikimedia.org/wiki/File:HavreMonet.jpg
295,Большая набережная в Гавре,Embankment in Le Havre,Wikimedia Commons,"https://commons.wikimedia.org/wiki/Special:FilePath/'The_Grand_Quay_at_Havre'_by_Claude_Monet,_1874,_Hermitage.JPG",1476,1112,1.6,"https://commons.wikimedia.org/wiki/File:'The_Grand_Quay_at_Havre'_by_Claude_Monet,_1874,_Hermitage.JPG"
296,Лодки выходят из порта,Fishing Boats Leaving the Port of Le Havre,Wikimedia Commons,"https://commons.wikimedia.org/wiki/Special:FilePath/Claude_Monet,_Fishing_Boats_Leaving_the_Harbor,_Le_Havre.jpg",1178,713,0.8,"https://commons.wikimedia.org/wiki/File:Claude_Monet,_Fishing_Boats_Leaving_the_Harbor,_Le_Havre.jpg"
297,Старый аванпорт Гавра,Old Outer Port of Le Havre,Wikimedia Commons,"https://commons.wikimedia.org/wiki/Special:FilePath/Claude_Monet,_French_-_Port_of_Le_Havre_-_Google_Art_Project.jpg",5473,3217,17.6,"https://commons.wikimedia.org/wiki/File:Claude_Monet,_French_-_Port_of_Le_Havre_-_Google_Art_Project.jpg"
297a,"Леон Моне, брат художника","Léon Monet, the Artist's Brother",Wikimedia Commons,"https://commons.wikimedia.org/wiki/Special:FilePath/Portrait_de_Léon_Monet,_1874,_Claude_Monet.jpg",3200,3751,12.0,"https://commons.wikimedia.org/wiki/File:Portrait_de_Léon_Monet,_1874,_Claude_Monet.jpg"
298,Морской порт в Амстердаме,The Sea Port in Amsterdam,Wikimedia Commons,https://commons.wikimedia.org/wiki/Special:FilePath/Monet-ij.jpg,1600,1188,1.9,https://commons.wikimedia.org/wiki/File:Monet-ij.jpg
299,Море в Амстердаме,The Sea at Amsterdam,Wikimedia Commons,https://commons.wikimedia.org/wiki/Special:FilePath/Monet_Het_IJ_the-sea-at-amsterdam.jpg,2048,1370,2.8,https://commons.wikimedia.org/wiki/File:Monet_Het_IJ_the-sea-at-amsterdam.jpg
300,"Гелдерсекаде в Амстердаме, зима","Geldersekade of Amsterdam, Winter",Wikimedia Commons,https://commons.wikimedia.org/wiki/Special:FilePath/Claude_Monet_-_El_Geldersekade_de_Amsterdam_en_invierno.jpg,1205,1024,1.2,https://commons.wikimedia.org/wiki/File:Claude_Monet_-_El_Geldersekade_de_Amsterdam_en_invierno.jpg
301,Амстердам в снегу,Amsterdam in the Snow,Wikimedia Commons,https://commons.wikimedia.org/wiki/Special:FilePath/Claude_Monet_-_Snow_in_Amsterdam_-_Rosengart_collection.jpg,1024,772,0.8,https://commons.wikimedia.org/wiki/File:Claude_Monet_-_Snow_in_Amsterdam_-_Rosengart_collection.jpg
302,Ветряная мельница на канале Онбекенде. Амстердам,"The Windmill on the Onbekende Canal, Amsterdam",Wikimedia Commons,"https://commons.wikimedia.org/wiki/Special:FilePath/Claude_Monet_-_The_Windmill,_Amsterdam,_1871.jpg",4000,3397,13.6,"https://commons.wikimedia.org/wiki/File:Claude_Monet_-_The_Windmill,_Amsterdam,_1871.jpg"
303,Вид Амстердама,View of Amsterdam,Wikimedia Commons,https://commons.wikimedia.org/wiki/Special:FilePath/Monet-schreierstoren.jpg,1280,763,1.0,https://commons.wikimedia.org/wiki/File:Monet-schreierstoren.jpg
304,Вид набережных Принс-Хендрикаде и Кромме-Ваал в Амстердаме,View of the Prins Hendrikkade and the Kromme Waal in Amsterdam,Wikimedia Commons,https://commons.wikimedia.org/wiki/Special:FilePath/Claude_Monet_-_View_of_the_Prins_Hendrikkade_and_the_Kromme_Waal_in_Amsterdam_-_Google_Art_Project.jpg,3360,2481,8.3,https://commons.wikimedia.org/wiki/File:Claude_Monet_-_View_of_the_Prins_Hendrikkade_and_the_Kromme_Waal_in_Amsterdam_-_Google_Art_Project.jpg
305,Биннен-Амстел. Амстердам,"The Binnen Amstel, Amsterdam",Wikimedia Commons,"https://commons.wikimedia.org/wiki/Special:FilePath/LE_BINNEN-AMSTEL,_AMSTERDAM_(1874)_Claude_Monet_(W_305).jpg",2865,2105,6.0,"https://commons.wikimedia.org/wiki/File:LE_BINNEN-AMSTEL,_AMSTERDAM_(1874)_Claude_Monet_(W_305).jpg"
306,Мост. Амстердам,"The Bridge, Amsterdam",Wikimedia Commons,https://commons.wikimedia.org/wiki/Special:FilePath/Monet-montelbaanstoren.jpg,912,776,0.7,https://commons.wikimedia.org/wiki/File:Monet-montelbaanstoren.jpg
307,Вид башни Монтелбан. Амстердам,"View of the Montalban Tower, Amsterdam",Wikimedia Commons (скан каталога),"https://commons.wikimedia.org/wiki/Special:FilePath/Monet_w307_view_of_the_Montalban_Tower,_Amsterdam.jpg",1024,773,0.8,"https://commons.wikimedia.org/wiki/File:Monet_w307_view_of_the_Montalban_Tower,_Amsterdam.jpg"
308,Канал в Амстердаме,Canal in Amsterdam,Wikimedia Commons,https://commons.wikimedia.org/wiki/Special:FilePath/Monet_canal-in-amsterdam.jpg,1215,1024,1.2,https://commons.wikimedia.org/wiki/File:Monet_canal-in-amsterdam.jpg
309,Зюйдеркерк. Амстердам,"The Zuiderkerk, Amsterdam",Wikimedia Commons,"https://commons.wikimedia.org/wiki/Special:FilePath/The_Zuiderkerk,_Amsterdam_by_Claude_Monet,_1874.jpg",1500,1249,1.9,"https://commons.wikimedia.org/wiki/File:The_Zuiderkerk,_Amsterdam_by_Claude_Monet,_1874.jpg"
310,Фруктовый сад,Le Verger,Wikimedia Commons (скан каталога),"https://commons.wikimedia.org/wiki/Special:FilePath/Monet_-_Wildenstein_1996,_310.png",439,319,0.1,"https://commons.wikimedia.org/wiki/File:Monet_-_Wildenstein_1996,_310.png"
311,Мост в Аржантёе,The Railway Bridge at Argenteuil,Wikimedia Commons,https://commons.wikimedia.org/wiki/Special:FilePath/Claude_Monet_-_The_Argenteuil_Bridge_-_Google_Art_Project.jpg,5307,3978,21.1,https://commons.wikimedia.org/wiki/File:Claude_Monet_-_The_Argenteuil_Bridge_-_Google_Art_Project.jpg
312,Мост в Аржантёе,The Railway Bridge at Argenteuil,Wikimedia Commons,https://commons.wikimedia.org/wiki/Special:FilePath/Claude_Monet_-_The_Bridge_at_Argenteuil_(1874)_-_NGA_1983.1.24.jpg,7999,5998,48.0,https://commons.wikimedia.org/wiki/File:Claude_Monet_-_The_Bridge_at_Argenteuil_(1874)_-_NGA_1983.1.24.jpg
313,"Клод Моне, Мост через Сену в Аржантёе 1874.",The Road Bridge at Argenteuil,Wikimedia Commons,https://commons.wikimedia.org/wiki/Special:FilePath/Batch_Mattes_20130310_NP_(7).JPG,3648,2736,10.0,https://commons.wikimedia.org/wiki/File:Batch_Mattes_20130310_NP_(7).JPG
314,"Клод Моне, Мост через Сену в Аржантёе 1874.",The Road Bridge at Argenteuil,Wikimedia Commons (скан каталога),https://commons.wikimedia.org/wiki/Special:FilePath/Monet_w314.jpg,1024,766,0.8,https://commons.wikimedia.org/wiki/File:Monet_w314.jpg
315,Мост в Аржантёе в пасмурную погоду,"The Bridge at Argenteuil, Grey Weather",Wikimedia Commons,https://commons.wikimedia.org/wiki/Special:FilePath/Monet_-_the-bridge-at-argenteuil-grey-weather.jpg,280,208,0.1,https://commons.wikimedia.org/wiki/File:Monet_-_the-bridge-at-argenteuil-grey-weather.jpg
316,Мост в Аржантёе в пасмурный день,Bridge at Argenteuil on a Gray Day,National Gallery of Art (CC0),https://api.nga.gov/iiif/823405e0-599f-4fd8-ae71-4d901edc36b0/full/max/0/default.jpg,15468,11650,180.2,https://www.nga.gov/collection/art-object-page.52188.html
317,Берега Сены у моста в Аржантёе,The Banks of the Seine at the Argenteuil Bridge,Wikimedia Commons (скан каталога),https://commons.wikimedia.org/wiki/Special:FilePath/Monet_w317.jpg,500,365,0.2,https://commons.wikimedia.org/wiki/File:Monet_w317.jpg
318,Мост в Аржантёе,The Railway Bridge at Argenteuil,Wikimedia Commons,https://commons.wikimedia.org/wiki/Special:FilePath/Claude_Monet_-_The_Railway_Bridge_at_Argenteuil_(Philadelphia).jpg,4096,2998,12.3,https://commons.wikimedia.org/wiki/File:Claude_Monet_-_The_Railway_Bridge_at_Argenteuil_(Philadelphia).jpg
319,"Железнодорожный мост в Аржантёе (Моне, 1874)",The Railway Bridge at Argenteuil,Wikimedia Commons,https://commons.wikimedia.org/wiki/Special:FilePath/Claude_Monet_-_The_Railroad_bridge_in_Argenteuil_-_Google_Art_Project.jpg,5348,4024,21.5,https://commons.wikimedia.org/wiki/File:Claude_Monet_-_The_Railroad_bridge_in_Argenteuil_-_Google_Art_Project.jpg
320,Мост в Аржантёе,The Railway Bridge at Argenteuil,Wikimedia Commons,https://commons.wikimedia.org/wiki/Special:FilePath/Claude_Monet_-_The_Railway_Bridge_at_Argenteuil_(Musée_d'Marmottan).jpg,1060,659,0.7,https://commons.wikimedia.org/wiki/File:Claude_Monet_-_The_Railway_Bridge_at_Argenteuil_(Musée_d'Marmottan).jpg
321,Прогулка у железнодорожного моста. Аржантёй,"The Promenade near the Railroad Bridge, Argenteuil",Wikimedia Commons,"https://commons.wikimedia.org/wiki/Special:FilePath/Claude_Monet_-_The_Promenade_with_the_Railroad_Bridge,_Argenteuil_-_45-1973_-_Saint_Louis_Art_Museum.jpg",4966,3680,18.3,"https://commons.wikimedia.org/wiki/File:Claude_Monet_-_The_Promenade_with_the_Railroad_Bridge,_Argenteuil_-_45-1973_-_Saint_Louis_Art_Museum.jpg"
322,Аржантёй,Argenteuil,Wikimedia Commons,"https://commons.wikimedia.org/wiki/Special:FilePath/Argenteuil_(1874)_de_Claude_Monet_(Artizon_Museum,_Tokyo).jpg",1055,647,0.7,"https://commons.wikimedia.org/wiki/File:Argenteuil_(1874)_de_Claude_Monet_(Artizon_Museum,_Tokyo).jpg"
323,Лодка-мастерская,The Studio Boat,Wikimedia Commons,https://commons.wikimedia.org/wiki/Special:FilePath/Claude_Monet_-_Le_bateau-atelier.jpg,6237,4800,29.9,https://commons.wikimedia.org/wiki/File:Claude_Monet_-_Le_bateau-atelier.jpg
324,Лодочники в Аржантёе,Boaters at Argenteuil,Wikimedia Commons,https://commons.wikimedia.org/wiki/Special:FilePath/Claude_Monet_-_Les_canotiers_à_Argenteuil_-_Nahmad_collection.jpg,2126,1602,3.4,https://commons.wikimedia.org/wiki/File:Claude_Monet_-_Les_canotiers_à_Argenteuil_-_Nahmad_collection.jpg
325,Сена в Аржантёе,The Seine at Argenteuil,Wikimedia Commons,https://commons.wikimedia.org/wiki/Special:FilePath/Claude_Monet_-_The_Basin_at_Argenteuil_-_RISD_Museum.tif,5998,4475,26.8,https://commons.wikimedia.org/wiki/File:Claude_Monet_-_The_Basin_at_Argenteuil_-_RISD_Museum.tif
326,Порт в Аржантёе,The Port at Argenteuil,Wikimedia Commons,https://commons.wikimedia.org/wiki/Special:FilePath/Claude_monet_le_bassin_dargenteuil114147).jpg,3200,2364,7.6,https://commons.wikimedia.org/wiki/File:Claude_monet_le_bassin_dargenteuil114147).jpg
327,Сена близ Аржантёя,The Seine near Argenteuil,Wikimedia Commons (скан каталога),https://commons.wikimedia.org/wiki/Special:FilePath/Monet_w327.jpg,1024,862,0.9,https://commons.wikimedia.org/wiki/File:Monet_w327.jpg
328,Закат на Сене,Sunset on the Seine,Wikimedia Commons,"https://commons.wikimedia.org/wiki/Special:FilePath/Marine_View_with_a_Sunset,_by_Claude_Monet.JPG",3580,2668,9.6,"https://commons.wikimedia.org/wiki/File:Marine_View_with_a_Sunset,_by_Claude_Monet.JPG"
329,Берега реки в Аржантёе,River Banks at Argenteuil,Wikimedia Commons,https://commons.wikimedia.org/wiki/Special:FilePath/Claude_Monet_-_Bords_de_l'eau_(1874)_(W_329).png,2131,1805,3.8,https://commons.wikimedia.org/wiki/File:Claude_Monet_-_Bords_de_l'eau_(1874)_(W_329).png
330,Сена в Аржантёе,The Seine at Argenteuil,Wikimedia Commons (скан каталога),https://commons.wikimedia.org/wiki/Special:FilePath/Monet_w330.jpg,1024,826,0.8,https://commons.wikimedia.org/wiki/File:Monet_w330.jpg
331,Парусная лодка в Аржантёе,Argenteuil Basin with a Single Sailboat,Wikimedia Commons,https://commons.wikimedia.org/wiki/Special:FilePath/Monet-ArgenteuilBasinWithASingleSailboat.jpg,3000,2501,7.5,https://commons.wikimedia.org/wiki/File:Monet-ArgenteuilBasinWithASingleSailboat.jpg
332,Берега Сены близ Аржантёя,The Banks of the Seine near Argenteuil,Wikimedia Commons (скан каталога),https://commons.wikimedia.org/wiki/Special:FilePath/Monet_w_332_the_banks_of_the_seine_ner_argenteuil.jpg,1024,735,0.8,https://commons.wikimedia.org/wiki/File:Monet_w_332_the_banks_of_the_seine_ner_argenteuil.jpg
333,Берега Сены в Пти-Женвилье,The banks of the Seine at Petit-Gennevilliers,Wikimedia Commons,"https://commons.wikimedia.org/wiki/Special:FilePath/Les_bords_de_la_Seine_au_Petit-Gennevilliers_by_Claude_Monet,_1874.jpg",871,640,0.6,"https://commons.wikimedia.org/wiki/File:Les_bords_de_la_Seine_au_Petit-Gennevilliers_by_Claude_Monet,_1874.jpg"
334,"Бассейн, вид с моста. Аржантёй","The Pool seen from the Bridge, Argenteuil",Wikimedia Commons,https://commons.wikimedia.org/wiki/Special:FilePath/Claude_Monet_-_Le_Bassin_de_d'Argenteuil_vu_depuis_le_pont_routier.jpg,4716,3546,16.7,https://commons.wikimedia.org/wiki/File:Claude_Monet_-_Le_Bassin_de_d'Argenteuil_vu_depuis_le_pont_routier.jpg
335,Порт в Аржантёе,The Port of Argenteuil,Wikimedia Commons,"https://commons.wikimedia.org/wiki/Special:FilePath/Monet_-_The_Port_of_Argenteuil_(Le_bassin_de_Argenteuil),_1874.jpg",1024,863,0.9,"https://commons.wikimedia.org/wiki/File:Monet_-_The_Port_of_Argenteuil_(Le_bassin_de_Argenteuil),_1874.jpg"
336,Парусник в Пти-Женвилье,Sailboat at Le Petit-Gennevilliers,Wikimedia Commons,https://commons.wikimedia.org/wiki/Special:FilePath/Claude_Monet_-_Voilier_au_Petit-Gennevilliers.jpg,1280,960,1.2,https://commons.wikimedia.org/wiki/File:Claude_Monet_-_Voilier_au_Petit-Gennevilliers.jpg
337,В Пти-Женвилье,At Petit-Gennevilliers,Wikimedia Commons,"https://commons.wikimedia.org/wiki/Special:FilePath/'Au_Petit-Gennevilliers'_by_Claude_Monet,_1874.jpg",864,640,0.6,"https://commons.wikimedia.org/wiki/File:'Au_Petit-Gennevilliers'_by_Claude_Monet,_1874.jpg"
338,"В Пти-Женвилье, закат","At Le Petit-Gennevilliers, Sunset",Wikimedia Commons,"https://commons.wikimedia.org/wiki/Special:FilePath/Claude_Monet_-_Petit-Gennevilliers,_soleil_couchant.jpg",845,626,0.5,"https://commons.wikimedia.org/wiki/File:Claude_Monet_-_Petit-Gennevilliers,_soleil_couchant.jpg"
339,Регата в Аржантёе,Regatta at Argenteuil,Wikimedia Commons,https://commons.wikimedia.org/wiki/Special:FilePath/Claude_Monet_047.jpg,1600,998,1.6,https://commons.wikimedia.org/wiki/File:Claude_Monet_047.jpg
340,Регата в Аржантёе,Regatta at Argenteuil,Wikimedia Commons (скан каталога),https://commons.wikimedia.org/wiki/Special:FilePath/Monet_w340.jpg,1024,595,0.6,https://commons.wikimedia.org/wiki/File:Monet_w340.jpg
341,Лето,Meadow at Bezons,Wikimedia Commons,https://commons.wikimedia.org/wiki/Special:FilePath/Claude_Monet_-_Summer_-_1874_8914.jpg,6403,4544,29.1,https://commons.wikimedia.org/wiki/File:Claude_Monet_-_Summer_-_1874_8914.jpg
341a,"В полях, лето (Аржантёй)","In the Fields, Summer (Argenteuil)",Wikimedia Commons,"https://commons.wikimedia.org/wiki/Special:FilePath/Monet,_Summer,_1874,_Alte_Nationalgalerie,_Berlin_(2)_(39281569675).jpg",4740,3654,17.3,"https://commons.wikimedia.org/wiki/File:Monet,_Summer,_1874,_Alte_Nationalgalerie,_Berlin_(2)_(39281569675).jpg"
342,"Мане, пишущий в саду Моне в Аржантёе",Manet painting in Monet's Garden in Argenteuil,Wikimedia Commons,https://commons.wikimedia.org/wiki/Special:FilePath/Claude_Monet_-_Manet_malt_im_Garten_Monets_in_Argenteuil.jpg,1275,752,1.0,https://commons.wikimedia.org/wiki/File:Claude_Monet_-_Manet_malt_im_Garten_Monets_in_Argenteuil.jpg
343,"Женщина, сидящая на скамье",Woman sitting on a bench,Wikimedia Commons,https://commons.wikimedia.org/wiki/Special:FilePath/Femme_assise_sur_un_banc.jpg,292,395,0.1,https://commons.wikimedia.org/wiki/File:Femme_assise_sur_un_banc.jpg
344,Главная улица в Аржантёе,The Main Street at Argenteuil,Wikimedia Commons (скан каталога),"https://commons.wikimedia.org/wiki/Special:FilePath/Monet_-_Wildenstein_1996,_344.png",363,533,0.2,"https://commons.wikimedia.org/wiki/File:Monet_-_Wildenstein_1996,_344.png"
345,Аллея Ярмарочного поля в Аржантёе,The Allee du Champ de Foire at Argenteuil,Wikimedia Commons (скан каталога),https://commons.wikimedia.org/wiki/Special:FilePath/Monet_w345.jpg,1019,820,0.8,https://commons.wikimedia.org/wiki/File:Monet_w345.jpg
346,Бульвар в Аржантёе. Заход солнца,"The Promenade at Argenteuil, Soleil Couchant",Wikimedia Commons (скан каталога),https://commons.wikimedia.org/wiki/Special:FilePath/Monet_w346.jpg,736,528,0.4,https://commons.wikimedia.org/wiki/File:Monet_w346.jpg
347,Утиный пруд,The Duck Pond,Wikimedia Commons,https://commons.wikimedia.org/wiki/Special:FilePath/Claude_Monet_The_Duck_Pond.jpg,6253,7633,47.7,https://commons.wikimedia.org/wiki/File:Claude_Monet_The_Duck_Pond.jpg
348,Снег в Аржантёе,Snow at Argenteuil,Wikimedia Commons,"https://commons.wikimedia.org/wiki/Special:FilePath/Monet_-_Snow_at_Argenteuil,_about_1874.jpg",1600,1197,1.9,"https://commons.wikimedia.org/wiki/File:Monet_-_Snow_at_Argenteuil,_about_1874.jpg"
349,Снег в Аржантёе,Snow at Argenteuil,Wikimedia Commons,https://commons.wikimedia.org/wiki/Special:FilePath/Claude_Monet_-_Neige_à_Argenteuil_(1874-75).jpg,10742,7931,85.2,https://commons.wikimedia.org/wiki/File:Claude_Monet_-_Neige_à_Argenteuil_(1874-75).jpg
350,Пруд. Эффект снега,"The Pond, Snow Effect",Wikimedia Commons,"https://commons.wikimedia.org/wiki/Special:FilePath/Claude_Monet_-_La_Mare,_effet_de_neige.jpg",1920,1423,2.7,"https://commons.wikimedia.org/wiki/File:Claude_Monet_-_La_Mare,_effet_de_neige.jpg"
351,Снег в Аржантёе,Snow at Argenteuil,Wikimedia Commons,https://commons.wikimedia.org/wiki/Special:FilePath/Monet_Snow_at_Argenteuil.jpg,717,600,0.4,https://commons.wikimedia.org/wiki/File:Monet_Snow_at_Argenteuil.jpg
352,Снег в Аржантёе,Snow at Argenteuil,Wikimedia Commons,https://commons.wikimedia.org/wiki/Special:FilePath/Monet_Snow_at_Argenteuil_1875.jpg,5342,4226,22.6,https://commons.wikimedia.org/wiki/File:Monet_Snow_at_Argenteuil_1875.jpg
353,Зима в Аржантёе,Winter Effect in Argenteuil,Wikimedia Commons,https://commons.wikimedia.org/wiki/Special:FilePath/Effets_d'hiver_à_Argenteuil_(1875)_Claude_Monet_(W353).jpg,744,547,0.4,https://commons.wikimedia.org/wiki/File:Effets_d'hiver_à_Argenteuil_(1875)_Claude_Monet_(W353).jpg
353a,Зима в Аржантёе,Winter Effect in Argenteuil,Wikimedia Commons (скан каталога),https://commons.wikimedia.org/wiki/Special:FilePath/Monet_w353a.jpg,1024,796,0.8,https://commons.wikimedia.org/wiki/File:Monet_w353a.jpg
354,Прогулка в Аржантёе зимним вечером,The Promenade at Argenteuil on a Winter Evening,Wikimedia Commons,https://commons.wikimedia.org/wiki/Special:FilePath/The_promenade_at_argenteuil_on_a_winter_evening_w354_monet.jpg,474,354,0.2,https://commons.wikimedia.org/wiki/File:The_promenade_at_argenteuil_on_a_winter_evening_w354_monet.jpg
355,Въезд в Аржантёй по главной улице. Зима,"The Main Street Entering to Argenteuil, Winter",Wikimedia Commons (скан каталога),https://commons.wikimedia.org/wiki/Special:FilePath/Monet_w355.jpg,736,669,0.5,https://commons.wikimedia.org/wiki/File:Monet_w355.jpg
356,Поезд в снегу,"Train in the Snow, the Locomotive",Wikimedia Commons,"https://commons.wikimedia.org/wiki/Special:FilePath/Claude_Monet,_1875,_Train_in_the_Snow,_oil_on_canvas,_59_×_78_cm,_Musée_Marmottan_Monet.jpg",1500,1128,1.7,"https://commons.wikimedia.org/wiki/File:Claude_Monet,_1875,_Train_in_the_Snow,_oil_on_canvas,_59_×_78_cm,_Musée_Marmottan_Monet.jpg"
357,Вид Аржантёя в снегу,View of Argenteuil in the Snow,Wikimedia Commons,"https://commons.wikimedia.org/wiki/Special:FilePath/Monet_-_La_Neige_à_Argenteuil,_1875.png",500,372,0.2,"https://commons.wikimedia.org/wiki/File:Monet_-_La_Neige_à_Argenteuil,_1875.png"
357a,"Бульвар Сен-Дени в Аржантёе, снег","Boulevard St-Denis, Argenteuil, Snow Effect",Wikimedia Commons,https://commons.wikimedia.org/wiki/Special:FilePath/Monet_-_Boulvard_Saint_Denis_in_Argenteuil_im_Winter.jpg,1219,892,1.1,https://commons.wikimedia.org/wiki/File:Monet_-_Boulvard_Saint_Denis_in_Argenteuil_im_Winter.jpg
358,Вид Аржантёя в снегу,View of Argenteuil in the Snow,Wikimedia Commons,https://commons.wikimedia.org/wiki/Special:FilePath/Claude_Monet_-_Voir_le_d'Argenteuil_(1874-75).jpg,3962,3336,13.2,https://commons.wikimedia.org/wiki/File:Claude_Monet_-_Voir_le_d'Argenteuil_(1874-75).jpg
359,Эффект снега. Бульвар Понтуаз в Аржантёе,"Snow Effect, The Boulevard de Pontoise at Argenteuil",Wikimedia Commons,"https://commons.wikimedia.org/wiki/Special:FilePath/Monet_-_Le_Boulevard_de_Pontoise_à_Argenteuil,_neige,_1875.jpg",6647,4948,32.9,"https://commons.wikimedia.org/wiki/File:Monet_-_Le_Boulevard_de_Pontoise_à_Argenteuil,_neige,_1875.jpg"
360,Поезд в снегу в Аржантёе,Train in the Snow at Argenteuil,Wikimedia Commons (скан каталога),"https://commons.wikimedia.org/wiki/Special:FilePath/Monet_-_Wildenstein_1996,_360.png",389,283,0.1,"https://commons.wikimedia.org/wiki/File:Monet_-_Wildenstein_1996,_360.png"
361,Иней,White Frost,Wikimedia Commons (скан каталога),https://commons.wikimedia.org/wiki/Special:FilePath/Monet_w361.jpg,1024,762,0.8,https://commons.wikimedia.org/wiki/File:Monet_w361.jpg
362,Эффект снега на закате,Snow Effect with Setting Sun,Wikimedia Commons (скан каталога),https://commons.wikimedia.org/wiki/Special:FilePath/Monet_w362.jpg,1024,882,0.9,https://commons.wikimedia.org/wiki/File:Monet_w362.jpg
363,Иней,Frost,Wikimedia Commons,https://commons.wikimedia.org/wiki/Special:FilePath/Claude_Monet_-_Le_Givre.jpg,1029,857,0.9,https://commons.wikimedia.org/wiki/File:Claude_Monet_-_Le_Givre.jpg
364,Разгрузка угля,Coal Dockers,Wikimedia Commons,https://commons.wikimedia.org/wiki/Special:FilePath/Claude_Monet_-_The_Coalmen_-_Google_Art_Project.jpg,4912,4042,19.9,https://commons.wikimedia.org/wiki/File:Claude_Monet_-_The_Coalmen_-_Google_Art_Project.jpg
365,Уголок квартиры,A Corner of the Apartment,Wikimedia Commons,https://commons.wikimedia.org/wiki/Special:FilePath/Claude_Monet_-_Un_coin_d'appartement_(52257289689).jpg,5472,3648,20.0,https://commons.wikimedia.org/wiki/File:Claude_Monet_-_Un_coin_d'appartement_(52257289689).jpg
366,Камилла за вышиванием,Camille Embroidering,Wikimedia Commons,https://commons.wikimedia.org/wiki/Special:FilePath/Claude_Monet_Camille_au_métier.jpg,900,1060,1.0,https://commons.wikimedia.org/wiki/File:Claude_Monet_Camille_au_métier.jpg
367,Мост в Шату,The Bridge at Chatou,Wikimedia Commons,https://commons.wikimedia.org/wiki/Special:FilePath/Le_Pont_d`_Argenteuil_-_Claude_Monet.jpg,3832,2284,8.8,https://commons.wikimedia.org/wiki/File:Le_Pont_d`_Argenteuil_-_Claude_Monet.jpg
368,"Прогулочные лодки, Аржантёй","Pleasure Boats, Argenteuil",Wikimedia Commons (скан каталога),https://commons.wikimedia.org/wiki/Special:FilePath/Monet_w368.jpg,1024,849,0.9,https://commons.wikimedia.org/wiki/File:Monet_w368.jpg
369,"Красные лодки, Аржантёй","Red Boats, Argenteuil",Wikimedia Commons,"https://commons.wikimedia.org/wiki/Special:FilePath/Monet_-_Red_Boats,_Argenteuil,_1875.jpg",5208,3853,20.1,"https://commons.wikimedia.org/wiki/File:Monet_-_Red_Boats,_Argenteuil,_1875.jpg"
370,Красные лодки в Аржантёе,Red Boats at Argenteuil,Wikimedia Commons,"https://commons.wikimedia.org/wiki/Special:FilePath/Claude_Monet's_""Argenteuil""_1875.jpg",2781,2330,6.5,"https://commons.wikimedia.org/wiki/File:Claude_Monet's_""Argenteuil""_1875.jpg"
371,Порт в Аржантёе,The Port of Argenteuil,Wikimedia Commons,https://commons.wikimedia.org/wiki/Special:FilePath/Claude_Monet_Le_bassin_d'Argenteuil_1875.jpg,4099,3000,12.3,https://commons.wikimedia.org/wiki/File:Claude_Monet_Le_bassin_d'Argenteuil_1875.jpg
372,Лодки в Аржантёе,Boats at Argenteuil,Wikimedia Commons (скан каталога),https://commons.wikimedia.org/wiki/Special:FilePath/Monet_w372.jpg,1024,771,0.8,https://commons.wikimedia.org/wiki/File:Monet_w372.jpg
373,Сена в Аржантёе,The Seine at Argenteuil,Wikimedia Commons,https://commons.wikimedia.org/wiki/Special:FilePath/La_Seine_à_Argenteuil_(1875)_Claude_Monet_(W_373).jpg,2880,2152,6.2,https://commons.wikimedia.org/wiki/File:La_Seine_à_Argenteuil_(1875)_Claude_Monet_(W_373).jpg
374,Берег в Пти-Женвилье. Закат,"The Riverbank at Le Petit-Gennevilliers, Sunset",Wikimedia Commons (скан каталога),https://commons.wikimedia.org/wiki/Special:FilePath/Monet_w374.jpg,1024,755,0.8,https://commons.wikimedia.org/wiki/File:Monet_w374.jpg
375,Берег в Пти-Женвилье,The Riverbank at Petit-Gennevilliers,Wikimedia Commons (скан каталога),https://commons.wikimedia.org/wiki/Special:FilePath/Monet_w375.jpg,1024,775,0.8,https://commons.wikimedia.org/wiki/File:Monet_w375.jpg
376,Холмы Оржемона,Les Coteaux d'Orgemont,Wikimedia Commons (скан каталога),https://commons.wikimedia.org/wiki/Special:FilePath/Monet_w376.jpg,984,760,0.7,https://commons.wikimedia.org/wiki/File:Monet_w376.jpg
377,Лето. Маковое поле,"Summer, Poppy Field",Wikimedia Commons,https://commons.wikimedia.org/wiki/Special:FilePath/Claude_Monet_-_L'été_-_Champ_de_coquelicots.JPG,1360,1009,1.4,https://commons.wikimedia.org/wiki/File:Claude_Monet_-_L'été_-_Champ_de_coquelicots.JPG
378,Луг с тополями (Тополя близ Аржантёя),Meadow with Poplars (also known as Poplars near Argenteuil),Wikimedia Commons,https://commons.wikimedia.org/wiki/Special:FilePath/Monet_Meadow-with-Poplars-Homepage.jpg,2397,1999,4.8,https://commons.wikimedia.org/wiki/File:Monet_Meadow-with-Poplars-Homepage.jpg
379,"Прогулка, Аржантёй","La Promenade, Argenteuil",Wikimedia Commons (скан каталога),https://commons.wikimedia.org/wiki/Special:FilePath/Monet_w379.jpg,1024,757,0.8,https://commons.wikimedia.org/wiki/File:Monet_w379.jpg
379a,Прогулка. Аржантёй,"The Walk, Argenteuil",Wikimedia Commons,"https://commons.wikimedia.org/wiki/Special:FilePath/'En_promenade_près_d'Argenteuil'_by_Claude_Monet,_1875.jpg",1500,1193,1.8,"https://commons.wikimedia.org/wiki/File:'En_promenade_près_d'Argenteuil'_by_Claude_Monet,_1875.jpg"
380,"Маковое поле, Аржантёй","Poppy Field, Argenteuil",Wikimedia Commons,https://commons.wikimedia.org/wiki/Special:FilePath/Poppy_Fields_near_Argenteuil_MET_DT1034.jpg,3811,2819,10.7,https://commons.wikimedia.org/wiki/File:Poppy_Fields_near_Argenteuil_MET_DT1034.jpg
381,Прогулка. Дама с зонтиком,"The Walk, Woman with a Parasol",National Gallery of Art (CC0),https://api.nga.gov/iiif/99758d9d-c10b-4d02-a198-7e49afb1f3a6/full/max/0/default.jpg,12666,15698,198.8,https://www.nga.gov/collection/art-object-page.61379.html
382,Камилла Моне с ребёнком в саду художника в Аржантёе,Camille Monet and a Child in the Artist's Garden in Argenteuil,Wikimedia Commons,"https://commons.wikimedia.org/wiki/Special:FilePath/Monet_-_Camille_Monet_and_a_Child_in_the_Artist's_Garden_in_Argenteuil,_1875.jpg",1600,1352,2.2,"https://commons.wikimedia.org/wiki/File:Monet_-_Camille_Monet_and_a_Child_in_the_Artist's_Garden_in_Argenteuil,_1875.jpg"
383,Дамы в цветах,Ladies in Flowers,Wikimedia Commons,https://commons.wikimedia.org/wiki/Special:FilePath/Claude_Monet_-_Ladies_in_Flowers_-_Google_Art_Project.jpg,2988,2465,7.4,https://commons.wikimedia.org/wiki/File:Claude_Monet_-_Ladies_in_Flowers_-_Google_Art_Project.jpg
384,В саду,In the Garden,Wikimedia Commons,https://commons.wikimedia.org/wiki/Special:FilePath/Claude_Monet_-_In_the_garden_(W_384).jpg,500,371,0.2,https://commons.wikimedia.org/wiki/File:Claude_Monet_-_In_the_garden_(W_384).jpg
385,Женщина с зонтиком в саду в Аржантёе,Woman with a Parasol in the Garden at Argenteuil,Wikimedia Commons,https://commons.wikimedia.org/wiki/Special:FilePath/Monet_-_woman-with-a-parasol-in-the-garden-in-argenteuil.jpg,280,208,0.1,https://commons.wikimedia.org/wiki/File:Monet_-_woman-with-a-parasol-in-the-garden-in-argenteuil.jpg
386,Семья художника в саду,Artist's Family in the Garden,Wikimedia Commons (скан каталога),https://commons.wikimedia.org/wiki/Special:FilePath/Monet_w386.jpg,1024,774,0.8,https://commons.wikimedia.org/wiki/File:Monet_w386.jpg
387,Японка,Camille Monet in Japanese Costume,Wikimedia Commons,https://commons.wikimedia.org/wiki/Special:FilePath/Claude_Monet-Madame_Monet_en_costume_japonais.jpg,1440,2370,3.4,https://commons.wikimedia.org/wiki/File:Claude_Monet-Madame_Monet_en_costume_japonais.jpg
388,Дорога в Эпине. Эффект снега,"The Lane in Epinay, Snow Effect",Wikimedia Commons,"https://commons.wikimedia.org/wiki/Special:FilePath/Le_Chemin_d'Epinay,_effet_de_neige_(1876)_Claude_Monet_(W388).jpg",2880,1796,5.2,"https://commons.wikimedia.org/wiki/File:Le_Chemin_d'Epinay,_effet_de_neige_(1876)_Claude_Monet_(W388).jpg"
389,Бечевник в Аржантёе в снегу,Towpath at Argenteuil in the Snow,Wikimedia Commons,"https://commons.wikimedia.org/wiki/Special:FilePath/Monet_-_Chemin_de_halage_à_Argenteuil_(Towpath_at_Argenteuil,_Winter),_1875-1876.tif",4728,2805,13.3,"https://commons.wikimedia.org/wiki/File:Monet_-_Chemin_de_halage_à_Argenteuil_(Towpath_at_Argenteuil,_Winter),_1875-1876.tif"
390,Лодка-мастерская,The Studio Boat,Wikimedia Commons,https://commons.wikimedia.org/wiki/Special:FilePath/Claude_Monet_Le_bateau_atelier.jpg,892,1070,1.0,https://commons.wikimedia.org/wiki/File:Claude_Monet_Le_bateau_atelier.jpg
391,Лодка-мастерская,The Studio Boat,Wikimedia Commons,https://commons.wikimedia.org/wiki/Special:FilePath/Monet_-_Das_Atelierboot.jpg,1247,1040,1.3,https://commons.wikimedia.org/wiki/File:Monet_-_Das_Atelierboot.jpg
392,Лодка-мастерская,The Studio Boat,Wikimedia Commons (скан каталога),https://commons.wikimedia.org/wiki/Special:FilePath/Monet_w392.jpg,1024,761,0.8,https://commons.wikimedia.org/wiki/File:Monet_w392.jpg
393,Лодка-мастерская,The Studio Boat,Wikimedia Commons,https://commons.wikimedia.org/wiki/Special:FilePath/Claude_Monet_-_Le_bateau-atelier_-1876_-_Musée_Neuchâtel.jpg,1282,1080,1.4,https://commons.wikimedia.org/wiki/File:Claude_Monet_-_Le_bateau-atelier_-1876_-_Musée_Neuchâtel.jpg
394,Бульвар в Аржантёе,The Mall at Argenteuil,Wikimedia Commons (скан каталога),"https://commons.wikimedia.org/wiki/Special:FilePath/Monet_-_Wildenstein_1996,_394.png",432,353,0.2,"https://commons.wikimedia.org/wiki/File:Monet_-_Wildenstein_1996,_394.png"
395,Лесная дорога,Wood Lane,Wikimedia Commons (скан каталога),"https://commons.wikimedia.org/wiki/Special:FilePath/Monet_-_Wildenstein_1996,_395.png",358,484,0.2,"https://commons.wikimedia.org/wiki/File:Monet_-_Wildenstein_1996,_395.png"
396,Ивы на реке,Willows on the River,Wikimedia Commons (скан каталога),https://commons.wikimedia.org/wiki/Special:FilePath/Monet_w396.jpg,825,1023,0.8,https://commons.wikimedia.org/wiki/File:Monet_w396.jpg
397,Шарообразное дерево. Аржантёй (фрагмент),"The Ball Shaped Tree, Argenteuil (detail)",Wikimedia Commons,"https://commons.wikimedia.org/wiki/Special:FilePath/Claude_Monet_-_L'Arbre_en_boule,_Argenteuil.jpg",1920,1434,2.8,"https://commons.wikimedia.org/wiki/File:Claude_Monet_-_L'Arbre_en_boule,_Argenteuil.jpg"
398,Парк Монсо. Париж,"The Parc Monceau, Paris",Wikimedia Commons,"https://commons.wikimedia.org/wiki/Special:FilePath/Claude_Monet_-_Landscape,_The_Parc_Monceau.jpg",5856,4321,25.3,"https://commons.wikimedia.org/wiki/File:Claude_Monet_-_Landscape,_The_Parc_Monceau.jpg"
399,Парк Монсо,Monceau Park,Wikimedia Commons,https://commons.wikimedia.org/wiki/Special:FilePath/Parc_Monceau_by_Monet_(Senoku_Hakukokan).jpg,600,489,0.3,https://commons.wikimedia.org/wiki/File:Parc_Monceau_by_Monet_(Senoku_Hakukokan).jpg
400,Парк Монсо,The Parc Monceau,Wikimedia Commons (скан каталога),https://commons.wikimedia.org/wiki/Special:FilePath/Monet_w400.jpg,1024,769,0.8,https://commons.wikimedia.org/wiki/File:Monet_w400.jpg
401,Тюильри,The Tuileries,Wikimedia Commons,https://commons.wikimedia.org/wiki/Special:FilePath/Monet-Tuileries-Marmottan.jpg,1120,825,0.9,https://commons.wikimedia.org/wiki/File:Monet-Tuileries-Marmottan.jpg
402,Сад Тюильри,The Tuileries Gardens,Wikimedia Commons (скан каталога),https://commons.wikimedia.org/wiki/Special:FilePath/Monet_w402.jpg,1023,735,0.8,https://commons.wikimedia.org/wiki/File:Monet_w402.jpg
403,Тюильри,Les Tuileries ('The Tuileries'),Wikimedia Commons,https://commons.wikimedia.org/wiki/Special:FilePath/Les_Tuileries_by_Claude_Monet_(52256441005).jpg,5315,3543,18.8,https://commons.wikimedia.org/wiki/File:Les_Tuileries_by_Claude_Monet_(52256441005).jpg
404,Вид Тюильри (этюд),View of the Tuileries (study)(study),Wikimedia Commons,https://commons.wikimedia.org/wiki/Special:FilePath/View_of_the_Tuileries_(study)_w._404.jpg,3473,2782,9.7,https://commons.wikimedia.org/wiki/File:View_of_the_Tuileries_(study)_w._404.jpg
405,На лугу,In the Meadow,Wikimedia Commons,https://commons.wikimedia.org/wiki/Special:FilePath/Dans-la-prairie-by-Claude-001.jpg,2583,1890,4.9,https://commons.wikimedia.org/wiki/File:Dans-la-prairie-by-Claude-001.jpg
406,Дом Моне в Аржантёе,Monet's House in Argenteuil,Wikimedia Commons (скан каталога),https://commons.wikimedia.org/wiki/Special:FilePath/Monet_w406.jpg,845,1024,0.9,https://commons.wikimedia.org/wiki/File:Monet_w406.jpg
407,"Женщина, сидящая в саду",Woman in the Garden,Wikimedia Commons,"https://commons.wikimedia.org/wiki/Special:FilePath/'Woman_in_a_Garden'_by_Claude_Monet,_1876,_Hermitage.JPG",3168,2432,7.7,"https://commons.wikimedia.org/wiki/File:'Woman_in_a_Garden'_by_Claude_Monet,_1876,_Hermitage.JPG"
408,"Отдых в саду, Аржантёй","Relaxing in the Garden, Argenteuil",Wikimedia Commons,"https://commons.wikimedia.org/wiki/Special:FilePath/Claude_Monet_-_Le_repos_dans_le_jardin,_Argenteuil.jpg",819,1113,0.9,"https://commons.wikimedia.org/wiki/File:Claude_Monet_-_Le_repos_dans_le_jardin,_Argenteuil.jpg"
409,Подлесок в Аржантёе,Undergrowth in Argenteuil,Wikimedia Commons (скан каталога),"https://commons.wikimedia.org/wiki/Special:FilePath/Monet_-_Wildenstein_1996,_409.png",437,542,0.2,"https://commons.wikimedia.org/wiki/File:Monet_-_Wildenstein_1996,_409.png"
410,Камилла Моне в саду дома в Аржантёе,Camille Monet in the Garden at the House in Argenteuil,Wikimedia Commons,https://commons.wikimedia.org/wiki/Special:FilePath/Claude_Monet_-_Camille_Monet_in_the_Garden_at_Argenteuil.jpg,4291,5852,25.1,https://commons.wikimedia.org/wiki/File:Claude_Monet_-_Camille_Monet_in_the_Garden_at_Argenteuil.jpg
411,Сад,The Garden,Wikimedia Commons,https://commons.wikimedia.org/wiki/Special:FilePath/Claude_Monet_–_Garden_(1876).jpg,1469,1107,1.6,https://commons.wikimedia.org/wiki/File:Claude_Monet_–_Garden_(1876).jpg
412,Сад. Мальвы,"The Garden, Hollyhocks",Wikimedia Commons (скан каталога),https://commons.wikimedia.org/wiki/Special:FilePath/Monet_w412.jpg,737,1024,0.8,https://commons.wikimedia.org/wiki/File:Monet_w412.jpg
413,Камилла с зелёным зонтиком,Camille with Green Parasol,Wikimedia Commons (скан каталога),https://commons.wikimedia.org/wiki/Special:FilePath/Monet_w413.jpg,748,1024,0.8,https://commons.wikimedia.org/wiki/File:Monet_w413.jpg
414,Сад. Гладиолусы,"The Garden, Gladioli",Wikimedia Commons,"https://commons.wikimedia.org/wiki/Special:FilePath/Rounded_Flower_Bed_by_Claude_Monet,_1876.jpg",2000,1475,3.0,"https://commons.wikimedia.org/wiki/File:Rounded_Flower_Bed_by_Claude_Monet,_1876.jpg"
415,"В саду, гладиолусы","In the Garden, Gladioli",Wikimedia Commons,"https://commons.wikimedia.org/wiki/Special:FilePath/Monet_-_Camille_Monet_in_the_Garden_at_Argenteuil,_1877.jpg",1165,1600,1.9,"https://commons.wikimedia.org/wiki/File:Monet_-_Camille_Monet_in_the_Garden_at_Argenteuil,_1877.jpg"
416,Индюки,Turkeys,Wikimedia Commons,https://commons.wikimedia.org/wiki/Special:FilePath/Monet_-_Truthähne.jpg,1212,1238,1.5,https://commons.wikimedia.org/wiki/File:Monet_-_Truthähne.jpg
417,Розовые кусты в саду в Монжероне,Rose Bushes in the Garden at Montgeron,Wikimedia Commons,https://commons.wikimedia.org/wiki/Special:FilePath/Monet_-_Rosenstraeucher_im_Garten_von_Montgeron.jpg,2560,1895,4.9,https://commons.wikimedia.org/wiki/File:Monet_-_Rosenstraeucher_im_Garten_von_Montgeron.jpg
418,Уголок сада в Монжероне,Corner of the Garden at Montgeron,Wikimedia Commons,"https://commons.wikimedia.org/wiki/Special:FilePath/Monet,_Claude_-_Corner_of_the_Garden_at_Montgeron.jpg",1476,1317,1.9,"https://commons.wikimedia.org/wiki/File:Monet,_Claude_-_Corner_of_the_Garden_at_Montgeron.jpg"
419,Уголок озера в Монжероне,The Pond at Montgeron,Wikimedia Commons (скан каталога),https://commons.wikimedia.org/wiki/Special:FilePath/Monet_w419.jpg,1024,737,0.8,https://commons.wikimedia.org/wiki/File:Monet_w419.jpg
420,Пруд в Монжероне,The Pond at Montgeron,Wikimedia Commons,"https://commons.wikimedia.org/wiki/Special:FilePath/Monet,_Pond-at-Montgeron.jpg",745,662,0.5,"https://commons.wikimedia.org/wiki/File:Monet,_Pond-at-Montgeron.jpg"
421,Въезд в Монжерон,Arriving at Montgeron,Wikimedia Commons,https://commons.wikimedia.org/wiki/Special:FilePath/Monet_-_arriving-at-montegeron(1).jpg,280,394,0.1,https://commons.wikimedia.org/wiki/File:Monet_-_arriving-at-montegeron(1).jpg
422,Дом в Йере,La Maison d'Yerres,Wikimedia Commons (скан каталога),"https://commons.wikimedia.org/wiki/Special:FilePath/Monet_-_Wildenstein_1996,_422.png",432,571,0.2,"https://commons.wikimedia.org/wiki/File:Monet_-_Wildenstein_1996,_422.png"
423,Йер близ Монжерона,L'Yerres near Montgeron,Wikimedia Commons (скан каталога),https://commons.wikimedia.org/wiki/Special:FilePath/The_river_yerres_near_montgeron_monet_w_423.jpg,1000,721,0.7,https://commons.wikimedia.org/wiki/File:The_river_yerres_near_montgeron_monet_w_423.jpg
424,Вид Йера,View of Yerres,Wikimedia Commons (скан каталога),https://commons.wikimedia.org/wiki/Special:FilePath/Monet_w424.jpg,1000,745,0.7,https://commons.wikimedia.org/wiki/File:Monet_w424.jpg
425,Ивы на берегу Йера,Willows on the Banks of the Yerres,Wikimedia Commons (скан каталога),"https://commons.wikimedia.org/wiki/Special:FilePath/Monet_-_Wildenstein_1996,_425.png",345,284,0.1,"https://commons.wikimedia.org/wiki/File:Monet_-_Wildenstein_1996,_425.png"
426,Берега Сены осенью,The Banks of The Seine in Autumn,Wikimedia Commons,https://commons.wikimedia.org/wiki/Special:FilePath/Bords_de_la_Seine_en_automne_(1876)_Claude_Monet_(W_426).jpg,2871,2106,6.0,https://commons.wikimedia.org/wiki/File:Bords_de_la_Seine_en_automne_(1876)_Claude_Monet_(W_426).jpg
427,Рукав Сены в Аржантёе,The Small Arm of the Seine at Argenteuil,Wikimedia Commons,https://commons.wikimedia.org/wiki/Special:FilePath/Le_Petit_Bras_de_la_Seine_à_Argenteuil_(1876)_Claude_Monet_(W_427).jpg,1151,853,1.0,https://commons.wikimedia.org/wiki/File:Le_Petit_Bras_de_la_Seine_à_Argenteuil_(1876)_Claude_Monet_(W_427).jpg
428,Закат на Сене близ Аржантёя,Sunset on the Seine near Argenteuil,Wikimedia Commons (скан каталога),"https://commons.wikimedia.org/wiki/Special:FilePath/Monet_-_Wildenstein_1996,_428.png",390,283,0.1,"https://commons.wikimedia.org/wiki/File:Monet_-_Wildenstein_1996,_428.png"
429,Вечер в Аржантёе,Evening at Argenteuil,Wikimedia Commons,https://commons.wikimedia.org/wiki/Special:FilePath/Evening_at_Argenteuil_(1876)_Claude_Monet_(W_429).jpg,1280,955,1.2,https://commons.wikimedia.org/wiki/File:Evening_at_Argenteuil_(1876)_Claude_Monet_(W_429).jpg
430,Этюд камыша в Аржантёе,Study of Rushes at Argenteuil,Wikimedia Commons,https://commons.wikimedia.org/wiki/Special:FilePath/Étude_de_joncs_(1876)_Claude_Monet_(W_430).jpg,2880,2356,6.8,https://commons.wikimedia.org/wiki/File:Étude_de_joncs_(1876)_Claude_Monet_(W_430).jpg
431,Лесная дорога,Wood Lane,Wikimedia Commons (скан каталога),https://commons.wikimedia.org/wiki/Special:FilePath/Monet_w431.jpg,736,998,0.7,https://commons.wikimedia.org/wiki/File:Monet_w431.jpg
432,Лесная дорога. Осень,"Wood Lane, Autumn",Wikimedia Commons (скан каталога),"https://commons.wikimedia.org/wiki/Special:FilePath/Monet_-_Wildenstein_1996,_432.png",357,483,0.2,"https://commons.wikimedia.org/wiki/File:Monet_-_Wildenstein_1996,_432.png"
433,Охота,Hunting,Wikimedia Commons,https://commons.wikimedia.org/wiki/Special:FilePath/Claude_Monet_-_La_Chasse.jpg,802,1024,0.8,https://commons.wikimedia.org/wiki/File:Claude_Monet_-_La_Chasse.jpg
434,Портрет Жермены Ошеде с куклой,Portrait of Germaine Hoschede with a Doll,Wikimedia Commons (скан каталога),https://commons.wikimedia.org/wiki/Special:FilePath/Monet_w434.jpg,713,1024,0.7,https://commons.wikimedia.org/wiki/File:Monet_w434.jpg
435,Портрет девочки,Portrait of a Young Girl,Wikimedia Commons (скан каталога),"https://commons.wikimedia.org/wiki/Special:FilePath/Monet_-_Wildenstein_1996,_435.png",387,452,0.2,"https://commons.wikimedia.org/wiki/File:Monet_-_Wildenstein_1996,_435.png"
436,Портрет Камиллы с букетом фиалок,Portrait of Camille with a bouquet of violets,Wikimedia Commons,https://commons.wikimedia.org/wiki/Special:FilePath/Claude_Monet_-_Portrait_de_Camille_au_bouquet_de_violettes.jpg,762,1024,0.8,https://commons.wikimedia.org/wiki/File:Claude_Monet_-_Portrait_de_Camille_au_bouquet_de_violettes.jpg
437,Поле в Женвилье,A Field at Gennevilliers,Wikimedia Commons,https://commons.wikimedia.org/wiki/Special:FilePath/Claude_monet_la_plaine_de_gennevilliers.jpg,3200,2589,8.3,https://commons.wikimedia.org/wiki/File:Claude_monet_la_plaine_de_gennevilliers.jpg
438,Вокзал Сен-Лазар,The Saint-Lazare Station,Wikimedia Commons,https://commons.wikimedia.org/wiki/Special:FilePath/Claude_Monet_-_The_Saint-Lazare_Station_-_Google_Art_Project.jpg,3708,2757,10.2,https://commons.wikimedia.org/wiki/File:Claude_Monet_-_The_Saint-Lazare_Station_-_Google_Art_Project.jpg
439,Вокзал Сен-Лазар. Прибытие поезда,The Gare Saint-Lazare: Arrival of a Train,Wikimedia Commons,https://commons.wikimedia.org/wiki/Special:FilePath/Claude_Monet_-_The_Gare_Saint-Lazare;_Arrival_of_a_Train_-_1877.jpg,6256,5087,31.8,https://commons.wikimedia.org/wiki/File:Claude_Monet_-_The_Gare_Saint-Lazare;_Arrival_of_a_Train_-_1877.jpg
440,Прибытие нормандского поезда. Вокзал Сен-Лазар,"Arrival of the Normandy Train, Gare Saint-Lazare",Art Institute of Chicago (CC0),https://www.artic.edu/iiif/2/0f1cc0e0-e42e-be16-3f71-2022da38cb93/full/max/0/default.jpg,6786,5092,34.6,https://www.artic.edu/artworks/16571
441,Вокзал Сен-Лазар,The Saint-Lazare Station,Wikimedia Commons,"https://commons.wikimedia.org/wiki/Special:FilePath/Claude_Monet,_The_Gare_St-Lazare,_1877.jpg",5878,4226,24.8,"https://commons.wikimedia.org/wiki/File:Claude_Monet,_The_Gare_St-Lazare,_1877.jpg"
442,Европейский мост. Вокзал Сен-Лазар,"The Pont de l'Europe, Saint-Lazare Station",Wikimedia Commons,"https://commons.wikimedia.org/wiki/Special:FilePath/Claude_Monet,_1877,_Pont_de_l'Europe_(cropped).jpg",3755,2859,10.7,"https://commons.wikimedia.org/wiki/File:Claude_Monet,_1877,_Pont_de_l'Europe_(cropped).jpg"
443,"Вокзал Сен-Лазар, вид снаружи, солнечный свет","Exterior of Saint-Lazare Station, Sunlight Effect",Wikimedia Commons,"https://commons.wikimedia.org/wiki/Special:FilePath/Monet_Extérieur_de_la_gare_Saint-Lazare,_effet_de_soleil.jpg",3200,2383,7.6,"https://commons.wikimedia.org/wiki/File:Monet_Extérieur_de_la_gare_Saint-Lazare,_effet_de_soleil.jpg"
444,"Вокзал Сен-Лазар, вид снаружи. Прибытие поезда","Exterior of the Saint-Lazare Station, Arrival of a Train",Wikimedia Commons,"https://commons.wikimedia.org/wiki/Special:FilePath/Monet_Extérieur_de_la_gare_Saint-Lazare,_arrivée_d'un_train.jpg",1020,799,0.8,"https://commons.wikimedia.org/wiki/File:Monet_Extérieur_de_la_gare_Saint-Lazare,_arrivée_d'un_train.jpg"
445,Пути у вокзала Сен-Лазар,Track Coming out of Saint-Lazare Station,Wikimedia Commons,https://commons.wikimedia.org/wiki/Special:FilePath/Claude_Monet_-_Train_Tracks_at_the_Saint-Lazare_Station.jpg,1821,1362,2.5,https://commons.wikimedia.org/wiki/File:Claude_Monet_-_Train_Tracks_at_the_Saint-Lazare_Station.jpg
446,Вокзал Сен-Лазар. Товарные склады Западной дороги,"Saint-Lazare Station, the Western Region Goods Sheds",Wikimedia Commons,"https://commons.wikimedia.org/wiki/Special:FilePath/Claude_Monet_-_Saint-Lazare_Station,_the_Western_Region_Goods_Sheds.jpg",1065,792,0.8,"https://commons.wikimedia.org/wiki/File:Claude_Monet_-_Saint-Lazare_Station,_the_Western_Region_Goods_Sheds.jpg"
447,"Вокзал Сен-Лазар, вид снаружи",Exterior View of the Saint-Lazare Station,Wikimedia Commons,"https://commons.wikimedia.org/wiki/Special:FilePath/Monet_La_Gare_Saint-Lazare,_vue_extérieure.jpg",600,474,0.3,"https://commons.wikimedia.org/wiki/File:Monet_La_Gare_Saint-Lazare,_vue_extérieure.jpg"
448,"Вокзал Сен-Лазар, вид снаружи (Семафор)",Exterior of Saint-Lazare Station (also known as The Signal),Wikimedia Commons,"https://commons.wikimedia.org/wiki/Special:FilePath/La_gare_Saint-Lazare,_Les_signaux_1877_Claude_Monet.jpg",663,540,0.4,"https://commons.wikimedia.org/wiki/File:La_gare_Saint-Lazare,_Les_signaux_1877_Claude_Monet.jpg"
449,Железнодорожная выемка в Батиньоле,La Tranchée des Batignolles,Wikimedia Commons,https://commons.wikimedia.org/wiki/Special:FilePath/Monet_La_Tranchée_des_Batignolles.jpg,995,802,0.8,https://commons.wikimedia.org/wiki/File:Monet_La_Tranchée_des_Batignolles.jpg
450,"Цветущий берег, Аржантёй","Riverbank in Flower, Argenteuil",Wikimedia Commons (скан каталога),"https://commons.wikimedia.org/wiki/Special:FilePath/Monet_-_Wildenstein_1996,_450.png",340,280,0.1,"https://commons.wikimedia.org/wiki/File:Monet_-_Wildenstein_1996,_450.png"
451,Берег реки в Аржантёе,Riverbank at Argenteuil,Wikimedia Commons (скан каталога),https://commons.wikimedia.org/wiki/Special:FilePath/Monet_w451.jpg,1024,838,0.9,https://commons.wikimedia.org/wiki/File:Monet_w451.jpg
452,Сена в Аржантёе,The Seine at Argenteuil,Wikimedia Commons,https://commons.wikimedia.org/wiki/Special:FilePath/La_Seine_à_Argenteuil_(1877)_Claude_Monet_(W_452).jpg,2880,2320,6.7,https://commons.wikimedia.org/wiki/File:La_Seine_à_Argenteuil_(1877)_Claude_Monet_(W_452).jpg
453,"Аржантёй, цветы на берегу","Argenteuil, Flowers by the Riverbank",Wikimedia Commons,"https://commons.wikimedia.org/wiki/Special:FilePath/Claude_Monet_-_Flowered_Riverbank,_Argenteuil.jpg",2208,1849,4.1,"https://commons.wikimedia.org/wiki/File:Claude_Monet_-_Flowered_Riverbank,_Argenteuil.jpg"
454,Берега Сены. Остров Гранд-Жатт,"The Banks of the Seine, Ile de la Grande-Jatte",Wikimedia Commons (скан каталога),https://commons.wikimedia.org/wiki/Special:FilePath/Monet_w454.jpg,1024,774,0.8,https://commons.wikimedia.org/wiki/File:Monet_w454.jpg
455,"Остров Гранд-Жатт, или Весна сквозь ветви",Isle Grande Jatte or Springtime through the Branches,Wikimedia Commons (скан каталога),https://commons.wikimedia.org/wiki/Special:FilePath/Monet_w455.jpg,1024,849,0.9,https://commons.wikimedia.org/wiki/File:Monet_w455.jpg
456,Остров Гранд-Жатт,The Isle La Grande Jatte,Wikimedia Commons (скан каталога),https://commons.wikimedia.org/wiki/Special:FilePath/Monet_w456.jpg,736,628,0.5,https://commons.wikimedia.org/wiki/File:Monet_w456.jpg
457,Берега Сены в Курбевуа,The Banks of the Seine at Courbevoie,Wikimedia Commons (скан каталога),https://commons.wikimedia.org/wiki/Special:FilePath/Monet_w457.jpg,1024,852,0.9,https://commons.wikimedia.org/wiki/File:Monet_w457.jpg
458,Остров Гранд-Жатт сквозь деревья,"The Isle de la Grande Jatte, through the Trees",Wikimedia Commons,"https://commons.wikimedia.org/wiki/Special:FilePath/À_travers_les_Arbres,_Île_de_la_Grande_Jatte_(1878)_Claude_Monet_(W458).jpg",2880,2422,7.0,"https://commons.wikimedia.org/wiki/File:À_travers_les_Arbres,_Île_de_la_Grande_Jatte_(1878)_Claude_Monet_(W458).jpg"
459,Весна на Сене,Spring by the Seine,Wikimedia Commons,https://commons.wikimedia.org/wiki/Special:FilePath/Claude_Monet_-_Spring_by_the_Seine_-_Google_Art_Project.jpg,6742,5446,36.7,https://commons.wikimedia.org/wiki/File:Claude_Monet_-_Spring_by_the_Seine_-_Google_Art_Project.jpg
460,Берега Сены на Гранд-Жатт,Banks of the Seine at the Grande Jatte,Wikimedia Commons,https://commons.wikimedia.org/wiki/Special:FilePath/Claude-Oscar-Monet-Les-Bords-de-la-Seine-a-la-Grande-Jatte_1878.jpg,951,700,0.7,https://commons.wikimedia.org/wiki/File:Claude-Oscar-Monet-Les-Bords-de-la-Seine-a-la-Grande-Jatte_1878.jpg
461,Остров Гранд-Жатт,L'île de la Grande Jatte,Wikimedia Commons (скан каталога),https://commons.wikimedia.org/wiki/Special:FilePath/Monet_w461.jpg,1600,1230,2.0,https://commons.wikimedia.org/wiki/File:Monet_w461.jpg
462,Лесная дорога,Wood Lane,Wikimedia Commons (скан каталога),"https://commons.wikimedia.org/wiki/Special:FilePath/Monet_-_Wildenstein_1996,_462.png",357,414,0.1,"https://commons.wikimedia.org/wiki/File:Monet_-_Wildenstein_1996,_462.png"
463,Под деревьями. Эффект солнца,"Under the Trees, Effect of Sunlight",Wikimedia Commons (скан каталога),"https://commons.wikimedia.org/wiki/Special:FilePath/Monet_-_Wildenstein_1996,_463.png",358,425,0.2,"https://commons.wikimedia.org/wiki/File:Monet_-_Wildenstein_1996,_463.png"
464,Аллея,The Avenue,Wikimedia Commons (скан каталога),https://commons.wikimedia.org/wiki/Special:FilePath/Monet_w464.jpg,736,982,0.7,https://commons.wikimedia.org/wiki/File:Monet_w464.jpg
465,Купа ив у воды,Clump of Willows at the Water's Edge,нет открытого изображения,,,,,
466,В парке Монсо,At the Parc Monceau,Wikimedia Commons,https://commons.wikimedia.org/wiki/Special:FilePath/Claude_Monet_-_The_Parc_Monceau.jpg,4363,5860,25.6,https://commons.wikimedia.org/wiki/File:Claude_Monet_-_The_Parc_Monceau.jpg
467,Парк Монсо,The Parc Monceau,Wikimedia Commons,https://commons.wikimedia.org/wiki/Special:FilePath/Monet_claude-au_parc_monceau.jpg,849,1024,0.9,https://commons.wikimedia.org/wiki/File:Monet_claude-au_parc_monceau.jpg
468,Парк Монсо,The Parc Monceau,Wikimedia Commons,https://commons.wikimedia.org/wiki/Special:FilePath/Claude_Monet_-_Le_parc_Monceau.jpg,3200,2659,8.5,https://commons.wikimedia.org/wiki/File:Claude_Monet_-_Le_parc_Monceau.jpg
469,Улица Монторгей,The Rue Montorgueil 30th of June 1878,Wikimedia Commons,"https://commons.wikimedia.org/wiki/Special:FilePath/Claude_Monet_-_The_Rue_Montorgueil_in_Paris._Celebration_of_June_30,_1878_-_Google_Art_Project.jpg",5259,8753,46.0,"https://commons.wikimedia.org/wiki/File:Claude_Monet_-_The_Rue_Montorgueil_in_Paris._Celebration_of_June_30,_1878_-_Google_Art_Project.jpg"
470,Улица Сен-Дени. Праздник 30 июня 1878 года,"The Rue Saint-Denis, 30th of June 1878",Wikimedia Commons,"https://commons.wikimedia.org/wiki/Special:FilePath/Rouen_(Seine-Maritime)_-_Musée_des_Beaux-Arts_-_""Rue_Saint-Denis,_Fête_du_30_juin_1878""_(Claude_Monet,_1840-1926)_(32758484702).jpg",2777,3960,11.0,"https://commons.wikimedia.org/wiki/File:Rouen_(Seine-Maritime)_-_Musée_des_Beaux-Arts_-_""Rue_Saint-Denis,_Fête_du_30_juin_1878""_(Claude_Monet,_1840-1926)_(32758484702).jpg"
471,Цветы в горшке (Розы и гипсофила),Flowers in a Pot (also known as Roses and Baby's Breath),Wikimedia Commons,https://commons.wikimedia.org/wiki/Special:FilePath/Flowers_in_a_pot_by_Monet.jpg,1565,2107,3.3,https://commons.wikimedia.org/wiki/File:Flowers_in_a_pot_by_Monet.jpg
472,"Букет гладиолусов, лилий и маргариток","Bouquet of Gladioli, Lilies and Daisies",Wikimedia Commons,"https://commons.wikimedia.org/wiki/Special:FilePath/Claude_Monet_-_Bouquet_de_glaïeuls,_lis_et_marguerites,_044n09930-64y75.jpg",1494,2000,3.0,"https://commons.wikimedia.org/wiki/File:Claude_Monet_-_Bouquet_de_glaïeuls,_lis_et_marguerites,_044n09930-64y75.jpg"
473,Церковь в Ветёе,The Church at Vetheuil,Wikimedia Commons,https://commons.wikimedia.org/wiki/Special:FilePath/Claude_Monet_-_Église_de_Vetheuil.jpg,1320,999,1.3,https://commons.wikimedia.org/wiki/File:Claude_Monet_-_Église_de_Vetheuil.jpg
474,Церковь в Ветёе. Снег,"The Church at Vetheuil, Snow",Wikimedia Commons,https://commons.wikimedia.org/wiki/Special:FilePath/Claude_Monet_-_Église_de_Vetheuil_-_National_Galleries_of_Scotland.jpg,1320,1558,2.1,https://commons.wikimedia.org/wiki/File:Claude_Monet_-_Église_de_Vetheuil_-_National_Galleries_of_Scotland.jpg
475,Сена в Лавакуре,The Seine at Lavacourt,Wikimedia Commons,https://commons.wikimedia.org/wiki/Special:FilePath/LA_SEINE_A_LAVACOURT_(1878)_Claude_Monet_(W475).jpg,1152,877,1.0,https://commons.wikimedia.org/wiki/File:LA_SEINE_A_LAVACOURT_(1878)_Claude_Monet_(W475).jpg
476,Утренний туман в Лавакуре,Morning Fog at Lavacourt,Wikimedia Commons (скан каталога),"https://commons.wikimedia.org/wiki/Special:FilePath/Monet_-_Wildenstein_1996,_476.png",389,285,0.1,"https://commons.wikimedia.org/wiki/File:Monet_-_Wildenstein_1996,_476.png"
477,Сена близ Ветёя,La Seine près de Vétheuil,Wikimedia Commons,"https://commons.wikimedia.org/wiki/Special:FilePath/Monet_-_La_Seine_près_de_Vétheuil,_1878.jpg",2880,2118,6.1,"https://commons.wikimedia.org/wiki/File:Monet_-_La_Seine_près_de_Vétheuil,_1878.jpg"
478,Сена близ Ветёя. Непогода,"The Seine near Vetheuil, Stormy Weather",Wikimedia Commons (скан каталога),https://commons.wikimedia.org/wiki/Special:FilePath/Monet_w478.jpg,736,438,0.3,https://commons.wikimedia.org/wiki/File:Monet_w478.jpg
479,Рукав Сены в Муссо,Small arm of the Seine at Mousseaux,Wikimedia Commons (скан каталога),https://commons.wikimedia.org/wiki/Special:FilePath/Monet_w_479.jpg,500,364,0.2,https://commons.wikimedia.org/wiki/File:Monet_w_479.jpg
480,Малый рукав Сены в Моссо. Вечер,"The Small Arm of the Seine at Mosseaux, Evening",Wikimedia Commons (скан каталога),https://commons.wikimedia.org/wiki/Special:FilePath/Monet_w480.jpg,1019,831,0.8,https://commons.wikimedia.org/wiki/File:Monet_w480.jpg
481,Рукав Сены в Ветёе,Small Arm of the Seine at Vetheuil,Wikimedia Commons,"https://commons.wikimedia.org/wiki/Special:FilePath/Le_Havre_(Seine-Maritime)_-_Musée_d'art_moderne_André-Malraux_(MuMa)_-_""La_Seine_à_Vétheuil""_(Claude_Monet,_1840-1926)_(50357757163).jpg",3376,2930,9.9,"https://commons.wikimedia.org/wiki/File:Le_Havre_(Seine-Maritime)_-_Musée_d'art_moderne_André-Malraux_(MuMa)_-_""La_Seine_à_Vétheuil""_(Claude_Monet,_1840-1926)_(50357757163).jpg"
482,Рукав Сены близ Ветёя,Arm of the Seine near Vetheuil,Wikimedia Commons (скан каталога),https://commons.wikimedia.org/wiki/Special:FilePath/Monet_w482.jpg,736,544,0.4,https://commons.wikimedia.org/wiki/File:Monet_w482.jpg
483,Рукав Сены близ Ветёя,An arm of the Seine near Vetheuil,Wikimedia Commons (скан каталога),https://commons.wikimedia.org/wiki/Special:FilePath/Monet_w_483.jpg,1024,640,0.7,https://commons.wikimedia.org/wiki/File:Monet_w_483.jpg
484,Рукав Сены близ Ветёя,An arm of the Seine near Vetheuil,Wikimedia Commons (скан каталога),https://commons.wikimedia.org/wiki/Special:FilePath/Monet_w484.jpg,736,482,0.4,https://commons.wikimedia.org/wiki/File:Monet_w484.jpg
485,Рукав Сены близ Ветёя. Осень,"Small arm of the Seine near Vetheuil, Autumn",Wikimedia Commons (скан каталога),https://commons.wikimedia.org/wiki/Special:FilePath/Monet_w485.jpg,1024,627,0.6,https://commons.wikimedia.org/wiki/File:Monet_w485.jpg
486,Рукав Сены близ Ветёя,Arm of the Seine near Vetheuil,Wikimedia Commons,"https://commons.wikimedia.org/wiki/Special:FilePath/Monet_-_Un_bras_de_la_Seine_près_de_Vétheuil,_1878.jpg",1920,1528,2.9,"https://commons.wikimedia.org/wiki/File:Monet_-_Un_bras_de_la_Seine_près_de_Vétheuil,_1878.jpg"
487,"Рукав Сены близ Ветёя, туман","An arm of the Seine near Vetheuil, Fog",Wikimedia Commons (скан каталога),https://commons.wikimedia.org/wiki/Special:FilePath/Monet_w487.jpg,736,567,0.4,https://commons.wikimedia.org/wiki/File:Monet_w487.jpg
488,Яблони близ Ветёя,Apple Trees near Vetheuil,Wikimedia Commons (скан каталога),https://commons.wikimedia.org/wiki/Special:FilePath/Monet_w488.jpg,500,365,0.2,https://commons.wikimedia.org/wiki/File:Monet_w488.jpg
489,Яблони,Apple trees,Wikimedia Commons (скан каталога),"https://commons.wikimedia.org/wiki/Special:FilePath/Monet_-_Wildenstein_1996,_489.png",433,313,0.1,"https://commons.wikimedia.org/wiki/File:Monet_-_Wildenstein_1996,_489.png"
490,Яблони. Ветёй,"Apple trees, Vetheuil",Wikimedia Commons (скан каталога),https://commons.wikimedia.org/wiki/Special:FilePath/Monet_w490.jpg,1024,864,0.9,https://commons.wikimedia.org/wiki/File:Monet_w490.jpg
491,Яблони на холме Шантмесль,Apple Trees on the Chantemesle Hill,Wikimedia Commons (скан каталога),https://commons.wikimedia.org/wiki/Special:FilePath/Monet_w491.jpg,1024,808,0.8,https://commons.wikimedia.org/wiki/File:Monet_w491.jpg
492,Хризантемы,Chrysanthemums,Wikimedia Commons,https://commons.wikimedia.org/wiki/Special:FilePath/Claude_Monet_051.jpg,2536,2081,5.3,https://commons.wikimedia.org/wiki/File:Claude_Monet_051.jpg
492a,Хризантемы,Chrysanthemums,Wikimedia Commons,"https://commons.wikimedia.org/wiki/Special:FilePath/Claude_monet,_crisantemi,_1878,_01.JPG",2488,2193,5.5,"https://commons.wikimedia.org/wiki/File:Claude_monet,_crisantemi,_1878,_01.JPG"
493,Ступени,The Steps,Wikimedia Commons,https://commons.wikimedia.org/wiki/Special:FilePath/The_Steps_by_Monet.jpg,1624,2002,3.3,https://commons.wikimedia.org/wiki/File:The_Steps_by_Monet.jpg
494,Скотный двор,Farmyard,Wikimedia Commons,https://commons.wikimedia.org/wiki/Special:FilePath/Cour_de_ferme_(1878)_Claude_Monet_(W_494).jpg,2880,3521,10.1,https://commons.wikimedia.org/wiki/File:Cour_de_ferme_(1878)_Claude_Monet_(W_494).jpg
495,Берега Сены. Лавакур,"The Banks of the Seine, Lavacourt",Wikimedia Commons,"https://commons.wikimedia.org/wiki/Special:FilePath/Monet_-_Seineböschung_bei_Lavacourt,_1879.jpg",1000,841,0.8,"https://commons.wikimedia.org/wiki/File:Monet_-_Seineböschung_bei_Lavacourt,_1879.jpg"
496,Бечевник в Лавакуре,Tow Path at Lavacourt,Wikimedia Commons,https://commons.wikimedia.org/wiki/Special:FilePath/CHEMIN_DE_HALAGE_A_LAVACOURT_(1878)_Claude_Monet_(W496).jpg,1147,941,1.1,https://commons.wikimedia.org/wiki/File:CHEMIN_DE_HALAGE_A_LAVACOURT_(1878)_Claude_Monet_(W496).jpg
497,Берега Сены. Лавакур,"The Banks of the Seine, Lavacourt",Wikimedia Commons,https://commons.wikimedia.org/wiki/Special:FilePath/Riverbank_at_Lavacourt.jpg,270,180,0.0,https://commons.wikimedia.org/wiki/File:Riverbank_at_Lavacourt.jpg
498,Берега Сены. Лавакур,"The Banks of the Seine, Lavacourt",Wikimedia Commons (скан каталога),https://commons.wikimedia.org/wiki/Special:FilePath/Monet_w498.jpg,1023,742,0.8,https://commons.wikimedia.org/wiki/File:Monet_w498.jpg
499,Берега Сены. Лавакур,"Banks of the Seine, Lavacourt",Wikimedia Commons,https://commons.wikimedia.org/wiki/Special:FilePath/Berge_de_la_Seine_à_Lavacourt_(1878)_Claude_Monet_(W_499).jpg,851,669,0.6,https://commons.wikimedia.org/wiki/File:Berge_de_la_Seine_à_Lavacourt_(1878)_Claude_Monet_(W_499).jpg
500,Берега Сены в Лавакуре,Banks of the Seine at Lavacourt,Wikimedia Commons (скан каталога),https://commons.wikimedia.org/wiki/Special:FilePath/Monet_w500.jpg,1050,864,0.9,https://commons.wikimedia.org/wiki/File:Monet_w500.jpg
501,Деревня Лавакур,The Village of Lavacourt,Wikimedia Commons (скан каталога),https://commons.wikimedia.org/wiki/Special:FilePath/Monet_w501.jpg,1024,481,0.5,https://commons.wikimedia.org/wiki/File:Monet_w501.jpg
502,Дорога в Ветёй,The Road to Vetheuil,Wikimedia Commons (скан каталога),https://commons.wikimedia.org/wiki/Special:FilePath/Monet_w502.jpg,1024,848,0.9,https://commons.wikimedia.org/wiki/File:Monet_w502.jpg
503,"Жан-Пьер Ошеде, прозванный «Малыш Жан»","Jean-Pierre Hoschede, called ""Bebe Jean""",Wikimedia Commons (скан каталога),https://commons.wikimedia.org/wiki/Special:FilePath/Monet_w503.jpg,824,1024,0.8,https://commons.wikimedia.org/wiki/File:Monet_w503.jpg
504,Портрет Мишеля Моне,Portrait of Michel Monet,Wikimedia Commons,https://commons.wikimedia.org/wiki/Special:FilePath/Claude_Monet_-_Portrait_de_Michel_Monet_bébé.jpg,812,1024,0.8,https://commons.wikimedia.org/wiki/File:Claude_Monet_-_Portrait_de_Michel_Monet_bébé.jpg
505,Церковь в Ветёе зимой,Vétheuil Church in Winter,Wikimedia Commons,"https://commons.wikimedia.org/wiki/Special:FilePath/Eglise_de_Vétheuil,_Claude_Monet,_1879.jpg",2630,3426,9.0,"https://commons.wikimedia.org/wiki/File:Eglise_de_Vétheuil,_Claude_Monet,_1879.jpg"
506,"Церковь в Ветёе, снег",Snow Effect in Vétheuil,Wikimedia Commons,https://commons.wikimedia.org/wiki/Special:FilePath/Claude_Monet_-_Effet_de_neige_à_Vétheul.jpg,1056,803,0.8,https://commons.wikimedia.org/wiki/File:Claude_Monet_-_Effet_de_neige_à_Vétheul.jpg
507,Ветёй зимой,Vetheuil in Winter,Wikimedia Commons,https://commons.wikimedia.org/wiki/Special:FilePath/Claude_Monet_-_Vétheuil_en_hiver.jpg,6320,4848,30.6,https://commons.wikimedia.org/wiki/File:Claude_Monet_-_Vétheuil_en_hiver.jpg
508,Дорога в Ветёй. Эффект снега,"The Road to Vetheuil, Snow Effect",Wikimedia Commons,https://commons.wikimedia.org/wiki/Special:FilePath/Claude_monet_la_route_de_vetheuil_effet_de_neige.jpg,3200,2340,7.5,https://commons.wikimedia.org/wiki/File:Claude_monet_la_route_de_vetheuil_effet_de_neige.jpg
509,Въезд в деревню Ветёй зимой,Entering the Village of Vetheuil in Winter,Wikimedia Commons,"https://commons.wikimedia.org/wiki/Special:FilePath/Monet_-_Entrance_to_the_Village_of_Vétheuil_in_Winter,_1879.jpg",1024,772,0.8,"https://commons.wikimedia.org/wiki/File:Monet_-_Entrance_to_the_Village_of_Vétheuil_in_Winter,_1879.jpg"
510,Деревенская улица. Ветёй зимой,"Village Street, Vetheuil in Winter",Wikimedia Commons,https://commons.wikimedia.org/wiki/Special:FilePath/Claude_Monet_053.jpg,3176,2333,7.4,https://commons.wikimedia.org/wiki/File:Claude_Monet_053.jpg
511,Лавакур под снегом,"Lavacourt, Sun and Snow",Wikimedia Commons,"https://commons.wikimedia.org/wiki/Special:FilePath/Monet,_Lavacourt-Sunshine-and-Snow.jpg",5855,4226,24.7,"https://commons.wikimedia.org/wiki/File:Monet,_Lavacourt-Sunshine-and-Snow.jpg"
512,Берега в Лавакуре в снегу,Riverbanks at Lavacourt in snow,Wikimedia Commons (скан каталога),"https://commons.wikimedia.org/wiki/Special:FilePath/Monet_-_Wildenstein_1996,_512.png",344,255,0.1,"https://commons.wikimedia.org/wiki/File:Monet_-_Wildenstein_1996,_512.png"
513,Сена в Лавакуре. Эффект снега,Seine at Lavacourt. Effect of Snow,Wikimedia Commons (скан каталога),https://commons.wikimedia.org/wiki/Special:FilePath/Monet_w513.jpg,1024,759,0.8,https://commons.wikimedia.org/wiki/File:Monet_w513.jpg
514,Лавакур зимой,Lavacourt in winter,Wikimedia Commons,"https://commons.wikimedia.org/wiki/Special:FilePath/Lavacourt,_l'hiver_(1879)_Claude_Monet_(W_514).jpg",850,649,0.6,"https://commons.wikimedia.org/wiki/File:Lavacourt,_l'hiver_(1879)_Claude_Monet_(W_514).jpg"
515,Лавакур,Lavacourt,Wikimedia Commons (скан каталога),"https://commons.wikimedia.org/wiki/Special:FilePath/Monet_-_Wildenstein_1996,_515.png",444,253,0.1,"https://commons.wikimedia.org/wiki/File:Monet_-_Wildenstein_1996,_515.png"
516,Излучина Сены в Лавакуре. Зима,"The Bend of the Seine at Lavacourt, Winter",Wikimedia Commons (скан каталога),https://commons.wikimedia.org/wiki/Special:FilePath/Monet_w516.jpg,1024,853,0.9,https://commons.wikimedia.org/wiki/File:Monet_w516.jpg
517,Зима на Сене. Лавакур,"Winter on the Seine, Lavacourt",Wikimedia Commons,"https://commons.wikimedia.org/wiki/Special:FilePath/Claude_Monet,_River_at_Lavacourt,_1879,_Oil_on_canvas.jpg",771,640,0.5,"https://commons.wikimedia.org/wiki/File:Claude_Monet,_River_at_Lavacourt,_1879,_Oil_on_canvas.jpg"
518,Ветёй в тумане,Vetheuil in the Fog,Wikimedia Commons,https://commons.wikimedia.org/wiki/Special:FilePath/Monet_-_Vetheuil_im_Nebel.jpg,1226,1056,1.3,https://commons.wikimedia.org/wiki/File:Monet_-_Vetheuil_im_Nebel.jpg
519,Цветущие сливы,Plums Blossom,Wikimedia Commons (скан каталога),https://commons.wikimedia.org/wiki/Special:FilePath/Monet_w519.jpg,835,1021,0.9,https://commons.wikimedia.org/wiki/File:Monet_w519.jpg
520,Ветёй. Цветущие сливы,"Vetheuil, Flowering Plum Trees",Wikimedia Commons,https://commons.wikimedia.org/wiki/Special:FilePath/Claude_Monet_-_Flowering_Plum_Trees_-_Google_Art_Project.jpg,5269,4189,22.1,https://commons.wikimedia.org/wiki/File:Claude_Monet_-_Flowering_Plum_Trees_-_Google_Art_Project.jpg
521,Ветёй. Цветущие сливы,"Vetheuil, Flowering Plum Trees",Wikimedia Commons (скан каталога),https://commons.wikimedia.org/wiki/Special:FilePath/Monet_w521.jpg,500,396,0.2,https://commons.wikimedia.org/wiki/File:Monet_w521.jpg
521a,Цветущий сад,Orchard in Flower,Wikimedia Commons,https://commons.wikimedia.org/wiki/Special:FilePath/MonetSad.jpg,795,654,0.5,https://commons.wikimedia.org/wiki/File:MonetSad.jpg
522,Цветущие груши,Pear trees in blossom,Wikimedia Commons (скан каталога),https://commons.wikimedia.org/wiki/Special:FilePath/Monet_w522.jpg,1000,599,0.6,https://commons.wikimedia.org/wiki/File:Monet_w522.jpg
523,Яблоня,The apple tree,Wikimedia Commons,https://commons.wikimedia.org/wiki/Special:FilePath/Claude_monet_le_pommier.jpg,3200,2670,8.5,https://commons.wikimedia.org/wiki/File:Claude_monet_le_pommier.jpg
524,Цветущие яблони близ Ветёя,Apple treen in blossom near Vetheuil,Wikimedia Commons (скан каталога),https://commons.wikimedia.org/wiki/Special:FilePath/Monet_w_524.jpg,1024,723,0.7,https://commons.wikimedia.org/wiki/File:Monet_w_524.jpg
524a,Хижина,The Cottage,Wikimedia Commons (скан каталога),"https://commons.wikimedia.org/wiki/Special:FilePath/Monet_-_Wildenstein_1996,_524a.png",380,282,0.1,"https://commons.wikimedia.org/wiki/File:Monet_-_Wildenstein_1996,_524a.png"
525,"Въезд в деревню, вероятно, Ветёй","Entrance to a Village, Probably Vétheuil",нет открытого изображения,,,,,
526,Пейзаж. Ветёй,Landscape. Vétheuil,Wikimedia Commons,"https://commons.wikimedia.org/wiki/Special:FilePath/Monet_-_Paysage,_Vetheuil,_1879.jpg",742,600,0.4,"https://commons.wikimedia.org/wiki/File:Monet_-_Paysage,_Vetheuil,_1879.jpg"
527,Ветёй,Vetheuil,Wikimedia Commons,https://commons.wikimedia.org/wiki/Special:FilePath/Claude_monet_vetheuil.jpg,3200,2241,7.2,https://commons.wikimedia.org/wiki/File:Claude_monet_vetheuil.jpg
528,Сена в Ветёе. Солнце после дождя,"The Seine at Vétheuil, Sun Effect after Rain",Wikimedia Commons,"https://commons.wikimedia.org/wiki/Special:FilePath/Monet_-_Vetheuil,_vu_de_Lavacourt,_1879.jpg",758,565,0.4,"https://commons.wikimedia.org/wiki/File:Monet_-_Vetheuil,_vu_de_Lavacourt,_1879.jpg"
529,Сена в Ветёе,The Seine at Vétheuil,Wikimedia Commons (скан каталога),https://commons.wikimedia.org/wiki/Special:FilePath/Monet_w529.jpg,1024,751,0.8,https://commons.wikimedia.org/wiki/File:Monet_w529.jpg
530,Сена ниже Ветёя,The Seine downstream from Vetheuil,Wikimedia Commons,"https://commons.wikimedia.org/wiki/Special:FilePath/Monet_-_La_Seine_en_aval_de_Vétheuil_(anc._Giverny),_1879.png",500,372,0.2,"https://commons.wikimedia.org/wiki/File:Monet_-_La_Seine_en_aval_de_Vétheuil_(anc._Giverny),_1879.png"
531,Ветёй. Церковь,"Vetheuil, The Church",Wikimedia Commons,https://commons.wikimedia.org/wiki/Special:FilePath/Monet_-_The_Church_Vétheuil.jpg,1200,990,1.2,https://commons.wikimedia.org/wiki/File:Monet_-_The_Church_Vétheuil.jpg
532,Сена в Ветёе,The Seine at Vétheuil,Wikimedia Commons,"https://commons.wikimedia.org/wiki/Special:FilePath/Monet_-_LA_SEINE_A_VETHEUIL,_1879_entre_;_1882_et.jpg",800,493,0.4,"https://commons.wikimedia.org/wiki/File:Monet_-_LA_SEINE_A_VETHEUIL,_1879_entre_;_1882_et.jpg"
533,Ветёй,Vétheuil,Wikimedia Commons,https://commons.wikimedia.org/wiki/Special:FilePath/Claude_Monet_-_Vétheuil_-_Google_Art_Project_(427751).jpg,5708,4162,23.8,https://commons.wikimedia.org/wiki/File:Claude_Monet_-_Vétheuil_-_Google_Art_Project_(427751).jpg
534,Ветёй летом,Vetheuil in Summer,Wikimedia Commons,https://commons.wikimedia.org/wiki/Special:FilePath/Vétheuil_en_été).jpg,680,505,0.3,https://commons.wikimedia.org/wiki/File:Vétheuil_en_été).jpg
535,Луг,A Meadow,Wikimedia Commons,https://commons.wikimedia.org/wiki/Special:FilePath/Monet_-_Wiese_außerhalb_von_Vetheuil.jpg,1221,990,1.2,https://commons.wikimedia.org/wiki/File:Monet_-_Wiese_außerhalb_von_Vetheuil.jpg
536,Маки в окрестностях Ветёя,Poppy Field near Vetheuil,Wikimedia Commons,https://commons.wikimedia.org/wiki/Special:FilePath/Claude_Monet_-_Champ_de_coquelicots_près_de_Vétheuil.jpg,2265,1800,4.1,https://commons.wikimedia.org/wiki/File:Claude_Monet_-_Champ_de_coquelicots_près_de_Vétheuil.jpg
537,Сена в Ветёе,The Seine at Vetheuil,Wikimedia Commons,"https://commons.wikimedia.org/wiki/Special:FilePath/Monet_-_La_Seine_à_Vétheuil,_1879.jpg",3270,4314,14.1,"https://commons.wikimedia.org/wiki/File:Monet_-_La_Seine_à_Vétheuil,_1879.jpg"
538,Сена в Лавакуре,La Seine à Lavacourt,Wikimedia Commons,https://commons.wikimedia.org/wiki/Special:FilePath/Banks_of_the_Seine_at_Lavacourt_(Bords_de_la_Seine_à_Lavacourt)_1879_-_Claude_Monet_-_The_Frick_Pittsburgh_(W_538).jpg,1200,886,1.1,https://commons.wikimedia.org/wiki/File:Banks_of_the_Seine_at_Lavacourt_(Bords_de_la_Seine_à_Lavacourt)_1879_-_Claude_Monet_-_The_Frick_Pittsburgh_(W_538).jpg
538a,Сена в Лавакуре,The Seine at Lavacourt,Wikimedia Commons,https://commons.wikimedia.org/wiki/Special:FilePath/La_Seine_à_Lavacourt_(1879)_Claude_Monet_(W538a).jpg,971,713,0.7,https://commons.wikimedia.org/wiki/File:La_Seine_à_Lavacourt_(1879)_Claude_Monet_(W538a).jpg
539,Сена в Лавакуре,The Seine at Lavacourt,Wikimedia Commons (скан каталога),https://commons.wikimedia.org/wiki/Special:FilePath/Monet_w539_the_seine_at_lavacourt.jpg,1024,759,0.8,https://commons.wikimedia.org/wiki/File:Monet_w539_the_seine_at_lavacourt.jpg
540,Сена в Лавакуре,The Seine at Lavacourt,Wikimedia Commons,"https://commons.wikimedia.org/wiki/Special:FilePath/Monet_-_View_of_the_Seine,_Lavacourt,_1880.jpg",1024,772,0.8,"https://commons.wikimedia.org/wiki/File:Monet_-_View_of_the_Seine,_Lavacourt,_1880.jpg"
541,Сена в Лавакуре,Seine at Lavacourt,Wikimedia Commons,https://commons.wikimedia.org/wiki/Special:FilePath/La_Seine_à_Lavacourt.JPG,3200,2342,7.5,https://commons.wikimedia.org/wiki/File:La_Seine_à_Lavacourt.JPG
542,Леон Пельтье,Leon Peltier,Wikimedia Commons (скан каталога),https://commons.wikimedia.org/wiki/Special:FilePath/Monet_w542.jpg,686,1024,0.7,https://commons.wikimedia.org/wiki/File:Monet_w542.jpg
543,Камилла на смертном одре,Camille Monet on her Deathbed,Wikimedia Commons,https://commons.wikimedia.org/wiki/Special:FilePath/Claude_Monet_-_Camille_Monet_sur_son_lit_de_mort.JPG,3714,5087,18.9,https://commons.wikimedia.org/wiki/File:Claude_Monet_-_Camille_Monet_sur_son_lit_de_mort.JPG
544,Натюрморт с испанской дыней,Still Life with Spanish Melon,Wikimedia Commons,https://commons.wikimedia.org/wiki/Special:FilePath/Claude_Monet_-_Nature_morte_au_melon_d’Espagne.jpg,1920,2552,4.9,https://commons.wikimedia.org/wiki/File:Claude_Monet_-_Nature_morte_au_melon_d’Espagne.jpg
545,Корзина с яблоками и виноградом,Fruit Basket with Apples and Grapes,Wikimedia Commons,"https://commons.wikimedia.org/wiki/Special:FilePath/Apples_and_Grapes,_by_Claude_Monet.jpg",3938,2994,11.8,"https://commons.wikimedia.org/wiki/File:Apples_and_Grapes,_by_Claude_Monet.jpg"
546,Натюрморт. Яблоки и виноград,Still Life – Apples and Grapes,Art Institute of Chicago (CC0),https://www.artic.edu/iiif/2/c12058f4-188f-c6ed-f0fe-52b32acfb296/full/max/0/default.jpg,6133,4902,30.1,https://www.artic.edu/artworks/16549
547,Настурции в голубой вазе,Nasturtiums in a Blue Vase,Wikimedia Commons (скан каталога),https://commons.wikimedia.org/wiki/Special:FilePath/Monet_w547.jpg,827,1024,0.8,https://commons.wikimedia.org/wiki/File:Monet_w547.jpg
548,Ваза с настурциями,Vase of Nasturtiums,Wikimedia Commons (скан каталога),https://commons.wikimedia.org/wiki/Special:FilePath/Monet_w_548_vase_of_nasturtiums.jpg,496,640,0.3,https://commons.wikimedia.org/wiki/File:Monet_w_548_vase_of_nasturtiums.jpg
549,Фазаны,The Pheasants,Wikimedia Commons (скан каталога),"https://commons.wikimedia.org/wiki/Special:FilePath/Monet_-_Wildenstein_1996,_549.png",360,265,0.1,"https://commons.wikimedia.org/wiki/File:Monet_-_Wildenstein_1996,_549.png"
550,Фазаны и ржанки,Pheasants and Plovers,Wikimedia Commons,https://commons.wikimedia.org/wiki/Special:FilePath/Claude_Monet_-_Still_Life_with_Pheasants_and_Plovers_-_Google_Art_Project.jpg,5251,3971,20.9,https://commons.wikimedia.org/wiki/File:Claude_Monet_-_Still_Life_with_Pheasants_and_Plovers_-_Google_Art_Project.jpg
551,"Фазаны, вальдшнепы и куропатки","Pheasants, Woodcocks and Partridges",Wikimedia Commons,"https://commons.wikimedia.org/wiki/Special:FilePath/Faisans,_bécasses_et_perdrix_(1879)_Claude_Monet_(W_551).jpg",2880,3800,10.9,"https://commons.wikimedia.org/wiki/File:Faisans,_bécasses_et_perdrix_(1879)_Claude_Monet_(W_551).jpg"
552,Вид Ветёя зимой,View of Vetheuil in Winter,Wikimedia Commons (скан каталога),https://commons.wikimedia.org/wiki/Special:FilePath/Monet_w552.jpg,500,396,0.2,https://commons.wikimedia.org/wiki/File:Monet_w552.jpg
553,"Иней, пасмурная погода","Frost, Grey Weather",Wikimedia Commons (скан каталога),https://commons.wikimedia.org/wiki/Special:FilePath/Monet_w553.jpg,1024,770,0.8,https://commons.wikimedia.org/wiki/File:Monet_w553.jpg
554,Иней в Ветёе,Hoarfrost at Vétheuil,Wikimedia Commons (скан каталога),"https://commons.wikimedia.org/wiki/Special:FilePath/Monet_-_Wildenstein_1996,_554.png",323,251,0.1,"https://commons.wikimedia.org/wiki/File:Monet_-_Wildenstein_1996,_554.png"
555,Иней,Frost,Wikimedia Commons,"https://commons.wikimedia.org/wiki/Special:FilePath/Claude_Monet,_Le_Givre_(1880,_from_C2RMF).jpg",12162,7384,89.8,"https://commons.wikimedia.org/wiki/File:Claude_Monet,_Le_Givre_(1880,_from_C2RMF).jpg"
556,"Льдины, Лавакур","Les Glacons, Lavacourt",Wikimedia Commons (скан каталога),https://commons.wikimedia.org/wiki/Special:FilePath/Monet_w_556_les_glacons_lavacourt.jpg,1000,619,0.6,https://commons.wikimedia.org/wiki/File:Monet_w_556_les_glacons_lavacourt.jpg
557,Зимнее солнце. Лавакур,"Winter Sun, Lavacourt",Wikimedia Commons,"https://commons.wikimedia.org/wiki/Special:FilePath/Le_Havre_-_MAM_-_Claude_Monet_-_Soleil_couchant,_Lavacourt.jpg",4206,3096,13.0,"https://commons.wikimedia.org/wiki/File:Le_Havre_-_MAM_-_Claude_Monet_-_Soleil_couchant,_Lavacourt.jpg"
558,Зима на Сене в Лавакуре,Winter on the Seine at Lavacourt,Wikimedia Commons,https://commons.wikimedia.org/wiki/Special:FilePath/Monet_-_winter-on-the-seine-lavacourt-1880.jpg,1280,761,1.0,https://commons.wikimedia.org/wiki/File:Monet_-_winter-on-the-seine-lavacourt-1880.jpg
559,Ветёй. Ледоход,"Vetheuil, Ice Floes",Wikimedia Commons (скан каталога),https://commons.wikimedia.org/wiki/Special:FilePath/Monet_w559.jpg,1024,729,0.7,https://commons.wikimedia.org/wiki/File:Monet_w559.jpg
560,"Ледоход, пасмурная погода","Breakup of Ice, Grey Weather",Wikimedia Commons,"https://commons.wikimedia.org/wiki/Special:FilePath/Monet_-_The_Break-Up_of_the_Ice,_1880.jpg",1024,764,0.8,"https://commons.wikimedia.org/wiki/File:Monet_-_The_Break-Up_of_the_Ice,_1880.jpg"
561,Ледоход. Лавакур,"Breakup of the Ice, Lavacourt",Wikimedia Commons,https://commons.wikimedia.org/wiki/Special:FilePath/Lille_PdBA_monet_la_debacle.JPG,2337,1702,4.0,https://commons.wikimedia.org/wiki/File:Lille_PdBA_monet_la_debacle.JPG
562,Ледоход,Breakup of Ice,Wikimedia Commons,"https://commons.wikimedia.org/wiki/Special:FilePath/La_Débâcle,_by_Claude_Monet,_1880,_oil_on_canvas_-_Dunedin_Public_Art_Gallery_-_Dunedin,_NZ_-_DSC04656.jpg",3945,3359,13.3,"https://commons.wikimedia.org/wiki/File:La_Débâcle,_by_Claude_Monet,_1880,_oil_on_canvas_-_Dunedin_Public_Art_Gallery_-_Dunedin,_NZ_-_DSC04656.jpg"
563,Ледоход в Лавакуре,Breakup of Ice at Lavacourt,Wikimedia Commons (скан каталога),https://commons.wikimedia.org/wiki/Special:FilePath/Monet_w563.jpg,1024,563,0.6,https://commons.wikimedia.org/wiki/File:Monet_w563.jpg
564,Льдины на Сене в Лавакуре,The Floes on the Seine at Lavacourt,Wikimedia Commons (скан каталога),"https://commons.wikimedia.org/wiki/Special:FilePath/Monet_-_Wildenstein_1996,_564.png",437,255,0.1,"https://commons.wikimedia.org/wiki/File:Monet_-_Wildenstein_1996,_564.png"
565,"Ледоход, пасмурная погода","Breakup of Ice, Grey Weather",Wikimedia Commons,https://commons.wikimedia.org/wiki/Special:FilePath/Claude_Monet_-_The_Break-up_of_the_Ice_(La_Débâcle_or_Les_Glaçons)_-_Google_Art_Project.jpg,2993,1869,5.6,https://commons.wikimedia.org/wiki/File:Claude_Monet_-_The_Break-up_of_the_Ice_(La_Débâcle_or_Les_Glaçons)_-_Google_Art_Project.jpg
566,Оттепель в Ветёе,The Thaw at Vétheuil,Wikimedia Commons,https://commons.wikimedia.org/wiki/Special:FilePath/Claude_Monet_-_The_thaw_at_Vetheuil.jpg,2000,1205,2.4,https://commons.wikimedia.org/wiki/File:Claude_Monet_-_The_thaw_at_Vetheuil.jpg
567,Плывущие льдины,Floating Ice,Wikimedia Commons,"https://commons.wikimedia.org/wiki/Special:FilePath/Claude_monet,_les_glaçons_(debacle_sulla_senna),_1880,_02.JPG",3416,2244,7.7,"https://commons.wikimedia.org/wiki/File:Claude_monet,_les_glaçons_(debacle_sulla_senna),_1880,_02.JPG"
568,Льдины,The Ice Floes,Wikimedia Commons (скан каталога),https://commons.wikimedia.org/wiki/Special:FilePath/Monet_w568.jpg,640,416,0.3,https://commons.wikimedia.org/wiki/File:Monet_w568.jpg
569,Ледоход,Breakup of Ice,Wikimedia Commons,"https://commons.wikimedia.org/wiki/Special:FilePath/Monet_-_The_Break-up_of_Ice_on_the_Seine,_1880–81.png",564,345,0.2,"https://commons.wikimedia.org/wiki/File:Monet_-_The_Break-up_of_Ice_on_the_Seine,_1880–81.png"
570,Ледоход,Breakup of Ice,Wikimedia Commons (скан каталога),https://commons.wikimedia.org/wiki/Special:FilePath/Monet_w570.jpg,1024,633,0.6,https://commons.wikimedia.org/wiki/File:Monet_w570.jpg
571,Ледоход,Breakup of Ice,Wikimedia Commons (скан каталога),https://commons.wikimedia.org/wiki/Special:FilePath/Monet_w571.jpg,1024,658,0.7,https://commons.wikimedia.org/wiki/File:Monet_w571.jpg
572,Ледоход близ Ветёя,The Breaking up near Vétheuil,Wikimedia Commons (скан каталога),https://commons.wikimedia.org/wiki/Special:FilePath/Monet_w572_ice_melting_near_vetheuil.jpg,273,185,0.1,https://commons.wikimedia.org/wiki/File:Monet_w572_ice_melting_near_vetheuil.jpg
573,Зима в Лавакуре,Winter at Lavacourt,Wikimedia Commons,"https://commons.wikimedia.org/wiki/Special:FilePath/L'HIVER,_PRÈS_DE_LAVACOURT_(1880)_Claude_Monet_(W_573).jpg",2880,2114,6.1,"https://commons.wikimedia.org/wiki/File:L'HIVER,_PRÈS_DE_LAVACOURT_(1880)_Claude_Monet_(W_573).jpg"
574,Закат на Сене зимой,Sunset on the Seine in Winter,Wikimedia Commons (скан каталога),https://commons.wikimedia.org/wiki/Special:FilePath/Monet_w574.jpg,750,558,0.4,https://commons.wikimedia.org/wiki/File:Monet_w574.jpg
575,Закат на Сене в Лавакуре. Зима,Sun Setting over the Seine at Lavacourt. Winter Effect,Wikimedia Commons (скан каталога),https://commons.wikimedia.org/wiki/Special:FilePath/Monet_w575_sunset_at_lavacourt.jpg,1017,670,0.7,https://commons.wikimedia.org/wiki/File:Monet_w575_sunset_at_lavacourt.jpg
576,Закат на Сене в Лавакуре. Зима,"Sunset on the Seine at Lavacourt, Winter Effect",Wikimedia Commons,"https://commons.wikimedia.org/wiki/Special:FilePath/Claude_Monet_-_Soleil_couchant_sur_la_Seine_à_Lavacourt,_effet_d'hiver_-_PPP439_-_Musée_des_Beaux-Arts_de_la_ville_de_Paris.jpg",5519,3691,20.4,"https://commons.wikimedia.org/wiki/File:Claude_Monet_-_Soleil_couchant_sur_la_Seine_à_Lavacourt,_effet_d'hiver_-_PPP439_-_Musée_des_Beaux-Arts_de_la_ville_de_Paris.jpg"
577,Закат,Sunset,Wikimedia Commons (скан каталога),https://commons.wikimedia.org/wiki/Special:FilePath/Monet_w577.jpg,1024,846,0.9,https://commons.wikimedia.org/wiki/File:Monet_w577.jpg
578,Сена в Лавакуре,The Seine at Lavacourt,Wikimedia Commons,https://commons.wikimedia.org/wiki/Special:FilePath/Monet_Lavacourt.jpg,6363,4266,27.1,https://commons.wikimedia.org/wiki/File:Monet_Lavacourt.jpg
579,Весна в Ветёе,Spring in Vétheuil,Wikimedia Commons,"https://commons.wikimedia.org/wiki/Special:FilePath/Claude_monet,_primavera_a_vétheuil,_1880.jpg",3702,3018,11.2,"https://commons.wikimedia.org/wiki/File:Claude_monet,_primavera_a_vétheuil,_1880.jpg"
580,Ветёй на солнце,Vétheuil in the Sun,Wikimedia Commons (скан каталога),"https://commons.wikimedia.org/wiki/Special:FilePath/Monet_-_Wildenstein_1996,_580.png",481,287,0.1,"https://commons.wikimedia.org/wiki/File:Monet_-_Wildenstein_1996,_580.png"
581,Дорога из Ветёя,The Road from Vétheuil,Wikimedia Commons,https://commons.wikimedia.org/wiki/Special:FilePath/Claude_Monet_-_The_Road_to_Vétheuil_-_Google_Art_Project.jpg,4001,3265,13.1,https://commons.wikimedia.org/wiki/File:Claude_Monet_-_The_Road_to_Vétheuil_-_Google_Art_Project.jpg
582,Дорога в Ла-Рош-Гийон,Road of La Roche-Guyon,Wikimedia Commons,https://commons.wikimedia.org/wiki/Special:FilePath/Claude_Monet_-_Road_of_La_Roche-Guyon_-_Google_Art_Project.jpg,3921,3298,12.9,https://commons.wikimedia.org/wiki/File:Claude_Monet_-_Road_of_La_Roche-Guyon_-_Google_Art_Project.jpg
583,Дорога в Ла-Рош-Гийон,The Road to La Roche-Guyon,Wikimedia Commons (скан каталога),https://commons.wikimedia.org/wiki/Special:FilePath/Monet_w583.jpg,1024,790,0.8,https://commons.wikimedia.org/wiki/File:Monet_w583.jpg
584,Дорога в Ветёй,The Road to Vétheuil,Wikimedia Commons,https://commons.wikimedia.org/wiki/Special:FilePath/Claude_Monet_-_The_Road_to_Vétheuil_-_Google_Art_Project.jpg,4001,3265,13.1,https://commons.wikimedia.org/wiki/File:Claude_Monet_-_The_Road_to_Vétheuil_-_Google_Art_Project.jpg
585,Цветущие яблони у воды,Apple Trees in Blossom by the Water,Wikimedia Commons,https://commons.wikimedia.org/wiki/Special:FilePath/Pommier_en_fleurs_au_bord_de_l'eau_-_Claude_Monet.jpg,1951,2314,4.5,https://commons.wikimedia.org/wiki/File:Pommier_en_fleurs_au_bord_de_l'eau_-_Claude_Monet.jpg
586,Весна,Springtime,Wikimedia Commons,https://commons.wikimedia.org/wiki/Special:FilePath/Le_Printemps_(1882)_Claude_Monet.JPG,1677,1239,2.1,https://commons.wikimedia.org/wiki/File:Le_Printemps_(1882)_Claude_Monet.JPG
587,"Над Ветёем, весна","Above Vetheuil, Spring Effect",Wikimedia Commons,"https://commons.wikimedia.org/wiki/Special:FilePath/Au_dessus_de_Vétheuil,_effet_de_printemps,_Claude_Monet;_-_3155_(cropped).jpg",3643,2154,7.8,"https://commons.wikimedia.org/wiki/File:Au_dessus_de_Vétheuil,_effet_de_printemps,_Claude_Monet;_-_3155_(cropped).jpg"
588,Деревушка Шантмель у подножия скалы,The Hamlet of Chantemesle at the Foot of the Rock,Wikimedia Commons (скан каталога),https://commons.wikimedia.org/wiki/Special:FilePath/Monet_w588.jpg,1024,758,0.8,https://commons.wikimedia.org/wiki/File:Monet_w588.jpg
589,От-Иль,Haute-Isle,Wikimedia Commons (скан каталога),https://commons.wikimedia.org/wiki/Special:FilePath/Monet_w589.jpg,593,490,0.3,https://commons.wikimedia.org/wiki/File:Monet_w589.jpg
590,Предвечерний час в Ветёе,Late Afternoon in Vetheuil,Wikimedia Commons (скан каталога),https://commons.wikimedia.org/wiki/Special:FilePath/Monet_w590.jpg,736,534,0.4,https://commons.wikimedia.org/wiki/File:Monet_w590.jpg
591,Холмы в Ветёе,The Hills at Vetheuil,Wikimedia Commons (скан каталога),"https://commons.wikimedia.org/wiki/Special:FilePath/Monet_-_Wildenstein_1996,_591.png",750,445,0.3,"https://commons.wikimedia.org/wiki/File:Monet_-_Wildenstein_1996,_591.png"
592,Вид Ветёя,View of Vétheuil,Wikimedia Commons,https://commons.wikimedia.org/wiki/Special:FilePath/Claude_Monet_-_View_of_Vétheuil.jpg,4400,5876,25.9,https://commons.wikimedia.org/wiki/File:Claude_Monet_-_View_of_Vétheuil.jpg
593,Маковое поле,A Poppy Field,Wikimedia Commons (скан каталога),https://commons.wikimedia.org/wiki/Special:FilePath/Monet_w593(1).jpg,826,1000,0.8,https://commons.wikimedia.org/wiki/File:Monet_w593(1).jpg
594,Ветёй,Vétheuil,Wikimedia Commons,https://commons.wikimedia.org/wiki/Special:FilePath/Claude_Monet_Vetheuil_01.jpg,4654,3473,16.2,https://commons.wikimedia.org/wiki/File:Claude_Monet_Vetheuil_01.jpg
595,"Ветёй, вид с острова Сен-Мартен",Vetheuil seen from the Ile Saint Martin,Wikimedia Commons (скан каталога),https://commons.wikimedia.org/wiki/Special:FilePath/Monet_w595.jpg,673,458,0.3,https://commons.wikimedia.org/wiki/File:Monet_w595.jpg
596,"Ветёй, вид с острова Сен-Мартен",Vetheuil seen from Ile Saint Martin,Wikimedia Commons (скан каталога),https://commons.wikimedia.org/wiki/Special:FilePath/Monet_w596.jpg,1024,763,0.8,https://commons.wikimedia.org/wiki/File:Monet_w596.jpg
597,Берега Сены близ Ветёя,Banks of the Seine near Vetheuil,National Gallery of Art (CC0),https://api.nga.gov/iiif/5dd2009f-7782-43d8-9892-be5733d8f43b/full/max/0/default.jpg,18220,13277,241.9,https://www.nga.gov/collection/art-object-page.46652.html
598,Остров Цветов близ Ветёя,Île aux Fleurs near Vétheuil,Wikimedia Commons,https://commons.wikimedia.org/wiki/Special:FilePath/Claude_Monet_-_Île_aux_Fleurs_near_Vétheuil.jpg,5746,4656,26.8,https://commons.wikimedia.org/wiki/File:Claude_Monet_-_Île_aux_Fleurs_near_Vétheuil.jpg
599,Сена в Ветёе,The Seine at Vétheuil,Wikimedia Commons,https://commons.wikimedia.org/wiki/Special:FilePath/The_Seine_at_Vétheuil_MET_DT1886.jpg,3811,2310,8.8,https://commons.wikimedia.org/wiki/File:The_Seine_at_Vétheuil_MET_DT1886.jpg
600,Сена и холмы Шантемеля,The Seine and the Chantemesle Hills,Wikimedia Commons,https://commons.wikimedia.org/wiki/Special:FilePath/La_Seine_et_les_côteaux_de_Chantemesle_.jpg,512,339,0.2,https://commons.wikimedia.org/wiki/File:La_Seine_et_les_côteaux_de_Chantemesle_.jpg
601,Малый рукав Сены в Ветёе,The Small Arm of the Seine at Vetheuil,Wikimedia Commons (скан каталога),https://commons.wikimedia.org/wiki/Special:FilePath/Monet_w601.jpg,736,587,0.4,https://commons.wikimedia.org/wiki/File:Monet_w601.jpg
602,Ветёй,Vetheuil,Wikimedia Commons,https://commons.wikimedia.org/wiki/Special:FilePath/Vue_de_Vétheuil_(1880)_Claude_Monet_(W_602).jpg,908,599,0.5,https://commons.wikimedia.org/wiki/File:Vue_de_Vétheuil_(1880)_Claude_Monet_(W_602).jpg
603,Вид на Ветёй,View of Vetheuil,Wikimedia Commons,https://commons.wikimedia.org/wiki/Special:FilePath/Claude_Monet_-_View_of_Vétheuil_-_Google_Art_Project.jpg,2612,3272,8.5,https://commons.wikimedia.org/wiki/File:Claude_Monet_-_View_of_Vétheuil_-_Google_Art_Project.jpg
604,Вид на Ветёй,View of Vetheuil,Wikimedia Commons (скан каталога),"https://commons.wikimedia.org/wiki/Special:FilePath/Monet_-_Wildenstein_1996,_604.png",327,283,0.1,"https://commons.wikimedia.org/wiki/File:Monet_-_Wildenstein_1996,_604.png"
605,Ветёй летом,Vetheuil in Summer,Wikimedia Commons,https://commons.wikimedia.org/wiki/Special:FilePath/Vétheuil_in_Summer_MET_DT1898.jpg,3811,2292,8.7,https://commons.wikimedia.org/wiki/File:Vétheuil_in_Summer_MET_DT1898.jpg
606,Сена в Ветёе,The Seine at Vetheuil,Wikimedia Commons (скан каталога),https://commons.wikimedia.org/wiki/Special:FilePath/Monet_w606.jpg,1000,729,0.7,https://commons.wikimedia.org/wiki/File:Monet_w606.jpg
607,Ветёй,Vetheuil,Wikimedia Commons,https://commons.wikimedia.org/wiki/Special:FilePath/Claude_Monet_-_Vétheuil_(W_607).jpg,2000,1494,3.0,https://commons.wikimedia.org/wiki/File:Claude_Monet_-_Vétheuil_(W_607).jpg
608,Ветёй,Vetheuil,Wikimedia Commons (скан каталога),https://commons.wikimedia.org/wiki/Special:FilePath/Monet_w608.jpg,1024,610,0.6,https://commons.wikimedia.org/wiki/File:Monet_w608.jpg
609,Вид на Ветёй,View of Vetheuil,Wikimedia Commons,https://commons.wikimedia.org/wiki/Special:FilePath/1880_Monet_Vetheuil-sur-Seine_anagoria.JPG,5370,3168,17.0,https://commons.wikimedia.org/wiki/File:1880_Monet_Vetheuil-sur-Seine_anagoria.JPG
610,Сена в Ветёе,The Seine at Vetheuil,Wikimedia Commons,"https://commons.wikimedia.org/wiki/Special:FilePath/The_Seine_at_Vetheuil,_by_Claude_Monet,_c._1880,_oil_on_canvas_-_Portland_Museum_of_Art_-_Portland,_Maine_-_DSC03977.jpg",3713,3075,11.4,"https://commons.wikimedia.org/wiki/File:The_Seine_at_Vetheuil,_by_Claude_Monet,_c._1880,_oil_on_canvas_-_Portland_Museum_of_Art_-_Portland,_Maine_-_DSC03977.jpg"
611,Ивы,The Willows,National Gallery of Art (CC0),https://api.nga.gov/iiif/98e60cb0-0cd5-42ec-8e2f-373104b12e3f/full/max/0/default.jpg,15922,12764,203.2,https://www.nga.gov/collection/art-object-page.178254.html
612,Ивы в Ветёе,The Willows at Vetheuil,Wikimedia Commons (скан каталога),"https://commons.wikimedia.org/wiki/Special:FilePath/Monet_-_Wildenstein_1996,_612.png",372,286,0.1,"https://commons.wikimedia.org/wiki/File:Monet_-_Wildenstein_1996,_612.png"
613,"Женщина, сидящая под ивами",Woman Sitting under the Willows,National Gallery of Art (CC0),https://api.nga.gov/iiif/7dbe4a11-dbd7-404a-a199-dfb5c5ddc802/full/max/0/default.jpg,23193,31350,727.1,https://www.nga.gov/collection/art-object-page.46653.html
614,Дома в Ветёе,Houses at Vetheuil,Wikimedia Commons (скан каталога),"https://commons.wikimedia.org/wiki/Special:FilePath/Monet_-_Wildenstein_1996,_614.png",379,286,0.1,"https://commons.wikimedia.org/wiki/File:Monet_-_Wildenstein_1996,_614.png"
615,Берег Сены,The Bank of the Seine,Wikimedia Commons,https://commons.wikimedia.org/wiki/Special:FilePath/Monet_Seine.jpg,2748,2236,6.1,https://commons.wikimedia.org/wiki/File:Monet_Seine.jpg
616,Ручей близ Ветёя,The Brook near Vetheuil,Wikimedia Commons (скан каталога),"https://commons.wikimedia.org/wiki/Special:FilePath/Monet_-_Wildenstein_1996,_616.png",357,484,0.2,"https://commons.wikimedia.org/wiki/File:Monet_-_Wildenstein_1996,_616.png"
617,Портрет Жанны Серво,Portrait of Jeanne Serveau,Wikimedia Commons (скан каталога),https://commons.wikimedia.org/wiki/Special:FilePath/Monet_w617.jpg,847,1024,0.9,https://commons.wikimedia.org/wiki/File:Monet_w617.jpg
618,Месье Кокре (отец),Monsieur Coqueret (Father),Wikimedia Commons,"https://commons.wikimedia.org/wiki/Special:FilePath/Monet_-_Monsieur_Coqueret_(Father),_1880.jpg",788,1024,0.8,"https://commons.wikimedia.org/wiki/File:Monet_-_Monsieur_Coqueret_(Father),_1880.jpg"
619,Бланш Ошеде в детстве,Blanche Hoschede as a child,Wikimedia Commons,https://commons.wikimedia.org/wiki/Special:FilePath/Claude_Monet_-_Portrait_of_Blanche_Hoschede_(1864-1947)_as_a_Young_Girl_c1880_-_(MeisterDrucke-115698)_W619.jpg,822,1024,0.8,https://commons.wikimedia.org/wiki/File:Claude_Monet_-_Portrait_of_Blanche_Hoschede_(1864-1947)_as_a_Young_Girl_c1880_-_(MeisterDrucke-115698)_W619.jpg
620,Андре Лавре,Andre Lauvray,Wikimedia Commons,https://commons.wikimedia.org/wiki/Special:FilePath/Portrait_d'André_Lauvray_(1880)_Claude_Monet_(W_620).jpg,2880,3551,10.2,https://commons.wikimedia.org/wiki/File:Portrait_d'André_Lauvray_(1880)_Claude_Monet_(W_620).jpg
621,Скалы в Пти-Даль,The Cliffs of Les Petites-Dalles,Wikimedia Commons,"https://commons.wikimedia.org/wiki/Special:FilePath/Monet_-_Cliffs_of_the_Petites_Dalles,_1880.jpg",1600,1208,1.9,"https://commons.wikimedia.org/wiki/File:Monet_-_Cliffs_of_the_Petites_Dalles,_1880.jpg"
622,Море в Ле-Пти-Даль,The Sea at Les Petites-Dalles,Wikimedia Commons (скан каталога),"https://commons.wikimedia.org/wiki/Special:FilePath/Monet_-_Wildenstein_1996,_622.png",432,304,0.1,"https://commons.wikimedia.org/wiki/File:Monet_-_Wildenstein_1996,_622.png"
623,Волна,The Wave,Wikimedia Commons,https://commons.wikimedia.org/wiki/Special:FilePath/La_Vague_(1880)_Claude_Monet_(W623).jpg,852,632,0.5,https://commons.wikimedia.org/wiki/File:La_Vague_(1880)_Claude_Monet_(W623).jpg
624,"Открытое море, штормовая погода","Open Sea, Rough Weather",Wikimedia Commons (скан каталога),https://commons.wikimedia.org/wiki/Special:FilePath/Monet_w624.jpg,1024,766,0.8,https://commons.wikimedia.org/wiki/File:Monet_w624.jpg
625,Георгины,Dahlias,Wikimedia Commons (скан каталога),https://commons.wikimedia.org/wiki/Special:FilePath/Monet_w625_dahlias.jpg,834,1021,0.9,https://commons.wikimedia.org/wiki/File:Monet_w625_dahlias.jpg
626,Букет мальв,Bouquet of Mallows,Wikimedia Commons,https://commons.wikimedia.org/wiki/Special:FilePath/Vase_of_Flowers_Claude_Monet.jpg,2257,2929,6.6,https://commons.wikimedia.org/wiki/File:Vase_of_Flowers_Claude_Monet.jpg
627,Астры,Asters,Wikimedia Commons (скан каталога),https://commons.wikimedia.org/wiki/Special:FilePath/Monet_w627.jpg,525,640,0.3,https://commons.wikimedia.org/wiki/File:Monet_w627.jpg
628,Букет подсолнухов,Bouquet of Sunflowers,Wikimedia Commons,https://commons.wikimedia.org/wiki/Special:FilePath/Claude_Monet_052.jpg,3208,3966,12.7,https://commons.wikimedia.org/wiki/File:Claude_Monet_052.jpg
629,Топинамбур,Jerusalem Artichokes,Wikimedia Commons,https://commons.wikimedia.org/wiki/Special:FilePath/Jerusalem_Artichoke_Flowers_E10330.jpg,12622,17418,219.8,https://commons.wikimedia.org/wiki/File:Jerusalem_Artichoke_Flowers_E10330.jpg
630,Корзина с яблоками,Basket of Apples,Wikimedia Commons (скан каталога),https://commons.wikimedia.org/wiki/Special:FilePath/Monet_w630_bastek_of_apples.jpg,1024,814,0.8,https://commons.wikimedia.org/wiki/File:Monet_w630_bastek_of_apples.jpg
631,Груши и виноград,Pears and Grapes,Wikimedia Commons,"https://commons.wikimedia.org/wiki/Special:FilePath/Monet_-_Birnen_und_Trauben,_1880.jpg",1250,1018,1.3,"https://commons.wikimedia.org/wiki/File:Monet_-_Birnen_und_Trauben,_1880.jpg"
632,Портрет Жана Моне,Portrait of Jean Monet,Wikimedia Commons,https://commons.wikimedia.org/wiki/Special:FilePath/Monet_-_portrait-of-jean-monet.jpg,280,344,0.1,https://commons.wikimedia.org/wiki/File:Monet_-_portrait-of-jean-monet.jpg
633,Мишель Моне в шапочке с помпоном,Michel Monet with a Pompom,Wikimedia Commons,https://commons.wikimedia.org/wiki/Special:FilePath/Claude_Monet_Portrait_Michel_Pompom_Hat.JPG,367,482,0.2,https://commons.wikimedia.org/wiki/File:Claude_Monet_Portrait_Michel_Pompom_Hat.JPG
634,Хризантемы,Chrysanthemums,Wikimedia Commons,https://commons.wikimedia.org/wiki/Special:FilePath/Chrysanthemums_(Monet).JPG,1638,1986,3.3,https://commons.wikimedia.org/wiki/File:Chrysanthemums_(Monet).JPG
635,Красные хризантемы,Chrysanthèmes rouges,Wikimedia Commons,https://commons.wikimedia.org/wiki/Special:FilePath/Claude_Monet_-_Chrysanthèmes_rouges.jpg,787,1024,0.8,https://commons.wikimedia.org/wiki/File:Claude_Monet_-_Chrysanthèmes_rouges.jpg
636,Портрет месье Кокре (сына),Portrait of Mr Coqueret (son),Wikimedia Commons (скан каталога),"https://commons.wikimedia.org/wiki/Special:FilePath/Monet_-_Wildenstein_1996,_636.png",357,417,0.1,"https://commons.wikimedia.org/wiki/File:Monet_-_Wildenstein_1996,_636.png"
637,Портрет,Portrait,нет открытого изображения,,,,,
638,Разлив Сены в Ветёе,The Flood of the Seine at Vetheuil,Wikimedia Commons,https://commons.wikimedia.org/wiki/Special:FilePath/La_Seine_en_crue_à_Vétheuil_(1881)_Claude_Monet_(W_638).jpg,746,597,0.4,https://commons.wikimedia.org/wiki/File:La_Seine_en_crue_à_Vétheuil_(1881)_Claude_Monet_(W_638).jpg
639,Ветёй. Затопленный луг,"Vetheuil, Prairie inondée",Wikimedia Commons (скан каталога),https://commons.wikimedia.org/wiki/Special:FilePath/Monet_w639.jpg,1020,827,0.8,https://commons.wikimedia.org/wiki/File:Monet_w639.jpg
640,Весна в Ветёе,Spring in Vetheuil,Wikimedia Commons (скан каталога),https://commons.wikimedia.org/wiki/Special:FilePath/Monet_w640.jpg,736,546,0.4,https://commons.wikimedia.org/wiki/File:Monet_w640.jpg
641,Наводнение в Ветёе,The Flood at Vetheuil,Wikimedia Commons (скан каталога),https://commons.wikimedia.org/wiki/Special:FilePath/Monet_w641.jpg,1024,837,0.9,https://commons.wikimedia.org/wiki/File:Monet_w641.jpg
642,Наводнение,The Flood,Wikimedia Commons (скан каталога),https://commons.wikimedia.org/wiki/Special:FilePath/Monet_w642.jpg,1023,615,0.6,https://commons.wikimedia.org/wiki/File:Monet_w642.jpg
643,Замок Ла-Рош-Гийон,The Chateau of Roche-Guyon,Wikimedia Commons (скан каталога),https://commons.wikimedia.org/wiki/Special:FilePath/Monet_w643.jpg,1024,775,0.8,https://commons.wikimedia.org/wiki/File:Monet_w643.jpg
644,Лодка во время отлива в Фекане,Boat at Low Tide at Fecamp,Wikimedia Commons,"https://commons.wikimedia.org/wiki/Special:FilePath/Monet_-_Boat_Lying_at_Low_Tide,_1881.jpg",950,1292,1.2,"https://commons.wikimedia.org/wiki/File:Monet_-_Boat_Lying_at_Low_Tide,_1881.jpg"
645,Лодки на берегу во время отлива в Фекане,Boats Lying at Low Tide at Fecamp,Wikimedia Commons (скан каталога),https://commons.wikimedia.org/wiki/Special:FilePath/Monet_w645.jpg,834,1024,0.9,https://commons.wikimedia.org/wiki/File:Monet_w645.jpg
646,Мол в Фекане в непогоду,Jetty at Fecamp in bad weather,Wikimedia Commons (скан каталога),https://commons.wikimedia.org/wiki/Special:FilePath/Monet_w646_jetty_at_fecamp_in_rough_weather.jpg,1024,746,0.8,https://commons.wikimedia.org/wiki/File:Monet_w646_jetty_at_fecamp_in_rough_weather.jpg
647,Морской пейзаж близ Фекана,Seascape near Fecamp,Wikimedia Commons (скан каталога),https://commons.wikimedia.org/wiki/Special:FilePath/Monet_w647.jpg,1024,747,0.8,https://commons.wikimedia.org/wiki/File:Monet_w647.jpg
648,"Море, вид со скал Фекана",The Sea Seen from the Cliffs of Fecamp,Wikimedia Commons,https://commons.wikimedia.org/wiki/Special:FilePath/La_Mer_vue_des_falaises_(1881)_Claude_Monet_(W_648).jpg,2880,2322,6.7,https://commons.wikimedia.org/wiki/File:La_Mer_vue_des_falaises_(1881)_Claude_Monet_(W_648).jpg
649,Штиль. Фекан,"Calm Weather, Fecamp",Wikimedia Commons (скан каталога),https://commons.wikimedia.org/wiki/Special:FilePath/Monet_w649.jpg,736,538,0.4,https://commons.wikimedia.org/wiki/File:Monet_w649.jpg
650,Штиль. Пурвиль,"Temps calme, Pourville",Wikimedia Commons,https://commons.wikimedia.org/wiki/Special:FilePath/Claude_Monet_-_Temps_calme_Pourville.jpg,1000,806,0.8,https://commons.wikimedia.org/wiki/File:Claude_Monet_-_Temps_calme_Pourville.jpg
651,Утро у моря,Morning by the sea,Wikimedia Commons (скан каталога),https://commons.wikimedia.org/wiki/Special:FilePath/Monet_w651_morning_by_the_sea.jpg,1024,749,0.8,https://commons.wikimedia.org/wiki/File:Monet_w651_morning_by_the_sea.jpg
652,"Фекан, у моря","Fecamp, by the Sea",Wikimedia Commons,"https://commons.wikimedia.org/wiki/Special:FilePath/Le_Havre_-_MAM_-_Claude_Monet_-_Fécamps,_bord_de_mer.jpg",3658,3059,11.2,"https://commons.wikimedia.org/wiki/File:Le_Havre_-_MAM_-_Claude_Monet_-_Fécamps,_bord_de_mer.jpg"
653,Скала в Гренвале близ Фекана,Cliff at Grainval near Fécamp,Wikimedia Commons (скан каталога),https://commons.wikimedia.org/wiki/Special:FilePath/Monet_w653.jpg,1024,749,0.8,https://commons.wikimedia.org/wiki/File:Monet_w653.jpg
654,Скала в Грайвале,The Cliff at Graibal,Wikimedia Commons (скан каталога),"https://commons.wikimedia.org/wiki/Special:FilePath/Monet_-_Wildenstein_1996,_654.png",325,255,0.1,"https://commons.wikimedia.org/wiki/File:Monet_-_Wildenstein_1996,_654.png"
655,Вид из Гренваля,View Taken from Grainval,Wikimedia Commons (скан каталога),https://commons.wikimedia.org/wiki/Special:FilePath/Monet_w655.jpg,1023,756,0.8,https://commons.wikimedia.org/wiki/File:Monet_w655.jpg
656,Скала в Фекане,Cliff at Fecamp,Wikimedia Commons,https://commons.wikimedia.org/wiki/Special:FilePath/La_Falaise_à_Fécamp_-_Claude_Monet_-_ABDAG003046.jpg,800,642,0.5,https://commons.wikimedia.org/wiki/File:La_Falaise_à_Fécamp_-_Claude_Monet_-_ABDAG003046.jpg
656a,Скала близ Фекана,Cliff near Fecamp,Wikimedia Commons (скан каталога),https://commons.wikimedia.org/wiki/Special:FilePath/Monet_w656a_cliff_near_fecamp.jpg,927,688,0.6,https://commons.wikimedia.org/wiki/File:Monet_w656a_cliff_near_fecamp.jpg
657,На скале в Фекане,On the Cliff at Fecamp,Wikimedia Commons (скан каталога),https://commons.wikimedia.org/wiki/Special:FilePath/Monet_w657.jpg,500,398,0.2,https://commons.wikimedia.org/wiki/File:Monet_w657.jpg
658,Пляж в Фекане,The Beach at Fecamp,Wikimedia Commons (скан каталога),https://commons.wikimedia.org/wiki/Special:FilePath/Monet_w658.jpg,1024,570,0.6,https://commons.wikimedia.org/wiki/File:Monet_w658.jpg
659,Море в Фекане,The Sea at Fecamp,Wikimedia Commons (скан каталога),"https://commons.wikimedia.org/wiki/Special:FilePath/Monet_-_Wildenstein_1996,_659.png",358,280,0.1,"https://commons.wikimedia.org/wiki/File:Monet_-_Wildenstein_1996,_659.png"
660,Море в Фекане,The Sea at Fecamp,Wikimedia Commons,"https://commons.wikimedia.org/wiki/Special:FilePath/Monet_-_Das_Meer_bei_Fécamp,_1881.jpg",1000,805,0.8,"https://commons.wikimedia.org/wiki/File:Monet_-_Das_Meer_bei_Fécamp,_1881.jpg"
661,Разбивающиеся волны,Waves Breaking,Wikimedia Commons,"https://commons.wikimedia.org/wiki/Special:FilePath/Monet_-_Waves_Breaking,_1881.jpg",800,589,0.5,"https://commons.wikimedia.org/wiki/File:Monet_-_Waves_Breaking,_1881.jpg"
662,Этюд моря,Sea Study,Wikimedia Commons (скан каталога),https://commons.wikimedia.org/wiki/Special:FilePath/Monet_w662.jpg,1024,703,0.7,https://commons.wikimedia.org/wiki/File:Monet_w662.jpg
663,Бурное море,A Stormy Sea,Wikimedia Commons (скан каталога),https://commons.wikimedia.org/wiki/Special:FilePath/Monet_w663.jpg,1024,834,0.9,https://commons.wikimedia.org/wiki/File:Monet_w663.jpg
664,Скалы Пти-Даль,Cliffs of Les Petites-Dalles,Wikimedia Commons (скан каталога),https://commons.wikimedia.org/wiki/Special:FilePath/Monet_w664.jpg,736,611,0.4,https://commons.wikimedia.org/wiki/File:Monet_w664.jpg
665,Скалы в Пти-Даль,Cliffs at Les Petites-Dalles,Wikimedia Commons (скан каталога),"https://commons.wikimedia.org/wiki/Special:FilePath/Monet_-_Wildenstein_1996,_665.png",389,283,0.1,"https://commons.wikimedia.org/wiki/File:Monet_-_Wildenstein_1996,_665.png"
665a,Скалы в Пти-Даль,Cliffs at Les Petites-Dalles,Wikimedia Commons (скан каталога),"https://commons.wikimedia.org/wiki/Special:FilePath/Monet_-_Wildenstein_1996,_665a.png",362,283,0.1,"https://commons.wikimedia.org/wiki/File:Monet_-_Wildenstein_1996,_665a.png"
665b,Ле-Петит-Даль,Les Petites-Dalles,Wikimedia Commons (скан каталога),"https://commons.wikimedia.org/wiki/Special:FilePath/Monet_-_Wildenstein_1996,_665b.png",358,281,0.1,"https://commons.wikimedia.org/wiki/File:Monet_-_Wildenstein_1996,_665b.png"
666,Сад в Ветёе,Garden at Vetheuil,Wikimedia Commons,https://commons.wikimedia.org/wiki/Special:FilePath/MB-Mon-08_Monet_Der-Garten-von-Vetheuil_1.jpg,2560,2029,5.2,https://commons.wikimedia.org/wiki/File:MB-Mon-08_Monet_Der-Garten-von-Vetheuil_1.jpg
667,Скалы Шантемеля,The Rocks de Chantemesle,Wikimedia Commons (скан каталога),https://commons.wikimedia.org/wiki/Special:FilePath/Monet_w667.jpg,1024,778,0.8,https://commons.wikimedia.org/wiki/File:Monet_w667.jpg
668,Ветёй на закате,Vetheuil at Sunset,Wikimedia Commons (скан каталога),https://commons.wikimedia.org/wiki/Special:FilePath/Monet_w668.jpg,1024,832,0.9,https://commons.wikimedia.org/wiki/File:Monet_w668.jpg
669,Склоны холмов близ Ветёя,Hillsides near Vétheuil,Wikimedia Commons (скан каталога),https://commons.wikimedia.org/wiki/Special:FilePath/Monet_w669.jpg,1023,678,0.7,https://commons.wikimedia.org/wiki/File:Monet_w669.jpg
670,Ветёй,Vetheuil,Wikimedia Commons (скан каталога),https://commons.wikimedia.org/wiki/Special:FilePath/Monet_w670.jpg,1024,644,0.7,https://commons.wikimedia.org/wiki/File:Monet_w670.jpg
671,Сена с высот Шантемеля,"The Seine, from Chantemesle's Heights",Wikimedia Commons (скан каталога),https://commons.wikimedia.org/wiki/Special:FilePath/Monet_w671.jpg,1024,698,0.7,https://commons.wikimedia.org/wiki/File:Monet_w671.jpg
672,Церковь в Ветёе,The Church at Vetheuil,Wikimedia Commons,https://commons.wikimedia.org/wiki/Special:FilePath/L'église_de_Vétheuil_(1881)_Claude_Monet_(W_672).jpg,640,414,0.3,https://commons.wikimedia.org/wiki/File:L'église_de_Vétheuil_(1881)_Claude_Monet_(W_672).jpg
673,Сена в Ветёе,The Seine at Vetheuil,Wikimedia Commons,https://commons.wikimedia.org/wiki/Special:FilePath/Claude_Monet_-_La_Seine_à_Vétheuil_(1881).jpg,2119,1545,3.3,https://commons.wikimedia.org/wiki/File:Claude_Monet_-_La_Seine_à_Vétheuil_(1881).jpg
674,Сена между Ветёем и Ла-Рош-Гийоном,The Seine between Vetheuil and La Roche-Guyon,Wikimedia Commons (скан каталога),"https://commons.wikimedia.org/wiki/Special:FilePath/Monet_-_Wildenstein_1996,_674.png",351,257,0.1,"https://commons.wikimedia.org/wiki/File:Monet_-_Wildenstein_1996,_674.png"
675,Берега Сены близ Ветёя,The Banks of the Seine near Vetheuil,Wikimedia Commons,https://commons.wikimedia.org/wiki/Special:FilePath/Les_bords_de_la_Seine_près_de_Vétheuil_(1881)_Claude_Monet_(W675).jpg,848,634,0.5,https://commons.wikimedia.org/wiki/File:Les_bords_de_la_Seine_près_de_Vétheuil_(1881)_Claude_Monet_(W675).jpg
676,Пшеничное поле,Wheatfield,Wikimedia Commons,https://commons.wikimedia.org/wiki/Special:FilePath/MB-Mon-09_Monet_Weizenfeld_1.jpg,2560,2047,5.2,https://commons.wikimedia.org/wiki/File:MB-Mon-09_Monet_Weizenfeld_1.jpg
677,Маковое поле,Champ de coquelicots,Wikimedia Commons,https://commons.wikimedia.org/wiki/Special:FilePath/Claude_Monet_-_Poppy_Field_-_Google_Art_Project_(430231).jpg,5209,3809,19.8,https://commons.wikimedia.org/wiki/File:Claude_Monet_-_Poppy_Field_-_Google_Art_Project_(430231).jpg
678,"Дорога среди маковых полей, остров Сен-Мартен","Lane in the Poppy Fields, Ile Saint-Martin",Wikimedia Commons (скан каталога),https://commons.wikimedia.org/wiki/Special:FilePath/Monet_w678_lane_in_ile_st_martin.jpg,529,640,0.3,https://commons.wikimedia.org/wiki/File:Monet_w678_lane_in_ile_st_martin.jpg
679,Пейзаж на острове Сен-Мартен,Landscape on the Ile Saint Martin,Wikimedia Commons,https://commons.wikimedia.org/wiki/Special:FilePath/MB-Mon-10_Monet_Landschaft-auf-der-Ile-Saint-Martin_1.jpg,1920,2348,4.5,https://commons.wikimedia.org/wiki/File:MB-Mon-10_Monet_Landschaft-auf-der-Ile-Saint-Martin_1.jpg
680,Алиса Ошеде в саду,Alice Hoschede in the Garden,Wikimedia Commons,https://commons.wikimedia.org/wiki/Special:FilePath/Alice_Hoschedé_au_jardin_(1881)_Claude_Monet_(W_680).jpg,2880,3513,10.1,https://commons.wikimedia.org/wiki/File:Alice_Hoschedé_au_jardin_(1881)_Claude_Monet_(W_680).jpg
681,Терраса в Ветёе,The Terrace at Vetheuil,Wikimedia Commons (скан каталога),https://commons.wikimedia.org/wiki/Special:FilePath/Monet_w681_the_terrace_at_vetheuil.jpg,396,500,0.2,https://commons.wikimedia.org/wiki/File:Monet_w681_the_terrace_at_vetheuil.jpg
682,Сад Моне в Ветёе,Monet's Garden at Vetheuil,Wikimedia Commons,https://commons.wikimedia.org/wiki/Special:FilePath/Monet_-_the-steps-at-vetheuil.jpg,511,640,0.3,https://commons.wikimedia.org/wiki/File:Monet_-_the-steps-at-vetheuil.jpg
683,Сад в Ветёе,The Garden at Vetheuil,Wikimedia Commons,https://commons.wikimedia.org/wiki/Special:FilePath/The_Artist's_garden_at_Vetheuil_by_Claude_Monet.jpg,1941,2387,4.6,https://commons.wikimedia.org/wiki/File:The_Artist's_garden_at_Vetheuil_by_Claude_Monet.jpg
684,Сад Моне в Ветёе,Monet's Garden at Vetheuil,Wikimedia Commons (скан каталога),https://commons.wikimedia.org/wiki/Special:FilePath/Monet_w684.jpg,824,1023,0.8,https://commons.wikimedia.org/wiki/File:Monet_w684.jpg
685,Сад художника в Ветёе,The Artist's Garden at Vetheuil,National Gallery of Art (CC0),https://api.nga.gov/iiif/9fc88734-2f9a-4da8-8d46-2b570b201223/full/max/0/default.jpg,23052,28846,665.0,https://www.nga.gov/collection/art-object-page.52189.html
686,"Хижина в Трувиле, отлив","Hut in Trouville, Low Tide",Wikimedia Commons,"https://commons.wikimedia.org/wiki/Special:FilePath/Monet,_Claude_-_Hut_in_Trouville,_Low_Tide,_the_(1881).jpg",2000,1635,3.3,"https://commons.wikimedia.org/wiki/File:Monet,_Claude_-_Hut_in_Trouville,_Low_Tide,_the_(1881).jpg"
687,Морской берег в Трувиле,Seacoast at Trouville,Wikimedia Commons,"https://commons.wikimedia.org/wiki/Special:FilePath/Monet_-_Seacoast_at_Trouville,_1881.jpg",1024,767,0.8,"https://commons.wikimedia.org/wiki/File:Monet_-_Seacoast_at_Trouville,_1881.jpg"
688,"Скалы Варанжвиля, порыв ветра","Cliffs of Varengeville, Gust of Wind",Wikimedia Commons (скан каталога),https://commons.wikimedia.org/wiki/Special:FilePath/Monet_w688.jpg,736,914,0.7,https://commons.wikimedia.org/wiki/File:Monet_w688.jpg
689,"Скала в Сент-Адрессе, пасмурная погода","Falaise de Sainte-Adresse, temps gris",Wikimedia Commons,"https://commons.wikimedia.org/wiki/Special:FilePath/Claude_Monet_-_Falaise_de_Sainte-Adresse,_temps_gris_-_Ordrupgaard.jpg",2048,1684,3.4,"https://commons.wikimedia.org/wiki/File:Claude_Monet_-_Falaise_de_Sainte-Adresse,_temps_gris_-_Ordrupgaard.jpg"
690,Садовая калитка в Ветёе,The Garden Gate at Vetheuil,Wikimedia Commons,https://commons.wikimedia.org/wiki/Special:FilePath/LA_PORTE_DU_JARDIN_À_VÉTHEUIL.PNG,816,669,0.5,https://commons.wikimedia.org/wiki/File:LA_PORTE_DU_JARDIN_À_VÉTHEUIL.PNG
691,Садовая калитка,The Garden Gate,Wikimedia Commons (скан каталога),https://commons.wikimedia.org/wiki/Special:FilePath/Monet_w691.jpg,843,1024,0.9,https://commons.wikimedia.org/wiki/File:Monet_w691.jpg
692,Цветы в Ветёе,Flowers at Vetheuil,Wikimedia Commons (скан каталога),https://commons.wikimedia.org/wiki/Special:FilePath/Monet_w692.jpg,1024,821,0.8,https://commons.wikimedia.org/wiki/File:Monet_w692.jpg
693,Цветы в Ветёе,Flowers at Vetheuil,Wikimedia Commons,https://commons.wikimedia.org/wiki/Special:FilePath/Claude_Monet_-_Flower_Beds_at_Vétheuil_-_Google_Art_Project.jpg,4517,5701,25.8,https://commons.wikimedia.org/wiki/File:Claude_Monet_-_Flower_Beds_at_Vétheuil_-_Google_Art_Project.jpg
694,Гладиолусы,Gladiolus,Wikimedia Commons (скан каталога),https://commons.wikimedia.org/wiki/Special:FilePath/Monet_w694.jpg,416,1023,0.4,https://commons.wikimedia.org/wiki/File:Monet_w694.jpg
695,Гладиолусы,Gladiolus,Wikimedia Commons (скан каталога),https://commons.wikimedia.org/wiki/Special:FilePath/Monet_w695.jpg,425,1024,0.4,https://commons.wikimedia.org/wiki/File:Monet_w695.jpg
696,Вид Ветёя,View of Vétheuil,Wikimedia Commons,https://commons.wikimedia.org/wiki/Special:FilePath/Monet_-_Blick_auf_Vétheuil_-_1881.jpeg,4464,3564,15.9,https://commons.wikimedia.org/wiki/File:Monet_-_Blick_auf_Vétheuil_-_1881.jpeg
697,Церковь в Ветёе,L'église à Vétheuil,Wikimedia Commons,https://commons.wikimedia.org/wiki/Special:FilePath/L'église_à_Vétheuil_(1881)_Claude_Monet_(W_697).jpg,853,693,0.6,https://commons.wikimedia.org/wiki/File:L'église_à_Vétheuil_(1881)_Claude_Monet_(W_697).jpg
698,Уголок на берегу Сены,A Spot on the Banks of the Seine,Wikimedia Commons,https://commons.wikimedia.org/wiki/Special:FilePath/Monet_-_spot-on-the-banks-of-the-seine.jpg,280,385,0.1,https://commons.wikimedia.org/wiki/File:Monet_-_spot-on-the-banks-of-the-seine.jpg
699,Берега Сены близ Ветёя,Banks of the Seine near Vetheuil,Wikimedia Commons,https://commons.wikimedia.org/wiki/Special:FilePath/BERGES_DE_LA_SEINE_PRÈS_DE_VÉTHEUIL_(1881)_Claude_Monet_(W_699).jpg,2880,2308,6.6,https://commons.wikimedia.org/wiki/File:BERGES_DE_LA_SEINE_PRÈS_DE_VÉTHEUIL_(1881)_Claude_Monet_(W_699).jpg
700,Близ Ветёя,Near Vetheuil,Wikimedia Commons (скан каталога),https://commons.wikimedia.org/wiki/Special:FilePath/Monet_w700_near_vetheuil.jpg,1014,808,0.8,https://commons.wikimedia.org/wiki/File:Monet_w700_near_vetheuil.jpg
701,Рукава Сены в Ветёе,Arms of the Seine at Vetheuil,Wikimedia Commons (скан каталога),"https://commons.wikimedia.org/wiki/Special:FilePath/Monet_-_Wildenstein_1996,_701.png",469,283,0.1,"https://commons.wikimedia.org/wiki/File:Monet_-_Wildenstein_1996,_701.png"
702,Сена вечером,Evening Effect of the Seine,Wikimedia Commons (скан каталога),https://commons.wikimedia.org/wiki/Special:FilePath/Monet_w702.jpg,1024,744,0.8,https://commons.wikimedia.org/wiki/File:Monet_w702.jpg
703,Река,The River,Wikimedia Commons,https://commons.wikimedia.org/wiki/Special:FilePath/MB-Mon-11_Monet_Der-Fluss_1.jpg,2560,1878,4.8,https://commons.wikimedia.org/wiki/File:MB-Mon-11_Monet_Der-Fluss_1.jpg
704,Сена в Ветёе,The Seine at Vetheuil,Wikimedia Commons (скан каталога),https://commons.wikimedia.org/wiki/Special:FilePath/Monet_w704.jpg,1024,807,0.8,https://commons.wikimedia.org/wiki/File:Monet_w704.jpg
705,На лугу (Ветёй),In the Meadow (Vetheuil],Wikimedia Commons (скан каталога),"https://commons.wikimedia.org/wiki/Special:FilePath/Monet_-_Wildenstein_1996,_705.png",359,283,0.1,"https://commons.wikimedia.org/wiki/File:Monet_-_Wildenstein_1996,_705.png"
706,"Порт Дьепа, вечер","Port of Dieppe, Evening",Wikimedia Commons (скан каталога),https://commons.wikimedia.org/wiki/Special:FilePath/Monet_w706.jpg,1024,826,0.8,https://commons.wikimedia.org/wiki/File:Monet_w706.jpg
707,Дьеп,Dieppe,Wikimedia Commons (скан каталога),https://commons.wikimedia.org/wiki/Special:FilePath/Monet_w707.jpg,1024,821,0.8,https://commons.wikimedia.org/wiki/File:Monet_w707.jpg
708,Скала близ Дьепа,Cliff near Dieppe,Wikimedia Commons (скан каталога),https://commons.wikimedia.org/wiki/Special:FilePath/Monet_w708.jpg,1024,758,0.8,https://commons.wikimedia.org/wiki/File:Monet_w708.jpg
709,"Лодки на пляже в Пурвиле, отлив","Boats on the Beach at Pourville, Low Tide",Wikimedia Commons (скан каталога),"https://commons.wikimedia.org/wiki/Special:FilePath/Monet_-_Wildenstein_1996,_709.png",389,279,0.1,"https://commons.wikimedia.org/wiki/File:Monet_-_Wildenstein_1996,_709.png"
710,Пляж и скалы в Пурвиле,Beach and Cliffs at Pourville,Wikimedia Commons (скан каталога),"https://commons.wikimedia.org/wiki/Special:FilePath/Monet_-_Wildenstein_1996,_710.png",385,281,0.1,"https://commons.wikimedia.org/wiki/File:Monet_-_Wildenstein_1996,_710.png"
711,Туманное утро в Пурвиле,Foggy Morning at Pourville,Wikimedia Commons,https://commons.wikimedia.org/wiki/Special:FilePath/Le_Matin_temps_brumeux_Pourville_(1882)_Claude_Monet_-_Birmingham_Museum_of_Art_(W_711).jpg,2400,1955,4.7,https://commons.wikimedia.org/wiki/File:Le_Matin_temps_brumeux_Pourville_(1882)_Claude_Monet_-_Birmingham_Museum_of_Art_(W_711).jpg
712,Отлив в Пурвиле,Low Tide at Pourville,Wikimedia Commons (скан каталога),https://commons.wikimedia.org/wiki/Special:FilePath/Monet_w712_low_tide_at_pourville.jpg,1024,754,0.8,https://commons.wikimedia.org/wiki/File:Monet_w712_low_tide_at_pourville.jpg
713,Морской пейзаж. Пурвиль,"Seascape, Pourville",Wikimedia Commons (скан каталога),"https://commons.wikimedia.org/wiki/Special:FilePath/Monet_-_Wildenstein_1996,_713.png",370,282,0.1,"https://commons.wikimedia.org/wiki/File:Monet_-_Wildenstein_1996,_713.png"
714,Рыбацкие лодки у Пурвиля,Fishing boats off Pourville,Wikimedia Commons (скан каталога),https://commons.wikimedia.org/wiki/Special:FilePath/Monet_w714.jpg,736,604,0.4,https://commons.wikimedia.org/wiki/File:Monet_w714.jpg
715,Рыбацкие лодки в Пурвиле,Fishing Boats at Pourville,Wikimedia Commons (скан каталога),"https://commons.wikimedia.org/wiki/Special:FilePath/Monet_-_Wildenstein_1996,_715.png",362,284,0.1,"https://commons.wikimedia.org/wiki/File:Monet_-_Wildenstein_1996,_715.png"
716,Отлив в Пурвиле,Low Tide at Pourville,Wikimedia Commons,"https://commons.wikimedia.org/wiki/Special:FilePath/Low_Tide_at_Pourville,_by_Claude_Monet,_Cleveland_Museum_of_Art,_1947.196.jpg",15254,11254,171.7,"https://commons.wikimedia.org/wiki/File:Low_Tide_at_Pourville,_by_Claude_Monet,_Cleveland_Museum_of_Art,_1947.196.jpg"
717,Пурвиль близ Дьепа,"Pourville, near Dieppe",Wikimedia Commons (скан каталога),https://commons.wikimedia.org/wiki/Special:FilePath/Monet_w717.jpg,1024,745,0.8,https://commons.wikimedia.org/wiki/File:Monet_w717.jpg
718,Бурное море в Пурвиле,Rough Sea at Pourville,Wikimedia Commons (скан каталога),https://commons.wikimedia.org/wiki/Special:FilePath/Monet_w718.jpg,995,837,0.8,https://commons.wikimedia.org/wiki/File:Monet_w718.jpg
719,Скала близ Дьепа,Cliff near Dieppe,Wikimedia Commons,"https://commons.wikimedia.org/wiki/Special:FilePath/Monet_-_Cliffs_near_Dieppe,_1882.jpg",840,617,0.5,"https://commons.wikimedia.org/wiki/File:Monet_-_Cliffs_near_Dieppe,_1882.jpg"
720,"Скалы, пасмурная погода","Cliffs, Grey Weather",Wikimedia Commons (скан каталога),https://commons.wikimedia.org/wiki/Special:FilePath/Monet_w720.jpg,1024,758,0.8,https://commons.wikimedia.org/wiki/File:Monet_w720.jpg
721,Скалы в Пурвиле в тумане,Cliffs at Pourville in the Fog,Wikimedia Commons (скан каталога),https://commons.wikimedia.org/wiki/Special:FilePath/Monet_w721.jpg,640,511,0.3,https://commons.wikimedia.org/wiki/File:Monet_w721.jpg
722,Отлив в Варанжвиле,Low Tide at Varengeville,Wikimedia Commons,https://commons.wikimedia.org/wiki/Special:FilePath/Claude_Monet_img_568.jpg,5152,3864,19.9,https://commons.wikimedia.org/wiki/File:Claude_Monet_img_568.jpg
723,Варанжвиль. Отлив,"Varengeville, Low Tide",Wikimedia Commons,"https://commons.wikimedia.org/wiki/Special:FilePath/Monet_-_Varengeville,_Ebbe.jpeg",3492,2964,10.4,"https://commons.wikimedia.org/wiki/File:Monet_-_Varengeville,_Ebbe.jpeg"
724,Туман близ Дьепа,The Effect of Fog near Dieppe,Wikimedia Commons (скан каталога),https://commons.wikimedia.org/wiki/Special:FilePath/Monet_w724.jpg,1024,754,0.8,https://commons.wikimedia.org/wiki/File:Monet_w724.jpg
725,Церковь в Варанжвиле в пасмурную погоду,"The Church at Varengeville, Grey Weather",Wikimedia Commons,"https://commons.wikimedia.org/wiki/Special:FilePath/Claude_Monet_-_The_Church_at_Varengeville,_Grey_Weather_(1882).jpg",3005,2423,7.3,"https://commons.wikimedia.org/wiki/File:Claude_Monet_-_The_Church_at_Varengeville,_Grey_Weather_(1882).jpg"
726,Церковь в Варанжвиле. Закат,"The Church at Varengeville, Sunset",Wikimedia Commons,"https://commons.wikimedia.org/wiki/Special:FilePath/Claude_Monet_-_L'Église_de_Varengeville,_soleil_couchant_(1882).jpg",3200,2559,8.2,"https://commons.wikimedia.org/wiki/File:Claude_Monet_-_L'Église_de_Varengeville,_soleil_couchant_(1882).jpg"
727,Церковь в Варанжвиле на фоне заката,"The Church at Varengeville, against the Sunset",Wikimedia Commons,"https://commons.wikimedia.org/wiki/Special:FilePath/The_Church_at_Varengeville_by_Claude_Monet,_1882,_Barber_Institute_of_Fine_Arts_01.jpg",3656,2920,10.7,"https://commons.wikimedia.org/wiki/File:The_Church_at_Varengeville_by_Claude_Monet,_1882,_Barber_Institute_of_Fine_Arts_01.jpg"
728,Церковь в Варанжвиле и ущелье Ле-Мутье,The Church at Varengeville and the Gorge of Les Moutiers,Wikimedia Commons,https://commons.wikimedia.org/wiki/Special:FilePath/The_Church_of_Varengeville_and_the_Gorge_of_Moutiers_Pass_by_Claude_Monet.JPG,2970,2142,6.4,https://commons.wikimedia.org/wiki/File:The_Church_of_Varengeville_and_the_Gorge_of_Moutiers_Pass_by_Claude_Monet.JPG
729,Побережье в Варанжвиле,The Coast of Varengeville,Wikimedia Commons (скан каталога),https://commons.wikimedia.org/wiki/Special:FilePath/Monet_w729.jpg,1024,813,0.8,https://commons.wikimedia.org/wiki/File:Monet_w729.jpg
730,Ущелье в Варанжвиле,The Gorge at Varengeville,Wikimedia Commons,"https://commons.wikimedia.org/wiki/Special:FilePath/The_Gorge_at_Varengeville_by_Claude_Monet,_1882.JPG",3070,2405,7.4,"https://commons.wikimedia.org/wiki/File:The_Gorge_at_Varengeville_by_Claude_Monet,_1882.JPG"
731,Таможня. Утро,"The Customs House, Morning Effect",Wikimedia Commons,https://commons.wikimedia.org/wiki/Special:FilePath/Cabin_of_the_Customs_Watch_MET_DT1905.jpg,3811,2868,10.9,https://commons.wikimedia.org/wiki/File:Cabin_of_the_Customs_Watch_MET_DT1905.jpg
732,Рыбацкий домик в Варанжвиле,Fisherman's Cottage at Varengeville,Wikimedia Commons,https://commons.wikimedia.org/wiki/Special:FilePath/Claude_Monet_029.jpg,14526,11939,173.4,https://commons.wikimedia.org/wiki/File:Claude_Monet_029.jpg
733,Домик таможенника,Custom Officer's Cabin,Wikimedia Commons (скан каталога),https://commons.wikimedia.org/wiki/Special:FilePath/Monet_w733.jpg,1024,843,0.9,https://commons.wikimedia.org/wiki/File:Monet_w733.jpg
734,Дом рыбака в Варанжвиле в облачную погоду,"The Fisherman's House at Varengeville, cloudy weather",Wikimedia Commons,https://commons.wikimedia.org/wiki/Special:FilePath/Claude_Monet_-_La_Cabane_des_Douaniers_a_Pourville_(1882).jpg,1702,1400,2.4,https://commons.wikimedia.org/wiki/File:Claude_Monet_-_La_Cabane_des_Douaniers_a_Pourville_(1882).jpg
735,Таможенный пост в Дьепе,Custom's Post at Dieppe,Wikimedia Commons (скан каталога),https://commons.wikimedia.org/wiki/Special:FilePath/Monet_w735.jpg,1024,855,0.9,https://commons.wikimedia.org/wiki/File:Monet_w735.jpg
736,"Домик таможенника, утро","Custom's House, Morning Effect",Wikimedia Commons (скан каталога),https://commons.wikimedia.org/wiki/Special:FilePath/Monet_w736.jpg,1024,838,0.9,https://commons.wikimedia.org/wiki/File:Monet_w736.jpg
737,"Домик таможенника, после полудня",Customs House. Afternoon Effect,Wikimedia Commons,"https://commons.wikimedia.org/wiki/Special:FilePath/Claude_Monet,_Cabane_des_douaniers_(1882)_©Alban_Gilbert.jpg",3070,2166,6.6,"https://commons.wikimedia.org/wiki/File:Claude_Monet,_Cabane_des_douaniers_(1882)_©Alban_Gilbert.jpg"
738,"Домик таможенника, бурное море","Custom's House, Rough Sea",Wikimedia Commons (скан каталога),https://commons.wikimedia.org/wiki/Special:FilePath/Monet_w738.jpg,1024,745,0.8,https://commons.wikimedia.org/wiki/File:Monet_w738.jpg
739,"Дом таможенника, Варанжвиль","House of the Customs Officer, Varengeville",Wikimedia Commons,"https://commons.wikimedia.org/wiki/Special:FilePath/Monet_-_House_of_the_Customs_Officer,_Varengeville,_1882.jpg",2400,1953,4.7,"https://commons.wikimedia.org/wiki/File:Monet_-_House_of_the_Customs_Officer,_Varengeville,_1882.jpg"
740,Прилив в Пурвиле,Rising Tide in Pourville,Wikimedia Commons,"https://commons.wikimedia.org/wiki/Special:FilePath/Monet_-_Rising_Tide_at_Pourville_(Marée_montante_à_Pourville),_1882.jpg",1536,1227,1.9,"https://commons.wikimedia.org/wiki/File:Monet_-_Rising_Tide_at_Pourville_(Marée_montante_à_Pourville),_1882.jpg"
741,Рыбацкий домик в Пти-Айи,Fisherman's House at Petit Ailly,Wikimedia Commons (скан каталога),"https://commons.wikimedia.org/wiki/Special:FilePath/Monet_-_Wildenstein_1996,_741.png",436,342,0.1,"https://commons.wikimedia.org/wiki/File:Monet_-_Wildenstein_1996,_741.png"
742,Таможня в Пурвиле,The Customs House at Pourville,Wikimedia Commons (скан каталога),"https://commons.wikimedia.org/wiki/Special:FilePath/Monet_-_Wildenstein_1996,_742.png",433,331,0.1,"https://commons.wikimedia.org/wiki/File:Monet_-_Wildenstein_1996,_742.png"
743,Домик таможенника,Customs House,Wikimedia Commons,"https://commons.wikimedia.org/wiki/Special:FilePath/Monet_-_The_Customs_House,_Varengeville,_1882.jpg",1500,1103,1.7,"https://commons.wikimedia.org/wiki/File:Monet_-_The_Customs_House,_Varengeville,_1882.jpg"
744,Портрет папаши Поля,"The Chef, Pere Paul",Wikimedia Commons,https://commons.wikimedia.org/wiki/Special:FilePath/Claude_Monet_-_Der_Koch_(Le_Père_Paul)_-_540_-_Österreichische_Galerie_Belvedere.jpg,2832,3508,9.9,https://commons.wikimedia.org/wiki/File:Claude_Monet_-_Der_Koch_(Le_Père_Paul)_-_540_-_Österreichische_Galerie_Belvedere.jpg
745,Эжени Графф (мадам Поль),Eugenie Graff (Madame Paul),Wikimedia Commons,"https://commons.wikimedia.org/wiki/Special:FilePath/Monet_-_Eugénie_Graff_(Madame_Paul),_1882.jpg",2037,2400,4.9,"https://commons.wikimedia.org/wiki/File:Monet_-_Eugénie_Graff_(Madame_Paul),_1882.jpg"
745a,Голова собаки,Head of the Dog,Wikimedia Commons (скан каталога),https://commons.wikimedia.org/wiki/Special:FilePath/Monet_w745a.jpg,824,1024,0.8,https://commons.wikimedia.org/wiki/File:Monet_w745a.jpg
746,Галеты,The Galettes,Wikimedia Commons,https://commons.wikimedia.org/wiki/Special:FilePath/Claude_Monet_-_Les_Galettes.jpg,1020,812,0.8,https://commons.wikimedia.org/wiki/File:Claude_Monet_-_Les_Galettes.jpg
747,Липы в Пуасси,Les Tilleuls à Poissy,Wikimedia Commons,https://commons.wikimedia.org/wiki/Special:FilePath/Les_Tilleuls_à_Poissy.png,2214,2774,6.1,https://commons.wikimedia.org/wiki/File:Les_Tilleuls_à_Poissy.png
748,Рыбаки в Пуасси,Anglers on the Seine at Poissy,Wikimedia Commons,https://commons.wikimedia.org/wiki/Special:FilePath/Claude_Monet_021.jpg,1772,1290,2.3,https://commons.wikimedia.org/wiki/File:Claude_Monet_021.jpg
749,Два рыболова,Two Anglers,Wikimedia Commons,https://commons.wikimedia.org/wiki/Special:FilePath/Claude_Monet_Les_Deux_Pêcheurs_(W_749).jpg,1494,1086,1.6,https://commons.wikimedia.org/wiki/File:Claude_Monet_Les_Deux_Pêcheurs_(W_749).jpg
750,Подлесок в лесу Сен-Жермен,Undergrowth in the Forest of Saint-Germain,Wikimedia Commons,https://commons.wikimedia.org/wiki/Special:FilePath/Sous-bois_dans_la_forêt_de_Saint-Germain_by_Monet_(Yamagata_Museum_of_Art).jpg,381,480,0.2,https://commons.wikimedia.org/wiki/File:Sous-bois_dans_la_forêt_de_Saint-Germain_by_Monet_(Yamagata_Museum_of_Art).jpg
751,Край скал в Пурвиле,Edge of the Cliffs at Pourville,Wikimedia Commons (скан каталога),https://commons.wikimedia.org/wiki/Special:FilePath/Monet_w751.jpg,1024,610,0.6,https://commons.wikimedia.org/wiki/File:Monet_w751.jpg
752,Край скалы в Пурвиле,Edge of the Cliff at Pourville,Wikimedia Commons,"https://commons.wikimedia.org/wiki/Special:FilePath/Barberini_August_2023-Claude_Monet_-_Kante_der_Steilküste_bei_Pourville,_1882_-_Sammlung_Hasso_Plattner.jpg",4236,3329,14.1,"https://commons.wikimedia.org/wiki/File:Barberini_August_2023-Claude_Monet_-_Kante_der_Steilküste_bei_Pourville,_1882_-_Sammlung_Hasso_Plattner.jpg"
753,Тропа среди пшеницы в Пурвиле,Path in the Wheat in Pourville,Wikimedia Commons,https://commons.wikimedia.org/wiki/Special:FilePath/Claude_Monet_-_Chemin_dans_les_blés_à_Pourville_(1882).jpg,2100,1579,3.3,https://commons.wikimedia.org/wiki/File:Claude_Monet_-_Chemin_dans_les_blés_à_Pourville_(1882).jpg
754,Скала в Пурвиле,Cliff at Pourville,National Gallery of Art (CC0),https://api.nga.gov/iiif/31a2c319-1d47-4119-82c1-dbe8f9ed2e58/full/max/0/default.jpg,20692,12341,255.4,https://www.nga.gov/collection/art-object-page.66425.html
755,Вид на море,View over the Sea,Wikimedia Commons,https://commons.wikimedia.org/wiki/Special:FilePath/View_over_the_Sea_(Claude_Monet)_-_Nationalmuseum_-_19182.tif,3519,2775,9.8,https://commons.wikimedia.org/wiki/File:View_over_the_Sea_(Claude_Monet)_-_Nationalmuseum_-_19182.tif
756,"На скале в Пурвиле, ясная погода",On the Cliff at Pourville Clear Weather,Wikimedia Commons,"https://commons.wikimedia.org/wiki/Special:FilePath/Claude_Monet_-_On_the_Cliff_at_Pourville,_Clear_Weather,_1882.jpg",805,640,0.5,"https://commons.wikimedia.org/wiki/File:Claude_Monet_-_On_the_Cliff_at_Pourville,_Clear_Weather,_1882.jpg"
757,Край скалы в Пурвиле,Edges of the cliff at Pourville,Wikimedia Commons,"https://commons.wikimedia.org/wiki/Special:FilePath/""Rand_der_Steilküste_bei_Pourville""_(1882)_von_Claude_Monet_-_Staatsgalerie_Stuttgart.jpg",640,526,0.3,"https://commons.wikimedia.org/wiki/File:""Rand_der_Steilküste_bei_Pourville""_(1882)_von_Claude_Monet_-_Staatsgalerie_Stuttgart.jpg"
758,Прогулка к утёсу в Пурвиле,"The Cliff Walk, Pourville",Art Institute of Chicago (CC0),https://www.artic.edu/iiif/2/4d1b3ad0-14db-0d21-ad9f-17abb8bdfbb5/full/max/0/default.jpg,6018,4842,29.1,https://www.artic.edu/artworks/81537
759,Скала в Дьепе,The Cliff at Dieppe,Wikimedia Commons (скан каталога),https://commons.wikimedia.org/wiki/Special:FilePath/Monet_w759.jpg,1024,824,0.8,https://commons.wikimedia.org/wiki/File:Monet_w759.jpg
760,Тропа в Ла-Каве в Пурвиле,Path at La Cavée at Pourville,Wikimedia Commons (скан каталога),https://commons.wikimedia.org/wiki/Special:FilePath/Monet_w760.jpg,820,1024,0.8,https://commons.wikimedia.org/wiki/File:Monet_w760.jpg
761,Тропа в Пурвиле,Path at Pourville,Wikimedia Commons (скан каталога),https://commons.wikimedia.org/wiki/Special:FilePath/Monet_w761.jpg,839,1024,0.9,https://commons.wikimedia.org/wiki/File:Monet_w761.jpg
762,Дорога в Ла-Каве. Пурвиль,"The Path at La Cavee, Pourville",Wikimedia Commons,"https://commons.wikimedia.org/wiki/Special:FilePath/Claude_Monet_-_Road_at_La_Cavée,_Pourville_-_Google_Art_Project.jpg",5426,4007,21.7,"https://commons.wikimedia.org/wiki/File:Claude_Monet_-_Road_at_La_Cavée,_Pourville_-_Google_Art_Project.jpg"
763,Тропинка,The Path,Wikimedia Commons (скан каталога),https://commons.wikimedia.org/wiki/Special:FilePath/Monet_w_763_the_path.jpg,1024,833,0.9,https://commons.wikimedia.org/wiki/File:Monet_w_763_the_path.jpg
764,Пурвиль,Pourville,Wikimedia Commons (скан каталога),https://commons.wikimedia.org/wiki/Special:FilePath/Monet_w764.jpg,1024,849,0.9,https://commons.wikimedia.org/wiki/File:Monet_w764.jpg
765,Долина Си в Пурвиле,The Valley of the Scie at Pourville,Wikimedia Commons (скан каталога),https://commons.wikimedia.org/wiki/Special:FilePath/Monet_w765.jpg,1024,774,0.8,https://commons.wikimedia.org/wiki/File:Monet_w765.jpg
766,"Река в Пурвиле, отлив","The River at Pourville, Low Tide",Wikimedia Commons (скан каталога),"https://commons.wikimedia.org/wiki/Special:FilePath/Monet_-_Wildenstein_1996,_766.png",402,311,0.1,"https://commons.wikimedia.org/wiki/File:Monet_-_Wildenstein_1996,_766.png"
767,Скалы в Пурвиле. Отлив,"The Rocks at Pourville, Low Tide",Wikimedia Commons,"https://commons.wikimedia.org/wiki/Special:FilePath/Monet_-_The_Rocks_at_Pourville,_Low_Tide,_1882.jpg",300,240,0.1,"https://commons.wikimedia.org/wiki/File:Monet_-_The_Rocks_at_Pourville,_Low_Tide,_1882.jpg"
768,Рыбацкие сети в Пурвиле,Fishing Nets at Pourville,Wikimedia Commons,https://commons.wikimedia.org/wiki/Special:FilePath/Claude_Monet_-_Fishing_nets_at_Pourville_-_Google_Art_Project.jpg,8056,6023,48.5,https://commons.wikimedia.org/wiki/File:Claude_Monet_-_Fishing_nets_at_Pourville_-_Google_Art_Project.jpg
769,Рыбацкие сети в Пурвиле,Fishing Nets at Pourville,Wikimedia Commons (скан каталога),https://commons.wikimedia.org/wiki/Special:FilePath/Monet_w_769_fishing_nets_at_pourville.jpg,997,833,0.8,https://commons.wikimedia.org/wiki/File:Monet_w_769_fishing_nets_at_pourville.jpg
770,Парк в Пурвиле,Un Parc à Pourville,Wikimedia Commons (скан каталога),"https://commons.wikimedia.org/wiki/Special:FilePath/Monet_-_Wildenstein_1996,_770.png",399,321,0.1,"https://commons.wikimedia.org/wiki/File:Monet_-_Wildenstein_1996,_770.png"
771,Закат в Пурвиле. Открытое море,"Sunset at Pourville, Open Sea",Wikimedia Commons (скан каталога),https://commons.wikimedia.org/wiki/Special:FilePath/Monet_w771.jpg,640,469,0.3,https://commons.wikimedia.org/wiki/File:Monet_w771.jpg
772,Марина близ Этрета,Marine near Étretat,Wikimedia Commons,https://commons.wikimedia.org/wiki/Special:FilePath/Marine_near_Étretat.JPG,5184,3456,17.9,https://commons.wikimedia.org/wiki/File:Marine_near_Étretat.JPG
773,Море в Пурвиле,The Sea at Pourville,Wikimedia Commons (скан каталога),"https://commons.wikimedia.org/wiki/Special:FilePath/Monet_-_Wildenstein_1996,_773.png",398,309,0.1,"https://commons.wikimedia.org/wiki/File:Monet_-_Wildenstein_1996,_773.png"
774,Марина,Marine,Wikimedia Commons (скан каталога),https://commons.wikimedia.org/wiki/Special:FilePath/Monet_w_774_seascape.jpg,1024,830,0.8,https://commons.wikimedia.org/wiki/File:Monet_w_774_seascape.jpg
775,Морской пейзаж в Пурвиле,Seascape at Pourville,Wikimedia Commons,"https://commons.wikimedia.org/wiki/Special:FilePath/Seascape_at_Pourville_by_Claude_Monet,_Columbus_Museum_of_Art_.jpg",771,464,0.4,"https://commons.wikimedia.org/wiki/File:Seascape_at_Pourville_by_Claude_Monet,_Columbus_Museum_of_Art_.jpg"
776,Отлив в Пурвиле,Low Tide at Pourville,Wikimedia Commons (скан каталога),https://commons.wikimedia.org/wiki/Special:FilePath/Monet_w776.jpg,1024,614,0.6,https://commons.wikimedia.org/wiki/File:Monet_w776.jpg
776a,Отлив в Пурвиле,Low Tide at Pourville,Wikimedia Commons (скан каталога),"https://commons.wikimedia.org/wiki/Special:FilePath/Monet_-_Wildenstein_1996,_776a.png",397,225,0.1,"https://commons.wikimedia.org/wiki/File:Monet_-_Wildenstein_1996,_776a.png"
777,Пляж в Пурвиле. Закат,"The Beach at Pourville, Sunset",Wikimedia Commons (скан каталога),https://commons.wikimedia.org/wiki/Special:FilePath/Monet_w777.jpg,1024,817,0.8,https://commons.wikimedia.org/wiki/File:Monet_w777.jpg
778,"Мыс Айи, отлив","L'Ally Point, Low Tide",Wikimedia Commons (скан каталога),https://commons.wikimedia.org/wiki/Special:FilePath/Monet_w778.jpg,1024,608,0.6,https://commons.wikimedia.org/wiki/File:Monet_w778.jpg
778a,Скалы в Пурвиле,The Cliffs at Pourville,Wikimedia Commons (скан каталога),https://commons.wikimedia.org/wiki/Special:FilePath/Monet_w778a.jpg,1024,776,0.8,https://commons.wikimedia.org/wiki/File:Monet_w778a.jpg
779,"Отлив в Пурвиле, туманная погода","Low Tide at Pourville, Misty Weather",Wikimedia Commons (скан каталога),https://commons.wikimedia.org/wiki/Special:FilePath/Monet_w779.jpg,1024,740,0.8,https://commons.wikimedia.org/wiki/File:Monet_w779.jpg
780,Пляж в Пурвиле,The Beach at Pourville,Wikimedia Commons (скан каталога),"https://commons.wikimedia.org/wiki/Special:FilePath/Monet_-_Wildenstein_1996,_780.png",396,283,0.1,"https://commons.wikimedia.org/wiki/File:Monet_-_Wildenstein_1996,_780.png"
781,Закат в Пурвиле,Sunset at Pourville,Wikimedia Commons (скан каталога),https://commons.wikimedia.org/wiki/Special:FilePath/Monet_w781.jpg,640,470,0.3,https://commons.wikimedia.org/wiki/File:Monet_w781.jpg
782,Закат в туманную погоду. Пурвиль,"Soleil couchant, temps brumeux, Pourville",Wikimedia Commons,"https://commons.wikimedia.org/wiki/Special:FilePath/'Soleil_couchant,_temp_brumeux,_Pourville'_by_Claude_Monet,_1882._Oil_on_canvas.jpg",775,640,0.5,"https://commons.wikimedia.org/wiki/File:'Soleil_couchant,_temp_brumeux,_Pourville'_by_Claude_Monet,_1882._Oil_on_canvas.jpg"
783,Парусники в море. Пурвиль,"Sailboats at Sea, Pourville",Wikimedia Commons,https://commons.wikimedia.org/wiki/Special:FilePath/Bateaux_devant_les_falaises_de_Pourville_(1882)_Claude_Monet_(W783).jpg,852,622,0.5,https://commons.wikimedia.org/wiki/File:Bateaux_devant_les_falaises_de_Pourville_(1882)_Claude_Monet_(W783).jpg
784,Парусники в море. Пурвиль,"Sailboats at Sea, Pourville",Wikimedia Commons (скан каталога),https://commons.wikimedia.org/wiki/Special:FilePath/Monet_w784.jpg,1024,483,0.5,https://commons.wikimedia.org/wiki/File:Monet_w784.jpg
785,Скалы и парусники в Пурвиле,Cliffs and Sailboats at Pourville,Wikimedia Commons (скан каталога),https://commons.wikimedia.org/wiki/Special:FilePath/Monet_w785.jpg,1023,690,0.7,https://commons.wikimedia.org/wiki/File:Monet_w785.jpg
786,Рыбацкие лодки у пляжа и скал Пурвиля,Fishing Boats by the Beach and the Cliffs of Pourville,Wikimedia Commons (скан каталога),https://commons.wikimedia.org/wiki/Special:FilePath/Monet_w786.jpg,1024,727,0.7,https://commons.wikimedia.org/wiki/File:Monet_w786.jpg
787,"Пляж и скалы в Пурвиле, утро","Beach and Cliffs at Pourville, Morning Effect",Wikimedia Commons,https://commons.wikimedia.org/wiki/Special:FilePath/Claude_Monet_-_Bord_de_mer_et_falaises_de_Pourville_le_matin_(1882).jpg,8902,7538,67.1,https://commons.wikimedia.org/wiki/File:Claude_Monet_-_Bord_de_mer_et_falaises_de_Pourville_le_matin_(1882).jpg
788,Скалы близ Пурвиля,Cliffs near Pourville,Wikimedia Commons,"https://commons.wikimedia.org/wiki/Special:FilePath/WLANL_-_adagio808_-_Cloude_Monet,_Falaises_près_de_Pourville_(1882).jpg",1920,1427,2.7,"https://commons.wikimedia.org/wiki/File:WLANL_-_adagio808_-_Cloude_Monet,_Falaises_près_de_Pourville_(1882).jpg"
789,Скала,Cliff,Wikimedia Commons,https://commons.wikimedia.org/wiki/Special:FilePath/Falaise_(1882)_CLAUDE_MONET_(W789).jpg,1152,961,1.1,https://commons.wikimedia.org/wiki/File:Falaise_(1882)_CLAUDE_MONET_(W789).jpg
790,Марина,Marine,Wikimedia Commons (скан каталога),https://commons.wikimedia.org/wiki/Special:FilePath/Monet_w790.jpg,736,607,0.4,https://commons.wikimedia.org/wiki/File:Monet_w790.jpg
791,Скалы в Варанжвиле,The Cliffs at Varengeville,Wikimedia Commons (скан каталога),"https://commons.wikimedia.org/wiki/Special:FilePath/Monet_-_Wildenstein_1996,_791.png",400,284,0.1,"https://commons.wikimedia.org/wiki/File:Monet_-_Wildenstein_1996,_791.png"
792,Тени на море. Скалы в Пурвиле,Shadows on the Sea. The Cliffs at Pourville,Wikimedia Commons,https://commons.wikimedia.org/wiki/Special:FilePath/Claude_Monet_-_Shadows_on_the_Sea._The_Cliffs_at_Pourville_-_Google_Art_Project.jpg,4907,3508,17.2,https://commons.wikimedia.org/wiki/File:Claude_Monet_-_Shadows_on_the_Sea._The_Cliffs_at_Pourville_-_Google_Art_Project.jpg
793,Отлив в Варанжвиле,Low Tide at Varengeville,Wikimedia Commons (скан каталога),https://commons.wikimedia.org/wiki/Special:FilePath/Monet_w793.jpg,736,546,0.4,https://commons.wikimedia.org/wiki/File:Monet_w793.jpg
794,Церковь в Варанжвиле. Утро,"The Church at Varengeville, morning effect",Wikimedia Commons (скан каталога),https://commons.wikimedia.org/wiki/Special:FilePath/Monet_w794.jpg,1024,855,0.9,https://commons.wikimedia.org/wiki/File:Monet_w794.jpg
795,Церковь в Варанжвиле. Утро,"The Church at Varengeville, morning effect",Wikimedia Commons,"https://commons.wikimedia.org/wiki/Special:FilePath/Claude_Monet_-_Église_de_Varengeville,_effet_matinal.jpg",1260,1024,1.3,"https://commons.wikimedia.org/wiki/File:Claude_Monet_-_Église_de_Varengeville,_effet_matinal.jpg"
796,Церковь в Варанжвиле,The Church at Varengeville,Wikimedia Commons (скан каталога),https://commons.wikimedia.org/wiki/Special:FilePath/Monet_w796.jpg,1024,746,0.8,https://commons.wikimedia.org/wiki/File:Monet_w796.jpg
797,Лощина в Варанжвиле,"The ""Fonds"" at Varengeville",Wikimedia Commons (скан каталога),https://commons.wikimedia.org/wiki/Special:FilePath/Monet_w797.jpg,1024,822,0.8,https://commons.wikimedia.org/wiki/File:Monet_w797.jpg
798,Ели в Варанжвиле,The Fir Trees at Varengeville,Wikimedia Commons (скан каталога),https://commons.wikimedia.org/wiki/Special:FilePath/Monet_w798.jpg,735,595,0.4,https://commons.wikimedia.org/wiki/File:Monet_w798.jpg
799,Еловая аллея в Варанжвиле,An Avenue of Fir Trees Varengeville,Wikimedia Commons,https://commons.wikimedia.org/wiki/Special:FilePath/Claude_Monet_-_Allée_de_sapins_à_Varengeville_.jpg,1845,2300,4.2,https://commons.wikimedia.org/wiki/File:Claude_Monet_-_Allée_de_sapins_à_Varengeville_.jpg
800,Ели в Варанжвиле,Fir Trees at Varengeville,Wikimedia Commons (скан каталога),https://commons.wikimedia.org/wiki/Special:FilePath/Monet_w800_fir_trees_at_varengeville.jpg,1024,742,0.8,https://commons.wikimedia.org/wiki/File:Monet_w800_fir_trees_at_varengeville.jpg
800a,Сосны в Варанжвиле,Pine Trees at Varengeville,Wikimedia Commons (скан каталога),"https://commons.wikimedia.org/wiki/Special:FilePath/Monet_-_Wildenstein_1996,_800a.png",263,312,0.1,"https://commons.wikimedia.org/wiki/File:Monet_-_Wildenstein_1996,_800a.png"
801,Сосны в Варанжвиле,Pine Trees at Varengeville,Wikimedia Commons (скан каталога),https://commons.wikimedia.org/wiki/Special:FilePath/Monet_w801_pine_trees_at_varengeville.jpg,1024,825,0.8,https://commons.wikimedia.org/wiki/File:Monet_w801_pine_trees_at_varengeville.jpg
802,Скалы в Варанжвиле. Порыв ветра,"The Cliffs of Varengeville, Gust of Wind",Wikimedia Commons (скан каталога),https://commons.wikimedia.org/wiki/Special:FilePath/Monet_w802.jpg,1024,837,0.9,https://commons.wikimedia.org/wiki/File:Monet_w802.jpg
803,Тропа в Пти-Айи. Варанжвиль,The Path of Petit Ailly at Varengeville,Wikimedia Commons (скан каталога),https://commons.wikimedia.org/wiki/Special:FilePath/Monet_w803.jpg,400,316,0.1,https://commons.wikimedia.org/wiki/File:Monet_w803.jpg
804,Дорога в ущелье в Варанжвиле,The Sunken Road in the Cliff at Varangeville,Wikimedia Commons,https://commons.wikimedia.org/wiki/Special:FilePath/The_Sunken_Road_in_the_Cliff_at_Varangeville_-_Monet.tif,2755,2285,6.3,https://commons.wikimedia.org/wiki/File:The_Sunken_Road_in_the_Cliff_at_Varangeville_-_Monet.tif
805,Рыбацкий домик на скалах в Варанжвиле,Fisherman's Cottage on the Cliffs at Varengeville,Wikimedia Commons,https://commons.wikimedia.org/wiki/Special:FilePath/Claude_Monet_-_The_Fisherman's_House_at_Varengeville_(1882).jpg,1876,1262,2.4,https://commons.wikimedia.org/wiki/File:Claude_Monet_-_The_Fisherman's_House_at_Varengeville_(1882).jpg
806,Скала в Гренвале,Cliff at Grainval,Wikimedia Commons (скан каталога),https://commons.wikimedia.org/wiki/Special:FilePath/Monet_w806.jpg,736,608,0.4,https://commons.wikimedia.org/wiki/File:Monet_w806.jpg
807,Пляж в Пурвиле,Beach in Pourville,Wikimedia Commons,"https://commons.wikimedia.org/wiki/Special:FilePath/Sygnatura_Claude_Monet_z_obrazu_,,Plaża_w_Pourville"".jpg",4624,3472,16.1,"https://commons.wikimedia.org/wiki/File:Sygnatura_Claude_Monet_z_obrazu_,,Plaża_w_Pourville"".jpg"
808,Волны и скалы в Пурвиле,Waves and Rocks at Pourville,Wikimedia Commons (скан каталога),https://commons.wikimedia.org/wiki/Special:FilePath/Monet_w808.jpg,640,513,0.3,https://commons.wikimedia.org/wiki/File:Monet_w808.jpg
809,Ваза с пионами,Vase of Peonies,Wikimedia Commons,https://commons.wikimedia.org/wiki/Special:FilePath/Vase_de_pivoines_(1882)_Claude_Monet_(W809).jpg,2880,3622,10.4,https://commons.wikimedia.org/wiki/File:Vase_de_pivoines_(1882)_Claude_Monet_(W809).jpg
810,Цветы в вазе,Flowers in a Vase,Wikimedia Commons,"https://commons.wikimedia.org/wiki/Special:FilePath/Monet_-_Flowers_in_a_Vase,_1888,_1978-1-23.jpg",859,1500,1.3,"https://commons.wikimedia.org/wiki/File:Monet_-_Flowers_in_a_Vase,_1888,_1978-1-23.jpg"
811,Розы в синем кувшине,Roses in a Blue Pitcher,Wikimedia Commons (скан каталога),"https://commons.wikimedia.org/wiki/Special:FilePath/Monet_-_Wildenstein_1996,_811.png",326,453,0.1,"https://commons.wikimedia.org/wiki/File:Monet_-_Wildenstein_1996,_811.png"
812,Ваза с хризантемами,Vase of Chrysanthemums,Wikimedia Commons,https://commons.wikimedia.org/wiki/Special:FilePath/Vase_de_chrysanthèmes_(1882)_Claude_Monet_(W_812).jpg,516,721,0.4,https://commons.wikimedia.org/wiki/File:Vase_de_chrysanthèmes_(1882)_Claude_Monet_(W_812).jpg
813,Мальвы,Mallows,Wikimedia Commons (скан каталога),https://commons.wikimedia.org/wiki/Special:FilePath/Monet_w813_mallows.jpg,329,1024,0.3,https://commons.wikimedia.org/wiki/File:Monet_w813_mallows.jpg
814,Подвешенные фазаны,Hanging Pheasants,Wikimedia Commons (скан каталога),"https://commons.wikimedia.org/wiki/Special:FilePath/Monet_-_Wildenstein_1996,_814.png",202,622,0.1,"https://commons.wikimedia.org/wiki/File:Monet_-_Wildenstein_1996,_814.png"
815,Лодки в порту Гавра,Boats in the Port of Le Havre,Wikimedia Commons (скан каталога),"https://commons.wikimedia.org/wiki/Special:FilePath/Monet_-_Wildenstein_1996,_815.png",356,249,0.1,"https://commons.wikimedia.org/wiki/File:Monet_-_Wildenstein_1996,_815.png"
816,"Этрета, скала Аваль на закате","Etretat, the cliff of Aval at sunset",Wikimedia Commons (скан каталога),https://commons.wikimedia.org/wiki/Special:FilePath/Monet_w816.jpg,1024,773,0.8,https://commons.wikimedia.org/wiki/File:Monet_w816.jpg
817,"Скала. Этрета, закат","The Cliff, Étretat, Sunset",Wikimedia Commons,https://commons.wikimedia.org/wiki/Special:FilePath/Monet_-_Sonnenaufgang_bei_Etretat.jpg,5898,4362,25.7,https://commons.wikimedia.org/wiki/File:Monet_-_Sonnenaufgang_bei_Etretat.jpg
818,Закат в Этрета,Sunset at Étretat,Wikimedia Commons,https://commons.wikimedia.org/wiki/Special:FilePath/Claude_Monet-Soleil_couchant_à_Etretat.jpg,2611,1995,5.2,https://commons.wikimedia.org/wiki/File:Claude_Monet-Soleil_couchant_à_Etretat.jpg
818a,Этрета. Закат,"Étretrat, Sunset",Wikimedia Commons,"https://commons.wikimedia.org/wiki/Special:FilePath/Claude_Monet_-_Étretat,_Coucher_de_Soleil.jpg",3907,3191,12.5,"https://commons.wikimedia.org/wiki/File:Claude_Monet_-_Étretat,_Coucher_de_Soleil.jpg"
819,Скала и Порт-д'Аваль,Cliff and Porte d'Aval,Wikimedia Commons (скан каталога),https://commons.wikimedia.org/wiki/Special:FilePath/Monet_w819.jpg,1024,769,0.8,https://commons.wikimedia.org/wiki/File:Monet_w819.jpg
820,Скала и Порт-д'Аваль в шторм,Cliff and Porte d'Aval in Stormy Weather,Wikimedia Commons,https://commons.wikimedia.org/wiki/Special:FilePath/La_Porte_d'Aval_by_Claude_Monet.jpg,800,574,0.5,https://commons.wikimedia.org/wiki/File:La_Porte_d'Aval_by_Claude_Monet.jpg
821,Штормящее море в Этрета,Stormy Sea in Étretat,Wikimedia Commons,https://commons.wikimedia.org/wiki/Special:FilePath/Monet_-_Mer_agitée_à_Etretat.jpg,4261,3400,14.5,https://commons.wikimedia.org/wiki/File:Monet_-_Mer_agitée_à_Etretat.jpg
822,Грот в скалах близ Этрета,Hollowed Cliff near Étretat,Wikimedia Commons,https://commons.wikimedia.org/wiki/Special:FilePath/Claude_Monet_019.jpg,1256,916,1.2,https://commons.wikimedia.org/wiki/File:Claude_Monet_019.jpg
823,Рыбацкие лодки,Fishing Boats,Wikimedia Commons,https://commons.wikimedia.org/wiki/Special:FilePath/Claude_Monet_-_Fishing_Boats.jpg,2700,1905,5.1,https://commons.wikimedia.org/wiki/File:Claude_Monet_-_Fishing_Boats.jpg
824,Лодки на пляже,Boats on the Beach,Wikimedia Commons (скан каталога),https://commons.wikimedia.org/wiki/Special:FilePath/Monet_w824.jpg,1023,719,0.7,https://commons.wikimedia.org/wiki/File:Monet_w824.jpg
825,Рыбацкие лодки в Этрета,Fishing Boats at Etretat,Wikimedia Commons (скан каталога),https://commons.wikimedia.org/wiki/Special:FilePath/Monet_w825.jpg,736,587,0.4,https://commons.wikimedia.org/wiki/File:Monet_w825.jpg
826,Непогода в Этрета,Rough weather at Étretat,Wikimedia Commons,https://commons.wikimedia.org/wiki/Special:FilePath/Claude_Monet_-_Rough_weather_at_Étretat_-_Google_Art_Project.jpg,4537,3677,16.7,https://commons.wikimedia.org/wiki/File:Claude_Monet_-_Rough_weather_at_Étretat_-_Google_Art_Project.jpg
827,"Этрета. Западные скалы у Порт-д’Амон, бурное море","Étretat, the Western Cliffs at Porte d'Amont, Rough Seas",Wikimedia Commons (скан каталога),"https://commons.wikimedia.org/wiki/Special:FilePath/Monet_-_Wildenstein_1996,_827.png",349,278,0.1,"https://commons.wikimedia.org/wiki/File:Monet_-_Wildenstein_1996,_827.png"
827a,Волны в Этрета,Effect of Waves at Etretat,Wikimedia Commons (скан каталога),https://commons.wikimedia.org/wiki/Special:FilePath/Monet_w827a.jpg,1024,822,0.8,https://commons.wikimedia.org/wiki/File:Monet_w827a.jpg
828,Пляж в Этрета,Beach at Etretat,Wikimedia Commons,https://commons.wikimedia.org/wiki/Special:FilePath/Claude_Monet_020.jpg,1256,1013,1.3,https://commons.wikimedia.org/wiki/File:Claude_Monet_020.jpg
829,Лодки на пляже в Этрета,Boats on the Beach at Etretat,Wikimedia Commons,https://commons.wikimedia.org/wiki/Special:FilePath/Bemberg_Fondation_Toulouse_-_Bateaux_sur_la_plage_à_Etretat_-_Claude_Monet_-_1883_65x81_Inv.2077.jpg,4683,3763,17.6,https://commons.wikimedia.org/wiki/File:Bemberg_Fondation_Toulouse_-_Bateaux_sur_la_plage_à_Etretat_-_Claude_Monet_-_1883_65x81_Inv.2077.jpg
830,Утро в Этрета,Morning at Etretat,Wikimedia Commons (скан каталога),https://commons.wikimedia.org/wiki/Special:FilePath/Monet_w830.jpg,1019,816,0.8,https://commons.wikimedia.org/wiki/File:Monet_w830.jpg
831,Игла в Этрета. Отлив,"The Needle of Etretat, Low Tide",Wikimedia Commons (скан каталога),https://commons.wikimedia.org/wiki/Special:FilePath/Monet_w831.jpg,1024,752,0.8,https://commons.wikimedia.org/wiki/File:Monet_w831.jpg
832,Маннпорт,The Manneporte,Wikimedia Commons,https://commons.wikimedia.org/wiki/Special:FilePath/Claude_Monet_-_La_Manneporte_(Étretat).jpg,3792,3036,11.5,https://commons.wikimedia.org/wiki/File:Claude_Monet_-_La_Manneporte_(Étretat).jpg
833,"Маннпорт, вид снизу","The Manneport, seen from below",Wikimedia Commons (скан каталога),https://commons.wikimedia.org/wiki/Special:FilePath/Monet_w833.jpg,1024,805,0.8,https://commons.wikimedia.org/wiki/File:Monet_w833.jpg
834,Сена в Пор-Вийе,The Seine at Port-Villez,Wikimedia Commons (скан каталога),"https://commons.wikimedia.org/wiki/Special:FilePath/Monet_-_Wildenstein_1996,_834.png",775,448,0.3,"https://commons.wikimedia.org/wiki/File:Monet_-_Wildenstein_1996,_834.png"
835,Островки в Пор-Вийе,Islets at Port-Villez,Wikimedia Commons (скан каталога),https://commons.wikimedia.org/wiki/Special:FilePath/Monet_w835.jpg,1024,620,0.6,https://commons.wikimedia.org/wiki/File:Monet_w835.jpg
836,Пейзаж в Пор-Вийе,Landscape at Port-Villez,Wikimedia Commons,https://commons.wikimedia.org/wiki/Special:FilePath/Exposición_Monet._Luces_del_Impresionismo_en_el_MUNAL_19.jpg,4592,3448,15.8,https://commons.wikimedia.org/wiki/File:Exposición_Monet._Luces_del_Impresionismo_en_el_MUNAL_19.jpg
837,Пейзаж в Вийе близ Вернона,Landscape at Villez near Vernon,Wikimedia Commons (скан каталога),"https://commons.wikimedia.org/wiki/Special:FilePath/Monet_-_Wildenstein_1996,_837.png",360,290,0.1,"https://commons.wikimedia.org/wiki/File:Monet_-_Wildenstein_1996,_837.png"
838,Лето на Сене в Пор-Вилле,Summer Effect on the Seine at Port-Villez,Wikimedia Commons (скан каталога),"https://commons.wikimedia.org/wiki/Special:FilePath/Monet_-_Wildenstein_1996,_838.png",357,282,0.1,"https://commons.wikimedia.org/wiki/File:Monet_-_Wildenstein_1996,_838.png"
839,Холм Нотр-Дам-де-ла-Мер на Сене,The Hill at Notre-Dame-de-la-Mer on the Seine,Wikimedia Commons (скан каталога),"https://commons.wikimedia.org/wiki/Special:FilePath/Monet_-_Wildenstein_1996,_839.png",357,273,0.1,"https://commons.wikimedia.org/wiki/File:Monet_-_Wildenstein_1996,_839.png"
840,Бечевник в Гренвале,The Towpath at Grainval,Wikimedia Commons (скан каталога),https://commons.wikimedia.org/wiki/Special:FilePath/Monet_w840.jpg,1024,822,0.8,https://commons.wikimedia.org/wiki/File:Monet_w840.jpg
841,Островки в Пор-Вийе,Islets at Port-Villez,Wikimedia Commons (скан каталога),"https://commons.wikimedia.org/wiki/Special:FilePath/Monet_-_Wildenstein_1996,_841.png",359,281,0.1,"https://commons.wikimedia.org/wiki/File:Monet_-_Wildenstein_1996,_841.png"
842,Церковь в Верноне,The Church at Vernon,Wikimedia Commons (скан каталога),https://commons.wikimedia.org/wiki/Special:FilePath/Monet_w842_the_church_at_vernon.jpg,1024,823,0.8,https://commons.wikimedia.org/wiki/File:Monet_w842_the_church_at_vernon.jpg
843,Вид церкви в Верноне,View of the Church at Vernon,Wikimedia Commons (скан каталога),https://commons.wikimedia.org/wiki/Special:FilePath/Monet_w843.jpg,1024,807,0.8,https://commons.wikimedia.org/wiki/File:Monet_w843.jpg
844,У реки в Верноне,By the River at Vernon,Wikimedia Commons (скан каталога),https://commons.wikimedia.org/wiki/Special:FilePath/Monet_w844.jpg,1024,840,0.9,https://commons.wikimedia.org/wiki/File:Monet_w844.jpg
845,Дома на Старом мосту в Верноне,Houses on the Old Bridge at Vernon,Wikimedia Commons,https://commons.wikimedia.org/wiki/Special:FilePath/Art_at_the_New_Orleans_Museum_of_Art_-_Houses_on_the_Old_Bridge_at_Vernon_circa_1883_by_Monet.jpg,4268,2808,12.0,https://commons.wikimedia.org/wiki/File:Art_at_the_New_Orleans_Museum_of_Art_-_Houses_on_the_Old_Bridge_at_Vernon_circa_1883_by_Monet.jpg
846,Завтрак под навесом,Luncheon under the Canopy,Wikimedia Commons (скан каталога),https://commons.wikimedia.org/wiki/Special:FilePath/Monet_w846.jpg,1024,873,0.9,https://commons.wikimedia.org/wiki/File:Monet_w846.jpg
847,Мишель Моне в синем свитере,Michel Monet in a Blue Sweater,Wikimedia Commons,https://commons.wikimedia.org/wiki/Special:FilePath/Claude_Monet_-_Michel_Monet_au_chandail_bleu.jpg,868,1024,0.9,https://commons.wikimedia.org/wiki/File:Claude_Monet_-_Michel_Monet_au_chandail_bleu.jpg
848,Ваза с маками,Vase of Poppies,Wikimedia Commons,https://commons.wikimedia.org/wiki/Special:FilePath/Claude_Monet_057.jpg,334,572,0.2,https://commons.wikimedia.org/wiki/File:Claude_Monet_057.jpg
849,Маки в фарфоровой вазе,Poppies in a China Vase,Wikimedia Commons (скан каталога),https://commons.wikimedia.org/wiki/Special:FilePath/Monet_w849.jpg,1320,2161,2.9,https://commons.wikimedia.org/wiki/File:Monet_w849.jpg
850,Дорога в Монте-Карло,Road to Monte Carlo,Wikimedia Commons (скан каталога),https://commons.wikimedia.org/wiki/Special:FilePath/Monet_w850.jpg,1024,819,0.8,https://commons.wikimedia.org/wiki/File:Monet_w850.jpg
851,Близ Монте-Карло,Near Monte Carlo,Wikimedia Commons (скан каталога),https://commons.wikimedia.org/wiki/Special:FilePath/Monet_w851.jpg,1024,826,0.8,https://commons.wikimedia.org/wiki/File:Monet_w851.jpg
852,"Бордигера, Италия","Bordighera, Italy",Wikimedia Commons,https://commons.wikimedia.org/wiki/Special:FilePath/Monet_-_Bordighera_1884.jpg,2560,2088,5.3,https://commons.wikimedia.org/wiki/File:Monet_-_Bordighera_1884.jpg
853,Вид Бордигеры,View of Bordighera,Wikimedia Commons,https://commons.wikimedia.org/wiki/Special:FilePath/Monet_View_of_Bordighiera_31db607334.jpg,4635,3689,17.1,https://commons.wikimedia.org/wiki/File:Monet_View_of_Bordighiera_31db607334.jpg
854,"Виллы Бордигеры (Моне, Орсе)",Villas in Bordighera,Wikimedia Commons,https://commons.wikimedia.org/wiki/Special:FilePath/Monet_-_Bordighera_-_Art_Institute_of_Chicago_1922.426.jpg,3000,2414,7.2,https://commons.wikimedia.org/wiki/File:Monet_-_Bordighera_-_Art_Institute_of_Chicago_1922.426.jpg
855,Страда Романа. Бордигера,"Strada Romana, Bordighera",Wikimedia Commons,https://commons.wikimedia.org/wiki/Special:FilePath/Claude_Monet_Strada_Romana_in_Bordighera.jpg,4125,3491,14.4,https://commons.wikimedia.org/wiki/File:Claude_Monet_Strada_Romana_in_Bordighera.jpg
856,Виллы в Бордигере,Villas at Bordighera,Wikimedia Commons,"https://commons.wikimedia.org/wiki/Special:FilePath/Monet_-_Villas_in_Bordighera,_1884.jpg",1200,953,1.1,"https://commons.wikimedia.org/wiki/File:Monet_-_Villas_in_Bordighera,_1884.jpg"
857,"Виллы Бордигеры (Моне, Орсе)",Villas in Bordighera,Wikimedia Commons,https://commons.wikimedia.org/wiki/Special:FilePath/Claude_Monet_-_Villas_at_Bordighera_-_Google_Art_Project.jpg,4330,3688,16.0,https://commons.wikimedia.org/wiki/File:Claude_Monet_-_Villas_at_Bordighera_-_Google_Art_Project.jpg
857a,Виллы в Бордигере,Villas at Bordighera,Wikimedia Commons,https://commons.wikimedia.org/wiki/Special:FilePath/Claude_Monet_-_Villas_at_Bordighera_-_Google_Art_Project.jpg,4330,3688,16.0,https://commons.wikimedia.org/wiki/File:Claude_Monet_-_Villas_at_Bordighera_-_Google_Art_Project.jpg
858,Валле-Буона близ Бордигеры,Valle Buona near Bordighera,Wikimedia Commons,"https://commons.wikimedia.org/wiki/Special:FilePath/Monet_-_Valle_Buona,_Near_Bordighera,_1884.jpg",9755,6921,67.5,"https://commons.wikimedia.org/wiki/File:Monet_-_Valle_Buona,_Near_Bordighera,_1884.jpg"
859,Долина Сассо. Голубой эффект,"The Valley of Sasso, Blue Effect",Wikimedia Commons (скан каталога),https://commons.wikimedia.org/wiki/Special:FilePath/Monet_w859.jpg,1024,714,0.7,https://commons.wikimedia.org/wiki/File:Monet_w859.jpg
860,"Оливы и пальмы, долина Сассо","Olive and Palm Trees, Valley of Sasso",Wikimedia Commons (скан каталога),https://commons.wikimedia.org/wiki/Special:FilePath/Monet_w860_olive_trees_and_palm_trees_in_the_valley_of_sasso.jpg,1024,805,0.8,https://commons.wikimedia.org/wiki/File:Monet_w860_olive_trees_and_palm_trees_in_the_valley_of_sasso.jpg
861,Долина Сассо,The Valley of Sasso,Wikimedia Commons (скан каталога),https://commons.wikimedia.org/wiki/Special:FilePath/Monet_w861.jpg,1024,835,0.9,https://commons.wikimedia.org/wiki/File:Monet_w861.jpg
862,Долина Сассо. Эффект солнца,"The Valley of Sasso, Sunlight effect",Wikimedia Commons,https://commons.wikimedia.org/wiki/Special:FilePath/Monet-Sasso-Marmottan.jpg,3505,2824,9.9,https://commons.wikimedia.org/wiki/File:Monet-Sasso-Marmottan.jpg
863,Долина Сассо. Бордигера,"The Valley of Sasso, Bordighera",Wikimedia Commons (скан каталога),https://commons.wikimedia.org/wiki/Special:FilePath/Monet_w863.jpg,1003,799,0.8,https://commons.wikimedia.org/wiki/File:Monet_w863.jpg
864,Бурго-Марина в Бордигере,Burgo Marina at Bordighera,Wikimedia Commons (скан каталога),https://commons.wikimedia.org/wiki/Special:FilePath/Monet_w864.jpg,1024,823,0.8,https://commons.wikimedia.org/wiki/File:Monet_w864.jpg
865,Сад Морено в Бордигере,The Moreno Garden at Bordighera,Wikimedia Commons,https://commons.wikimedia.org/wiki/Special:FilePath/The-moreno-garden-at-bordighera.jpg,2000,1575,3.1,https://commons.wikimedia.org/wiki/File:The-moreno-garden-at-bordighera.jpg
866,Сад в Бордигере,"Garden at Bordighera, Impression of Morning",Wikimedia Commons,"https://commons.wikimedia.org/wiki/Special:FilePath/'Garden_at_Bordighera,_Impression_of_Morning'_by_Claude_Monet,_1884,_Hermitage.JPG",2736,2204,6.0,"https://commons.wikimedia.org/wiki/File:'Garden_at_Bordighera,_Impression_of_Morning'_by_Claude_Monet,_1884,_Hermitage.JPG"
867,"Бордигера, дом садовника","Bordighera, the House of the Gardener",Wikimedia Commons,https://commons.wikimedia.org/wiki/Special:FilePath/Claude_Monet_-_Maison_de_jardinier_1884_(W867).jpg,4096,3375,13.8,https://commons.wikimedia.org/wiki/File:Claude_Monet_-_Maison_de_jardinier_1884_(W867).jpg
868,Этюд оливковых деревьев,Study of Olive Trees,Wikimedia Commons,https://commons.wikimedia.org/wiki/Special:FilePath/Monet-olivi.jpg,517,640,0.3,https://commons.wikimedia.org/wiki/File:Monet-olivi.jpg
869,Оливковые деревья в Бордигере,Olive Trees in Bordighera,Wikimedia Commons (скан каталога),https://commons.wikimedia.org/wiki/Special:FilePath/Monet_w869.jpg,1024,829,0.8,https://commons.wikimedia.org/wiki/File:Monet_w869.jpg
870,Оливковая роща в саду Морено,The Olive Tree Wood in the Moreno Garden,Wikimedia Commons (скан каталога),https://commons.wikimedia.org/wiki/Special:FilePath/Monet_w870.jpg,640,518,0.3,https://commons.wikimedia.org/wiki/File:Monet_w870.jpg
871,Этюд оливковых деревьев в Бордигере,Study of Olive Trees at Bordighera,Wikimedia Commons (скан каталога),https://commons.wikimedia.org/wiki/Special:FilePath/Monet_w871.jpg,1320,1097,1.4,https://commons.wikimedia.org/wiki/File:Monet_w871.jpg
872,Оливковая роща в Бордигере,Grove of Olive Trees in Bordighera,Wikimedia Commons (скан каталога),https://commons.wikimedia.org/wiki/Special:FilePath/Monet_w872.jpg,640,511,0.3,https://commons.wikimedia.org/wiki/File:Monet_w872.jpg
873,Под лимонными деревьями,Under the Lemon Trees,Wikimedia Commons,https://commons.wikimedia.org/wiki/Special:FilePath/Monet_-_The_Lemon_Grove_in_Bordighera.jpg,3368,4045,13.6,https://commons.wikimedia.org/wiki/File:Monet_-_The_Lemon_Grove_in_Bordighera.jpg
874,Небольшая ферма в Бордигере,Small Country Farm in Bordighera,Wikimedia Commons,https://commons.wikimedia.org/wiki/Special:FilePath/Monet_-_Palmen_in_Bordighera.jpg,1261,1024,1.3,https://commons.wikimedia.org/wiki/File:Monet_-_Palmen_in_Bordighera.jpg
875,"Пальмы, Бордигера","Palm Trees, Bordighera",Wikimedia Commons (скан каталога),https://commons.wikimedia.org/wiki/Special:FilePath/Monet_w875.jpg,1320,1676,2.2,https://commons.wikimedia.org/wiki/File:Monet_w875.jpg
876,Пальма в Бордигере,A Palm Tree at Bordighera,Wikimedia Commons (скан каталога),https://commons.wikimedia.org/wiki/Special:FilePath/Monet_w876.jpg,1024,843,0.9,https://commons.wikimedia.org/wiki/File:Monet_w876.jpg
877,Пальмы в Бордигере,Palm Trees at Bordighera,Wikimedia Commons,https://commons.wikimedia.org/wiki/Special:FilePath/Claude_Monet_-_Palm_Trees_at_Bordighera.jpg,5886,4653,27.4,https://commons.wikimedia.org/wiki/File:Claude_Monet_-_Palm_Trees_at_Bordighera.jpg
878,Вид Вентимильи,View of Ventimiglia,Wikimedia Commons,"https://commons.wikimedia.org/wiki/Special:FilePath/Monet_-_View_of_Ventimiglia,_1884.jpg",800,563,0.5,"https://commons.wikimedia.org/wiki/File:Monet_-_View_of_Ventimiglia,_1884.jpg"
879,Вид близ Вентимильи,View taken near Ventimiglia,Wikimedia Commons (скан каталога),https://commons.wikimedia.org/wiki/Special:FilePath/Monet_w879.jpg,800,616,0.5,https://commons.wikimedia.org/wiki/File:Monet_w879.jpg
880,Вид на французское побережье из Бордигеры,The French Coast Seen from Bordighera,Wikimedia Commons (скан каталога),"https://commons.wikimedia.org/wiki/Special:FilePath/Monet_-_Wildenstein_1996,_880.png",556,451,0.3,"https://commons.wikimedia.org/wiki/File:Monet_-_Wildenstein_1996,_880.png"
881,Долина Нервии,The Valley of the Nervia,Wikimedia Commons,https://commons.wikimedia.org/wiki/Special:FilePath/Claude_Monet_-_The_Valley_of_the_Nervia.jpg,5585,4572,25.5,https://commons.wikimedia.org/wiki/File:Claude_Monet_-_The_Valley_of_the_Nervia.jpg
882,Дольчеаква,Dolceacqua,Wikimedia Commons (скан каталога),https://commons.wikimedia.org/wiki/Special:FilePath/Monet_w882.jpg,937,746,0.7,https://commons.wikimedia.org/wiki/File:Monet_w882.jpg
883,Замок в Дольчеакве,The Castle at Dolceacqua,Wikimedia Commons (скан каталога),https://commons.wikimedia.org/wiki/Special:FilePath/Monet_w883.jpg,799,1024,0.8,https://commons.wikimedia.org/wiki/File:Monet_w883.jpg
884,Мост в Дольчеакве,Bridge at Dolceacqua,Wikimedia Commons,"https://commons.wikimedia.org/wiki/Special:FilePath/Monet_-_Bridge_at_Dolceacqua,_1884.jpg",1600,1287,2.1,"https://commons.wikimedia.org/wiki/File:Monet_-_Bridge_at_Dolceacqua,_1884.jpg"
885,Долина Нервии с Дольчеаквой,The Valley of the Nervia with Dolceacqua,Wikimedia Commons (скан каталога),https://commons.wikimedia.org/wiki/Special:FilePath/Monet_w885.jpg,1024,809,0.8,https://commons.wikimedia.org/wiki/File:Monet_w885.jpg
886,"Портрет английского художника, Бордигера","Portrait of an English Painter, Bordighera",Wikimedia Commons (скан каталога),"https://commons.wikimedia.org/wiki/Special:FilePath/Monet_-_Wildenstein_1996,_886.png",361,462,0.2,"https://commons.wikimedia.org/wiki/File:Monet_-_Wildenstein_1996,_886.png"
887,Апельсиновая ветка с плодами,Orange Branch Bearing Fruit,Wikimedia Commons,https://commons.wikimedia.org/wiki/Special:FilePath/Monet_-_branch-of-orange-bearing-fruit.jpg,280,385,0.1,https://commons.wikimedia.org/wiki/File:Monet_-_branch-of-orange-bearing-fruit.jpg
888,Лимоны на ветке,Lemons on a Branch,Wikimedia Commons,https://commons.wikimedia.org/wiki/Special:FilePath/Citrons_sur_une_branche_(1884)_Claude_Monet_(W_888).jpg,2880,3461,10.0,https://commons.wikimedia.org/wiki/File:Citrons_sur_une_branche_(1884)_Claude_Monet_(W_888).jpg
889,Красная дорога близ Ментоны,The Red Road near Menton,Wikimedia Commons,https://commons.wikimedia.org/wiki/Special:FilePath/LA_ROUTE_ROUGE_PRÈS_DE_MENTON_(1884)_Claude_Monet_(W_889).jpg,1151,922,1.1,https://commons.wikimedia.org/wiki/File:LA_ROUTE_ROUGE_PRÈS_DE_MENTON_(1884)_Claude_Monet_(W_889).jpg
890,Карниз близ Монако,The Corniche of Monaco,Wikimedia Commons,https://commons.wikimedia.org/wiki/Special:FilePath/Claude_Monet_-_La_Corniche_near_Monaco_-_Google_Art_Project.jpg,3143,2481,7.8,https://commons.wikimedia.org/wiki/File:Claude_Monet_-_La_Corniche_near_Monaco_-_Google_Art_Project.jpg
891,Дорога в Ментону,The Path to Menton,Wikimedia Commons (скан каталога),https://commons.wikimedia.org/wiki/Special:FilePath/Monet_w891.jpg,998,749,0.7,https://commons.wikimedia.org/wiki/File:Monet_w891.jpg
891a,Автопортрет в мастерской,Self Portrait in his Studio,Wikimedia Commons (скан каталога),https://commons.wikimedia.org/wiki/Special:FilePath/Monet_w891a.jpg,911,1024,0.9,https://commons.wikimedia.org/wiki/File:Monet_w891a.jpg
891b,Залив Монако,The Bay of Monaco,Wikimedia Commons,https://commons.wikimedia.org/wiki/Special:FilePath/Claude_Monet_-_La_Baie_de_Monaco_-_NMNM.jpg,1600,1290,2.1,https://commons.wikimedia.org/wiki/File:Claude_Monet_-_La_Baie_de_Monaco_-_NMNM.jpg
892,"Монте-Карло, вид из Рокбрюна",Monte Carlo seen from Roquebrune,Wikimedia Commons,https://commons.wikimedia.org/wiki/Special:FilePath/Claude_Monet_-_Monte_Carlo_vu_de_Roquebrune.jpg,465,369,0.2,https://commons.wikimedia.org/wiki/File:Claude_Monet_-_Monte_Carlo_vu_de_Roquebrune.jpg
892a,"Монте-Карло, вид из Рокбрюна",Monte Carlo seen from Roquebrune,Wikimedia Commons (скан каталога),https://commons.wikimedia.org/wiki/Special:FilePath/Monet_w892a.jpg,2000,1594,3.2,https://commons.wikimedia.org/wiki/File:Monet_w892a.jpg
893,Мыс Мартен,Cap Martin,Wikimedia Commons,https://commons.wikimedia.org/wiki/Special:FilePath/PM_147978_B_Tournai.jpg,1000,794,0.8,https://commons.wikimedia.org/wiki/File:PM_147978_B_Tournai.jpg
894,Мыс Мартен,Cap Martin,Wikimedia Commons (скан каталога),https://commons.wikimedia.org/wiki/Special:FilePath/Monet_w894.jpg,1024,801,0.8,https://commons.wikimedia.org/wiki/File:Monet_w894.jpg
895,Скалы и море,Rocks and Sea,Wikimedia Commons (скан каталога),"https://commons.wikimedia.org/wiki/Special:FilePath/Monet_-_Wildenstein_1996,_895.png",366,282,0.1,"https://commons.wikimedia.org/wiki/File:Monet_-_Wildenstein_1996,_895.png"
896,Мыс Мартен,Cap Martin,Wikimedia Commons,https://commons.wikimedia.org/wiki/Special:FilePath/Au_Cap_Martin_(1884)_Claude_Monet_(W896).jpg,747,601,0.4,https://commons.wikimedia.org/wiki/File:Au_Cap_Martin_(1884)_Claude_Monet_(W896).jpg
897,Прибрежная дорога на мысе Мартен близ Ментоны,"Coastal Road at Cap Martin, near Menton",Wikimedia Commons,"https://commons.wikimedia.org/wiki/Special:FilePath/Monet_-_Cap_Martin,_near_Menton,_1884.jpg",1600,1321,2.1,"https://commons.wikimedia.org/wiki/File:Monet_-_Cap_Martin,_near_Menton,_1884.jpg"
898,Река Эпт в Живерни,The Epte at Giverny,Wikimedia Commons (скан каталога),"https://commons.wikimedia.org/wiki/Special:FilePath/Monet_-_Wildenstein_1996,_898.png",341,285,0.1,"https://commons.wikimedia.org/wiki/File:Monet_-_Wildenstein_1996,_898.png"
899,Река Эпт в Живерни,The River Epte at Giverny,Wikimedia Commons (скан каталога),https://commons.wikimedia.org/wiki/Special:FilePath/Monet_w899.jpg,927,749,0.7,https://commons.wikimedia.org/wiki/File:Monet_w899.jpg
900,Стог сена в Живерни,Haystacks at Giverny,Wikimedia Commons,https://commons.wikimedia.org/wiki/Special:FilePath/Claude_Monet_-_Meule_près_de_Giverny_(1889)_-_Pushkin_Museum_Ж-3398.jpg,10000,8034,80.3,https://commons.wikimedia.org/wiki/File:Claude_Monet_-_Meule_près_de_Giverny_(1889)_-_Pushkin_Museum_Ж-3398.jpg
901,"Стога, пасмурный день","Haystacks, Overcast Day",Wikimedia Commons,"https://commons.wikimedia.org/wiki/Special:FilePath/Claude_Monet,_1884_-_Haystacks_at_Giverny.jpg",900,738,0.7,"https://commons.wikimedia.org/wiki/File:Claude_Monet,_1884_-_Haystacks_at_Giverny.jpg"
902,Стог сена в Живерни,Haystacks at Giverny,Wikimedia Commons (скан каталога),https://commons.wikimedia.org/wiki/Special:FilePath/Monet_w902.jpg,1024,816,0.8,https://commons.wikimedia.org/wiki/File:Monet_w902.jpg
903,Скалы в Пти-Даль,Cliffs at Les Petites-Dalles,Wikimedia Commons,"https://commons.wikimedia.org/wiki/Special:FilePath/Monet_-_Cliffs_at_Les_Petites-Dalles,_1884.jpg",420,343,0.1,"https://commons.wikimedia.org/wiki/File:Monet_-_Cliffs_at_Les_Petites-Dalles,_1884.jpg"
904,Скалы в Пти-Даль,Cliffs at Les Petites-Dalles,Wikimedia Commons (скан каталога),https://commons.wikimedia.org/wiki/Special:FilePath/Monet_w904.jpg,1320,1062,1.4,https://commons.wikimedia.org/wiki/File:Monet_w904.jpg
905,Отлив в Ле-Петит-Даль,Low Tide at Les Petites-Dalles,Wikimedia Commons,https://commons.wikimedia.org/wiki/Special:FilePath/Claude_Monet_1.JPG,3689,2958,10.9,https://commons.wikimedia.org/wiki/File:Claude_Monet_1.JPG
906,В Пти-Даль,At Les Petites-Dalles,Wikimedia Commons (скан каталога),https://commons.wikimedia.org/wiki/Special:FilePath/Monet_w906.jpg,1024,813,0.8,https://commons.wikimedia.org/wiki/File:Monet_w906.jpg
907,"Этрета, пляж и Порт-д'Аваль","Etretat, the Beach and the Porte d'Aval",Wikimedia Commons (скан каталога),https://commons.wikimedia.org/wiki/Special:FilePath/Monet_w907.jpg,736,605,0.4,https://commons.wikimedia.org/wiki/File:Monet_w907.jpg
908,Скала Игла и Порт-д’Аваль,The Rock Needle and the Porte-d'Aval,Wikimedia Commons,"https://commons.wikimedia.org/wiki/Special:FilePath/Monet_-_Les_falaises_d'Aval_avec_la_Porte_et_l'Aiguille,_1884.jpg",597,440,0.3,"https://commons.wikimedia.org/wiki/File:Monet_-_Les_falaises_d'Aval_avec_la_Porte_et_l'Aiguille,_1884.jpg"
909,Рукав Сены в Жёфоссе. После полудня,"The Arm of the Siene at Jeufosse, Afternoon",Wikimedia Commons (скан каталога),https://commons.wikimedia.org/wiki/Special:FilePath/Monet_w909.jpg,1024,842,0.9,https://commons.wikimedia.org/wiki/File:Monet_w909.jpg
910,"Жёфосс, эффект позднего вечера","Jeufosse, the Effect in the Late Afternoon",Wikimedia Commons (скан каталога),https://commons.wikimedia.org/wiki/Special:FilePath/Monet_w910.jpg,736,543,0.4,https://commons.wikimedia.org/wiki/File:Monet_w910.jpg
911,Осень в Жёфоссе,Autumn at Jeufosse,Wikimedia Commons (скан каталога),https://commons.wikimedia.org/wiki/Special:FilePath/Monet_w911.jpg,989,833,0.8,https://commons.wikimedia.org/wiki/File:Monet_w911.jpg
912,Поезд в Жёфоссе,The Train at Jeufosse,Wikimedia Commons (скан каталога),https://commons.wikimedia.org/wiki/Special:FilePath/Monet_w912.jpg,1303,978,1.3,https://commons.wikimedia.org/wiki/File:Monet_w912.jpg
912a,Поезд в Жёфоссе,The Train at Jeufosse,Wikimedia Commons (скан каталога),"https://commons.wikimedia.org/wiki/Special:FilePath/Monet_-_Wildenstein_1996,_912a.png",328,255,0.1,"https://commons.wikimedia.org/wiki/File:Monet_-_Wildenstein_1996,_912a.png"
913,"Берега Сены в Жёфоссе, осень","Banks of the Seine at Jeufosse, Autumn",Wikimedia Commons (скан каталога),https://commons.wikimedia.org/wiki/Special:FilePath/Monet_w913.jpg,1024,842,0.9,https://commons.wikimedia.org/wiki/File:Monet_w913.jpg
914,"Берега Сены в Жёфоссе, ясная погода",Banks of the Seine at Jeufosse: Clear Weather,Wikimedia Commons (скан каталога),https://commons.wikimedia.org/wiki/Special:FilePath/Monet_w914.jpg,1024,751,0.8,https://commons.wikimedia.org/wiki/File:Monet_w914.jpg
915,Лодка на Сене в Жёфоссе,Rowboat on the Seine at Jeufosse,Wikimedia Commons (скан каталога),https://commons.wikimedia.org/wiki/Special:FilePath/Monet_w915.jpg,983,802,0.8,https://commons.wikimedia.org/wiki/File:Monet_w915.jpg
916,Осень в Жёфоссе,Autumn at Jeufosse,Wikimedia Commons,https://commons.wikimedia.org/wiki/Special:FilePath/MB-Mon-17_Monet_Herbst-in-Jeufosse_1.jpg,1800,1474,2.7,https://commons.wikimedia.org/wiki/File:MB-Mon-17_Monet_Herbst-in-Jeufosse_1.jpg
917,"Рукав Сены у Жёфосса, осень","Arm of the Jeufosse, Autumn",Wikimedia Commons (скан каталога),https://commons.wikimedia.org/wiki/Special:FilePath/Monet_w917.jpg,2000,1619,3.2,https://commons.wikimedia.org/wiki/File:Monet_w917.jpg
918,Крестьянский дом в Живерни,Peasants House at Giverny,Wikimedia Commons (скан каталога),"https://commons.wikimedia.org/wiki/Special:FilePath/Monet_-_Wildenstein_1996,_918.png",332,256,0.1,"https://commons.wikimedia.org/wiki/File:Monet_-_Wildenstein_1996,_918.png"
919,Красные и розовые маки,Red and Pink Poppies,Wikimedia Commons,https://commons.wikimedia.org/wiki/Special:FilePath/Claude_Monet_-_Red_and_Pink_Poppies_(11538159396).jpg,300,1027,0.3,https://commons.wikimedia.org/wiki/File:Claude_Monet_-_Red_and_Pink_Poppies_(11538159396).jpg
920,Белый мак,White Poppy,Wikimedia Commons (скан каталога),https://commons.wikimedia.org/wiki/Special:FilePath/Monet_w920.jpg,320,1024,0.3,https://commons.wikimedia.org/wiki/File:Monet_w920.jpg
921,Анемоны,Anemones,Wikimedia Commons (скан каталога),"https://commons.wikimedia.org/wiki/Special:FilePath/Monet_-_Wildenstein_1996,_921.png",261,99,0.0,"https://commons.wikimedia.org/wiki/File:Monet_-_Wildenstein_1996,_921.png"
922,Нарциссы,Daffodils,Wikimedia Commons (скан каталога),https://commons.wikimedia.org/wiki/Special:FilePath/Monet_w922.jpg,1500,599,0.9,https://commons.wikimedia.org/wiki/File:Monet_w922.jpg
923,Ветка лимонов,Branch of Lemons,Wikimedia Commons,https://commons.wikimedia.org/wiki/Special:FilePath/Branche_de_citronnier_(1884)_Claude_Monet_(W_923).jpg,2734,3763,10.3,https://commons.wikimedia.org/wiki/File:Branche_de_citronnier_(1884)_Claude_Monet_(W_923).jpg
924,Ветка апельсинов,Branch of Oranges,Wikimedia Commons (скан каталога),https://commons.wikimedia.org/wiki/Special:FilePath/Monet_w924.jpg,759,1024,0.8,https://commons.wikimedia.org/wiki/File:Monet_w924.jpg
925,Ваза с хризантемами,Vase of Chrysanthemums,Wikimedia Commons (скан каталога),https://commons.wikimedia.org/wiki/Special:FilePath/Monet_w925.jpg,1000,3460,3.5,https://commons.wikimedia.org/wiki/File:Monet_w925.jpg
926,Подсолнухи,Sunflowers,Wikimedia Commons (скан каталога),https://commons.wikimedia.org/wiki/Special:FilePath/Monet_w926.jpg,293,957,0.3,https://commons.wikimedia.org/wiki/File:Monet_w926.jpg
927,Хризантемы,Chrysanthemums,Wikimedia Commons (скан каталога),"https://commons.wikimedia.org/wiki/Special:FilePath/Monet_-_Wildenstein_1996,_927.png",255,106,0.0,"https://commons.wikimedia.org/wiki/File:Monet_-_Wildenstein_1996,_927.png"
928,Нарциссы,Daffodils,Wikimedia Commons (скан каталога),https://commons.wikimedia.org/wiki/Special:FilePath/Monet_w928.jpg,1482,594,0.9,https://commons.wikimedia.org/wiki/File:Monet_w928.jpg
929,Белые азалии в горшке,White Azaleas in a Pot,Wikimedia Commons (скан каталога),https://commons.wikimedia.org/wiki/Special:FilePath/Monet_w929.jpg,758,1023,0.8,https://commons.wikimedia.org/wiki/File:Monet_w929.jpg
930,Натюрморт с анемонами,Still Life with Anemones,Wikimedia Commons (скан каталога),https://commons.wikimedia.org/wiki/Special:FilePath/Monet_w930.jpg,736,1024,0.8,https://commons.wikimedia.org/wiki/File:Monet_w930.jpg
931,Ваза с георгинами,Vase of Dahlias,Wikimedia Commons,https://commons.wikimedia.org/wiki/Special:FilePath/Monet_-_vase-of-dahlias.jpg,280,954,0.3,https://commons.wikimedia.org/wiki/File:Monet_-_vase-of-dahlias.jpg
932,Георгины,Dahlias,Wikimedia Commons,https://commons.wikimedia.org/wiki/Special:FilePath/Claude_Monet_-_Dahlias_(16035439250).jpg,335,1124,0.4,https://commons.wikimedia.org/wiki/File:Claude_Monet_-_Dahlias_(16035439250).jpg
933,Жёлтые маргаритки,Yellow Daisies,Wikimedia Commons (скан каталога),"https://commons.wikimedia.org/wiki/Special:FilePath/Monet_-_Wildenstein_1996,_933.png",263,106,0.0,"https://commons.wikimedia.org/wiki/File:Monet_-_Wildenstein_1996,_933.png"
934,Белые маргаритки,White Daisies,Wikimedia Commons (скан каталога),"https://commons.wikimedia.org/wiki/Special:FilePath/Monet_-_Wildenstein_1996,_934.png",261,104,0.0,"https://commons.wikimedia.org/wiki/File:Monet_-_Wildenstein_1996,_934.png"
935,Персики,Peaches,Wikimedia Commons (скан каталога),https://commons.wikimedia.org/wiki/Special:FilePath/Monet_w935.jpg,707,1009,0.7,https://commons.wikimedia.org/wiki/File:Monet_w935.jpg
936,Корзина с яблоками,Basket of Apples,Wikimedia Commons (скан каталога),https://commons.wikimedia.org/wiki/Special:FilePath/Monet_w936.jpg,1320,1840,2.4,https://commons.wikimedia.org/wiki/File:Monet_w936.jpg
937,Георгины,Dahlias,Wikimedia Commons,https://commons.wikimedia.org/wiki/Special:FilePath/Monet_-_dahlias.jpg,280,929,0.3,https://commons.wikimedia.org/wiki/File:Monet_-_dahlias.jpg
938,Гладиолусы,Gladioli,Wikimedia Commons (скан каталога),https://commons.wikimedia.org/wiki/Special:FilePath/Monet_w938.jpg,295,1024,0.3,https://commons.wikimedia.org/wiki/File:Monet_w938.jpg
939,Анемоны,Anemonies,Wikimedia Commons (скан каталога),https://commons.wikimedia.org/wiki/Special:FilePath/Monet_w939.jpg,1800,712,1.3,https://commons.wikimedia.org/wiki/File:Monet_w939.jpg
940,Жёлтые маргаритки,Yellow Daisies,Wikimedia Commons (скан каталога),https://commons.wikimedia.org/wiki/Special:FilePath/Monet_w940.jpg,1500,576,0.9,https://commons.wikimedia.org/wiki/File:Monet_w940.jpg
941,Три горшка с тюльпанами,Three Pots of Tulips,Wikimedia Commons (скан каталога),https://commons.wikimedia.org/wiki/Special:FilePath/Monet_w941.jpg,727,1024,0.7,https://commons.wikimedia.org/wiki/File:Monet_w941.jpg
942,Ваза с тюльпанами,Vase of Tulips,Wikimedia Commons,https://commons.wikimedia.org/wiki/Special:FilePath/Claude_Monet_-_Vase_of_Tulips_(14300279725).jpg,768,1029,0.8,https://commons.wikimedia.org/wiki/File:Claude_Monet_-_Vase_of_Tulips_(14300279725).jpg
943,Красные азалии в горшке,Red Azalias in a Pot,Wikimedia Commons,https://commons.wikimedia.org/wiki/Special:FilePath/Monet_-_red-azaleas-in-a-pot.jpg,280,983,0.3,https://commons.wikimedia.org/wiki/File:Monet_-_red-azaleas-in-a-pot.jpg
944,Кобеи,Cobeas,Wikimedia Commons,https://commons.wikimedia.org/wiki/Special:FilePath/Monet_-_cobeas.jpg,280,954,0.3,https://commons.wikimedia.org/wiki/File:Monet_-_cobeas.jpg
945,Ветка белых и розовых азалий,Branch of White and Pink Azaleas,Wikimedia Commons (скан каталога),"https://commons.wikimedia.org/wiki/Special:FilePath/Monet_-_Wildenstein_1996,_945.png",267,93,0.0,"https://commons.wikimedia.org/wiki/File:Monet_-_Wildenstein_1996,_945.png"
946,Ветка белых и розовых азалий,Branch of White and Pink Azaleas,Wikimedia Commons (скан каталога),"https://commons.wikimedia.org/wiki/Special:FilePath/Monet_-_Wildenstein_1996,_946.png",263,93,0.0,"https://commons.wikimedia.org/wiki/File:Monet_-_Wildenstein_1996,_946.png"
947,Ваза с хризантемами,Vase of Chrysanthemums,Wikimedia Commons (скан каталога),https://commons.wikimedia.org/wiki/Special:FilePath/Monet_w947.jpg,464,639,0.3,https://commons.wikimedia.org/wiki/File:Monet_w947.jpg
948,Горшок с белыми азалиями,Pot of White Azaleas,Wikimedia Commons (скан каталога),https://commons.wikimedia.org/wiki/Special:FilePath/Monet_w948.jpg,744,1024,0.8,https://commons.wikimedia.org/wiki/File:Monet_w948.jpg
949,Красные лилии,Red Lilies,Wikimedia Commons (скан каталога),"https://commons.wikimedia.org/wiki/Special:FilePath/Monet_-_Wildenstein_1996,_949-954.png",359,735,0.3,"https://commons.wikimedia.org/wiki/File:Monet_-_Wildenstein_1996,_949-954.png"
950,Восточная лилия,Oriental Lily,Wikimedia Commons (скан каталога),"https://commons.wikimedia.org/wiki/Special:FilePath/Monet_-_Wildenstein_1996,_950.png",255,908,0.2,"https://commons.wikimedia.org/wiki/File:Monet_-_Wildenstein_1996,_950.png"
951,Персики,Peaches,Wikimedia Commons (скан каталога),"https://commons.wikimedia.org/wiki/Special:FilePath/Monet_-_Wildenstein_1996,_951.png",256,104,0.0,"https://commons.wikimedia.org/wiki/File:Monet_-_Wildenstein_1996,_951.png"
952,Персики,Peaches,Wikimedia Commons,https://commons.wikimedia.org/wiki/Special:FilePath/2022-06-24_at_13-35-16_Pêches_(C_Monet_-_W_952).png,1662,651,1.1,https://commons.wikimedia.org/wiki/File:2022-06-24_at_13-35-16_Pêches_(C_Monet_-_W_952).png
953,Морозники,Christmas Roses,Wikimedia Commons (скан каталога),https://commons.wikimedia.org/wiki/Special:FilePath/Monet_w953.jpg,480,640,0.3,https://commons.wikimedia.org/wiki/File:Monet_w953.jpg
954,"Корзина с виноградом, айвой и грушами","Basket of Grapes, Quinces and Pears",Wikimedia Commons,"https://commons.wikimedia.org/wiki/Special:FilePath/Basket_of_Grapes_by_Claude_Monet,_Columbus_Museum_of_Art_.JPG",1736,2396,4.2,"https://commons.wikimedia.org/wiki/File:Basket_of_Grapes_by_Claude_Monet,_Columbus_Museum_of_Art_.JPG"
955,Сливы и абрикосы,Plums and Apricots,Wikimedia Commons (скан каталога),https://commons.wikimedia.org/wiki/Special:FilePath/Monet_w955.jpg,1023,467,0.5,https://commons.wikimedia.org/wiki/File:Monet_w955.jpg
956,Ваза с тюльпанами,Vase of Tulips,Wikimedia Commons (скан каталога),"https://commons.wikimedia.org/wiki/Special:FilePath/Monet_-_Wildenstein_1996,_956.png",352,472,0.2,"https://commons.wikimedia.org/wiki/File:Monet_-_Wildenstein_1996,_956.png"
957,Ваза с тюльпанами,Vase of Tulips,Wikimedia Commons (скан каталога),"https://commons.wikimedia.org/wiki/Special:FilePath/Monet_-_Wildenstein_1996,_957.png",356,476,0.2,"https://commons.wikimedia.org/wiki/File:Monet_-_Wildenstein_1996,_957.png"
958,Горшки с тюльпанами,Pots of Tulips,Wikimedia Commons,https://commons.wikimedia.org/wiki/Special:FilePath/Monet_pots_of_tulips_w958.jpg,2436,3279,8.0,https://commons.wikimedia.org/wiki/File:Monet_pots_of_tulips_w958.jpg
959,Анемоны,Anemones,Wikimedia Commons (скан каталога),"https://commons.wikimedia.org/wiki/Special:FilePath/Monet_-_Wildenstein_1996,_959.png",356,145,0.1,"https://commons.wikimedia.org/wiki/File:Monet_-_Wildenstein_1996,_959.png"
960,Цветы,Flowers,Wikimedia Commons (скан каталога),"https://commons.wikimedia.org/wiki/Special:FilePath/Monet_-_Wildenstein_1996,_960.png",360,160,0.1,"https://commons.wikimedia.org/wiki/File:Monet_-_Wildenstein_1996,_960.png"
961,Зима в Живерни,Winter at Giverny,Wikimedia Commons,https://commons.wikimedia.org/wiki/Special:FilePath/ClaudeMonet-1885-Winter_in_Giverny.png,3730,2960,11.0,https://commons.wikimedia.org/wiki/File:ClaudeMonet-1885-Winter_in_Giverny.png
962,Сена в Пор-Вийе. Эффект снега,The Seine at Port-Villez. Snow Effect,Wikimedia Commons (скан каталога),https://commons.wikimedia.org/wiki/Special:FilePath/Monet_w962.jpg,1024,802,0.8,https://commons.wikimedia.org/wiki/File:Monet_w962.jpg
963,Иней в Живерни,Frost at Giverny,Wikimedia Commons,https://commons.wikimedia.org/wiki/Special:FilePath/MB-Mon-18_Monet_Raureif-in-Giverny.jpg,2500,1883,4.7,https://commons.wikimedia.org/wiki/File:MB-Mon-18_Monet_Raureif-in-Giverny.jpg
964,Иней,Frost,Wikimedia Commons (скан каталога),"https://commons.wikimedia.org/wiki/Special:FilePath/Monet_-_Wildenstein_1996,_964.png",748,548,0.4,"https://commons.wikimedia.org/wiki/File:Monet_-_Wildenstein_1996,_964.png"
965,Въезд в Живерни под снегом,Entrance to Giverny under the snow,Wikimedia Commons (скан каталога),https://commons.wikimedia.org/wiki/Special:FilePath/Monet_w965.jpg,2500,2026,5.1,https://commons.wikimedia.org/wiki/File:Monet_w965.jpg
966,"Дорога в Живерни зимой, закат","Road to Giverny in Winter, Sunset",Wikimedia Commons,"https://commons.wikimedia.org/wiki/Special:FilePath/Claude_Monet_-_Entrée_de_Giverny_en_hiver,_soleil_couchant.jpg",1123,892,1.0,"https://commons.wikimedia.org/wiki/File:Claude_Monet_-_Entrée_de_Giverny_en_hiver,_soleil_couchant.jpg"
967,Дорога в Живерни зимой,Road to Giverny in Winter,Wikimedia Commons,https://commons.wikimedia.org/wiki/Special:FilePath/MB-Mon-19_Monet_Ortseingang-von-Giverny-im-Winter_1.jpg,1800,1437,2.6,https://commons.wikimedia.org/wiki/File:MB-Mon-19_Monet_Ortseingang-von-Giverny-im-Winter_1.jpg
968,Дорога в Живерни зимой,Road to Giverny in Winter,Wikimedia Commons,https://commons.wikimedia.org/wiki/Special:FilePath/ROUTE_DE_GIVERNY_EN_HIVER_(1885)_Claude_Monet_(W_968).jpg,2871,2286,6.6,https://commons.wikimedia.org/wiki/File:ROUTE_DE_GIVERNY_EN_HIVER_(1885)_Claude_Monet_(W_968).jpg
969,Дорога в низине в Живерни,Sunken Path at Giverny,Wikimedia Commons (скан каталога),"https://commons.wikimedia.org/wiki/Special:FilePath/Monet_-_Wildenstein_1996,_969.png",360,255,0.1,"https://commons.wikimedia.org/wiki/File:Monet_-_Wildenstein_1996,_969.png"
970,Дорога в Живерни,Road to Giverny,Wikimedia Commons (скан каталога),https://commons.wikimedia.org/wiki/Special:FilePath/Monet_w970.jpg,1000,738,0.7,https://commons.wikimedia.org/wiki/File:Monet_w970.jpg
971,Скалы в Фалезе близ Живерни,Les Roches at Falaise near Giverny,Wikimedia Commons (скан каталога),https://commons.wikimedia.org/wiki/Special:FilePath/Monet_w971.jpg,1023,818,0.8,https://commons.wikimedia.org/wiki/File:Monet_w971.jpg
972,Дома у дороги,Houses on the side of the Road,Wikimedia Commons (скан каталога),https://commons.wikimedia.org/wiki/Special:FilePath/Monet_w972.jpg,2320,1800,4.2,https://commons.wikimedia.org/wiki/File:Monet_w972.jpg
973,"Деревушка Фалез, зимний пейзаж","Hamlet of Falaise, Winter countryside",Wikimedia Commons (скан каталога),"https://commons.wikimedia.org/wiki/Special:FilePath/Monet_-_Wildenstein_1996,_973.png",757,606,0.5,"https://commons.wikimedia.org/wiki/File:Monet_-_Wildenstein_1996,_973.png"
974,Скала близ Живерни,"Falaise, near Giverny",Wikimedia Commons (скан каталога),https://commons.wikimedia.org/wiki/Special:FilePath/Monet_w974.jpg,1023,756,0.8,https://commons.wikimedia.org/wiki/File:Monet_w974.jpg
975,Зимний пейзаж в Валь-де-Фалез,Winter Landscape at the Val de Falaise,Wikimedia Commons,https://commons.wikimedia.org/wiki/Special:FilePath/Monet_-_Val_de_Falaise_(Giverny)_-_1885.jpg,4848,3966,19.2,https://commons.wikimedia.org/wiki/File:Monet_-_Val_de_Falaise_(Giverny)_-_1885.jpg
976,Долина Фалез зимой,Valley of Falaise in Winter,Wikimedia Commons,https://commons.wikimedia.org/wiki/Special:FilePath/VAL_DE_FALAISE_EN_HIVER_(1885)_Claude_Monet_(W976).jpg,1587,1296,2.1,https://commons.wikimedia.org/wiki/File:VAL_DE_FALAISE_EN_HIVER_(1885)_Claude_Monet_(W976).jpg
977,Дома в Фалезе в тумане,Houses at Falaise in the Fog,Wikimedia Commons,"https://commons.wikimedia.org/wiki/Special:FilePath/Monet_-_Maisons_à_Falaise,_brouillard.jpg",1248,992,1.2,"https://commons.wikimedia.org/wiki/File:Monet_-_Maisons_à_Falaise,_brouillard.jpg"
978,Долина Фалез,The Valley of Falaise,Wikimedia Commons,https://commons.wikimedia.org/wiki/Special:FilePath/Monet_-_the-valley-of-falaise.jpg,280,228,0.1,https://commons.wikimedia.org/wiki/File:Monet_-_the-valley-of-falaise.jpg
979,Валь-де-Фалез,Val de Falaise,Wikimedia Commons,https://commons.wikimedia.org/wiki/Special:FilePath/Val_de_Falaise_(1885)_Claude_Monet_(W_979).jpg,721,719,0.5,https://commons.wikimedia.org/wiki/File:Val_de_Falaise_(1885)_Claude_Monet_(W_979).jpg
980,Весна на берегах Эпта,Spring on the Banks of the Epte,Wikimedia Commons (скан каталога),https://commons.wikimedia.org/wiki/Special:FilePath/Monet_w980.jpg,1024,810,0.8,https://commons.wikimedia.org/wiki/File:Monet_w980.jpg
981,Ивы весной,Willows in Springtime,Wikimedia Commons,https://commons.wikimedia.org/wiki/Special:FilePath/Monet_-_willows-in-springtime.jpg,280,225,0.1,https://commons.wikimedia.org/wiki/File:Monet_-_willows-in-springtime.jpg
982,Деревья у реки. Весна в Живерни,"Trees by the River, Springtime in Giverny",Wikimedia Commons (скан каталога),https://commons.wikimedia.org/wiki/Special:FilePath/Monet_w982.jpg,1000,825,0.8,https://commons.wikimedia.org/wiki/File:Monet_w982.jpg
983,Ива (Весна на Эпте),The Willow (also known as Spring on the Epte),Wikimedia Commons,https://commons.wikimedia.org/wiki/Special:FilePath/Le_Saule_(1885)_Claude_Monet_(W_983).jpg,2880,2015,5.8,https://commons.wikimedia.org/wiki/File:Le_Saule_(1885)_Claude_Monet_(W_983).jpg
984,Река Эпт,The River Epte,Wikimedia Commons,https://commons.wikimedia.org/wiki/Special:FilePath/Monet_-_the-river-epte.jpg,280,355,0.1,https://commons.wikimedia.org/wiki/File:Monet_-_the-river-epte.jpg
985,Река и мельница близ Живерни,River and Mill near Giverny,Wikimedia Commons (скан каталога),https://commons.wikimedia.org/wiki/Special:FilePath/Monet_w985.jpg,705,1024,0.7,https://commons.wikimedia.org/wiki/File:Monet_w985.jpg
986,Весна в Живерни. Утро,"Spring in Giverny, Morning Effect",Wikimedia Commons (скан каталога),https://commons.wikimedia.org/wiki/Special:FilePath/Monet_w986.jpg,2437,1800,4.4,https://commons.wikimedia.org/wiki/File:Monet_w986.jpg
987,Весна в Живерни. После полудня,"Spring in Giverny, Afternoon Effect",Wikimedia Commons (скан каталога),https://commons.wikimedia.org/wiki/Special:FilePath/Monet_w987.jpg,1320,942,1.2,https://commons.wikimedia.org/wiki/File:Monet_w987.jpg
988,Цветущие груши,Pear Trees in Flower,Wikimedia Commons,https://commons.wikimedia.org/wiki/Special:FilePath/Poirier_en_fleurs_(1885)_Claude_Monet_(W_988).jpg,2880,2300,6.6,https://commons.wikimedia.org/wiki/File:Poirier_en_fleurs_(1885)_Claude_Monet_(W_988).jpg
989,Беннекур,Bennecourt,Wikimedia Commons (скан каталога),"https://commons.wikimedia.org/wiki/Special:FilePath/Monet_-_Wildenstein_1996,_989.png",760,736,0.6,"https://commons.wikimedia.org/wiki/File:Monet_-_Wildenstein_1996,_989.png"
990,Церковь в Беннекуре,The Church at Bennecourt,Wikimedia Commons (скан каталога),"https://commons.wikimedia.org/wiki/Special:FilePath/Monet_-_Wildenstein_1996,_990.png",265,270,0.1,"https://commons.wikimedia.org/wiki/File:Monet_-_Wildenstein_1996,_990.png"
991,Луг в Живерни,Meadow at Giverny,Wikimedia Commons (скан каталога),"https://commons.wikimedia.org/wiki/Special:FilePath/Monet_-_Wildenstein_1996,_991.png",361,277,0.1,"https://commons.wikimedia.org/wiki/File:Monet_-_Wildenstein_1996,_991.png"
992,Луг в Живерни,Meadow at Giverny,Wikimedia Commons (скан каталога),https://commons.wikimedia.org/wiki/Special:FilePath/Monet_w992.jpg,1303,1040,1.4,https://commons.wikimedia.org/wiki/File:Monet_w992.jpg
993,Стог сена в Живерни,Haystacks at Giverny,Wikimedia Commons,"https://commons.wikimedia.org/wiki/Special:FilePath/Claude_Monet,_1885_-_Haystacks_at_Giverny.jpg",1280,1017,1.3,"https://commons.wikimedia.org/wiki/File:Claude_Monet,_1885_-_Haystacks_at_Giverny.jpg"
994,Стога,Haystacks,Wikimedia Commons,https://commons.wikimedia.org/wiki/Special:FilePath/Claude_Monet_-_Haystacks_-_Google_Art_Project.jpg,5041,4041,20.4,https://commons.wikimedia.org/wiki/File:Claude_Monet_-_Haystacks_-_Google_Art_Project.jpg
995,Луг со стогами близ Живерни,Meadow with Haystacks near Giverny,Wikimedia Commons,"https://commons.wikimedia.org/wiki/Special:FilePath/Monet_-_Meadow_with_Haystacks_near_Giverny,_1885.jpg",1600,1263,2.0,"https://commons.wikimedia.org/wiki/File:Monet_-_Meadow_with_Haystacks_near_Giverny,_1885.jpg"
996,Цветущий луг,Flowery Meadow,Wikimedia Commons,https://commons.wikimedia.org/wiki/Special:FilePath/MB-Mon-20_Monet_Die-bluehende-Wiese_1.jpg,1800,1458,2.6,https://commons.wikimedia.org/wiki/File:MB-Mon-20_Monet_Die-bluehende-Wiese_1.jpg
997,Маковое поле в Живерни,Poppy Field at Giverny,Wikimedia Commons,"https://commons.wikimedia.org/wiki/Special:FilePath/Monet_-_Field_of_Poppies,_Giverny,_1885.jpg",1200,980,1.2,"https://commons.wikimedia.org/wiki/File:Monet_-_Field_of_Poppies,_Giverny,_1885.jpg"
998,Поле маков,Poppy Field,Wikimedia Commons (скан каталога),"https://commons.wikimedia.org/wiki/Special:FilePath/Monet_-_Wildenstein_1996,_998.png",438,331,0.1,"https://commons.wikimedia.org/wiki/File:Monet_-_Wildenstein_1996,_998.png"
999,Маковое поле в Живерни,Poppy Field at Giverny,Wikimedia Commons,"https://commons.wikimedia.org/wiki/Special:FilePath/Monet_-_Champ_de_coquelicots_;_environs_de_Giverny,_1885.jpg",4308,3388,14.6,"https://commons.wikimedia.org/wiki/File:Monet_-_Champ_de_coquelicots_;_environs_de_Giverny,_1885.jpg"
1000,Маковое поле в низине близ Живерни,Poppy Field in a Hollow near Giverny,Wikimedia Commons,https://commons.wikimedia.org/wiki/Special:FilePath/Claude_Monet_-_Poppy_Field_in_a_Hollow_near_Giverny_-_Google_Art_Project.jpg,5701,4551,25.9,https://commons.wikimedia.org/wiki/File:Claude_Monet_-_Poppy_Field_in_a_Hollow_near_Giverny_-_Google_Art_Project.jpg
1001,Дорога близ Живерни,Road near Giverny,Wikimedia Commons (скан каталога),https://commons.wikimedia.org/wiki/Special:FilePath/Monet_w1001.jpg,1024,816,0.8,https://commons.wikimedia.org/wiki/File:Monet_w1001.jpg
1002,Дорога близ Живерни,Road near Giverny,Wikimedia Commons,https://commons.wikimedia.org/wiki/Special:FilePath/Chemin_(1885)_Claude_Monet_(W1002).jpg,822,652,0.5,https://commons.wikimedia.org/wiki/File:Chemin_(1885)_Claude_Monet_(W1002).jpg
1003,Пейзаж в Пор-Вийе,Landscape at Port-Villez,Wikimedia Commons (скан каталога),https://commons.wikimedia.org/wiki/Special:FilePath/Monet_w1003.jpg,1024,719,0.7,https://commons.wikimedia.org/wiki/File:Monet_w1003.jpg
1004,Берега Сены в Пор-Вилле,The Banks of the Seine at Port-Villez,Wikimedia Commons (скан каталога),https://commons.wikimedia.org/wiki/Special:FilePath/Monet_w1004.jpg,736,595,0.4,https://commons.wikimedia.org/wiki/File:Monet_w1004.jpg
1005,Берега Сены в Пор-Вилле,Banks of the Seine at Port-Villez,Wikimedia Commons (скан каталога),https://commons.wikimedia.org/wiki/Special:FilePath/Monet_w1005.jpg,721,579,0.4,https://commons.wikimedia.org/wiki/File:Monet_w1005.jpg
1006,Сена близ Живерни,The Seine near Giverny,Wikimedia Commons,https://commons.wikimedia.org/wiki/Special:FilePath/The_Seine_near_Giverny_(La_Seine_près_de_Giverny)_-_1885_-_Claude_Monet_-_Denver_Art_Museum.png,678,481,0.3,https://commons.wikimedia.org/wiki/File:The_Seine_near_Giverny_(La_Seine_près_de_Giverny)_-_1885_-_Claude_Monet_-_Denver_Art_Museum.png
1007,Сена близ Живерни,The Seine near Giverny,Wikimedia Commons,"https://commons.wikimedia.org/wiki/Special:FilePath/Monet_-_The_Seine_at_Giverny,_1885.jpg",1024,720,0.7,"https://commons.wikimedia.org/wiki/File:Monet_-_The_Seine_at_Giverny,_1885.jpg"
1008,Рукав Сены в Живерни,Arm of the Seine at Giverny,Wikimedia Commons (скан каталога),https://commons.wikimedia.org/wiki/Special:FilePath/Monet_w1008.jpg,1024,718,0.7,https://commons.wikimedia.org/wiki/File:Monet_w1008.jpg
1009,Этрета. Пляж и скала Амон,Etretat: The Beach and the Falaise d'Amont,Wikimedia Commons (скан каталога),"https://commons.wikimedia.org/wiki/Special:FilePath/Monet_-_Wildenstein_1996,_1009.png",396,279,0.1,"https://commons.wikimedia.org/wiki/File:Monet_-_Wildenstein_1996,_1009.png"
1010,Скалы Амон,Cliffs at Amont,Wikimedia Commons (скан каталога),https://commons.wikimedia.org/wiki/Special:FilePath/Monet_w1010.jpg,1024,842,0.9,https://commons.wikimedia.org/wiki/File:Monet_w1010.jpg
1011,"Скала и Порт-д'Амон, утро","Cliff and Porte d'Amont, Morning Effect",Wikimedia Commons (скан каталога),https://commons.wikimedia.org/wiki/Special:FilePath/Monet_w1011.jpg,1024,852,0.9,https://commons.wikimedia.org/wiki/File:Monet_w1011.jpg
1012,Пляж и скала д’Амон,The Beach and the Falaise d'Amont,Art Institute of Chicago (CC0),https://www.artic.edu/iiif/2/350b7e7f-e1d8-e58b-8890-0ef6b04afe18/full/max/0/default.jpg,6474,6736,43.6,https://www.artic.edu/artworks/20535
1013,Рыбацкие лодки. Этрета,"Fishing Boats, Etretat",Wikimedia Commons (скан каталога),https://commons.wikimedia.org/wiki/Special:FilePath/Monet_w1013.jpg,1024,787,0.8,https://commons.wikimedia.org/wiki/File:Monet_w1013.jpg
1014,Скала Аваль и Игла,Cliff of Aval and the Porte d'Aiguille,Wikimedia Commons (скан каталога),https://commons.wikimedia.org/wiki/Special:FilePath/Monet_w1014.jpg,1023,723,0.7,https://commons.wikimedia.org/wiki/File:Monet_w1014.jpg
1014a,"Этрета, Порт-д'Аваль","Etretat, the Port d'Aval",Wikimedia Commons (скан каталога),"https://commons.wikimedia.org/wiki/Special:FilePath/Monet_-_Wildenstein_1996,_1014a.png",554,393,0.2,"https://commons.wikimedia.org/wiki/File:Monet_-_Wildenstein_1996,_1014a.png"
1015,"Этрета, конец дня","Etretat, End of the Day",Wikimedia Commons (скан каталога),https://commons.wikimedia.org/wiki/Special:FilePath/Monet_w1015.jpg,1317,1081,1.4,https://commons.wikimedia.org/wiki/File:Monet_w1015.jpg
1015a,"Этрета, конец дня","Etretat, End of the Day",Wikimedia Commons (скан каталога),"https://commons.wikimedia.org/wiki/Special:FilePath/Monet_-_Wildenstein_1996,_1015a.png",556,445,0.2,"https://commons.wikimedia.org/wiki/File:Monet_-_Wildenstein_1996,_1015a.png"
1016,Закат в Этрета,Sunset at Etretat,Wikimedia Commons (скан каталога),https://commons.wikimedia.org/wiki/Special:FilePath/Monet_w1016.jpg,1024,833,0.9,https://commons.wikimedia.org/wiki/File:Monet_w1016.jpg
1017,"Этрета, скала и Порт-д'Аваль","Etretat, Cliff and the Porte d'Aval",Wikimedia Commons (скан каталога),https://commons.wikimedia.org/wiki/Special:FilePath/Monet_w1017.jpg,1015,769,0.8,https://commons.wikimedia.org/wiki/File:Monet_w1017.jpg
1018,Скалы у Врат д’Аваль,The Cliffs of the Porte d'Aval,Wikimedia Commons (скан каталога),https://commons.wikimedia.org/wiki/Special:FilePath/Monet_w1018.jpg,1024,819,0.8,https://commons.wikimedia.org/wiki/File:Monet_w1018.jpg
1019,Скала д’Аваль. Этрета,"The Cliff of Aval, Etrétat",Wikimedia Commons,"https://commons.wikimedia.org/wiki/Special:FilePath/Claude_Monet_-_The_Cliff_of_Aval,_Etrétat_-_Google_Art_Project.jpg",4501,3207,14.4,"https://commons.wikimedia.org/wiki/File:Claude_Monet_-_The_Cliff_of_Aval,_Etrétat_-_Google_Art_Project.jpg"
1020,Зима в Этрета,Winter Scene at Etretat,Wikimedia Commons (скан каталога),https://commons.wikimedia.org/wiki/Special:FilePath/Monet_w1020.jpg,1024,821,0.8,https://commons.wikimedia.org/wiki/File:Monet_w1020.jpg
1021,Поля в Этрета,Fields at Etretat,Wikimedia Commons (скан каталога),"https://commons.wikimedia.org/wiki/Special:FilePath/Monet_-_Wildenstein_1996,_1021.png",404,302,0.1,"https://commons.wikimedia.org/wiki/File:Monet_-_Wildenstein_1996,_1021.png"
1022,Окрестности Этрета,Countryside at Etretat,Wikimedia Commons (скан каталога),https://commons.wikimedia.org/wiki/Special:FilePath/Monet_w1022.jpg,1012,813,0.8,https://commons.wikimedia.org/wiki/File:Monet_w1022.jpg
1023,Нормандский домик,Normandy cottage,Wikimedia Commons,https://commons.wikimedia.org/wiki/Special:FilePath/Chaumière_normande_(1885)_de_Claude_Monet_(W_1023)_-_Kunsthaus_Zurich.jpg,1200,963,1.2,https://commons.wikimedia.org/wiki/File:Chaumière_normande_(1885)_de_Claude_Monet_(W_1023)_-_Kunsthaus_Zurich.jpg
1024,Лодки на пляже в Этрета,Boats on the Beach at Etretat,Art Institute of Chicago (CC0),https://www.artic.edu/iiif/2/64c38f6d-f0d5-b553-a27e-3552550f351a/full/max/0/default.jpg,5715,4671,26.7,https://www.artic.edu/artworks/14630
1025,Выход лодок. Этрета,"The Departure of the Boats, Etretat",Art Institute of Chicago (CC0),https://www.artic.edu/iiif/2/6ca224d1-c3dc-a223-a127-0492301a2ebb/full/max/0/default.jpg,6588,5197,34.2,https://www.artic.edu/artworks/81540
1026,Рыбацкие лодки,Fishing Boats,Wikimedia Commons (скан каталога),https://commons.wikimedia.org/wiki/Special:FilePath/Monet_w1026.jpg,1000,818,0.8,https://commons.wikimedia.org/wiki/File:Monet_w1026.jpg
1027,Парусник. Вечер,"Sailboat, Evening Effect",Wikimedia Commons,"https://commons.wikimedia.org/wiki/Special:FilePath/Claude_Monet_-_Sailing_Boat,_Evening_Effect.jpg",2080,1747,3.6,"https://commons.wikimedia.org/wiki/File:Claude_Monet_-_Sailing_Boat,_Evening_Effect.jpg"
1028,Рыбацкие лодки в Этрета,Fishing Boats in Etretat,Wikimedia Commons (скан каталога),https://commons.wikimedia.org/wiki/Special:FilePath/Monet_w1028.jpg,736,587,0.4,https://commons.wikimedia.org/wiki/File:Monet_w1028.jpg
1029,Три рыбацкие лодки,Three Fishing Boats,Wikimedia Commons,https://commons.wikimedia.org/wiki/Special:FilePath/Claude_Monet_-_Three_Fishing_Boats_-_Google_Art_Project.jpg,5408,4291,23.2,https://commons.wikimedia.org/wiki/File:Claude_Monet_-_Three_Fishing_Boats_-_Google_Art_Project.jpg
1030,Лодки на гальке,Boats on the Pebbles,Wikimedia Commons,https://commons.wikimedia.org/wiki/Special:FilePath/Bateaux_sur_le_galet_(1884-1885)_Claude_Monet_(W_1030).jpg,1147,913,1.0,https://commons.wikimedia.org/wiki/File:Bateaux_sur_le_galet_(1884-1885)_Claude_Monet_(W_1030).jpg
1030a,"Этрета, лодка на пляже","Etretat, Boat on the Beach",Wikimedia Commons (скан каталога),https://commons.wikimedia.org/wiki/Special:FilePath/Monet_w1030a.jpg,1024,825,0.8,https://commons.wikimedia.org/wiki/File:Monet_w1030a.jpg
1031,Лодки на пляже,Boats on the Beach,Wikimedia Commons (скан каталога),https://commons.wikimedia.org/wiki/Special:FilePath/Monet_w1031.jpg,1320,1115,1.5,https://commons.wikimedia.org/wiki/File:Monet_w1031.jpg
1031a,Лодки на пляже,Boats on the Beach,Wikimedia Commons (скан каталога),"https://commons.wikimedia.org/wiki/Special:FilePath/Monet_-_Wildenstein_1996,_1031a.png",429,508,0.2,"https://commons.wikimedia.org/wiki/File:Monet_-_Wildenstein_1996,_1031a.png"
1032,Парусники у скалы Игла,Sailboats off the Aiguille,Wikimedia Commons (скан каталога),https://commons.wikimedia.org/wiki/Special:FilePath/Monet_w1032.jpg,1320,1075,1.4,https://commons.wikimedia.org/wiki/File:Monet_w1032.jpg
1033,Скала Игла и Врата д’Аваль,The Aiguille and the Porte d'Aval,Wikimedia Commons (скан каталога),https://commons.wikimedia.org/wiki/Special:FilePath/Monet_w1033.jpg,760,608,0.5,https://commons.wikimedia.org/wiki/File:Monet_w1033.jpg
1034,Скалы в Этрета (Массачусетс),The Cliffs at Etretat,Wikimedia Commons,https://commons.wikimedia.org/wiki/Special:FilePath/Claude_Monet_The_Cliffs_at_Etretat.jpg,1600,1279,2.0,https://commons.wikimedia.org/wiki/File:Claude_Monet_The_Cliffs_at_Etretat.jpg
1035,Маннпорт в прилив,The Manneport at High Tide,Wikimedia Commons (скан каталога),https://commons.wikimedia.org/wiki/Special:FilePath/Monet_w1035.jpg,1024,840,0.9,https://commons.wikimedia.org/wiki/File:Monet_w1035.jpg
1036,Волны у Маннпорта,Waves at the Manneport,Wikimedia Commons (скан каталога),https://commons.wikimedia.org/wiki/Special:FilePath/Monet_w1036.jpg,1024,806,0.8,https://commons.wikimedia.org/wiki/File:Monet_w1036.jpg
1037,"Manne-Porte, Étretat","Manne-Porte, Étretat",Wikimedia Commons,https://commons.wikimedia.org/wiki/Special:FilePath/Étretat_Philadelphia_01.JPG,,,,https://commons.wikimedia.org/wiki/File:Étretat_Philadelphia_01.JPG
1038,"Этрета. Маннпорт, отражение в воде","Étretat, the Manneporte, Reflection on Water",Wikimedia Commons,"https://commons.wikimedia.org/wiki/Special:FilePath/Caen_(Calvados)_-_Musée_des_Beaux-Arts_-_""Etretat,_La_Manneporte,_reflets_sur_l'eau""_(Claude_Monet,_1840-1929)_(48710188116).jpg",3452,2885,10.0,"https://commons.wikimedia.org/wiki/File:Caen_(Calvados)_-_Musée_des_Beaux-Arts_-_""Etretat,_La_Manneporte,_reflets_sur_l'eau""_(Claude_Monet,_1840-1929)_(48710188116).jpg"
1039,Долина Антифер,The Valley of Antifer,Wikimedia Commons (скан каталога),https://commons.wikimedia.org/wiki/Special:FilePath/Monet_w1039.jpg,986,782,0.8,https://commons.wikimedia.org/wiki/File:Monet_w1039.jpg
1040,Игла в Этрета сквозь Врата д’Амон,The Needle of Étretat seen through the Porte d'Amont,Wikimedia Commons (скан каталога),"https://commons.wikimedia.org/wiki/Special:FilePath/Monet_-_Wildenstein_1996,_1040.png",356,418,0.1,"https://commons.wikimedia.org/wiki/File:Monet_-_Wildenstein_1996,_1040.png"
1041,Игла в Этрета сквозь Врата д’Амон,The Needle of Étretat seen through the Porte d'Amont,Wikimedia Commons,https://commons.wikimedia.org/wiki/Special:FilePath/Claude_Monet_-_L'aiguille_d'Étretat_vue_à_travers_la_porte_d'Amont.jpg,1351,2323,3.1,https://commons.wikimedia.org/wiki/File:Claude_Monet_-_L'aiguille_d'Étretat_vue_à_travers_la_porte_d'Amont.jpg
1042,"Скала Игла и Порт-д’Аваль, вид с запада",The Rock Needle and the Porte d'Aval seen from the West,Wikimedia Commons (скан каталога),https://commons.wikimedia.org/wiki/Special:FilePath/Monet_w1042.jpg,736,923,0.7,https://commons.wikimedia.org/wiki/File:Monet_w1042.jpg
1043,Скала Игла и Порт-д’Аваль,The Rock Needle and the Porte d'Aval,Wikimedia Commons,"https://commons.wikimedia.org/wiki/Special:FilePath/Monet_-_Étretat,_L'Aiguille_et_la_Porte_d'Aval,_1885-1886.jpg",680,1282,0.9,"https://commons.wikimedia.org/wiki/File:Monet_-_Étretat,_L'Aiguille_et_la_Porte_d'Aval,_1885-1886.jpg"
1044,Этрета под дождём,Etretat in the Rain,Wikimedia Commons,"https://commons.wikimedia.org/wiki/Special:FilePath/Claude_Monet_-_Regnvær,_Etretat_-_Google_Art_Project.jpg",6350,5173,32.8,"https://commons.wikimedia.org/wiki/File:Claude_Monet_-_Regnvær,_Etretat_-_Google_Art_Project.jpg"
1045,"Этрета, скала Аваль с аркой и Иглой","Etretat, Cliff of Aval with the Porte and the Aiguille",Wikimedia Commons (скан каталога),https://commons.wikimedia.org/wiki/Special:FilePath/Monet_w1045.jpg,1024,686,0.7,https://commons.wikimedia.org/wiki/File:Monet_w1045.jpg
1046,Скалы в Этрета (Москва),The Cliffs at Étretat,Wikimedia Commons,"https://commons.wikimedia.org/wiki/Special:FilePath/'The_Beach_at_Étretat'_by_Claude_Monet,_1885-86,_Pushkin_Museum.jpg",2936,2360,6.9,"https://commons.wikimedia.org/wiki/File:'The_Beach_at_Étretat'_by_Claude_Monet,_1885-86,_Pushkin_Museum.jpg"
1047,"Этрета. Порт-д’Аваль, рыбацкие лодки выходят из гавани","Étretat, the Porte d'Aval: Fishing Boats Leaving the Harbour",Wikimedia Commons,https://commons.wikimedia.org/wiki/Special:FilePath/Claude_Monet-Etretat_the_Aval_door_fishing_boats_leaving_the_harbour_mg_1819.jpg,2837,2064,5.9,https://commons.wikimedia.org/wiki/File:Claude_Monet-Etretat_the_Aval_door_fishing_boats_leaving_the_harbour_mg_1819.jpg
1048,Скала и Порт-д'Амон в непогоду,Cliff and Porte d'Amont in Rough Weather,Wikimedia Commons (скан каталога),https://commons.wikimedia.org/wiki/Special:FilePath/Monet_w1048.jpg,1585,1263,2.0,https://commons.wikimedia.org/wiki/File:Monet_w1048.jpg
1049,"Скала Игла, видимая через Порт-д’Аваль",The Rock Needle Seen through the Porte d'Aval,Wikimedia Commons,"https://commons.wikimedia.org/wiki/Special:FilePath/Monet,_Claude_-_L'Aiguille_vue_à_travers_la_Porte_d'Aval_(1885-1886)_W_1049.jpg",1600,1139,1.8,"https://commons.wikimedia.org/wiki/File:Monet,_Claude_-_L'Aiguille_vue_à_travers_la_Porte_d'Aval_(1885-1886)_W_1049.jpg"
1050,"Скала Игла, видимая через Порт-д’Аваль",The Rock Needle seen through the Porte d'Aval,Wikimedia Commons (скан каталога),https://commons.wikimedia.org/wiki/Special:FilePath/Monet_w1050.jpg,2284,1600,3.7,https://commons.wikimedia.org/wiki/File:Monet_w1050.jpg
1051,Скала Игла и Порт-д’Аваль,The Rock Needle and the Porte d'Aval,Wikimedia Commons (скан каталога),https://commons.wikimedia.org/wiki/Special:FilePath/Monet_w1051.jpg,1024,821,0.8,https://commons.wikimedia.org/wiki/File:Monet_w1051.jpg
1052,Маннпорт близ Этрета,The Manneporte near Étretat,Wikimedia Commons,https://commons.wikimedia.org/wiki/Special:FilePath/Claude_Monet_-_La_Manneporte_près_d'Étretat.jpg,2864,3537,10.1,https://commons.wikimedia.org/wiki/File:Claude_Monet_-_La_Manneporte_près_d'Étretat.jpg
1053,Маннпорт,The Manneporte,Wikimedia Commons (скан каталога),"https://commons.wikimedia.org/wiki/Special:FilePath/Monet_-_Wildenstein_1996,_1053.png",406,532,0.2,"https://commons.wikimedia.org/wiki/File:Monet_-_Wildenstein_1996,_1053.png"
1054,Эффект снега в Фалезе,Snow Effect at Falaise,Wikimedia Commons (скан каталога),https://commons.wikimedia.org/wiki/Special:FilePath/Monet_w1054.jpg,1024,819,0.8,https://commons.wikimedia.org/wiki/File:Monet_w1054.jpg
1055,Деревня Живерни под снегом,The Village of Giverny under the Snow,Wikimedia Commons,"https://commons.wikimedia.org/wiki/Special:FilePath/Paysage_à_Giverny,_effet_de_neige_(1886)_Claude_Monet_-_Hecht_Museum,_University_of_Haifa.jpg",1000,768,0.8,"https://commons.wikimedia.org/wiki/File:Paysage_à_Giverny,_effet_de_neige_(1886)_Claude_Monet_-_Hecht_Museum,_University_of_Haifa.jpg"
1056,Эффект снега в Лимеце,Snow Effect at Limetz,Wikimedia Commons (скан каталога),https://commons.wikimedia.org/wiki/Special:FilePath/Monet_w1056.jpg,736,590,0.4,https://commons.wikimedia.org/wiki/File:Monet_w1056.jpg
1057,Зима в Живерни,Winter at Giverny,Wikimedia Commons (скан каталога),https://commons.wikimedia.org/wiki/Special:FilePath/Monet_w1057.jpg,986,724,0.7,https://commons.wikimedia.org/wiki/File:Monet_w1057.jpg
1058,Наводнение в Живерни,Flood at Giverny,Wikimedia Commons,https://commons.wikimedia.org/wiki/Special:FilePath/Inondation_à_Giverny_(1886)_Claude_Monet_(W_1058).jpg,2880,2300,6.6,https://commons.wikimedia.org/wiki/File:Inondation_à_Giverny_(1886)_Claude_Monet_(W_1058).jpg
1059,Ивы. Живерни,"Willows, Giverny",Wikimedia Commons,"https://commons.wikimedia.org/wiki/Special:FilePath/Willows_in_Haze,_Giverny_(1886)_Claude_Monet_-_Göteborgs_Konstmuseum_(W_1059).jpg",910,721,0.7,"https://commons.wikimedia.org/wiki/File:Willows_in_Haze,_Giverny_(1886)_Claude_Monet_-_Göteborgs_Konstmuseum_(W_1059).jpg"
1060,Вид Вернона,View of Vernon,Wikimedia Commons (скан каталога),https://commons.wikimedia.org/wiki/Special:FilePath/Monet_w1060_view_of_vernon.jpg,1999,1651,3.3,https://commons.wikimedia.org/wiki/File:Monet_w1060_view_of_vernon.jpg
1061,Панорама Вернона,Panorama of Vernon,Wikimedia Commons (скан каталога),https://commons.wikimedia.org/wiki/Special:FilePath/Monet_w1061.jpg,1320,987,1.3,https://commons.wikimedia.org/wiki/File:Monet_w1061.jpg
1062,Весна в Живерни,Springtime at Giverny,Wikimedia Commons (скан каталога),https://commons.wikimedia.org/wiki/Special:FilePath/Monet_w1062.jpg,1024,689,0.7,https://commons.wikimedia.org/wiki/File:Monet_w1062.jpg
1063,Весна в Живерни,Springtime in Giverny,Wikimedia Commons (скан каталога),"https://commons.wikimedia.org/wiki/Special:FilePath/Monet_-_Wildenstein_1996,_1063.png",279,338,0.1,"https://commons.wikimedia.org/wiki/File:Monet_-_Wildenstein_1996,_1063.png"
1064,Весна в Живерни,Springtime in Giverny,Wikimedia Commons (скан каталога),"https://commons.wikimedia.org/wiki/Special:FilePath/Monet_-_Wildenstein_1996,_1064.png",434,337,0.1,"https://commons.wikimedia.org/wiki/File:Monet_-_Wildenstein_1996,_1064.png"
1065,Весенний фруктовый сад,An Orchard in Spring,Wikimedia Commons (скан каталога),https://commons.wikimedia.org/wiki/Special:FilePath/Monet_w1065.jpg,1024,805,0.8,https://commons.wikimedia.org/wiki/File:Monet_w1065.jpg
1066,Весна,Springtime,Wikimedia Commons,"https://commons.wikimedia.org/wiki/Special:FilePath/Monet_-_Le_Printemps,_1886.jpg",760,607,0.5,"https://commons.wikimedia.org/wiki/File:Monet_-_Le_Printemps,_1886.jpg"
1067,Поля тюльпанов в Голландии,Field of Tulips in Holland,Wikimedia Commons,https://commons.wikimedia.org/wiki/Special:FilePath/Claude_Monet_-_Tulip_fields_in_Holland_(Musée_d'Orsay).jpg,2536,2044,5.2,https://commons.wikimedia.org/wiki/File:Claude_Monet_-_Tulip_fields_in_Holland_(Musée_d'Orsay).jpg
1068,Тюльпановые поля близ Гааги,Tulip Fields near The Hague,Wikimedia Commons,https://commons.wikimedia.org/wiki/Special:FilePath/Amsterdam_musee_van_gogh_monet_tulipes_moulins.JPG,2428,1960,4.8,https://commons.wikimedia.org/wiki/File:Amsterdam_musee_van_gogh_monet_tulipes_moulins.JPG
1069,Тюльпаны в Голландии,Tulips in Holland,Wikimedia Commons,https://commons.wikimedia.org/wiki/Special:FilePath/Monet_Tulipes_Marmottan_(cropped).jpg,4012,2589,10.4,https://commons.wikimedia.org/wiki/File:Monet_Tulipes_Marmottan_(cropped).jpg
1070,Тюльпановые поля в Сассенхейме,Tulip Fields at Sassenheim,Wikimedia Commons,https://commons.wikimedia.org/wiki/Special:FilePath/Monet_-_Tulpenfelder_in_Sassenheim_-_1886.jpg,2000,1650,3.3,https://commons.wikimedia.org/wiki/File:Monet_-_Tulpenfelder_in_Sassenheim_-_1886.jpg
1071,Тюльпановое поле близ Лейдена,Field of Tulips near Leyden,Wikimedia Commons,https://commons.wikimedia.org/wiki/Special:FilePath/Monet_Tulip-fields-at-sassenheim-1886.jpg,1889,1541,2.9,https://commons.wikimedia.org/wiki/File:Monet_Tulip-fields-at-sassenheim-1886.jpg
1072,Вид деревни Живерни,View of village of Giverny,Wikimedia Commons,https://commons.wikimedia.org/wiki/Special:FilePath/Claude_monet_vue_du_village_de_giverny).jpg,3200,2580,8.3,https://commons.wikimedia.org/wiki/File:Claude_monet_vue_du_village_de_giverny).jpg
1073,Стог сена в Живерни,Haystack at Giverny,Wikimedia Commons,"https://commons.wikimedia.org/wiki/Special:FilePath/Monet,_Claude_-_Haystack_at_Giverny.jpg",6484,4800,31.1,"https://commons.wikimedia.org/wiki/File:Monet,_Claude_-_Haystack_at_Giverny.jpg"
1074,Вид Живерни,View of Giverny,Wikimedia Commons,https://commons.wikimedia.org/wiki/Special:FilePath/Claude_Monet_-_Vue_de_Giverny_-_TMoCA.jpg,1320,1044,1.4,https://commons.wikimedia.org/wiki/File:Claude_Monet_-_Vue_de_Giverny_-_TMoCA.jpg
1075,Прогулка (этюд),Promenade (study),Wikimedia Commons (скан каталога),https://commons.wikimedia.org/wiki/Special:FilePath/Monet_w1075.jpg,729,1023,0.7,https://commons.wikimedia.org/wiki/File:Monet_w1075.jpg
1076,"Дама с зонтиком, повернувшаяся направо",Femme à l'ombrelle tournée vers la droite,Wikimedia Commons,https://commons.wikimedia.org/wiki/Special:FilePath/Femme_à_l'ombrelle_tournée_vers_la_droite_-_Claude_Monnet_-_Musée_d'Orsay_RF_2620.jpg,6959,10277,71.5,https://commons.wikimedia.org/wiki/File:Femme_à_l'ombrelle_tournée_vers_la_droite_-_Claude_Monnet_-_Musée_d'Orsay_RF_2620.jpg
1077,Дама с зонтиком,Woman with a Parasol (also known as Study of a Figure Outdoors (Facing Left)),Wikimedia Commons,https://commons.wikimedia.org/wiki/Special:FilePath/Femme_à_l'ombrelle_tournée_vers_la_gauche_-_Claude_Monnet_-_Musée_d'Orsay_RF_2621.jpg,7325,10810,79.2,https://commons.wikimedia.org/wiki/File:Femme_à_l'ombrelle_tournée_vers_la_gauche_-_Claude_Monnet_-_Musée_d'Orsay_RF_2621.jpg
1078,Автопортрет в берете,Self Portrait with a Beret,Wikimedia Commons,https://commons.wikimedia.org/wiki/Special:FilePath/Autoportret_Claude_Monet.jpg,6372,8042,51.2,https://commons.wikimedia.org/wiki/File:Autoportret_Claude_Monet.jpg
1079,Закат в Живерни,Sunset at Giverny,Wikimedia Commons,https://commons.wikimedia.org/wiki/Special:FilePath/Coucher_du_Soleil_à_Giverny_by_Claude_Monet.jpg,512,410,0.2,https://commons.wikimedia.org/wiki/File:Coucher_du_Soleil_à_Giverny_by_Claude_Monet.jpg
1080,Два дерева на лугу,Two Trees in the Meadow,Wikimedia Commons (скан каталога),"https://commons.wikimedia.org/wiki/Special:FilePath/Monet_-_Wildenstein_1996,_1080.png",358,305,0.1,"https://commons.wikimedia.org/wiki/File:Monet_-_Wildenstein_1996,_1080.png"
1081,Луг в Живерни,Meadow at Giverny,Wikimedia Commons (скан каталога),"https://commons.wikimedia.org/wiki/Special:FilePath/Monet_-_Wildenstein_1996,_1081.png",275,307,0.1,"https://commons.wikimedia.org/wiki/File:Monet_-_Wildenstein_1996,_1081.png"
1082,Луг на солнце в Живерни,"Meadow in the Sun, at Giverny",Wikimedia Commons (скан каталога),https://commons.wikimedia.org/wiki/Special:FilePath/Monet_w1082.jpg,715,800,0.6,https://commons.wikimedia.org/wiki/File:Monet_w1082.jpg
1083,Луг на солнце в Живерни,"Meadow in the Sun, at Giverny",Wikimedia Commons,"https://commons.wikimedia.org/wiki/Special:FilePath/Monet_-_Meadow_at_Giverny,_1886.jpg",1410,1600,2.3,"https://commons.wikimedia.org/wiki/File:Monet_-_Meadow_at_Giverny,_1886.jpg"
1084,"Пирамиды Порт-Котон, бурное море",Pyramids at Port-Coton,Wikimedia Commons,"https://commons.wikimedia.org/wiki/Special:FilePath/'The_Pyramids_at_Port-Coton'_by_Claude_Monet,_1886,_Pushkin_Museum.jpg",2700,2175,5.9,"https://commons.wikimedia.org/wiki/File:'The_Pyramids_at_Port-Coton'_by_Claude_Monet,_1886,_Pushkin_Museum.jpg"
1085,«Пирамиды» в Пор-Котоне,"The ""Pyramids"" at Port-Coton",Wikimedia Commons,"https://commons.wikimedia.org/wiki/Special:FilePath/Claude_Monet_""Las_Pirámides_a_Port-Coton""_(1886)_Óleo_sobre_tela;_65,5_x_81,5_cm.jpg",956,713,0.7,"https://commons.wikimedia.org/wiki/File:Claude_Monet_""Las_Pirámides_a_Port-Coton""_(1886)_Óleo_sobre_tela;_65,5_x_81,5_cm.jpg"
1086,Скалы-пирамиды в Пор-Котоне. Бель-Иль-ан-Мер,"The Pyramides of Port Coton, Belle-Ile-en-Mer",Wikimedia Commons (скан каталога),https://commons.wikimedia.org/wiki/Special:FilePath/Monet_w1086.jpg,1024,842,0.9,https://commons.wikimedia.org/wiki/File:Monet_w1086.jpg
1087,Скалы-пирамиды в Пор-Котоне,The Pyramids at Port-Coton,Wikimedia Commons,https://commons.wikimedia.org/wiki/Special:FilePath/Monet_-_the-pyramids-at-port-coton-1.jpg,280,279,0.1,https://commons.wikimedia.org/wiki/File:Monet_-_the-pyramids-at-port-coton-1.jpg
1088,«Пирамиды» в Пор-Котоне. Эффект солнца,"The ""Pyramids"" of Port Coton, Sun Effect",Wikimedia Commons,"https://commons.wikimedia.org/wiki/Special:FilePath/Claude_Monet_-_Les_Pyramides_de_Port-Coton,_effet_de_soleil.jpg",1600,1572,2.5,"https://commons.wikimedia.org/wiki/File:Claude_Monet_-_Les_Pyramides_de_Port-Coton,_effet_de_soleil.jpg"
1089,Скалы на Бель-Иле,Rocks at Belle-Ile,Wikimedia Commons (скан каталога),https://commons.wikimedia.org/wiki/Special:FilePath/Monet_w1089.jpg,1023,820,0.8,https://commons.wikimedia.org/wiki/File:Monet_w1089.jpg
1090,Скалистый берег и скала Лев. Бель-Иль,"Rocky Coast and the Lion Rock, Belle-Ile",Wikimedia Commons,"https://commons.wikimedia.org/wiki/Special:FilePath/Monet_-_Rocher_du_Lion,_Rochers_à_Belle-Île_(Lion_Rock,_Rocks_at_Belle-Île),_1886.jpg",1000,803,0.8,"https://commons.wikimedia.org/wiki/File:Monet_-_Rocher_du_Lion,_Rochers_à_Belle-Île_(Lion_Rock,_Rocks_at_Belle-Île),_1886.jpg"
1091,Скалы в Пор-Котоне. Скала Лев,"Rocks at Port Coton, The Lion Rock",Wikimedia Commons,"https://commons.wikimedia.org/wiki/Special:FilePath/Monet,_Rocks_at_Port-Coton,_the_Lion_Rock,_Belle-Île,_1886.jpg",4000,3000,12.0,"https://commons.wikimedia.org/wiki/File:Monet,_Rocks_at_Port-Coton,_the_Lion_Rock,_Belle-Île,_1886.jpg"
1092,"Пор-Котон, «Лев»","Port Coton, The Lion",Wikimedia Commons,"https://commons.wikimedia.org/wiki/Special:FilePath/Claude_Monet._Port-Coton,_le_lion_(1886).tif",2731,2244,6.1,"https://commons.wikimedia.org/wiki/File:Claude_Monet._Port-Coton,_le_lion_(1886).tif"
1093,Вход в Пор-Гульфар. Бель-Иль,"Entrance of Port-Goulphar, Belle-Ile",Wikimedia Commons (скан каталога),https://commons.wikimedia.org/wiki/Special:FilePath/Monet_w1093.jpg,1024,812,0.8,https://commons.wikimedia.org/wiki/File:Monet_w1093.jpg
1094,Вход в Пор-Гульфар. Бель-Иль,"Coming into Port-Goulphar, Belle-Ile",Wikimedia Commons,"https://commons.wikimedia.org/wiki/Special:FilePath/Claude_Monet_-_Port-Goulphar,_Belle-Île_-_Google_Art_Project.jpg",4008,5001,20.0,"https://commons.wikimedia.org/wiki/File:Claude_Monet_-_Port-Goulphar,_Belle-Île_-_Google_Art_Project.jpg"
1095,"Бель-Иль, скалы в Пор-Гульфаре","Belle-Ile, Rocks at Port-Goulphar",Wikimedia Commons,https://commons.wikimedia.org/wiki/Special:FilePath/Paysage_à_Port-Goulphar.jpg,3000,2393,7.2,https://commons.wikimedia.org/wiki/File:Paysage_à_Port-Goulphar.jpg
1096,Группа скал в Пор-Гульфаре,Group of Rocks at Port-Goulphar,Wikimedia Commons (скан каталога),https://commons.wikimedia.org/wiki/Special:FilePath/Monet_w1096.jpg,1014,1024,1.0,https://commons.wikimedia.org/wiki/File:Monet_w1096.jpg
1097,Нагромождение скал в Пор-Гульфаре,Block of Rocks at Port-Goulphar,Wikimedia Commons (скан каталога),https://commons.wikimedia.org/wiki/Special:FilePath/Monet_w1097.jpg,1024,832,0.9,https://commons.wikimedia.org/wiki/File:Monet_w1097.jpg
1098,"Бель-Иль, пролив в Пор-Гульфаре","Belle-Ile, The Channel at Port-Goulphar",Wikimedia Commons (скан каталога),"https://commons.wikimedia.org/wiki/Special:FilePath/Monet_-_Wildenstein_1996,_1098.png",461,370,0.2,"https://commons.wikimedia.org/wiki/File:Monet_-_Wildenstein_1996,_1098.png"
1099,Бель-Иль,Belle-Ile,Wikimedia Commons (скан каталога),https://commons.wikimedia.org/wiki/Special:FilePath/Monet_w1099.jpg,1006,818,0.8,https://commons.wikimedia.org/wiki/File:Monet_w1099.jpg
1100,Дикий берег,The Cote Sauvage,Wikimedia Commons,"https://commons.wikimedia.org/wiki/Special:FilePath/Les_Rochers_de_Belle-Île,_la_Côte_sauvage_(1886)_de_Claude_Monet_-_Musée_d'Orsay_(W1000).jpg",850,682,0.6,"https://commons.wikimedia.org/wiki/File:Les_Rochers_de_Belle-Île,_la_Côte_sauvage_(1886)_de_Claude_Monet_-_Musée_d'Orsay_(W1000).jpg"
1101,"Rocks at Belle-Île, Port-Domois","Rocks at Belle-Île, Port-Domois",Wikimedia Commons,"https://commons.wikimedia.org/wiki/Special:FilePath/Claude_Monet_-_Rocks_at_Belle-lle,_Port-Domois_-_Google_Art_Project.jpg",3292,4133,13.6,"https://commons.wikimedia.org/wiki/File:Claude_Monet_-_Rocks_at_Belle-lle,_Port-Domois_-_Google_Art_Project.jpg"
1102,Скалистые мысы на Бель-Иле,Rock Points at Belle-Ile,Wikimedia Commons (скан каталога),https://commons.wikimedia.org/wiki/Special:FilePath/Monet_w1102.jpg,772,1009,0.8,https://commons.wikimedia.org/wiki/File:Monet_w1102.jpg
1103,Бель-Иль на закате,Belle-Ile at Sunset,Wikimedia Commons (скан каталога),"https://commons.wikimedia.org/wiki/Special:FilePath/Monet_-_Wildenstein_1996,_1103.png",312,369,0.1,"https://commons.wikimedia.org/wiki/File:Monet_-_Wildenstein_1996,_1103.png"
1104,Скалы на Бель-Иле. Пор-Домуа,"Rocks at Belle-Ile, Port-Domois",Wikimedia Commons,"https://commons.wikimedia.org/wiki/Special:FilePath/Claude_Monet_-_Rocks_at_Belle-lle,_Port-Domois_-_Google_Art_Project.jpg",3292,4133,13.6,"https://commons.wikimedia.org/wiki/File:Claude_Monet_-_Rocks_at_Belle-lle,_Port-Domois_-_Google_Art_Project.jpg"
1105,Деревня Домуа,The Village of Domois,Wikimedia Commons (скан каталога),"https://commons.wikimedia.org/wiki/Special:FilePath/Monet_-_Wildenstein_1996,_1105.png",471,364,0.2,"https://commons.wikimedia.org/wiki/File:Monet_-_Wildenstein_1996,_1105.png"
1106,"Скала Рош-Гибель, Пор-Домуа","La Roche-Guibel, Port Domois",Wikimedia Commons (скан каталога),https://commons.wikimedia.org/wiki/Special:FilePath/Monet_w1106.jpg,1024,828,0.8,https://commons.wikimedia.org/wiki/File:Monet_w1106.jpg
1107,Скалы на Бель-Иле,Rocks at Belle-Ile,Wikimedia Commons,https://commons.wikimedia.org/wiki/Special:FilePath/MONET_Claude_Les_Rochers_de_Belle-Ile_Huile_sur_toile.jpg,2716,2162,5.9,https://commons.wikimedia.org/wiki/File:MONET_Claude_Les_Rochers_de_Belle-Ile_Huile_sur_toile.jpg
1108,"Пор-Доннан, Бель-Иль","Port Donnant, Belle Ile",Wikimedia Commons,"https://commons.wikimedia.org/wiki/Special:FilePath/Claude_Monet_-_Port-Domois,_Belle-Isle_-_1983.7.10_-_Yale_University_Art_Gallery.jpg",2948,2381,7.0,"https://commons.wikimedia.org/wiki/File:Claude_Monet_-_Port-Domois,_Belle-Isle_-_1983.7.10_-_Yale_University_Art_Gallery.jpg"
1109,Пор-Домуа на Бель-Иле,Port Domois at Belle Ile,Wikimedia Commons (скан каталога),https://commons.wikimedia.org/wiki/Special:FilePath/Monet_w1109.jpg,1024,824,0.8,https://commons.wikimedia.org/wiki/File:Monet_w1109.jpg
1110,Бель-Иль,Belle-Ile,Wikimedia Commons,https://commons.wikimedia.org/wiki/Special:FilePath/Claude_Monet_-_Belle-Ile_-_Musée_Rodin.jpg,1299,954,1.2,https://commons.wikimedia.org/wiki/File:Claude_Monet_-_Belle-Ile_-_Musée_Rodin.jpg
1111,Скалы на Бель-Иле,The Rocks at Belle-Ile,Wikimedia Commons (скан каталога),"https://commons.wikimedia.org/wiki/Special:FilePath/Monet_-_Wildenstein_1996,_1111.png",439,314,0.1,"https://commons.wikimedia.org/wiki/File:Monet_-_Wildenstein_1996,_1111.png"
1112,"Бель-Иль, дождь","Belle-Ile, Rain Effect",Wikimedia Commons,"https://commons.wikimedia.org/wiki/Special:FilePath/Claude_Monet_-_Belle-Ile,_Rain_Effect.jpg",1059,867,0.9,"https://commons.wikimedia.org/wiki/File:Claude_Monet_-_Belle-Ile,_Rain_Effect.jpg"
1113,"Бель-Иль, скала Гибель","Belle-Ile, the Roche Guibel",Wikimedia Commons,https://commons.wikimedia.org/wiki/Special:FilePath/BELLE-ÎLE_(1886)_Claude_Monet_(W_1113).jpg,1139,1150,1.3,https://commons.wikimedia.org/wiki/File:BELLE-ÎLE_(1886)_Claude_Monet_(W_1113).jpg
1114,Грот Пор-Домуа,The Grotto of Port-Domois,Wikimedia Commons,https://commons.wikimedia.org/wiki/Special:FilePath/Claude_Monet_-_Grotte_de_Port-Domois.jpg,1132,884,1.0,https://commons.wikimedia.org/wiki/File:Claude_Monet_-_Grotte_de_Port-Domois.jpg
1115,Буря в Пор-Гульфаре. Бель-Иль,"Storm at Port-Goulphar, Belle-Ile",Wikimedia Commons (скан каталога),"https://commons.wikimedia.org/wiki/Special:FilePath/Monet_-_Wildenstein_1996,_1115.png",484,361,0.2,"https://commons.wikimedia.org/wiki/File:Monet_-_Wildenstein_1996,_1115.png"
1116,Шторм. Побережье Бель-Иль,Storm off the Belle-Ile Coast,Wikimedia Commons,"https://commons.wikimedia.org/wiki/Special:FilePath/Tempête,_côtes_de_Belle-Île_-_Claude.jpg",3534,2792,9.9,"https://commons.wikimedia.org/wiki/File:Tempête,_côtes_de_Belle-Île_-_Claude.jpg"
1117,Буря на Бель-Иле,Storm at Belle-Ile,Wikimedia Commons,https://commons.wikimedia.org/wiki/Special:FilePath/Tempête_à_Belle-Île_(1886)_Claude_Monet_(W1117).jpg,745,616,0.5,https://commons.wikimedia.org/wiki/File:Tempête_à_Belle-Île_(1886)_Claude_Monet_(W1117).jpg
1118,Бушующее море,The Raging Sea,Wikimedia Commons,https://commons.wikimedia.org/wiki/Special:FilePath/Claude_Monet_-_1886_-_Les_Rochers_de_Belle-Isle_(Beaux-Arts_Alger).jpg,3546,2845,10.1,https://commons.wikimedia.org/wiki/File:Claude_Monet_-_1886_-_Les_Rochers_de_Belle-Isle_(Beaux-Arts_Alger).jpg
1119,Буря у побережья Бель-Иля,Storm on the Cote de Belle-Ile,Wikimedia Commons,https://commons.wikimedia.org/wiki/Special:FilePath/Claude_Monet_Tempête_sur_les_Côtes_de_Belle-Île_1886.jpg,2000,1643,3.3,https://commons.wikimedia.org/wiki/File:Claude_Monet_Tempête_sur_les_Côtes_de_Belle-Île_1886.jpg
1120,Дождь на Бель-Иле,Rain in Belle-Ile,Wikimedia Commons (скан каталога),https://commons.wikimedia.org/wiki/Special:FilePath/Monet_w1120.jpg,1024,1014,1.0,https://commons.wikimedia.org/wiki/File:Monet_w1120.jpg
1121,Дождь на Бель-Иле,Rain in Belle-Ile,Wikimedia Commons (скан каталога),https://commons.wikimedia.org/wiki/Special:FilePath/Monet_w1121.jpg,1024,830,0.8,https://commons.wikimedia.org/wiki/File:Monet_w1121.jpg
1122,"Портрет Поли, рыбака из Кервилауэна","Portrait of Poly, Fisherman at Kervillaouen",Wikimedia Commons,https://commons.wikimedia.org/wiki/Special:FilePath/Monet-Poly-Marmottan.jpg,773,1092,0.8,https://commons.wikimedia.org/wiki/File:Monet-Poly-Marmottan.jpg
1123,Пейзаж в Живерни,Landscape at Giverny,Wikimedia Commons,https://commons.wikimedia.org/wiki/Special:FilePath/'Landscape_at_Giverny'_(1887)_by_Claude_Monet_-_Museo_Soumaya_-_Mexico_2024.jpg,2548,1772,4.5,https://commons.wikimedia.org/wiki/File:'Landscape_at_Giverny'_(1887)_by_Claude_Monet_-_Museo_Soumaya_-_Mexico_2024.jpg
1124,Поле в Живерни,Field at Giverny,Wikimedia Commons,https://commons.wikimedia.org/wiki/Special:FilePath/Champ_à_Giverny_(1885)_Claude_Monet_(W_1124).jpg,2880,2015,5.8,https://commons.wikimedia.org/wiki/File:Champ_à_Giverny_(1885)_Claude_Monet_(W_1124).jpg
1125,Вид Беннекура,View of Bennecourt,Wikimedia Commons,https://commons.wikimedia.org/wiki/Special:FilePath/Claude_Monet_-_View_of_Bennecourt_(1887).jpg,2284,2272,5.2,https://commons.wikimedia.org/wiki/File:Claude_Monet_-_View_of_Bennecourt_(1887).jpg
1126,Вид Беннекура,View of Bennecourt,Wikimedia Commons,https://commons.wikimedia.org/wiki/Special:FilePath/Bennecourt_(1887)_Claude_Monet_(W_1126).jpg,731,726,0.5,https://commons.wikimedia.org/wiki/File:Bennecourt_(1887)_Claude_Monet_(W_1126).jpg
1127,Жан-Пьер Ошеде и Мишель Моне на берегу Эпта,Jean-Pierre Hoschedé and Michel Monet on the Bank of the Epte,Wikimedia Commons,https://commons.wikimedia.org/wiki/Special:FilePath/Claude_Monet_-_Jean-Pierre_Hoschedé_and_Michel_Monet_on_the_Bank_of_the_Epte.jpg,2500,1973,4.9,https://commons.wikimedia.org/wiki/File:Claude_Monet_-_Jean-Pierre_Hoschedé_and_Michel_Monet_on_the_Bank_of_the_Epte.jpg
1128,Берега реки Эпт в Живерни,The Banks of the River Epte at Giverny,Wikimedia Commons (скан каталога),https://commons.wikimedia.org/wiki/Special:FilePath/Monet_w1128.jpg,500,398,0.2,https://commons.wikimedia.org/wiki/File:Monet_w1128.jpg
1129,Берега реки Эпт,The Banks of the Rive Epte,Wikimedia Commons (скан каталога),"https://commons.wikimedia.org/wiki/Special:FilePath/Monet_-_Wildenstein_1996,_1129.png",461,346,0.2,"https://commons.wikimedia.org/wiki/File:Monet_-_Wildenstein_1996,_1129.png"
1130,Иней в Живерни,White Frost at Giverny,Wikimedia Commons (скан каталога),https://commons.wikimedia.org/wiki/Special:FilePath/Monet_w1130.jpg,1800,1394,2.5,https://commons.wikimedia.org/wiki/File:Monet_w1130.jpg
1130a,Дорога в тумане,Foggy Road,Wikimedia Commons,https://commons.wikimedia.org/wiki/Special:FilePath/Chemin_dans_le_brouillard_(1879)_Claude_Monet_(W_1130a).jpg,2880,2366,6.8,https://commons.wikimedia.org/wiki/File:Chemin_dans_le_brouillard_(1879)_Claude_Monet_(W_1130a).jpg
1131,В лесу в Живерни: Бланш Ошеде за мольбертом и читающая Сюзанна Ошеде,In the Woods at Giverny: Blanche Hoschedé at her Easel with Suzanne Hoschedé Reading,Wikimedia Commons,https://commons.wikimedia.org/wiki/Special:FilePath/Claude_Monet_-_In_the_Woods_at_Giverny-_Blanche_Hoschedé_at_Her_Easel_with_Suzanne_Hoschedé_Reading_-_Google_Art_Project.jpg,2401,2247,5.4,https://commons.wikimedia.org/wiki/File:Claude_Monet_-_In_the_Woods_at_Giverny-_Blanche_Hoschedé_at_Her_Easel_with_Suzanne_Hoschedé_Reading_-_Google_Art_Project.jpg
1132,В лесу в Живерни: Бланш Ошеде за мольбертом и читающая Сюзанна Ошеде,In the Woods at Giverny: Blanche Hoschedé at her Easel with Suzanne Hoschedé Reading,Wikimedia Commons (скан каталога),https://commons.wikimedia.org/wiki/Special:FilePath/Monet_w1132.jpg,780,598,0.5,https://commons.wikimedia.org/wiki/File:Monet_w1132.jpg
1133,Прогулка (Сюзанна Ошеде),The Stroller (Suzanne Hoschede) (also known as Taking a Walk),Wikimedia Commons,https://commons.wikimedia.org/wiki/Special:FilePath/Monet_The_stroller_(Suzanne_Hoschede).jpg,2472,3562,8.8,https://commons.wikimedia.org/wiki/File:Monet_The_stroller_(Suzanne_Hoschede).jpg
1134,Женщина с удочкой на берегу Эпта,Fisherwoman with a Line on the Banks of the Epte,Wikimedia Commons (скан каталога),https://commons.wikimedia.org/wiki/Special:FilePath/Monet_w1134.jpg,1320,1044,1.4,https://commons.wikimedia.org/wiki/File:Monet_w1134.jpg
1135,Солнечный свет под тополями,Sunlight Effect under the Poplars,Wikimedia Commons,"https://commons.wikimedia.org/wiki/Special:FilePath/Claude_Monet_041_(Poplars_in_the_Sun,_1887).jpg",2024,1654,3.3,"https://commons.wikimedia.org/wiki/File:Claude_Monet_041_(Poplars_in_the_Sun,_1887).jpg"
1136,Под тополями,Under the Poplars,Wikimedia Commons,https://commons.wikimedia.org/wiki/Special:FilePath/MB-Mon-23_Monet_Unter-den-Pappeln_1.jpg,1800,1429,2.6,https://commons.wikimedia.org/wiki/File:MB-Mon-23_Monet_Unter-den-Pappeln_1.jpg
1137,Поле жёлтых ирисов,Field of Yellow Irises,Wikimedia Commons (скан каталога),"https://commons.wikimedia.org/wiki/Special:FilePath/Monet_-_Wildenstein_1996,_1137.png",759,327,0.2,"https://commons.wikimedia.org/wiki/File:Monet_-_Wildenstein_1996,_1137.png"
1138,Поле ирисов в Живерни,Field of Irises at Giverny,Wikimedia Commons,https://commons.wikimedia.org/wiki/Special:FilePath/Champ_d'iris_à_Giverny_(1887)_Claude_Monet_(W_1138).jpg,2880,1323,3.8,https://commons.wikimedia.org/wiki/File:Champ_d'iris_à_Giverny_(1887)_Claude_Monet_(W_1138).jpg
1139,Поле ирисов утром,Field of Irises in the Morning,Wikimedia Commons (скан каталога),"https://commons.wikimedia.org/wiki/Special:FilePath/Monet_-_Wildenstein_1996,_1139.png",759,289,0.2,"https://commons.wikimedia.org/wiki/File:Monet_-_Wildenstein_1996,_1139.png"
1140,Сад пионов,Peony Garden,Wikimedia Commons,https://commons.wikimedia.org/wiki/Special:FilePath/Claude_Monet_-_Peony_Garden_-_Google_Art_Project.jpg,3925,2545,10.0,https://commons.wikimedia.org/wiki/File:Claude_Monet_-_Peony_Garden_-_Google_Art_Project.jpg
1141,Пионы,Peonies,Wikimedia Commons (скан каталога),"https://commons.wikimedia.org/wiki/Special:FilePath/Monet_-_Wildenstein_1996,_1141.png",682,484,0.3,"https://commons.wikimedia.org/wiki/File:Monet_-_Wildenstein_1996,_1141.png"
1142,Пионы,Peonies,Wikimedia Commons,https://commons.wikimedia.org/wiki/Special:FilePath/Pivoines_(1887)_Claude_Monet_(W_1142).jpg,851,618,0.5,https://commons.wikimedia.org/wiki/File:Pivoines_(1887)_Claude_Monet_(W_1142).jpg
1143,Букет пионов,Bouquet of Peonies,Wikimedia Commons (скан каталога),https://commons.wikimedia.org/wiki/Special:FilePath/Monet_w1143.jpg,1261,1576,2.0,https://commons.wikimedia.org/wiki/File:Monet_w1143.jpg
1144,Белый ломонос,White Clematis,Wikimedia Commons,https://commons.wikimedia.org/wiki/Special:FilePath/Monet_-_white-clematis-1887.jpg,280,523,0.1,https://commons.wikimedia.org/wiki/File:Monet_-_white-clematis-1887.jpg
1145,Клематис,Clematis,Wikimedia Commons,https://commons.wikimedia.org/wiki/Special:FilePath/Clématites_(1887)_Claude_Monet_(W_1145).jpg,2880,1860,5.4,https://commons.wikimedia.org/wiki/File:Clématites_(1887)_Claude_Monet_(W_1145).jpg
1146,Люцерна и маки,Lucerne and Poppies,Wikimedia Commons (скан каталога),"https://commons.wikimedia.org/wiki/Special:FilePath/Monet_-_Wildenstein_1996,_1146.png",363,273,0.1,"https://commons.wikimedia.org/wiki/File:Monet_-_Wildenstein_1996,_1146.png"
1147,Маки в Живерни,Poppies at Giverny,Wikimedia Commons (скан каталога),https://commons.wikimedia.org/wiki/Special:FilePath/Monet_w1147.jpg,1024,724,0.7,https://commons.wikimedia.org/wiki/File:Monet_w1147.jpg
1148,Луг в Лиме,Meadow at Limetz,Wikimedia Commons (скан каталога),https://commons.wikimedia.org/wiki/Special:FilePath/Monet_w1148.jpg,1024,817,0.8,https://commons.wikimedia.org/wiki/File:Monet_w1148.jpg
1149,Бланш Моне за мольбертом с сестрой Сюзанной на берегу реки,Blanche Monet Painting with her Sister Suzanne on the Bank of the River,Wikimedia Commons (скан каталога),https://commons.wikimedia.org/wiki/Special:FilePath/Monet_w1149.jpg,1029,828,0.9,https://commons.wikimedia.org/wiki/File:Monet_w1149.jpg
1150,Две женщины в лодке,Two Women in a Rowing Boat,Wikimedia Commons,https://commons.wikimedia.org/wiki/Special:FilePath/Deux_femmes_en_barque_(1887)_Claude_Monet_(W_1150).jpg,851,635,0.5,https://commons.wikimedia.org/wiki/File:Deux_femmes_en_barque_(1887)_Claude_Monet_(W_1150).jpg
1151,Лодка в Живерни,"In the ""Norvegienne""",Wikimedia Commons,https://commons.wikimedia.org/wiki/Special:FilePath/Monet_-_In_der_Barke.jpg,1024,764,0.8,https://commons.wikimedia.org/wiki/File:Monet_-_In_der_Barke.jpg
1152,Девушки в лодке,Young Girls in a Row Boat,Wikimedia Commons,https://commons.wikimedia.org/wiki/Special:FilePath/Claude_Monet_-_On_the_Boat_-_Google_Art_Project.jpg,3049,3350,10.2,https://commons.wikimedia.org/wiki/File:Claude_Monet_-_On_the_Boat_-_Google_Art_Project.jpg
1153,Синяя лодка,The Blue Row Boat,Wikimedia Commons,"https://commons.wikimedia.org/wiki/Special:FilePath/Monet,_la_barca_blu,_thyssen.jpg",1024,858,0.9,"https://commons.wikimedia.org/wiki/File:Monet,_la_barca_blu,_thyssen.jpg"
1154,Гребная лодка,The Row Boat,Wikimedia Commons,https://commons.wikimedia.org/wiki/Special:FilePath/Monet-Barque-Marmottan.jpg,4101,4533,18.6,https://commons.wikimedia.org/wiki/File:Monet-Barque-Marmottan.jpg
1155,Тополя в Живерни,Poplars at Giverny,Wikimedia Commons (скан каталога),https://commons.wikimedia.org/wiki/Special:FilePath/Monet_w1155.jpg,1024,815,0.8,https://commons.wikimedia.org/wiki/File:Monet_w1155.jpg
1156,"Тополя в Живерни, восход солнца","Poplars at Giverny, Sunrise",Wikimedia Commons,"https://commons.wikimedia.org/wiki/Special:FilePath/Claude_Monet_-_Poplars_at_Giverny,_Sunrise.jpg",4500,3549,16.0,"https://commons.wikimedia.org/wiki/File:Claude_Monet_-_Poplars_at_Giverny,_Sunrise.jpg"
1157,Три дерева в Живерни,Three Trees at Giverny,Wikimedia Commons (скан каталога),https://commons.wikimedia.org/wiki/Special:FilePath/Monet_w1157.jpg,1320,1044,1.4,https://commons.wikimedia.org/wiki/File:Monet_w1157.jpg
1158,"Антиб, после полудня","Antibes, Afternoon Effect",Wikimedia Commons,https://commons.wikimedia.org/wiki/Special:FilePath/Claude_Monet_-_The_Fort_of_Antibes.jpg,1600,1281,2.0,https://commons.wikimedia.org/wiki/File:Claude_Monet_-_The_Fort_of_Antibes.jpg
1159,Старый форт в Антибе,The Old Fort at Antibes (also known as The Fort of Antibes),Wikimedia Commons,https://commons.wikimedia.org/wiki/Special:FilePath/Le_fort_d'Antibes_(1888)_Claude_Monet_(W_1159).jpg,2880,2127,6.1,https://commons.wikimedia.org/wiki/File:Le_fort_d'Antibes_(1888)_Claude_Monet_(W_1159).jpg
1160,Антиб,Antibes,Wikimedia Commons,https://commons.wikimedia.org/wiki/Special:FilePath/Claude_Monet_-_Antibes.jpg,4500,3546,16.0,https://commons.wikimedia.org/wiki/File:Claude_Monet_-_Antibes.jpg
1161,Залив Антиба,The Bay of Antibes,Wikimedia Commons,https://commons.wikimedia.org/wiki/Special:FilePath/MB-Mon-25_Monet_Antibes-das-Fort_1.jpg,2560,2043,5.2,https://commons.wikimedia.org/wiki/File:MB-Mon-25_Monet_Antibes-das-Fort_1.jpg
1161a,Антиб. Форт,"Antibes, The Fort",Wikimedia Commons,https://commons.wikimedia.org/wiki/Special:FilePath/MB-Mon-25_Monet_Antibes-das-Fort_1.jpg,2560,2043,5.2,https://commons.wikimedia.org/wiki/File:MB-Mon-25_Monet_Antibes-das-Fort_1.jpg
1162,Антиб и Приморские Альпы,Antibes and the Maritime Alps,Wikimedia Commons (скан каталога),https://commons.wikimedia.org/wiki/Special:FilePath/Monet_w1162.jpg,960,782,0.8,https://commons.wikimedia.org/wiki/File:Monet_w1162.jpg
1163,Замок в Антибе,The Castle in Antibes,Wikimedia Commons (скан каталога),https://commons.wikimedia.org/wiki/Special:FilePath/Monet_w1163.jpg,1024,709,0.7,https://commons.wikimedia.org/wiki/File:Monet_w1163.jpg
1163a,Замок в Антибе,The Castle in Antibes,Wikimedia Commons (скан каталога),"https://commons.wikimedia.org/wiki/Special:FilePath/Monet_-_Wildenstein_1996,_1163a.png",617,435,0.3,"https://commons.wikimedia.org/wiki/File:Monet_-_Wildenstein_1996,_1163a.png"
1164,Вид на Антиб из садов Салис,Antibes Seen from the Salis Gardens,Wikimedia Commons,"https://commons.wikimedia.org/wiki/Special:FilePath/Monet_-_Antibes_Seen_from_La_Salis,_1888.jpg",2646,2100,5.6,"https://commons.wikimedia.org/wiki/File:Monet_-_Antibes_Seen_from_La_Salis,_1888.jpg"
1165,Дом садовника в Антибе,Gardener's House at Antibes,Wikimedia Commons,"https://commons.wikimedia.org/wiki/Special:FilePath/Gardener's_House_at_Antibes,_by_Claude_Monet,_Cleveland_Museum_of_Art,_1916.1044.jpg",15628,11116,173.7,"https://commons.wikimedia.org/wiki/File:Gardener's_House_at_Antibes,_by_Claude_Monet,_Cleveland_Museum_of_Art,_1916.1044.jpg"
1166,Дом садовника,The Gardener's House,Wikimedia Commons (скан каталога),"https://commons.wikimedia.org/wiki/Special:FilePath/Monet_-_Wildenstein_1996,_1166.png",611,408,0.2,"https://commons.wikimedia.org/wiki/File:Monet_-_Wildenstein_1996,_1166.png"
1167,Антиб. Вид из садов Салис,Antibes. View from the Salis Gardens,Wikimedia Commons,https://commons.wikimedia.org/wiki/Special:FilePath/Antibes_from_la_Salis.JPG,843,603,0.5,https://commons.wikimedia.org/wiki/File:Antibes_from_la_Salis.JPG
1168,Вид на Антиб из Ла-Салис,Antibes from La Salis,Wikimedia Commons,"https://commons.wikimedia.org/wiki/Special:FilePath/Monet_-_Antibes_Seen_from_La_Salis,_1888.jpg",2646,2100,5.6,"https://commons.wikimedia.org/wiki/File:Monet_-_Antibes_Seen_from_La_Salis,_1888.jpg"
1169,Вид на Антиб из Ла-Салис,Antibes seen from La Salis,Wikimedia Commons,https://commons.wikimedia.org/wiki/Special:FilePath/Antibes_vue_de_la_Salis).jpg,800,562,0.4,https://commons.wikimedia.org/wiki/File:Antibes_vue_de_la_Salis).jpg
1170,Антиб утром,Antibes in the Morning,Wikimedia Commons,"https://commons.wikimedia.org/wiki/Special:FilePath/Morning_at_Antibes_(Claude_Monet,_1888).jpg",1500,1201,1.8,"https://commons.wikimedia.org/wiki/File:Morning_at_Antibes_(Claude_Monet,_1888).jpg"
1170a,Антиб утром,"Antibes, Morning",нет открытого изображения,,,,,
1171,Вид Антиба с плато Нотр-Дам,View of Antibes from the Plateau Notre-Dame,Wikimedia Commons,"https://commons.wikimedia.org/wiki/Special:FilePath/Antibes,_vue_du_plateau_Notre-Dame_(1888)_Claude_Monet_(W_1171).jpg",2880,2035,5.9,"https://commons.wikimedia.org/wiki/File:Antibes,_vue_du_plateau_Notre-Dame_(1888)_Claude_Monet_(W_1171).jpg"
1172,Вид на Антиб с плато Нотр-Дам,Antibes Seen from Plateau Notre Dame,Wikimedia Commons,"https://commons.wikimedia.org/wiki/Special:FilePath/Monet_-_Antibes_Seen_from_the_Plateau_Notre-Dame,_1888.jpg",1600,1288,2.1,"https://commons.wikimedia.org/wiki/File:Monet_-_Antibes_Seen_from_the_Plateau_Notre-Dame,_1888.jpg"
1173,Залив Антиба,The Gulf of Antibes,Wikimedia Commons,https://commons.wikimedia.org/wiki/Special:FilePath/Golfe_d'Antibes_(1888)_Claude_Monet_(W_1173).jpg,853,587,0.5,https://commons.wikimedia.org/wiki/File:Golfe_d'Antibes_(1888)_Claude_Monet_(W_1173).jpg
1174,"Вид на Антиб с мыса, мистраль","Antibes Seen from the Cape, Mistral Wind",Wikimedia Commons (скан каталога),"https://commons.wikimedia.org/wiki/Special:FilePath/Monet_-_Wildenstein_1996,_1174.png",623,475,0.3,"https://commons.wikimedia.org/wiki/File:Monet_-_Wildenstein_1996,_1174.png"
1175,Вид с мыса Антиб,View from the Cap d'Antibes,Wikimedia Commons,"https://commons.wikimedia.org/wiki/Special:FilePath/Monet_-_View_of_Cap_d’Antibes,_1888.jpg",800,651,0.5,"https://commons.wikimedia.org/wiki/File:Monet_-_View_of_Cap_d’Antibes,_1888.jpg"
1176,"На мысе Антиб, мистраль","At Cap d'Antibes, Mistral Wind",Wikimedia Commons,"https://commons.wikimedia.org/wiki/Special:FilePath/Monet_-_Cap_d'Antibes,_Mistral,_1888.jpg",1600,1304,2.1,"https://commons.wikimedia.org/wiki/File:Monet_-_Cap_d'Antibes,_Mistral,_1888.jpg"
1177,Вид на Альпы с мыса Антиб,The Alps Seen from Cap d'Antibes,Wikimedia Commons (скан каталога),https://commons.wikimedia.org/wiki/Special:FilePath/Monet_w1177.jpg,997,808,0.8,https://commons.wikimedia.org/wiki/File:Monet_w1177.jpg
1178,"Залив Ангелов, вид с мыса Антиб",The Bay des Anges Seen from Cap d'Antibes,Wikimedia Commons (скан каталога),"https://commons.wikimedia.org/wiki/Special:FilePath/Monet_-_Wildenstein_1996,_1178.png",624,472,0.3,"https://commons.wikimedia.org/wiki/File:Monet_-_Wildenstein_1996,_1178.png"
1179,Море и Альпы (Средиземное море в Антибе),The Sea and the Alps (also known as The Mediterranean at Antibes),Wikimedia Commons (скан каталога),https://commons.wikimedia.org/wiki/Special:FilePath/Monet_w1179.jpg,1003,691,0.7,https://commons.wikimedia.org/wiki/File:Monet_w1179.jpg
1180,Залив Жуан в Антибе,The Gulf Juan at Antibes,Wikimedia Commons,https://commons.wikimedia.org/wiki/Special:FilePath/Le_Golfe_Juan_(1888)_Claude_Monet_(W_1180).jpg,2880,2015,5.8,https://commons.wikimedia.org/wiki/File:Le_Golfe_Juan_(1888)_Claude_Monet_(W_1180).jpg
1181,Средиземное море во время мистраля,The Mediterranean during the Mistral,Wikimedia Commons,https://commons.wikimedia.org/wiki/Special:FilePath/LA_MÉDITERRANÉE_PAR_VENT_DE_MISTRAL_.PNG,939,660,0.6,https://commons.wikimedia.org/wiki/File:LA_MÉDITERRANÉE_PAR_VENT_DE_MISTRAL_.PNG
1182,Море в Антибе,"The ""Big Blue"" at Antibes (also known as The Sea at Antibes)",Wikimedia Commons (скан каталога),https://commons.wikimedia.org/wiki/Special:FilePath/Monet_w1182.jpg,736,605,0.4,https://commons.wikimedia.org/wiki/File:Monet_w1182.jpg
1183,Море в Антибе,The Sea in Antibes,Wikimedia Commons,https://commons.wikimedia.org/wiki/Special:FilePath/Blick_auf_das_Meer_(1888)_Claude_Monet_-_von_der_Heydt-Museum_(W1183).jpg,1000,827,0.8,https://commons.wikimedia.org/wiki/File:Blick_auf_das_Meer_(1888)_Claude_Monet_-_von_der_Heydt-Museum_(W1183).jpg
1184,Средиземное море в Антибе,The Mediterranean at Antibes,Wikimedia Commons,https://commons.wikimedia.org/wiki/Special:FilePath/2021_NYR_20180_0028C_000(claude_monet_la_mediterranee084034).jpg,3200,2610,8.4,https://commons.wikimedia.org/wiki/File:2021_NYR_20180_0028C_000(claude_monet_la_mediterranee084034).jpg
1185,На мысе Антиб,At Cap d'Antibes,Wikimedia Commons,"https://commons.wikimedia.org/wiki/Special:FilePath/The_Mediterranean_(Cap_d'Antibes)_by_Claude_Monet,_Columbus_Museum_of_Art_.JPG",2504,1980,5.0,"https://commons.wikimedia.org/wiki/File:The_Mediterranean_(Cap_d'Antibes)_by_Claude_Monet,_Columbus_Museum_of_Art_.JPG"
1186,"Берег Средиземного моря, пасмурная погода","Edge of the Mediterranean, Grey Weather",Wikimedia Commons,"https://commons.wikimedia.org/wiki/Special:FilePath/Bords_de_la_Méditerranée,_temps_gris_(1888)_Claude_Monet_(W_1186).jpg",2880,2273,6.5,"https://commons.wikimedia.org/wiki/File:Bords_de_la_Méditerranée,_temps_gris_(1888)_Claude_Monet_(W_1186).jpg"
1187,Пляж в Жуан-ле-Пене,Beach in Juan-les-Pins,Wikimedia Commons,"https://commons.wikimedia.org/wiki/Special:FilePath/'Plage_de_Juan-les-Pins'_by_Claude_Monet,_1888.jpg",2000,1592,3.2,"https://commons.wikimedia.org/wiki/File:'Plage_de_Juan-les-Pins'_by_Claude_Monet,_1888.jpg"
1188,Деревья на морском берегу в Антибе,Trees by the Seashore at Antibes,Wikimedia Commons (скан каталога),https://commons.wikimedia.org/wiki/Special:FilePath/Monet_w1188.jpg,1024,796,0.8,https://commons.wikimedia.org/wiki/File:Monet_w1188.jpg
1189,Жуан-ле-Пен,Juan-les-Pins,Wikimedia Commons (скан каталога),https://commons.wikimedia.org/wiki/Special:FilePath/Monet_w1189.jpg,1024,806,0.8,https://commons.wikimedia.org/wiki/File:Monet_w1189.jpg
1190,"Сосны, мыс Антиб","Pine Trees, Cap d'Antibes",Wikimedia Commons (скан каталога),https://commons.wikimedia.org/wiki/Special:FilePath/Monet_w1190.jpg,1024,795,0.8,https://commons.wikimedia.org/wiki/File:Monet_w1190.jpg
1191,Под соснами. Вечер,"Under the Pine Trees, Evening",Wikimedia Commons,"https://commons.wikimedia.org/wiki/Special:FilePath/Under_the_Pines,_evening_(1888)_by_Claude_Monet_(Philadelphia_Museum_of_Art_-_Acc.N.1993-151-1).jpg",4096,3273,13.4,"https://commons.wikimedia.org/wiki/File:Under_the_Pines,_evening_(1888)_by_Claude_Monet_(Philadelphia_Museum_of_Art_-_Acc.N.1993-151-1).jpg"
1192,Антиб,Antibes,Wikimedia Commons,"https://commons.wikimedia.org/wiki/Special:FilePath/Antibes_de_Claude_Monet_(Fondation_Vuitton,_Paris)_(40445024443).jpg",3848,2724,10.5,"https://commons.wikimedia.org/wiki/File:Antibes_de_Claude_Monet_(Fondation_Vuitton,_Paris)_(40445024443).jpg"
1193,Горы Эстерель,The Esterel Mountains,Wikimedia Commons (скан каталога),https://commons.wikimedia.org/wiki/Special:FilePath/Monet_w1193.jpg,1024,713,0.7,https://commons.wikimedia.org/wiki/File:Monet_w1193.jpg
1194,Луг в Живерни,The Meadow at Giverny,Wikimedia Commons (скан каталога),"https://commons.wikimedia.org/wiki/Special:FilePath/Monet_-_Wildenstein_1996,_1194.png",762,571,0.4,"https://commons.wikimedia.org/wiki/File:Monet_-_Wildenstein_1996,_1194.png"
1195,Утро в тумане,Morning in the Fog,Wikimedia Commons (скан каталога),"https://commons.wikimedia.org/wiki/Special:FilePath/Monet_-_Wildenstein_1996,_1195.png",361,259,0.1,"https://commons.wikimedia.org/wiki/File:Monet_-_Wildenstein_1996,_1195.png"
1196,Утренний туман,Morning Fog,National Gallery of Art (CC0),https://api.nga.gov/iiif/36bd94fc-291f-43cb-9fd4-7b391fe3f0e5/full/max/0/default.jpg,5980,4756,28.4,https://www.nga.gov/collection/art-object-page.45872.html
1197,Туман в Живерни,Fog at Giverny,Wikimedia Commons (скан каталога),"https://commons.wikimedia.org/wiki/Special:FilePath/Monet_-_Wildenstein_1996,_1197.png",362,274,0.1,"https://commons.wikimedia.org/wiki/File:Monet_-_Wildenstein_1996,_1197.png"
1198,Луг в Лиме,Meadow at Limetz,Wikimedia Commons,https://commons.wikimedia.org/wiki/Special:FilePath/The_Meadow_at_Limetz_near_Giverny_(1888)_by_Claude_Monet_-_Yoshino_Gypsum_Collection_(W1198).jpg,474,333,0.2,https://commons.wikimedia.org/wiki/File:The_Meadow_at_Limetz_near_Giverny_(1888)_by_Claude_Monet_-_Yoshino_Gypsum_Collection_(W1198).jpg
1199,Луг в Живерни,The Meadow at Giverny,Wikimedia Commons (скан каталога),https://commons.wikimedia.org/wiki/Special:FilePath/Monet_w1199.jpg,1000,691,0.7,https://commons.wikimedia.org/wiki/File:Monet_w1199.jpg
1200,"Луг в Живерни, утренний эффект","Meadow at Giverny, Morning effect",Wikimedia Commons (скан каталога),https://commons.wikimedia.org/wiki/Special:FilePath/Monet_w1200.jpg,1320,785,1.0,https://commons.wikimedia.org/wiki/File:Monet_w1200.jpg
1201,Луг в Лиме,Meadow at Limetz,Wikimedia Commons,https://commons.wikimedia.org/wiki/Special:FilePath/Prairie_de_Limetz_(1888)_Claude_Monet_(W_1201).jpg,854,675,0.6,https://commons.wikimedia.org/wiki/File:Prairie_de_Limetz_(1888)_Claude_Monet_(W_1201).jpg
1202,Луга в Живерни,Meadows at Giverny,Wikimedia Commons,"https://commons.wikimedia.org/wiki/Special:FilePath/'Meadows_at_Giverny'_by_Claude_Monet,_1888,_Hermitage.JPG",2328,2640,6.1,"https://commons.wikimedia.org/wiki/File:'Meadows_at_Giverny'_by_Claude_Monet,_1888,_Hermitage.JPG"
1203,Прогулка в пасмурную погоду,Taking a Walk in Grey Weather,Wikimedia Commons (скан каталога),"https://commons.wikimedia.org/wiki/Special:FilePath/Monet_-_Wildenstein_1996,_1203.png",437,477,0.2,"https://commons.wikimedia.org/wiki/File:Monet_-_Wildenstein_1996,_1203.png"
1204,"Пейзаж с фигурами, Живерни, фигуры на солнце","Landscape with figures, Giverny, figures in sunshine",Wikimedia Commons (скан каталога),https://commons.wikimedia.org/wiki/Special:FilePath/Monet_w1204.jpg,1021,1023,1.0,https://commons.wikimedia.org/wiki/File:Monet_w1204.jpg
1205,"Утренний пейзаж, Живерни (Пейзаж утром)","Morning Landscape, Giverny (also known as Landscape in the Morning)",Wikimedia Commons,https://commons.wikimedia.org/wiki/Special:FilePath/Paysage_de_matin_(1888)_Claude_Monet_(W1205).jpg,787,719,0.6,https://commons.wikimedia.org/wiki/File:Paysage_de_matin_(1888)_Claude_Monet_(W1205).jpg
1206,Вечер на лугу в Живерни,Evening in the meadow at Giverny,Wikimedia Commons (скан каталога),"https://commons.wikimedia.org/wiki/Special:FilePath/Monet_-_Wildenstein_1996,_1206.png",433,539,0.2,"https://commons.wikimedia.org/wiki/File:Monet_-_Wildenstein_1996,_1206.png"
1207,Девушка в саду в Живерни,Young Girl in the Garden at Giverny,Wikimedia Commons,https://commons.wikimedia.org/wiki/Special:FilePath/Jeune_fille_dans_le_jardin_de_Giverny_(1888)_Claude_Monet_(W_1207).jpg,851,681,0.6,https://commons.wikimedia.org/wiki/File:Jeune_fille_dans_le_jardin_de_Giverny_(1888)_Claude_Monet_(W_1207).jpg
1208,Тополя в Живерни,Poplars at Giverny,Wikimedia Commons,https://commons.wikimedia.org/wiki/Special:FilePath/Pappeln_bei_Giverny_(1890)_von_Claude_Monet_-_Staatsgalerie_Stuttgart.jpg,640,457,0.3,https://commons.wikimedia.org/wiki/File:Pappeln_bei_Giverny_(1890)_von_Claude_Monet_-_Staatsgalerie_Stuttgart.jpg
1209,Излучина реки Эпт,Bend in the River Epte,Wikimedia Commons,https://commons.wikimedia.org/wiki/Special:FilePath/E1924-3-16-pma2018.jpg,3072,2424,7.4,https://commons.wikimedia.org/wiki/File:E1924-3-16-pma2018.jpg
1210,Мельница в Лиме,Mill at Limetz,Wikimedia Commons,"https://commons.wikimedia.org/wiki/Special:FilePath/Mill_at_Limetz,_Claude_Monet,_1888_-_Nelson-Atkins_Museum_of_Art_-_DSC09011.JPG",3240,4320,14.0,"https://commons.wikimedia.org/wiki/File:Mill_at_Limetz,_Claude_Monet,_1888_-_Nelson-Atkins_Museum_of_Art_-_DSC09011.JPG"
1210a,Мельница в Лиме,Mill at Limetz,Wikimedia Commons,"https://commons.wikimedia.org/wiki/Special:FilePath/Mill_at_Limetz,_Claude_Monet,_1888_-_Nelson-Atkins_Museum_of_Art_-_DSC09011.JPG",3240,4320,14.0,"https://commons.wikimedia.org/wiki/File:Mill_at_Limetz,_Claude_Monet,_1888_-_Nelson-Atkins_Museum_of_Art_-_DSC09011.JPG"
1211,Сена близ Живерни,The Seine near Giverny,Wikimedia Commons,https://commons.wikimedia.org/wiki/Special:FilePath/La_Seine_près_de_Giverny_(1888)_Claude_Monet_(W_1211).jpg,4107,2880,11.8,https://commons.wikimedia.org/wiki/File:La_Seine_près_de_Giverny_(1888)_Claude_Monet_(W_1211).jpg
1212,Две вазы с хризантемами,Two Vases of Chrysanthemums,Wikimedia Commons (скан каталога),"https://commons.wikimedia.org/wiki/Special:FilePath/Monet_-_Wildenstein_1996,_1212.png",767,585,0.4,"https://commons.wikimedia.org/wiki/File:Monet_-_Wildenstein_1996,_1212.png"
1213,"Стога в Живерни, закат","Grainstacks at Giverny, Sunset",Wikimedia Commons,https://commons.wikimedia.org/wiki/Special:FilePath/Monet_grainstacks-at-giverny-sunset_W1213.jpg,1280,895,1.1,https://commons.wikimedia.org/wiki/File:Monet_grainstacks-at-giverny-sunset_W1213.jpg
1214,"Стога в Живерни, утро","Grainstacks at Giverny, Morning Effect",Wikimedia Commons,https://commons.wikimedia.org/wiki/Special:FilePath/Monet_grainstacks-at-giverny-morning-effect_W1214.jpg,1280,914,1.2,https://commons.wikimedia.org/wiki/File:Monet_grainstacks-at-giverny-morning-effect_W1214.jpg
1215,"Стога, иней, восход солнца","Grainstacks, White Frost, Sunrise",Wikimedia Commons,"https://commons.wikimedia.org/wiki/Special:FilePath/Monet_-_Grainstacks,_White_Frost_Effect_(1889)_Google_Art_Project.jpg",5947,4200,25.0,"https://commons.wikimedia.org/wiki/File:Monet_-_Grainstacks,_White_Frost_Effect_(1889)_Google_Art_Project.jpg"
1216,Зерновой стог в Живерни,Grainstack at Giverny,Wikimedia Commons,https://commons.wikimedia.org/wiki/Special:FilePath/1889_Monet_Grainstack_at_Giverny_Tel_Aviv_Museum_of_Art_anagoria.jpg,12000,9452,113.4,https://commons.wikimedia.org/wiki/File:1889_Monet_Grainstack_at_Giverny_Tel_Aviv_Museum_of_Art_anagoria.jpg
1217,"Стога, зима, туман","Grainstacks, Winter, Foggy Weather",Wikimedia Commons,"https://commons.wikimedia.org/wiki/Special:FilePath/'Meules'_by_Claude_Monet,_1893,_oil.jpg",2000,1414,2.8,"https://commons.wikimedia.org/wiki/File:'Meules'_by_Claude_Monet,_1893,_oil.jpg"
1218,Долина Крёза во Фресселине,Valley of the Creuse at Fresselines,Wikimedia Commons,https://commons.wikimedia.org/wiki/Special:FilePath/La_Vallée_de_la_Creuse_à_Fresselines_(1889)_Claude_Monet_(W_1218).jpg,2264,2880,6.5,https://commons.wikimedia.org/wiki/File:La_Vallée_de_la_Creuse_à_Fresselines_(1889)_Claude_Monet_(W_1218).jpg
1219,Долина Крёза (эффект солнца),Valley of the Creuse (Sunlight Effect),Wikimedia Commons,"https://commons.wikimedia.org/wiki/Special:FilePath/Monet_-_Valley_of_the_Creuse_(Sunlight_Effect),_1889.jpg",1600,1134,1.8,"https://commons.wikimedia.org/wiki/File:Monet_-_Valley_of_the_Creuse_(Sunlight_Effect),_1889.jpg"
1220,Овраг Крёз на исходе дня,Ravine of the Creuse at the end of the Day,Wikimedia Commons,"https://commons.wikimedia.org/wiki/Special:FilePath/Monet_-_Ravin_de_la_Creuse_au_déclin_du_jour,_1889.jpg",758,605,0.5,"https://commons.wikimedia.org/wiki/File:Monet_-_Ravin_de_la_Creuse_au_déclin_du_jour,_1889.jpg"
1221,Долина Крёза (серый день),Valley of the Creuse (Gray Day),Wikimedia Commons,https://commons.wikimedia.org/wiki/Special:FilePath/Claude_Monet_-_Valley_of_the_Creuse_(Gray_Day)_-_Google_Art_Project.jpg,5257,4224,22.2,https://commons.wikimedia.org/wiki/File:Claude_Monet_-_Valley_of_the_Creuse_(Gray_Day)_-_Google_Art_Project.jpg
1222,Слияние двух Крёзов,Confluence of the Two Creuses,Wikimedia Commons (скан каталога),"https://commons.wikimedia.org/wiki/Special:FilePath/Monet_-_Wildenstein_1996,_1222.png",482,365,0.2,"https://commons.wikimedia.org/wiki/File:Monet_-_Wildenstein_1996,_1222.png"
1222a,Долина Крёза. Закат,"Valley of the Creuse, Sunset",Wikimedia Commons (скан каталога),"https://commons.wikimedia.org/wiki/Special:FilePath/Monet_-_Wildenstein_1996,_1222a.png",459,366,0.2,"https://commons.wikimedia.org/wiki/File:Monet_-_Wildenstein_1996,_1222a.png"
1223,Долина Крёза. Послеполуденное солнце,"Valley of the Creuse, Afternoon Sunlight",Wikimedia Commons (скан каталога),"https://commons.wikimedia.org/wiki/Special:FilePath/Monet_-_Wildenstein_1996,_1223.png",534,389,0.2,"https://commons.wikimedia.org/wiki/File:Monet_-_Wildenstein_1996,_1223.png"
1224,Долина Крёза,Valley of the Creuse,Wikimedia Commons,https://commons.wikimedia.org/wiki/Special:FilePath/Blick_auf_die_Creuse_bei_trübem_Wetter_(1889)_Claude_Monet_-_von_der_Heydt-Museum_(W1224).jpg,1000,791,0.8,https://commons.wikimedia.org/wiki/File:Blick_auf_die_Creuse_bei_trübem_Wetter_(1889)_Claude_Monet_-_von_der_Heydt-Museum_(W1224).jpg
1225,Долина Крёза. Вечерний эффект,"Valley of the Creuse, Evening Effect",Wikimedia Commons,"https://commons.wikimedia.org/wiki/Special:FilePath/VALLÉE_DE_LA_CREUSE,_EFFET_DU_SOIR_(1889)_Claude_Monet_-_Musée_Marmottan_Monet.jpg",621,499,0.3,"https://commons.wikimedia.org/wiki/File:VALLÉE_DE_LA_CREUSE,_EFFET_DU_SOIR_(1889)_Claude_Monet_-_Musée_Marmottan_Monet.jpg"
1226,Долина Крёза. Закат,"Valley of the Creuse, Sunset",Wikimedia Commons,"https://commons.wikimedia.org/wiki/Special:FilePath/Monet_-_Valley_of_the_Creuse_(Sunset),_1889.jpg",2000,2050,4.1,"https://commons.wikimedia.org/wiki/File:Monet_-_Valley_of_the_Creuse_(Sunset),_1889.jpg"
1227,Ущелье Крёза,Ravine of the Creuse,Wikimedia Commons,https://commons.wikimedia.org/wiki/Special:FilePath/Ravin_de_la_Creuse_(1889)_Claude_Monet_(W1227).jpg,714,718,0.5,https://commons.wikimedia.org/wiki/File:Ravin_de_la_Creuse_(1889)_Claude_Monet_(W1227).jpg
1228,Исследование скал,Study of Rocks; Creuse (also known as Le Bloc),Wikimedia Commons,https://commons.wikimedia.org/wiki/Special:FilePath/Claude_Monet_-_Le_Bloc.jpg,1049,829,0.9,https://commons.wikimedia.org/wiki/File:Claude_Monet_-_Le_Bloc.jpg
1229,Старое дерево во Френелине,The Old Tree at Fresselines,Wikimedia Commons (скан каталога),"https://commons.wikimedia.org/wiki/Special:FilePath/Monet_-_Wildenstein_1996,_1229.png",364,277,0.1,"https://commons.wikimedia.org/wiki/File:Monet_-_Wildenstein_1996,_1229.png"
1230,Долина Малого Крёза,Valley of the Petite Creuse,Wikimedia Commons,"https://commons.wikimedia.org/wiki/Special:FilePath/Monet_-_Valley_of_the_Petite_Creuse,_1889.jpg",1600,1279,2.0,"https://commons.wikimedia.org/wiki/File:Monet_-_Valley_of_the_Petite_Creuse,_1889.jpg"
1231,Старое дерево у слияния рек,The Old Tree at the Confluence,Art Institute of Chicago (CC0),https://www.artic.edu/iiif/2/2b30e687-4526-f487-cedc-448b3188fd19/full/max/0/default.jpg,9517,6688,63.6,https://www.artic.edu/artworks/16542
1232,Овраг Малой Крёз,Ravine of the Petit Creuse,Wikimedia Commons,https://commons.wikimedia.org/wiki/Special:FilePath/Claude_Monet_-_Soleil_sur_la_Petite_Creuse_(W_1232).jpg,4575,3662,16.8,https://commons.wikimedia.org/wiki/File:Claude_Monet_-_Soleil_sur_la_Petite_Creuse_(W_1232).jpg
1233,The Grande Creuse at Pont de Vervy,The Grande Creuse at Pont de Vervy,Wikimedia Commons,"https://commons.wikimedia.org/wiki/Special:FilePath/Monet_-_The_Grande_Creuse_at_Pont_de_Vervy,_1889.jpg",1500,1189,1.8,"https://commons.wikimedia.org/wiki/File:Monet_-_The_Grande_Creuse_at_Pont_de_Vervy,_1889.jpg"
1234,Мост в Верви,The Bridge at Vervy,Wikimedia Commons (скан каталога),https://commons.wikimedia.org/wiki/Special:FilePath/Monet_w1234.jpg,640,449,0.3,https://commons.wikimedia.org/wiki/File:Monet_w1234.jpg
1235,Мельница в Верви,The Mill at Vervy,Wikimedia Commons (скан каталога),https://commons.wikimedia.org/wiki/Special:FilePath/Monet_w1235.jpg,1024,802,0.8,https://commons.wikimedia.org/wiki/File:Monet_w1235.jpg
1236,Мельница в Верви,The Mill at Vervy,Wikimedia Commons (скан каталога),"https://commons.wikimedia.org/wiki/Special:FilePath/Monet_-_Wildenstein_1996,_1236.png",361,285,0.1,"https://commons.wikimedia.org/wiki/File:Monet_-_Wildenstein_1996,_1236.png"
1237,Деревня Ла-Рош-Блон. Закат,"The Village of La Roche-Blond, Sunset",Wikimedia Commons,"https://commons.wikimedia.org/wiki/Special:FilePath/Monet_-_Le_village_de_la_Roche-Blond,_Effet_du_soir,_1889.jpg",1250,987,1.2,"https://commons.wikimedia.org/wiki/File:Monet_-_Le_village_de_la_Roche-Blond,_Effet_du_soir,_1889.jpg"
1238,Деревня Ла-Кош-Блон. Вечер,"The Village of La Coche-Blond, Evening",Wikimedia Commons,"https://commons.wikimedia.org/wiki/Special:FilePath/Claude_Monet_-_Village_de_La_Roche-Blond,_effet_du_soir_(1889).jpg",2355,1873,4.4,"https://commons.wikimedia.org/wiki/File:Claude_Monet_-_Village_de_La_Roche-Blond,_effet_du_soir_(1889).jpg"
1239,Пороги на Малой Крёз в Фреслине,Rapids on the Petite Creuse at Fresselines,Wikimedia Commons,https://commons.wikimedia.org/wiki/Special:FilePath/Rapids_on_the_Petite_Creuse_at_Fresselines_MET_DT226477.jpg,,,,https://commons.wikimedia.org/wiki/File:Rapids_on_the_Petite_Creuse_at_Fresselines_MET_DT226477.jpg
1240,Поток на Крёзе,Torrent of the Creuse,Wikimedia Commons (скан каталога),"https://commons.wikimedia.org/wiki/Special:FilePath/Monet_-_Wildenstein_1996,_1240.png",363,251,0.1,"https://commons.wikimedia.org/wiki/File:Monet_-_Wildenstein_1996,_1240.png"
1241,Ивы в Живерни,The Willows at Giverny,Wikimedia Commons,"https://commons.wikimedia.org/wiki/Special:FilePath/Les_Saules,_Giverny_(1886)_Claude_MONET_(W_1241).jpg",1200,946,1.1,"https://commons.wikimedia.org/wiki/File:Les_Saules,_Giverny_(1886)_Claude_MONET_(W_1241).jpg"
1242,Ивы на закате,Willows at Sunset,Wikimedia Commons,https://commons.wikimedia.org/wiki/Special:FilePath/Claude_Monet_-_Saules_au_soleil_couchant_(W1242).jpg,1024,813,0.8,https://commons.wikimedia.org/wiki/File:Claude_Monet_-_Saules_au_soleil_couchant_(W1242).jpg
1243,Живерни весной,Giverny in Springtime,Wikimedia Commons,"https://commons.wikimedia.org/wiki/Special:FilePath/Monet_-_Spring_in_Giverny,_1890.jpg",1600,1285,2.1,"https://commons.wikimedia.org/wiki/File:Monet_-_Spring_in_Giverny,_1890.jpg"
1244,Тополя,The Poplars,Wikimedia Commons,https://commons.wikimedia.org/wiki/Special:FilePath/LES_PEUPLIERS_(1890)_Claude_Monet_(W_1244).jpg,1620,1289,2.1,https://commons.wikimedia.org/wiki/File:LES_PEUPLIERS_(1890)_Claude_Monet_(W_1244).jpg
1245,Весна в Живерни,Effect of Spring at Giverny,Wikimedia Commons,https://commons.wikimedia.org/wiki/Special:FilePath/Effet_de_printemps_à_Giverny_(1890)_Claude_Monet_(W_1245).jpg,2880,1708,4.9,https://commons.wikimedia.org/wiki/File:Effet_de_printemps_à_Giverny_(1890)_Claude_Monet_(W_1245).jpg
1246,"Луг, облачное небо","Meadow, Cloudy Sky",Wikimedia Commons,"https://commons.wikimedia.org/wiki/Special:FilePath/Prairie,_ciel_nuageux_(1890)_Claude_Monet_(W1246).jpg",2880,1710,4.9,"https://commons.wikimedia.org/wiki/File:Prairie,_ciel_nuageux_(1890)_Claude_Monet_(W1246).jpg"
1247,Луг в Живерни,Meadow at Giverny,Wikimedia Commons,"https://commons.wikimedia.org/wiki/Special:FilePath/Monet_-_Prairie_a_Giverny,_1890.jpg",400,283,0.1,"https://commons.wikimedia.org/wiki/File:Monet_-_Prairie_a_Giverny,_1890.jpg"
1248,Цветущий луг в Живерни,Meadow in flower at Giverny,Wikimedia Commons,https://commons.wikimedia.org/wiki/Special:FilePath/Prairie_fleurie_à_Giverny_(1890)_Claude_Monet_(W_1248).jpg,852,606,0.5,https://commons.wikimedia.org/wiki/File:Prairie_fleurie_à_Giverny_(1890)_Claude_Monet_(W_1248).jpg
1249,Розовая лодка,The Pink Skiff,Wikimedia Commons,"https://commons.wikimedia.org/wiki/Special:FilePath/""The_Pink_Skiff""_(1890)_by_Claude_Monet_-_Pola_Museum_of_Art,_Hakone,_Japan.jpg",664,505,0.3,"https://commons.wikimedia.org/wiki/File:""The_Pink_Skiff""_(1890)_by_Claude_Monet_-_Pola_Museum_of_Art,_Hakone,_Japan.jpg"
1250,Лодка на Эпте,Boating on the River Epte,Wikimedia Commons,https://commons.wikimedia.org/wiki/Special:FilePath/Monet_-_canoaepte01.jpg,4369,4025,17.6,https://commons.wikimedia.org/wiki/File:Monet_-_canoaepte01.jpg
1251,Поле маков,Poppy Field,Wikimedia Commons (скан каталога),"https://commons.wikimedia.org/wiki/Special:FilePath/Monet_-_Wildenstein_1996,_1251.png",755,442,0.3,"https://commons.wikimedia.org/wiki/File:Monet_-_Wildenstein_1996,_1251.png"
1252,Маковое поле близ Живерни,Field of Poppies near Giverny,Wikimedia Commons,https://commons.wikimedia.org/wiki/Special:FilePath/Claude_Monet_Mohnfeld.jpg,1023,606,0.6,https://commons.wikimedia.org/wiki/File:Claude_Monet_Mohnfeld.jpg
1253,"Маковое поле, Живерни","Poppy Field, Giverny",Art Institute of Chicago (CC0),https://www.artic.edu/iiif/2/db94c894-a24c-c2e0-9db9-0506567a0152/full/max/0/default.jpg,6770,4397,29.8,https://www.artic.edu/artworks/4783
1254,Маки,Poppies,Wikimedia Commons (скан каталога),https://commons.wikimedia.org/wiki/Special:FilePath/Monet_w1254.jpg,1316,793,1.0,https://commons.wikimedia.org/wiki/File:Monet_w1254.jpg
1255,Поле маков,Poppy Field,Wikimedia Commons,"https://commons.wikimedia.org/wiki/Special:FilePath/""Champ_de_coquelicots""_de_Claude_Monet_(Fondation_Vuitton,_Paris)_-_Flickr_-_dalbera.jpg",5734,3662,21.0,"https://commons.wikimedia.org/wiki/File:""Champ_de_coquelicots""_de_Claude_Monet_(Fondation_Vuitton,_Paris)_-_Flickr_-_dalbera.jpg"
1256,Поле овса и маков,Oat and Poppy Field,Wikimedia Commons,https://commons.wikimedia.org/wiki/Special:FilePath/Champ_d'avoine_et_de_coquelicots_(1890)_Claude_Monet_(W1256).jpg,2000,1405,2.8,https://commons.wikimedia.org/wiki/File:Champ_d'avoine_et_de_coquelicots_(1890)_Claude_Monet_(W1256).jpg
1257,Овсяное поле с маками,Field of Oats and Poppies,Wikimedia Commons,https://commons.wikimedia.org/wiki/Special:FilePath/Champ_d'avoine_et_de_coquelicots_(1890)_Claude_Monet_(W1257).jpg,1000,800,0.8,https://commons.wikimedia.org/wiki/File:Champ_d'avoine_et_de_coquelicots_(1890)_Claude_Monet_(W1257).jpg
1258,Поле овса и маков,Oat and Poppy Field,Wikimedia Commons,https://commons.wikimedia.org/wiki/Special:FilePath/Musée_d'art_moderne_et_contemporain_de_Strasbourg_06.jpg,6960,4640,32.3,https://commons.wikimedia.org/wiki/File:Musée_d'art_moderne_et_contemporain_de_Strasbourg_06.jpg
1259,Овсяное поле с маками,Oat Field with Poppies,Wikimedia Commons (скан каталога),"https://commons.wikimedia.org/wiki/Special:FilePath/Monet_-_Wildenstein_1996,_1259.png",581,388,0.2,"https://commons.wikimedia.org/wiki/File:Monet_-_Wildenstein_1996,_1259.png"
1260,Овсяное поле с маками,Oat Field with Poppies,Wikimedia Commons,"https://commons.wikimedia.org/wiki/Special:FilePath/“Champ_d’avoine_(Oat_Field)”_1890,_Claude_Monet,_Samuel_P._Harn_Museum_of_Art,_Gift_of_Michael_A._Singer,_inv._1999.6_(W1260).jpg",1600,1128,1.8,"https://commons.wikimedia.org/wiki/File:“Champ_d’avoine_(Oat_Field)”_1890,_Claude_Monet,_Samuel_P._Harn_Museum_of_Art,_Gift_of_Michael_A._Singer,_inv._1999.6_(W1260).jpg"
1261,Портрет Сюзанны с подсолнухами,Portrait of Suzanne with Sunflowers,Wikimedia Commons,https://commons.wikimedia.org/wiki/Special:FilePath/Portrait-suzanne-hoschede-sunflowers-Monet.jpg,382,580,0.2,https://commons.wikimedia.org/wiki/File:Portrait-suzanne-hoschede-sunflowers-Monet.jpg
1262,Островки в Пор-Вилле,The Islets at Port-Villez,Wikimedia Commons (скан каталога),"https://commons.wikimedia.org/wiki/Special:FilePath/Monet_-_Wildenstein_1996,_1262.png",438,251,0.1,"https://commons.wikimedia.org/wiki/File:Monet_-_Wildenstein_1996,_1262.png"
1263,Сена в Пор-Вийе,The Seine at Port-Villez,Wikimedia Commons,https://commons.wikimedia.org/wiki/Special:FilePath/La_Seine_à_Port-Villez_-_v1890-_Claude_Monet_-_Musée_d'Orsay.jpg,4881,3411,16.6,https://commons.wikimedia.org/wiki/File:La_Seine_à_Port-Villez_-_v1890-_Claude_Monet_-_Musée_d'Orsay.jpg
1264,Порыв ветра,The Gust of Wind,Wikimedia Commons,https://commons.wikimedia.org/wiki/Special:FilePath/Claude_Monet_-_The_Seine_at_Port-Villez_(c._1883-90).jpg,2989,1772,5.3,https://commons.wikimedia.org/wiki/File:Claude_Monet_-_The_Seine_at_Port-Villez_(c._1883-90).jpg
1265,Песчаные островки в Пор-Вийе,The Sand Islets at Port Villez,Wikimedia Commons (скан каталога),"https://commons.wikimedia.org/wiki/Special:FilePath/Monet_-_Wildenstein_1996,_1265.png",316,253,0.1,"https://commons.wikimedia.org/wiki/File:Monet_-_Wildenstein_1996,_1265.png"
1266,"Стога в конце лета, утро","Grainstacks at the End of Summer, Morning Effect",Wikimedia Commons,"https://commons.wikimedia.org/wiki/Special:FilePath/Claude_Monet_-_Haystacks,_end_of_Summer_-_Google_Art_Project.jpg",7424,4365,32.4,"https://commons.wikimedia.org/wiki/File:Claude_Monet_-_Haystacks,_end_of_Summer_-_Google_Art_Project.jpg"
1267,Стога в ярком солнечном свете,Grainstacks in Bright Sunlight,Wikimedia Commons,https://commons.wikimedia.org/wiki/Special:FilePath/Claude_Monet_-_Grainstacks_in_Bright_Sunlight_(1890)_Google_Art_Project.jpg,6950,4200,29.2,https://commons.wikimedia.org/wiki/File:Claude_Monet_-_Grainstacks_in_Bright_Sunlight_(1890)_Google_Art_Project.jpg
1268,"Стога на солнце, утро","Grainstacks in the Sunlight, Morning Effect",Wikimedia Commons,"https://commons.wikimedia.org/wiki/Special:FilePath/Claude_Monet,_Grainstacks_in_the_Sunlight,_Morning_Effect,_1890,_oil_on_canvas_65_x_100_cm.jpg",600,394,0.2,"https://commons.wikimedia.org/wiki/File:Claude_Monet,_Grainstacks_in_the_Sunlight,_Morning_Effect,_1890,_oil_on_canvas_65_x_100_cm.jpg"
1269,"Стога в конце лета, вечер","Grainstacks at the End of Summer, Evening Effect",Art Institute of Chicago (CC0),https://www.artic.edu/iiif/2/a38e2828-ec6f-ece1-a30f-70243449197b/full/max/0/default.jpg,6884,4068,28.0,https://www.artic.edu/artworks/64818
1270,Два стога в конце дня. Осень,"Two Grainstacks at the End of the Day, Autumn",Art Institute of Chicago (CC0),https://www.artic.edu/iiif/2/be0d3e50-a600-6f33-ea8f-16a34d892442/full/max/0/default.jpg,6031,3896,23.5,https://www.artic.edu/artworks/81545
1271,"Стога на солнце, полдень","Grainstacks in the Sunlight, Midday",Wikimedia Commons,"https://commons.wikimedia.org/wiki/Special:FilePath/Claude_Monet_-_Meules,_milieu_du_jour_(Haystacks,_midday)_-_Google_Art_Project.jpg",6527,4233,27.6,"https://commons.wikimedia.org/wiki/File:Claude_Monet_-_Meules,_milieu_du_jour_(Haystacks,_midday)_-_Google_Art_Project.jpg"
1272,"Стога, последние лучи солнца","Grainstacks, Last Rays of the Sun",Wikimedia Commons (скан каталога),"https://commons.wikimedia.org/wiki/Special:FilePath/Monet_-_Wildenstein_1996,_1272.jpg",1162,885,1.0,"https://commons.wikimedia.org/wiki/File:Monet_-_Wildenstein_1996,_1272.jpg"
1273,Стога,Grainstacks,Wikimedia Commons,https://commons.wikimedia.org/wiki/Special:FilePath/Claude_Monet_-_Haystacks.jpg,4159,3194,13.3,https://commons.wikimedia.org/wiki/File:Claude_Monet_-_Haystacks.jpg
1274,"Стога, снег","Grainstacks, Snow Effect",Wikimedia Commons,"https://commons.wikimedia.org/wiki/Special:FilePath/Monet_-_Meules,_effet_de_neige_-_Shelburne.jpg",2548,1516,3.9,"https://commons.wikimedia.org/wiki/File:Monet_-_Meules,_effet_de_neige_-_Shelburne.jpg"
1275,"Стога, зима","Grainstacks, Winter",Wikimedia Commons (скан каталога),"https://commons.wikimedia.org/wiki/Special:FilePath/Monet_-_Wildenstein_1996,_1275.png",1125,711,0.8,"https://commons.wikimedia.org/wiki/File:Monet_-_Wildenstein_1996,_1275.png"
1276,"Стога утром, снег","Grainstacks in the Morning, Snow Effect",Wikimedia Commons,"https://commons.wikimedia.org/wiki/Special:FilePath/Claude_Monet_-_Meules,_Effet_de_Neige,_Le_Matin_(1891)_-_Getty_Center.jpg",10924,7057,77.1,"https://commons.wikimedia.org/wiki/File:Claude_Monet_-_Meules,_Effet_de_Neige,_Le_Matin_(1891)_-_Getty_Center.jpg"
1277,"Стога, эффект снега","Haystacks, Snow Effect",Wikimedia Commons,"https://commons.wikimedia.org/wiki/Special:FilePath/Claude_Monet_-_Haystacks,_Snow_Effect_-_NG_2283_-_National_Galleries_of_Scotland.jpg",7075,5031,35.6,"https://commons.wikimedia.org/wiki/File:Claude_Monet_-_Haystacks,_Snow_Effect_-_NG_2283_-_National_Galleries_of_Scotland.jpg"
1278,"Стога на закате, снег","Grainstacks at Sunset, Snow Effect",Wikimedia Commons,"https://commons.wikimedia.org/wiki/Special:FilePath/Claude_Monet_-_Stacks_of_Wheat_(Sunset,_Snow_Effect)_-_1922.431_-_Art_Institute_of_Chicago.jpg",3000,1929,5.8,"https://commons.wikimedia.org/wiki/File:Claude_Monet_-_Stacks_of_Wheat_(Sunset,_Snow_Effect)_-_1922.431_-_Art_Institute_of_Chicago.jpg"
1279,"Стога, снег и солнце","Grainstacks, Effect of Snow and Sun",Wikimedia Commons,"https://commons.wikimedia.org/wiki/Special:FilePath/Claude_Monet_(French,_Paris_1840–1926_Giverny)_-_Haystacks_(Effect_of_Snow_and_Sun)_-_Google_Art_Project.jpg",3812,2712,10.3,"https://commons.wikimedia.org/wiki/File:Claude_Monet_(French,_Paris_1840–1926_Giverny)_-_Haystacks_(Effect_of_Snow_and_Sun)_-_Google_Art_Project.jpg"
1280,"Стог утром, снег","Grainstack in the Morning, Snow Effect",Wikimedia Commons,https://commons.wikimedia.org/wiki/Special:FilePath/Monet_grainstack-in-the-morning-snow-effect-1891_W1280.jpg,2048,1426,2.9,https://commons.wikimedia.org/wiki/File:Monet_grainstack-in-the-morning-snow-effect-1891_W1280.jpg
1281,"Стог в пасмурную погоду, снег","Grainstack in Overcast Weather, Snow Effect",Wikimedia Commons,"https://commons.wikimedia.org/wiki/Special:FilePath/Claude_Monet_-_Stack_of_Wheat_(Snow_Effect,_Overcast_Day)_-_1933.1155_-_Art_Institute_of_Chicago.jpg",3000,2101,6.3,"https://commons.wikimedia.org/wiki/File:Claude_Monet_-_Stack_of_Wheat_(Snow_Effect,_Overcast_Day)_-_1933.1155_-_Art_Institute_of_Chicago.jpg"
1282,"Стог на закате, зима","Grainstack at Sunset, Winter",Wikimedia Commons,https://commons.wikimedia.org/wiki/Special:FilePath/Monet_haystacks-at-sunset-frosty-weather-1891_W1282.jpg,1280,918,1.2,https://commons.wikimedia.org/wiki/File:Monet_haystacks-at-sunset-frosty-weather-1891_W1282.jpg
1283,Стог,Grainstack,Wikimedia Commons,https://commons.wikimedia.org/wiki/Special:FilePath/Claude_Monet_-_Stack_of_Wheat_-_1983.29_-_Art_Institute_of_Chicago.jpg,3000,2111,6.3,https://commons.wikimedia.org/wiki/File:Claude_Monet_-_Stack_of_Wheat_-_1983.29_-_Art_Institute_of_Chicago.jpg
1284,"Стог, оттепель, закат","Grainstack, Thaw, Sunset",Wikimedia Commons,"https://commons.wikimedia.org/wiki/Special:FilePath/Claude_Monet_-_Stack_of_Wheat_(Thaw,_Sunset)_-_1983.166_-_Art_Institute_of_Chicago.jpg",3000,2090,6.3,"https://commons.wikimedia.org/wiki/File:Claude_Monet_-_Stack_of_Wheat_(Thaw,_Sunset)_-_1983.166_-_Art_Institute_of_Chicago.jpg"
1285,Стог,Grainstack,Wikimedia Commons,"https://commons.wikimedia.org/wiki/Special:FilePath/Monet_grainstack_65_x_92_cm,_1891_W1285.jpg",1280,918,1.2,"https://commons.wikimedia.org/wiki/File:Monet_grainstack_65_x_92_cm,_1891_W1285.jpg"
1286,"Стог, солнце в дымке","Grainstack, Sun in the Mist",Wikimedia Commons,"https://commons.wikimedia.org/wiki/Special:FilePath/Claude_Monet_-_Grainstack,_Sun_in_the_Mist_-_Google_Art_Project.jpg",5801,3463,20.1,"https://commons.wikimedia.org/wiki/File:Claude_Monet_-_Grainstack,_Sun_in_the_Mist_-_Google_Art_Project.jpg"
1287,"Стог на солнце, снег","Grainstack in the Sunlight, Snow Effect",Wikimedia Commons,"https://commons.wikimedia.org/wiki/Special:FilePath/Barberini_August_2023-Claude_Monet_-_Verschneiter_Getreideschober_in_der_Sonne,_1891_-_Sammlung_Hasso_Plattner.jpg",4501,3239,14.6,"https://commons.wikimedia.org/wiki/File:Barberini_August_2023-Claude_Monet_-_Verschneiter_Getreideschober_in_der_Sonne,_1891_-_Sammlung_Hasso_Plattner.jpg"
1288,Стог на солнце,Grainstack in Sunshine,Wikimedia Commons,https://commons.wikimedia.org/wiki/Special:FilePath/Claude_Monet_-_Meule_au_soleil_-_1969-0007_-_Kunsthaus_Zürich.jpg,1200,723,0.9,https://commons.wikimedia.org/wiki/File:Claude_Monet_-_Meule_au_soleil_-_1969-0007_-_Kunsthaus_Zürich.jpg
1289,Стог на закате,Grainstack at Sunset,Wikimedia Commons,https://commons.wikimedia.org/wiki/Special:FilePath/Claude_Monet_-_Graystaks_I.JPG,4719,3713,17.5,https://commons.wikimedia.org/wiki/File:Claude_Monet_-_Graystaks_I.JPG
1290,Стог на солнце,Grainstack in the Sunshine,Wikimedia Commons,https://commons.wikimedia.org/wiki/Special:FilePath/Monet_Grainstack_in_the_Sunlight_1891.jpg,3200,2519,8.1,https://commons.wikimedia.org/wiki/File:Monet_Grainstack_in_the_Sunlight_1891.jpg
1291,"Тополя на берегу Эпта, пасмурная погода","Poplars on the Banks of the River Epte, Overcast Weather",Wikimedia Commons,https://commons.wikimedia.org/wiki/Special:FilePath/Monet_Poplars-at-giverny_MOA_W1291.jpg,875,1087,1.0,https://commons.wikimedia.org/wiki/File:Monet_Poplars-at-giverny_MOA_W1291.jpg
1292,"Тополя на берегу Эпта, вечерний эффект","Poplars on the Banks of the River Epte, Evening Effect",Wikimedia Commons (скан каталога),https://commons.wikimedia.org/wiki/Special:FilePath/Monet_w1292.jpg,1320,2086,2.8,https://commons.wikimedia.org/wiki/File:Monet_w1292.jpg
1293,Ряд тополей осенью,Row of poplars in autumn,Wikimedia Commons,https://commons.wikimedia.org/wiki/Special:FilePath/Monet_Poplars-row-in-autumn_W1293.jpg,733,1148,0.8,https://commons.wikimedia.org/wiki/File:Monet_Poplars-row-in-autumn_W1293.jpg
1294,"Тополя на берегу Эпта, эффект заката","Poplars on the Banks of the River Epte, Effect of Sunset",Wikimedia Commons (скан каталога),"https://commons.wikimedia.org/wiki/Special:FilePath/Monet_-_Wildenstein_1996,_1294.png",502,762,0.4,"https://commons.wikimedia.org/wiki/File:Monet_-_Wildenstein_1996,_1294.png"
1295,Тополя на закате,Poplars at Sunset,Wikimedia Commons (скан каталога),https://commons.wikimedia.org/wiki/Special:FilePath/Monet_w1295.jpg,471,800,0.4,https://commons.wikimedia.org/wiki/File:Monet_w1295.jpg
1296,Тополя на берегу Эпта в сумерках,Poplars on the Banks of the River Epte at dusk,Wikimedia Commons (скан каталога),https://commons.wikimedia.org/wiki/Special:FilePath/Monet_w1296.jpg,651,1024,0.7,https://commons.wikimedia.org/wiki/File:Monet_w1296.jpg
1297,Тополя на берегу Эпта осенью,Poplars on the Banks of the River Epte in Autumn,Wikimedia Commons,https://commons.wikimedia.org/wiki/Special:FilePath/Monet_poplars-on-the-banks-of-the-epte-autumn-1891_66x101_W1297.jpg,682,1049,0.7,https://commons.wikimedia.org/wiki/File:Monet_poplars-on-the-banks-of-the-epte-autumn-1891_66x101_W1297.jpg
1298,Тополя на берегу Эпта,Poplars on the Banks of the Epte,Wikimedia Commons,"https://commons.wikimedia.org/wiki/Special:FilePath/Poplars_on_the_Bank_of_the_Epte_River_(Claude_Monet,_1891).jpg",962,1500,1.4,"https://commons.wikimedia.org/wiki/File:Poplars_on_the_Bank_of_the_Epte_River_(Claude_Monet,_1891).jpg"
1299,"Тополя на берегу Эпта, пасмурно","Poplars on the Bank of the Epte, Overcast",Wikimedia Commons (скан каталога),"https://commons.wikimedia.org/wiki/Special:FilePath/Monet_-_Wildenstein_1996,_1299.png",690,762,0.5,"https://commons.wikimedia.org/wiki/File:Monet_-_Wildenstein_1996,_1299.png"
1300,Тополя на Эпте,Poplars on the Epte,Wikimedia Commons,https://commons.wikimedia.org/wiki/Special:FilePath/Monet_Poplars_on_the_River_Epte.jpg,2589,3297,8.5,https://commons.wikimedia.org/wiki/File:Monet_Poplars_on_the_River_Epte.jpg
1301,Тополя,Poplars,Wikimedia Commons,https://commons.wikimedia.org/wiki/Special:FilePath/Claude_Monet_-_Les_peupliers_(W_1301).jpg,640,1024,0.7,https://commons.wikimedia.org/wiki/File:Claude_Monet_-_Les_peupliers_(W_1301).jpg
1302,"Тополя, эффект ветра","Poplars, Wind Effect",Wikimedia Commons,"https://commons.wikimedia.org/wiki/Special:FilePath/Claude_Monet_-_Wind_Effect,_Series_of_The_Poplars_-_Google_Art_Project.jpg",5643,7808,44.1,"https://commons.wikimedia.org/wiki/File:Claude_Monet_-_Wind_Effect,_Series_of_The_Poplars_-_Google_Art_Project.jpg"
1303,Три дерева в пасмурную погоду,Three Trees in Grey Weather,Wikimedia Commons,https://commons.wikimedia.org/wiki/Special:FilePath/Three_Trees_in_Grey_Weather_1891_Claude_Monet.jpg,837,1061,0.9,https://commons.wikimedia.org/wiki/File:Three_Trees_in_Grey_Weather_1891_Claude_Monet.jpg
1304,Три дерева весной,Three Trees in Spring,Wikimedia Commons,https://commons.wikimedia.org/wiki/Special:FilePath/Monet_three-trees-in-spring_W1304.jpg,803,1054,0.8,https://commons.wikimedia.org/wiki/File:Monet_three-trees-in-spring_W1304.jpg
1305,Три дерева летом,Three Trees in Summer,Wikimedia Commons,https://commons.wikimedia.org/wiki/Special:FilePath/Monet_Poplars_in_the_Sun.jpg,2824,3599,10.2,https://commons.wikimedia.org/wiki/File:Monet_Poplars_in_the_Sun.jpg
1306,Три дерева осенью,Three Trees in Autumn,Wikimedia Commons,https://commons.wikimedia.org/wiki/Special:FilePath/Monet_three-trees-autumn-effect_W1306.jpg,828,1053,0.9,https://commons.wikimedia.org/wiki/File:Monet_three-trees-autumn-effect_W1306.jpg
1307,Три тополя. Эффект осени,"Three Poplar Trees, Autumn Effect",Wikimedia Commons,"https://commons.wikimedia.org/wiki/Special:FilePath/Claude_Monet,_French_-_Poplars_-_Google_Art_Project.jpg",4248,5353,22.7,"https://commons.wikimedia.org/wiki/File:Claude_Monet,_French_-_Poplars_-_Google_Art_Project.jpg"
1308,Три тополя осенью,Three Poplar Trees in the Autumn,Wikimedia Commons,https://commons.wikimedia.org/wiki/Special:FilePath/Claude_Monet_-_Poplars_(Autumn)_II.JPG,4348,5462,23.7,https://commons.wikimedia.org/wiki/File:Claude_Monet_-_Poplars_(Autumn)_II.JPG
1309,Четыре дерева,Four Trees,Wikimedia Commons,https://commons.wikimedia.org/wiki/Special:FilePath/1891_Monet_The_four_trees_anagoria.JPG,2008,1920,3.9,https://commons.wikimedia.org/wiki/File:1891_Monet_The_four_trees_anagoria.JPG
1310,Тополя на берегу Эпта,Poplars on the Banks of the River Epte,Wikimedia Commons,https://commons.wikimedia.org/wiki/Special:FilePath/Claude_Monet_-_Poplars_on_the_Epte_-_Google_Art_Project.jpg,4001,4001,16.0,https://commons.wikimedia.org/wiki/File:Claude_Monet_-_Poplars_on_the_Epte_-_Google_Art_Project.jpg
1311,Тополя. Осень,"The Poplars, Autumn",Wikimedia Commons,"https://commons.wikimedia.org/wiki/Special:FilePath/Claude_Monet_-_Les_Peupliers,_automne.jpg",1593,1386,2.2,"https://commons.wikimedia.org/wiki/File:Claude_Monet_-_Les_Peupliers,_automne.jpg"
1312,"Тополя на берегу Эпта, вид с болота","Poplars on the Banks of the River Epte, Seen from the Marsh",Wikimedia Commons,https://commons.wikimedia.org/wiki/Special:FilePath/Monet_poplars-on-the-banks-of-the-river-epte-seen-from-the-marsh-1892_W1312.jpg,1149,1101,1.3,https://commons.wikimedia.org/wiki/File:Monet_poplars-on-the-banks-of-the-river-epte-seen-from-the-marsh-1892_W1312.jpg
1313,"Тополя, вид с болота","Poplars, View from the Marsh",Wikimedia Commons,https://commons.wikimedia.org/wiki/Special:FilePath/Monet_poplars-view-from-the-marsh-1892_W1313.jpg,1051,1024,1.1,https://commons.wikimedia.org/wiki/File:Monet_poplars-view-from-the-marsh-1892_W1313.jpg
1314,Вид на Руан с холма Сент-Катрин,View of Rouen from the Côte Sainte-Catherine,Wikimedia Commons (скан каталога),"https://commons.wikimedia.org/wiki/Special:FilePath/Monet_-_Wildenstein_1996,_1314.png",760,481,0.4,"https://commons.wikimedia.org/wiki/File:Monet_-_Wildenstein_1996,_1314.png"
1315,Общий вид Руана,General view of Rouen,Wikimedia Commons,https://commons.wikimedia.org/wiki/Special:FilePath/Claude_Monet_-_Vue_de_Rouen_-_Musée_des_beaux-arts_de_Rouen.jpg,2560,1625,4.2,https://commons.wikimedia.org/wiki/File:Claude_Monet_-_Vue_de_Rouen_-_Musée_des_beaux-arts_de_Rouen.jpg
1315a,Общий вид Руана,General view of Rouen,Wikimedia Commons (скан каталога),"https://commons.wikimedia.org/wiki/Special:FilePath/Monet_-_Wildenstein_1996,_1315a.png",362,286,0.1,"https://commons.wikimedia.org/wiki/File:Monet_-_Wildenstein_1996,_1315a.png"
1315b,"Руан, туман на Сене","Rouen, Fog on the Seine",Wikimedia Commons (скан каталога),"https://commons.wikimedia.org/wiki/Special:FilePath/Monet_-_Wildenstein_1996,_1315b.png",365,288,0.1,"https://commons.wikimedia.org/wiki/File:Monet_-_Wildenstein_1996,_1315b.png"
1316,Улица Эпицери в Руане,La Rue d'Epicerie at Rouen,Wikimedia Commons,https://commons.wikimedia.org/wiki/Special:FilePath/Claude_Monet_rue_epicerie_Rouen.jpg,736,1338,1.0,https://commons.wikimedia.org/wiki/File:Claude_Monet_rue_epicerie_Rouen.jpg
1317,Двор Альбан,The Cour d'Albane,Wikimedia Commons,https://commons.wikimedia.org/wiki/Special:FilePath/Monet_la_Cour_d'Albane_Rouen.jpg,1010,1280,1.3,https://commons.wikimedia.org/wiki/File:Monet_la_Cour_d'Albane_Rouen.jpg
1318,Двор Альбан в пасмурную погоду,"The Cour d'Albane, Grey Weather",Wikimedia Commons,https://commons.wikimedia.org/wiki/Special:FilePath/Monet_Cour_d'Albane_temps_gris.jpg,765,1080,0.8,https://commons.wikimedia.org/wiki/File:Monet_Cour_d'Albane_temps_gris.jpg
1319,Портал. Гармония в коричневых тонах,"The Portal, Harmony in Brown",Wikimedia Commons,https://commons.wikimedia.org/wiki/Special:FilePath/Musée_d'Orsay_(05.02.2025)_85.jpg,3072,4096,12.6,https://commons.wikimedia.org/wiki/File:Musée_d'Orsay_(05.02.2025)_85.jpg
1320,Этюд портала,Study for the Portal,Wikimedia Commons,https://commons.wikimedia.org/wiki/Special:FilePath/Claude_Monet_-_Cathedrale_de_Rouen_-_Sothebys_7_may_2014.jpg,1603,2000,3.2,https://commons.wikimedia.org/wiki/File:Claude_Monet_-_Cathedrale_de_Rouen_-_Sothebys_7_may_2014.jpg
1321,Руанский собор. Портал в пасмурную погоду,"Rouen Cathedral, the Portal, Grey Weather",Wikimedia Commons,"https://commons.wikimedia.org/wiki/Special:FilePath/Claude_Monet_-_The_Cathedral_in_Rouen._The_portal,_Grey_Weather_-_Google_Art_Project.jpg",5030,7921,39.8,"https://commons.wikimedia.org/wiki/File:Claude_Monet_-_The_Cathedral_in_Rouen._The_portal,_Grey_Weather_-_Google_Art_Project.jpg"
1322,Портал на солнце,The Portal in the Sun,Wikimedia Commons,https://commons.wikimedia.org/wiki/Special:FilePath/Rouen_Cathedral_Sunlight_W1322.jpg,712,1119,0.8,https://commons.wikimedia.org/wiki/File:Rouen_Cathedral_Sunlight_W1322.jpg
1323,Руанский собор. Симфония в сером и розовом,"Rouen Cathedral, Symphony in Grey and Rose",Wikimedia Commons,"https://commons.wikimedia.org/wiki/Special:FilePath/Amgueddfa_Cymru_-_Eglwys_Gadeiriol_Rouen,_Machlud_Haul_-_Rouen_Cathedral,_setting_sun_-_220716.jpeg",2638,4000,10.6,"https://commons.wikimedia.org/wiki/File:Amgueddfa_Cymru_-_Eglwys_Gadeiriol_Rouen,_Machlud_Haul_-_Rouen_Cathedral,_setting_sun_-_220716.jpeg"
1324,"Руанский собор. Западный фасад, солнечный свет","Rouen Cathedral, West Facade, Sunlight",National Gallery of Art (CC0),https://api.nga.gov/iiif/b9b6782a-cbf0-4e36-84da-98af87891775/full/max/0/default.jpg,6030,9204,55.5,https://www.nga.gov/collection/art-object-page.46654.html
1325,"Руанский собор. Портал, солнечный свет","Rouen Cathedral, Portal, Sunlight",Wikimedia Commons,https://commons.wikimedia.org/wiki/Special:FilePath/Claude_Monet_-_Rouen_Cathedral_-_The_Portal_(Sunlight).jpg,2311,3596,8.3,https://commons.wikimedia.org/wiki/File:Claude_Monet_-_Rouen_Cathedral_-_The_Portal_(Sunlight).jpg
1326,Руанский собор вечером,Rouen Cathedral at the End of the Day,Wikimedia Commons,"https://commons.wikimedia.org/wiki/Special:FilePath/'The_Rouen_Cathedral_at_Sunset'_by_Claude_Monet,_1894,_Pushkin_Museum.JPG",1868,2788,5.2,"https://commons.wikimedia.org/wiki/File:'The_Rouen_Cathedral_at_Sunset'_by_Claude_Monet,_1894,_Pushkin_Museum.JPG"
1327,Руанский собор. Портал на солнце в конце дня,"Rouen Cathedral Portal, Sunlight, at the End of the Day",Wikimedia Commons,"https://commons.wikimedia.org/wiki/Special:FilePath/Claude_Monet_-_Rouen_Cathedral,_Facade_(Sunset).JPG",3612,5635,20.4,"https://commons.wikimedia.org/wiki/File:Claude_Monet_-_Rouen_Cathedral,_Facade_(Sunset).JPG"
1328,Руанский собор. Портал,"Rouen Cathedral, Portal",Wikimedia Commons,"https://commons.wikimedia.org/wiki/Special:FilePath/Claude_Monet_-_Rouen_Cathedral,_Facade_I.jpg",3495,5439,19.0,"https://commons.wikimedia.org/wiki/File:Claude_Monet_-_Rouen_Cathedral,_Facade_I.jpg"
1329,Руанский собор,Rouen Cathedral,Wikimedia Commons,https://commons.wikimedia.org/wiki/Special:FilePath/Rouen_Cathedrale_Monet_Belgrade_W1329.jpg,2362,3629,8.6,https://commons.wikimedia.org/wiki/File:Rouen_Cathedrale_Monet_Belgrade_W1329.jpg
1330,Бланш Ошеде за мольбертом,Blanche Hoschedé painting,Wikimedia Commons (скан каталога),"https://commons.wikimedia.org/wiki/Special:FilePath/Monet_-_Wildenstein_1996,_1330.png",764,572,0.4,"https://commons.wikimedia.org/wiki/File:Monet_-_Wildenstein_1996,_1330.png"
1331,Снег в Живерни,Effect of Snow at Giverny,Wikimedia Commons,https://commons.wikimedia.org/wiki/Special:FilePath/Claude_monet_effet_de_neige_a_giverny.jpg,3200,2247,7.2,https://commons.wikimedia.org/wiki/File:Claude_monet_effet_de_neige_a_giverny.jpg
1332,"Церковь в Жёфоссе, снег","Church at Jeufosse, Snowy Weather",Wikimedia Commons,"https://commons.wikimedia.org/wiki/Special:FilePath/L'Eglise_de_Jeufosse,_temps_de_neige,_1893_-_Claude_Monet.jpg",2560,1886,4.8,"https://commons.wikimedia.org/wiki/File:L'Eglise_de_Jeufosse,_temps_de_neige,_1893_-_Claude_Monet.jpg"
1333,Сена в Беннекуре зимой,The Seine at Bennecourt in Winter,Wikimedia Commons (скан каталога),"https://commons.wikimedia.org/wiki/Special:FilePath/Monet_-_Wildenstein_1996,_1333.png",759,435,0.3,"https://commons.wikimedia.org/wiki/File:Monet_-_Wildenstein_1996,_1333.png"
1334,Плывущие льдины в Беннекуре,Floating Ice at Bennecourt,Wikimedia Commons,https://commons.wikimedia.org/wiki/Special:FilePath/MB-Mon-28_Monet_Eisschollen-in-Bennecourt.jpg,2500,1496,3.7,https://commons.wikimedia.org/wiki/File:MB-Mon-28_Monet_Eisschollen-in-Bennecourt.jpg
1335,Ледоход в Беннекуре,Ice Floes at Bennecourt,Wikimedia Commons,https://commons.wikimedia.org/wiki/Special:FilePath/Ice_Floes_MET_DT2158.jpg,3811,2522,9.6,https://commons.wikimedia.org/wiki/File:Ice_Floes_MET_DT2158.jpg
1336,Плывущие льдины близ Беннекура,Floating Ice near Bennecourt,Wikimedia Commons (скан каталога),https://commons.wikimedia.org/wiki/Special:FilePath/Monet_w1336.jpg,1350,866,1.2,https://commons.wikimedia.org/wiki/File:Monet_w1336.jpg
1337,"Льдины, белый эффект (близ Беннекура)","Ice Floes, White Effect (near Bennecourt)",Wikimedia Commons,"https://commons.wikimedia.org/wiki/Special:FilePath/Claude_Monet_-_Glaçons,_effet_blanc.jpg",2000,1272,2.5,"https://commons.wikimedia.org/wiki/File:Claude_Monet_-_Glaçons,_effet_blanc.jpg"
1338,Утренняя дымка,Morning Haze,Wikimedia Commons,https://commons.wikimedia.org/wiki/Special:FilePath/Haze_Philadelphia_02.JPG,5184,3456,17.9,https://commons.wikimedia.org/wiki/File:Haze_Philadelphia_02.JPG
1338a,Плывущие льдины близ Беннекура,Floating Ice near Bennecourt,Wikimedia Commons,"https://commons.wikimedia.org/wiki/Special:FilePath/Claude_Monet_-_Glaçons,_environs_de_Bennecourt.jpg",6189,4581,28.4,"https://commons.wikimedia.org/wiki/File:Claude_Monet_-_Glaçons,_environs_de_Bennecourt.jpg"
1339,Ледоход на Сене близ Беннекура,"Break-up, The Seine near Bennecourt",Wikimedia Commons (скан каталога),https://commons.wikimedia.org/wiki/Special:FilePath/Monet_w1339.jpg,736,464,0.3,https://commons.wikimedia.org/wiki/File:Monet_w1339.jpg
1340,Ледоход близ Беннекура,Ice breaking-up near Bennecourt,Wikimedia Commons,https://commons.wikimedia.org/wiki/Special:FilePath/Claude_Monet_-_Ice_breaking_up_on_the_Seine_near_Bennecourt_-_Google_Art_Project.jpg,3125,2036,6.4,https://commons.wikimedia.org/wiki/File:Claude_Monet_-_Ice_breaking_up_on_the_Seine_near_Bennecourt_-_Google_Art_Project.jpg
1341,Ледоход на Сене в Пор-Вийе,Ice Floes on the Seine at Port-Villez,Wikimedia Commons (скан каталога),https://commons.wikimedia.org/wiki/Special:FilePath/Monet_w1341.jpg,1260,1008,1.3,https://commons.wikimedia.org/wiki/File:Monet_w1341.jpg
1342,"Льдины, шлюз в Пор-Вийе","Ice floes, Lock of Port-Villez",Wikimedia Commons (скан каталога),"https://commons.wikimedia.org/wiki/Special:FilePath/Monet_-_Wildenstein_1996,_1342.png",754,576,0.4,"https://commons.wikimedia.org/wiki/File:Monet_-_Wildenstein_1996,_1342.png"
1343,Плавучие льдины,Ice Floating,Wikimedia Commons (скан каталога),"https://commons.wikimedia.org/wiki/Special:FilePath/Monet_-_Wildenstein_1996,_1343.png",436,245,0.1,"https://commons.wikimedia.org/wiki/File:Monet_-_Wildenstein_1996,_1343.png"
1344,"Льдины, вечерний эффект","Ice floes, Evening Effect",Wikimedia Commons (скан каталога),https://commons.wikimedia.org/wiki/Special:FilePath/Monet_w1344.jpg,500,302,0.2,https://commons.wikimedia.org/wiki/File:Monet_w1344.jpg
1345,Портал и башня Альбан в пасмурную погоду,"The Portal and the Tour d'Albene, Grey Weather",Wikimedia Commons,https://commons.wikimedia.org/wiki/Special:FilePath/Monet-cathedrale-rouen.jpg,528,738,0.4,https://commons.wikimedia.org/wiki/File:Monet-cathedrale-rouen.jpg
1346,Портал и башня Альбан,The Portal and the Tour d'Albane,Wikimedia Commons,https://commons.wikimedia.org/wiki/Special:FilePath/Claude_Monet_-_Cathédrale_de_Rouen._Harmonie_blanche.jpg,1619,2449,4.0,https://commons.wikimedia.org/wiki/File:Claude_Monet_-_Cathédrale_de_Rouen._Harmonie_blanche.jpg
1347,"Руанский собор. Портал, утро","Rouen Cathedral, the Portal, Morning Effect",Wikimedia Commons,"https://commons.wikimedia.org/wiki/Special:FilePath/Claude_Monet_-_Rouen_Cathedral,_Facade_and_Tour_d'AlbaneI.JPG",3633,5434,19.7,"https://commons.wikimedia.org/wiki/File:Claude_Monet_-_Rouen_Cathedral,_Facade_and_Tour_d'AlbaneI.JPG"
1348,"Руанский собор. Портал и башня Альбан, утро","Rouen Cathedral, the Portal and the tour d'Albane, Morning Effect",Wikimedia Commons,https://commons.wikimedia.org/wiki/Special:FilePath/Claude_Monet_-_Rouen_Cathedral_Façade_and_Tour_d'Albane_(Morning_Effect)_-_Google_Art_Project.jpg,4123,5995,24.7,https://commons.wikimedia.org/wiki/File:Claude_Monet_-_Rouen_Cathedral_Façade_and_Tour_d'Albane_(Morning_Effect)_-_Google_Art_Project.jpg
1349,Руанский собор в тумане,Rouen Cathedral in the Fog,Wikimedia Commons,https://commons.wikimedia.org/wiki/Special:FilePath/Rouen-cathedral-fog_W1349.jpg,1200,1755,2.1,https://commons.wikimedia.org/wiki/File:Rouen-cathedral-fog_W1349.jpg
1350,Руанский собор в полдень (Портал и башня дАлбань),"Rouen Cathedral, the Portal and the Tour d'Albane, Full Sunlight",Wikimedia Commons,"https://commons.wikimedia.org/wiki/Special:FilePath/The_Rouen_Cathedral_at_Noon_by_Claude_Monet,_1894,_Pushkin_Museum.JPG",1740,2664,4.6,"https://commons.wikimedia.org/wiki/File:The_Rouen_Cathedral_at_Noon_by_Claude_Monet,_1894,_Pushkin_Museum.JPG"
1351,Портал Руанского собора в полдень,The Portal of Rouen Cathedral at Midday,Wikimedia Commons,"https://commons.wikimedia.org/wiki/Special:FilePath/Claude_Monet_-_Rouen_Cathedral,_West_Façade_-_Google_Art_Project.jpg",5663,8813,49.9,"https://commons.wikimedia.org/wiki/File:Claude_Monet_-_Rouen_Cathedral,_West_Façade_-_Google_Art_Project.jpg"
1352,"Руанский собор. Портал, утренний туман","Rouen Cathedral, the Portal, Morning Fog",Wikimedia Commons,"https://commons.wikimedia.org/wiki/Special:FilePath/Claude_Monet_-_Rouen_Cathedral,_Facade_(Morning_effect).JPG",3622,5642,20.4,"https://commons.wikimedia.org/wiki/File:Claude_Monet_-_Rouen_Cathedral,_Facade_(Morning_effect).JPG"
1353,"Руанский собор. Портал, утренний туман","Rouen Cathedral, Portal, Morning Fog",Wikimedia Commons,"https://commons.wikimedia.org/wiki/Special:FilePath/Claude_Monet_-_Rouen_Cathedral,_Facade_(Morning_effect).JPG",3622,5642,20.4,"https://commons.wikimedia.org/wiki/File:Claude_Monet_-_Rouen_Cathedral,_Facade_(Morning_effect).JPG"
1354,"Руанский собор. Портал, утренний свет","Rouen Cathedral, Portal, Morning Light",Wikimedia Commons,https://commons.wikimedia.org/wiki/Special:FilePath/Claude_Monet_(French_-_The_Portal_of_Rouen_Cathedral_in_Morning_Light_-_Google_Art_Project.jpg,6433,9775,62.9,https://commons.wikimedia.org/wiki/File:Claude_Monet_(French_-_The_Portal_of_Rouen_Cathedral_in_Morning_Light_-_Google_Art_Project.jpg
1355,Руанский собор. Портал на солнце,"Rouen Cathedral, the Portal in the Sun",Wikimedia Commons,https://commons.wikimedia.org/wiki/Special:FilePath/Claude_Monet_-_Cathédrale_de_Rouen._Harmonie_bleue.jpg,1702,2516,4.3,https://commons.wikimedia.org/wiki/File:Claude_Monet_-_Cathédrale_de_Rouen._Harmonie_bleue.jpg
1356,Руанский собор. Фасад,"Rouen Cathedral, Façade",Wikimedia Commons,https://commons.wikimedia.org/wiki/Special:FilePath/Rouen_Cathedral_Boston_W1356.jpg,1094,1600,1.8,https://commons.wikimedia.org/wiki/File:Rouen_Cathedral_Boston_W1356.jpg
1357,Руанский собор. Портал,"Rouen Cathedral, Portal",Wikimedia Commons,https://commons.wikimedia.org/wiki/Special:FilePath/Claude_Monet_Kathedrale_von_Rouen@20151002_01.JPG,2297,3580,8.2,https://commons.wikimedia.org/wiki/File:Claude_Monet_Kathedrale_von_Rouen@20151002_01.JPG
1358,Руанский собор. Фасад на солнце,"Rouen Cathedral, the Façade in Sunlight",Wikimedia Commons,"https://commons.wikimedia.org/wiki/Special:FilePath/Claude_Monet_La_cathédrale_de_Rouen,_le_portail.jpg",4427,6399,28.3,"https://commons.wikimedia.org/wiki/File:Claude_Monet_La_cathédrale_de_Rouen,_le_portail.jpg"
1359,Руанский собор. Портал,"Rouen Cathedral, Portal",Wikimedia Commons,https://commons.wikimedia.org/wiki/Special:FilePath/Rouen_Cathedral_Portal_W1359.jpg,1011,1600,1.6,https://commons.wikimedia.org/wiki/File:Rouen_Cathedral_Portal_W1359.jpg
1360,Руанский собор. Портал и башня Сен-Ромен на солнце,"Rouen Cathedral, Portal and Tower Saint-Romain in the Sun",Wikimedia Commons,https://commons.wikimedia.org/wiki/Special:FilePath/Claude_Monet_-_Cathédrale_de_Rouen._Harmonie_bleue_et_or.jpg,1700,2545,4.3,https://commons.wikimedia.org/wiki/File:Claude_Monet_-_Cathédrale_de_Rouen._Harmonie_bleue_et_or.jpg
1361,Руанский собор,Rouen Cathedral,Wikimedia Commons,https://commons.wikimedia.org/wiki/Special:FilePath/Rouen_Cathedral_W1361.jpg,700,1041,0.7,https://commons.wikimedia.org/wiki/File:Rouen_Cathedral_W1361.jpg
1362,Стог сена в Живерни,Haystacks at Giverny,Wikimedia Commons (скан каталога),https://commons.wikimedia.org/wiki/Special:FilePath/Monet_w1362.jpg,1024,666,0.7,https://commons.wikimedia.org/wiki/File:Monet_w1362.jpg
1363,Стога,Haystacks,Wikimedia Commons (скан каталога),"https://commons.wikimedia.org/wiki/Special:FilePath/Monet_-_Wildenstein_1996,_1363.png",434,312,0.1,"https://commons.wikimedia.org/wiki/File:Monet_-_Wildenstein_1996,_1363.png"
1364,Стог,Haystack,Wikimedia Commons (скан каталога),https://commons.wikimedia.org/wiki/Special:FilePath/Monet_w1364.jpg,1024,628,0.6,https://commons.wikimedia.org/wiki/File:Monet_w1364.jpg
1365,Утро на Сене в Живерни,Morning on the Seine at Giverny,Wikimedia Commons (скан каталога),"https://commons.wikimedia.org/wiki/Special:FilePath/Monet_-_Wildenstein_1996,_1365.png",756,581,0.4,"https://commons.wikimedia.org/wiki/File:Monet_-_Wildenstein_1996,_1365.png"
1366,Весенний пейзаж,Springtime Landscape,Wikimedia Commons (скан каталога),https://commons.wikimedia.org/wiki/Special:FilePath/Monet_w1366.jpg,518,640,0.3,https://commons.wikimedia.org/wiki/File:Monet_w1366.jpg
1367,Весенний пейзаж в Живерни,Springtime Landscape at Giverny,Wikimedia Commons,https://commons.wikimedia.org/wiki/Special:FilePath/Monet_-_springtime-landscape-at-giverny.jpg,280,406,0.1,https://commons.wikimedia.org/wiki/File:Monet_-_springtime-landscape-at-giverny.jpg
1368,Луг в Живерни,A Meadow at Giverny,Wikimedia Commons,https://commons.wikimedia.org/wiki/Special:FilePath/Claude_Monet_-_Meadow_at_Giverny_(Princeton).jpg,2828,3613,10.2,https://commons.wikimedia.org/wiki/File:Claude_Monet_-_Meadow_at_Giverny_(Princeton).jpg
1369,Луг в Живерни,A Meadow at Giverny,Wikimedia Commons,"https://commons.wikimedia.org/wiki/Special:FilePath/Monet,_Claude,_Meadow_at_Giverny.jpg",612,768,0.5,"https://commons.wikimedia.org/wiki/File:Monet,_Claude,_Meadow_at_Giverny.jpg"
1370,Сена в Пор-Вийе,The Seine at Port-Villez,Wikimedia Commons,https://commons.wikimedia.org/wiki/Special:FilePath/Monet-seine-rouen.jpg,950,607,0.6,https://commons.wikimedia.org/wiki/File:Monet-seine-rouen.jpg
1371,Сена в Пор-Вийе. Розовый эффект,"The Seine at Port-Villez, Pink Effect",Wikimedia Commons (скан каталога),https://commons.wikimedia.org/wiki/Special:FilePath/Monet_w1371.jpg,1320,859,1.1,https://commons.wikimedia.org/wiki/File:Monet_w1371.jpg
1372,Сена в Пор-Вийе. Туман,"The Seine at Port-Villez, Mist",Wikimedia Commons (скан каталога),https://commons.wikimedia.org/wiki/Special:FilePath/Monet_w1372.jpg,1320,856,1.1,https://commons.wikimedia.org/wiki/File:Monet_w1372.jpg
1373,Сена в Пор-Вийе. Гармония в голубом,"The Seine at Port-Villez, Harmony in Blue",Wikimedia Commons,https://commons.wikimedia.org/wiki/Special:FilePath/Claude_Monet_The_Seine_at_Port-Villez.jpg,571,371,0.2,https://commons.wikimedia.org/wiki/File:Claude_Monet_The_Seine_at_Port-Villez.jpg
1374,"Сена в Пор-Вилле, голубой эффект","The Seine at Port-Villez, Blue Effect",Wikimedia Commons (скан каталога),"https://commons.wikimedia.org/wiki/Special:FilePath/Monet_-_Wildenstein_1996,_1374.png",570,317,0.2,"https://commons.wikimedia.org/wiki/File:Monet_-_Wildenstein_1996,_1374.png"
1374a,Сена в Пор-Вийе,The Seine at Port-Villez,Wikimedia Commons (скан каталога),"https://commons.wikimedia.org/wiki/Special:FilePath/Monet_-_Wildenstein_1996,_1374a.png",571,330,0.2,"https://commons.wikimedia.org/wiki/File:Monet_-_Wildenstein_1996,_1374a.png"
1375,Сена в Пор-Вийе. Ясная погода,"The Seine at Port-Villez, Clear Weather",Wikimedia Commons,"https://commons.wikimedia.org/wiki/Special:FilePath/LA_SEINE_À_PORT-VILLEZ,_TEMPS_CLAIR_(1894)_Claude_Monet_(W_1375).jpg",1294,942,1.2,"https://commons.wikimedia.org/wiki/File:LA_SEINE_À_PORT-VILLEZ,_TEMPS_CLAIR_(1894)_Claude_Monet_(W_1375).jpg"
1376,Сена близ Вернона в Пор-Вийе,The Seine near Vernon at Port Villez,Wikimedia Commons (скан каталога),"https://commons.wikimedia.org/wiki/Special:FilePath/Monet_-_Wildenstein_1996,_1376.png",569,367,0.2,"https://commons.wikimedia.org/wiki/File:Monet_-_Wildenstein_1996,_1376.png"
1377,Сена в Пор-Вийе,The Seine at Port-Villez,Wikimedia Commons (скан каталога),"https://commons.wikimedia.org/wiki/Special:FilePath/Monet_-_Wildenstein_1996,_1377.png",566,383,0.2,"https://commons.wikimedia.org/wiki/File:Monet_-_Wildenstein_1996,_1377.png"
1378,Сена близ Живерни,The Seine near Giverny,Wikimedia Commons (скан каталога),"https://commons.wikimedia.org/wiki/Special:FilePath/Monet_-_Wildenstein_1996,_1378.png",568,368,0.2,"https://commons.wikimedia.org/wiki/File:Monet_-_Wildenstein_1996,_1378.png"
1379,Сена в Пор-Вийе. Вечерний эффект,"The Seine at Port-Villez, Evening Effect",Wikimedia Commons (скан каталога),https://commons.wikimedia.org/wiki/Special:FilePath/Monet_w1379.jpg,1600,905,1.4,https://commons.wikimedia.org/wiki/File:Monet_w1379.jpg
1380,"Сена в Пор-Вийе, розовый эффект","La Seine à Port-Villez, effet rose",Wikimedia Commons (скан каталога),"https://commons.wikimedia.org/wiki/Special:FilePath/Monet_-_Wildenstein_1996,_1380.png",562,295,0.2,"https://commons.wikimedia.org/wiki/File:Monet_-_Wildenstein_1996,_1380.png"
1381,Сена близ Вернона,The Seine near Vernon,Wikimedia Commons (скан каталога),https://commons.wikimedia.org/wiki/Special:FilePath/Monet_w1381.jpg,736,459,0.3,https://commons.wikimedia.org/wiki/File:Monet_w1381.jpg
1382,Сена в тумане,The Seine in the Mist,Wikimedia Commons (скан каталога),"https://commons.wikimedia.org/wiki/Special:FilePath/Monet_-_Wildenstein_1996,_1382.png",566,336,0.2,"https://commons.wikimedia.org/wiki/File:Monet_-_Wildenstein_1996,_1382.png"
1383,Маленькие стога в Живерни,The Small Haystacks of Giverny,Wikimedia Commons (скан каталога),https://commons.wikimedia.org/wiki/Special:FilePath/Monet_w1383.jpg,1024,662,0.7,https://commons.wikimedia.org/wiki/File:Monet_w1383.jpg
1384,Маленькие стога в Живерни. Эффект солнца,"The Small Haystacks of Giverny, Sun Effect",Wikimedia Commons,"https://commons.wikimedia.org/wiki/Special:FilePath/Claude_Monet_-_The_Young_Ladies_of_Giverny,_Sun_Effect_-_Google_Art_Project.jpg",5401,3557,19.2,"https://commons.wikimedia.org/wiki/File:Claude_Monet_-_The_Young_Ladies_of_Giverny,_Sun_Effect_-_Google_Art_Project.jpg"
1385,Маленькие стога,The Small Haystacks,Wikimedia Commons (скан каталога),https://commons.wikimedia.org/wiki/Special:FilePath/Monet_w1385.jpg,1194,677,0.8,https://commons.wikimedia.org/wiki/File:Monet_w1385.jpg
1386,Вернон на солнце,Vernon in the Sun,Wikimedia Commons,https://commons.wikimedia.org/wiki/Special:FilePath/Brooklyn_Museum_-_Church_at_Vernon_-_Claude_Monet_-_overall.jpg,768,535,0.4,https://commons.wikimedia.org/wiki/File:Brooklyn_Museum_-_Church_at_Vernon_-_Claude_Monet_-_overall.jpg
1387,Церковь в Верноне на солнце,Vernon Church in the Sun,Wikimedia Commons,"https://commons.wikimedia.org/wiki/Special:FilePath/Église_de_Vernon,_soleil_(1894)_Claude_Monet_(W_1387).jpg",2880,2046,5.9,"https://commons.wikimedia.org/wiki/File:Église_de_Vernon,_soleil_(1894)_Claude_Monet_(W_1387).jpg"
1388,Церковь в Верноне в пасмурную погоду,Vernon Church in Grey Weather,Wikimedia Commons (скан каталога),https://commons.wikimedia.org/wiki/Special:FilePath/Monet_w1388.jpg,1320,946,1.2,https://commons.wikimedia.org/wiki/File:Monet_w1388.jpg
1389,Церковь в Верноне,Vernon Church,Wikimedia Commons (скан каталога),"https://commons.wikimedia.org/wiki/Special:FilePath/Monet_-_Wildenstein_1996,_1389.png",492,340,0.2,"https://commons.wikimedia.org/wiki/File:Monet_-_Wildenstein_1996,_1389.png"
1390,Церковь в Верноне в тумане,Vernon Church in the Fog,Wikimedia Commons (скан каталога),https://commons.wikimedia.org/wiki/Special:FilePath/Monet_w1390.jpg,1024,730,0.7,https://commons.wikimedia.org/wiki/File:Monet_w1390.jpg
1391,Церковь в Верноне в тумане,Church of Vernon in the Mist,Wikimedia Commons,"https://commons.wikimedia.org/wiki/Special:FilePath/Claude_Monet_-_Church_of_Vernon,_Fog_-_Rosengart_collection.jpg",1600,1132,1.8,"https://commons.wikimedia.org/wiki/File:Claude_Monet_-_Church_of_Vernon,_Fog_-_Rosengart_collection.jpg"
1391a,Дерево у Сены в Верноне,The Tree by the Seine at Vernon,Wikimedia Commons (скан каталога),"https://commons.wikimedia.org/wiki/Special:FilePath/Monet_-_Wildenstein_1996,_1391a.png",494,362,0.2,"https://commons.wikimedia.org/wiki/File:Monet_-_Wildenstein_1996,_1391a.png"
1392,"Пруд с кувшинками, зима","Water-Lily Pond, Winter",Wikimedia Commons (скан каталога),"https://commons.wikimedia.org/wiki/Special:FilePath/Monet_-_Wildenstein_1996,_1392.png",358,311,0.1,"https://commons.wikimedia.org/wiki/File:Monet_-_Wildenstein_1996,_1392.png"
1393,"Красные дома в Бьорнегорде в снегу, Норвегия","Red Houses at Bjornegaard in the Snow, Norway",Wikimedia Commons,https://commons.wikimedia.org/wiki/Special:FilePath/Monet_red_houses_bjornegaard_snow_norway_1895.jpg,1268,1024,1.3,https://commons.wikimedia.org/wiki/File:Monet_red_houses_bjornegaard_snow_norway_1895.jpg
1394,"Дома в снегу, Норвегия","Houses in the Snow, Norway",Wikimedia Commons,https://commons.wikimedia.org/wiki/Special:FilePath/Monet_houses_snow_norway_1895.jpg,1280,905,1.2,https://commons.wikimedia.org/wiki/File:Monet_houses_snow_norway_1895.jpg
1395,"Дома в снегу, Норвегия","Houses in the Snow, Norway",Wikimedia Commons (скан каталога),https://commons.wikimedia.org/wiki/Special:FilePath/Monet_w1395.jpg,1023,736,0.8,https://commons.wikimedia.org/wiki/File:Monet_w1395.jpg
1396,"Норвежский пейзаж, голубые дома","Norwegian Landscape, Blue Houses",Wikimedia Commons,https://commons.wikimedia.org/wiki/Special:FilePath/Monet_paysage_norway_blue_houses_1895.jpg,1600,1181,1.9,https://commons.wikimedia.org/wiki/File:Monet_paysage_norway_blue_houses_1895.jpg
1397,Деревня Сандвикен в снегу,Sandviken Village in the Snow,Wikimedia Commons,"https://commons.wikimedia.org/wiki/Special:FilePath/Monet_-_Sandviken,_Norwegen.jpg",3000,2369,7.1,"https://commons.wikimedia.org/wiki/File:Monet_-_Sandviken,_Norwegen.jpg"
1398,"Сандвикен, Норвегия","Sandviken, Norway",Wikimedia Commons,"https://commons.wikimedia.org/wiki/Special:FilePath/Sandviken,_Norvège,_effet_de_neige_(1895)_Claude_Monet_(W_1398).jpg",851,665,0.6,"https://commons.wikimedia.org/wiki/File:Sandviken,_Norvège,_effet_de_neige_(1895)_Claude_Monet_(W_1398).jpg"
1398a,Зимний пейзаж. Сандвикен,Sandviken Village,Wikimedia Commons,https://commons.wikimedia.org/wiki/Special:FilePath/Village_de_Sandviken_(1895)_Claude_Monet_-_Art_Museum_Riga_Bourse_(W_1398a).jpg,736,517,0.4,https://commons.wikimedia.org/wiki/File:Village_de_Sandviken_(1895)_Claude_Monet_-_Art_Museum_Riga_Bourse_(W_1398a).jpg
1398b,Деревня Сандвикен. Эффект снега,"Sandviken Village, Snow Effect",Wikimedia Commons (скан каталога),"https://commons.wikimedia.org/wiki/Special:FilePath/Monet_-_Wildenstein_1996,_1398b.png",569,383,0.2,"https://commons.wikimedia.org/wiki/File:Monet_-_Wildenstein_1996,_1398b.png"
1398c,"Сандвикен, Норвегия","Sandviken, Norway",Wikimedia Commons (скан каталога),"https://commons.wikimedia.org/wiki/Special:FilePath/Monet_-_Wildenstein_1996,_1398c.png",571,444,0.3,"https://commons.wikimedia.org/wiki/File:Monet_-_Wildenstein_1996,_1398c.png"
1399,"Норвежский пейзаж, Сандвикен","Norwegian Landscape, Sandviken",Wikimedia Commons,https://commons.wikimedia.org/wiki/Special:FilePath/Monet_norwegian_landscape_sandviken_1895.jpg,1280,1003,1.3,https://commons.wikimedia.org/wiki/File:Monet_norwegian_landscape_sandviken_1895.jpg
1400,Фьорд близ Христиании,"The Fjord, near Christiania",Wikimedia Commons (скан каталога),https://commons.wikimedia.org/wiki/Special:FilePath/Monet_w1400.jpg,2000,1283,2.6,https://commons.wikimedia.org/wiki/File:Monet_w1400.jpg
1401,Фьорд близ Христиании,"The Fjord, near Christiania",Wikimedia Commons,"https://commons.wikimedia.org/wiki/Special:FilePath/Le_Fjord,_près_Christiania_(1895)_Claude_Monet_(W_1401).jpg",1150,748,0.9,"https://commons.wikimedia.org/wiki/File:Le_Fjord,_près_Christiania_(1895)_Claude_Monet_(W_1401).jpg"
1402,На берегу Христиания-фьорда,On the Bank of Christiania Fjord,Wikimedia Commons,https://commons.wikimedia.org/wiki/Special:FilePath/Monet_banks_fjord_christiania_1895.jpg,3200,2264,7.2,https://commons.wikimedia.org/wiki/File:Monet_banks_fjord_christiania_1895.jpg
1403,На берегу Христиания-фьорда,On the Bank of Christiania Fjord,Wikimedia Commons,"https://commons.wikimedia.org/wiki/Special:FilePath/Au_bord_du_fjord,_près_Christiania_(1895)_Claude_Monet_(W_1403).jpg",2880,1852,5.3,"https://commons.wikimedia.org/wiki/File:Au_bord_du_fjord,_près_Christiania_(1895)_Claude_Monet_(W_1403).jpg"
1404,Дома в снегу и гора Кольсос,Houses in the Snow and Mount Kolsaas,Wikimedia Commons (скан каталога),https://commons.wikimedia.org/wiki/Special:FilePath/Monet_w1404.jpg,1206,855,1.0,https://commons.wikimedia.org/wiki/File:Monet_w1404.jpg
1405,Дома в снегу,Houses in the Snow,Wikimedia Commons (скан каталога),https://commons.wikimedia.org/wiki/Special:FilePath/Monet_w1405.jpg,1024,711,0.7,https://commons.wikimedia.org/wiki/File:Monet_w1405.jpg
1406,"Гора Кольсос, Норвегия","Mount Kolsaas, Norway",Wikimedia Commons,https://commons.wikimedia.org/wiki/Special:FilePath/Monet-Mont-Kolsaas-Marmottan-.jpg,1052,686,0.7,https://commons.wikimedia.org/wiki/File:Monet-Mont-Kolsaas-Marmottan-.jpg
1407,Гора Кольсос,Mount Kolsaas,Wikimedia Commons,https://commons.wikimedia.org/wiki/Special:FilePath/Monet_mount_kolsaas_1895.jpg,1600,1141,1.8,https://commons.wikimedia.org/wiki/File:Monet_mount_kolsaas_1895.jpg
1408,Гора Кольсос,Mount Kolsaas,Wikimedia Commons,https://commons.wikimedia.org/wiki/Special:FilePath/Monet_mount_kolsaas_2_1895.jpg,1280,830,1.1,https://commons.wikimedia.org/wiki/File:Monet_mount_kolsaas_2_1895.jpg
1409,"Гора Кольсос, эффект солнца","Mount Kolsaas, Sun Effect",Wikimedia Commons,https://commons.wikimedia.org/wiki/Special:FilePath/Monet_mount_kolsaas_3_1895.jpg,1280,817,1.0,https://commons.wikimedia.org/wiki/File:Monet_mount_kolsaas_3_1895.jpg
1410,Гора Кольсос в ясную погоду,Mount Kolsaas in Clear Weather,Wikimedia Commons (скан каталога),"https://commons.wikimedia.org/wiki/Special:FilePath/Monet_-_Wildenstein_1996,_1410.png",494,312,0.2,"https://commons.wikimedia.org/wiki/File:Monet_-_Wildenstein_1996,_1410.png"
1411,Гора Кольсос в туманную погоду,Mount Kolsaas in Misty Weather,Wikimedia Commons,https://commons.wikimedia.org/wiki/Special:FilePath/Monet_mount_kolsaas_misty_weather_1895.jpg,1280,820,1.0,https://commons.wikimedia.org/wiki/File:Monet_mount_kolsaas_misty_weather_1895.jpg
1412,"Гора Кольсос, вечерний эффект","Mount Kolsaas, Evening Effect",Wikimedia Commons,"https://commons.wikimedia.org/wiki/Special:FilePath/Claude_Monet_-_Mount_Kolsås_-_NMK.DEP.2019.0010_-_National_Museum_of_Art,_Architecture_and_Design.jpg",10427,6766,70.5,"https://commons.wikimedia.org/wiki/File:Claude_Monet_-_Mount_Kolsås_-_NMK.DEP.2019.0010_-_National_Museum_of_Art,_Architecture_and_Design.jpg"
1413,Гора Кольсос в хмурую погоду,Mount Kolsaas in Somber Weather,Wikimedia Commons (скан каталога),"https://commons.wikimedia.org/wiki/Special:FilePath/Monet_-_Wildenstein_1996,_1413.png",498,292,0.1,"https://commons.wikimedia.org/wiki/File:Monet_-_Wildenstein_1996,_1413.png"
1414,Гора Кольсос в сумерках,Mount Kolsaas at Dusk,Wikimedia Commons (скан каталога),https://commons.wikimedia.org/wiki/Special:FilePath/Monet_w1414.jpg,2000,1405,2.8,https://commons.wikimedia.org/wiki/File:Monet_w1414.jpg
1415,"Гора Кольсос, розовое отражение","Mount Kolsaas, Rose Reflection",Wikimedia Commons,"https://commons.wikimedia.org/wiki/Special:FilePath/Monet_-_LE_MONT_KOLSAAS_EN_NORVEGE,_1895.jpg",800,525,0.4,"https://commons.wikimedia.org/wiki/File:Monet_-_LE_MONT_KOLSAAS_EN_NORVEGE,_1895.jpg"
1416,"Гора Кольсос, розовый эффект","Mount Kolsaas, Rose Effect",Wikimedia Commons (скан каталога),"https://commons.wikimedia.org/wiki/Special:FilePath/Monet_-_Wildenstein_1996,_1416.png",496,337,0.2,"https://commons.wikimedia.org/wiki/File:Monet_-_Wildenstein_1996,_1416.png"
1417,"Гора Кольсос, снежная буря","Mount Kolsaas, Snowstorm",Wikimedia Commons (скан каталога),https://commons.wikimedia.org/wiki/Special:FilePath/Monet_w1417.jpg,1024,667,0.7,https://commons.wikimedia.org/wiki/File:Monet_w1417.jpg
1418,"Гора Кольсос, Норвегия","Mount Kolsaas, Norway",Wikimedia Commons (скан каталога),https://commons.wikimedia.org/wiki/Special:FilePath/Monet_w1418.jpg,2000,1347,2.7,https://commons.wikimedia.org/wiki/File:Monet_w1418.jpg
1419,Мост в саду Моне,The Bridge in Monet's Garden,Wikimedia Commons,"https://commons.wikimedia.org/wiki/Special:FilePath/Japanese_Footbridge,_Giverny_(1895)_Claude_Monet_-_Philadelphia_Museum_of_Art_-_Inv.1993-151-2_(W_1419).jpg",4096,3320,13.6,"https://commons.wikimedia.org/wiki/File:Japanese_Footbridge,_Giverny_(1895)_Claude_Monet_-_Philadelphia_Museum_of_Art_-_Inv.1993-151-2_(W_1419).jpg"
1419a,Мост в саду Моне,Bridge in Monet's Garden,Wikimedia Commons (скан каталога),"https://commons.wikimedia.org/wiki/Special:FilePath/Monet_-_Wildenstein_1996,_1419a.png",763,709,0.5,"https://commons.wikimedia.org/wiki/File:Monet_-_Wildenstein_1996,_1419a.png"
1420,Сад в Живерни,Garden at Giverny,Wikimedia Commons,https://commons.wikimedia.org/wiki/Special:FilePath/Monet_-_Im_Garten_-_1895.jpeg,3300,2784,9.2,https://commons.wikimedia.org/wiki/File:Monet_-_Im_Garten_-_1895.jpeg
1421,Скала в Пурвиле,Cliff at Pourville,Wikimedia Commons,https://commons.wikimedia.org/wiki/Special:FilePath/Falaise_à_Pourville_(1896)_Claude_Monet_(W_1421).jpg,853,547,0.5,https://commons.wikimedia.org/wiki/File:Falaise_à_Pourville_(1896)_Claude_Monet_(W_1421).jpg
1422,Скала в Пурвиле,Cliff at Pourville,Wikimedia Commons,https://commons.wikimedia.org/wiki/Special:FilePath/Falaise_de_Pourville_(1896)_de_Claude_Monet_(W_1422).jpg,2880,2020,5.8,https://commons.wikimedia.org/wiki/File:Falaise_de_Pourville_(1896)_de_Claude_Monet_(W_1422).jpg
1423,"Скала в Пурвиле, непогода","Cliff at Pourville, Bad Weather",Wikimedia Commons (скан каталога),https://commons.wikimedia.org/wiki/Special:FilePath/Monet_w1423.jpg,1024,663,0.7,https://commons.wikimedia.org/wiki/File:Monet_w1423.jpg
1424,Ненастье в Пурвиле,Stormy Weather at Pourville,Wikimedia Commons (скан каталога),"https://commons.wikimedia.org/wiki/Special:FilePath/Monet_-_Wildenstein_1996,_1424.png",497,335,0.2,"https://commons.wikimedia.org/wiki/File:Monet_-_Wildenstein_1996,_1424.png"
1425,"Скала в Пурвиле, закат","Cliff at Pourville, Sunset",Wikimedia Commons,"https://commons.wikimedia.org/wiki/Special:FilePath/Claude_Monet_Effet_de_soleil_couchant_à_Pourville,_1896.jpg",250,182,0.0,"https://commons.wikimedia.org/wiki/File:Claude_Monet_Effet_de_soleil_couchant_à_Pourville,_1896.jpg"
1426,"Скалы в Пурвиле, дождь","Cliffs at Pourville, Rain",Wikimedia Commons (скан каталога),https://commons.wikimedia.org/wiki/Special:FilePath/Monet_w1426.jpg,1024,665,0.7,https://commons.wikimedia.org/wiki/File:Monet_w1426.jpg
1427,Хижина на скале в Варанжвиле,The Hut on the Cliff at Varengeville,Wikimedia Commons (скан каталога),"https://commons.wikimedia.org/wiki/Special:FilePath/Monet_-_Wildenstein_1996,_1427.png",496,335,0.2,"https://commons.wikimedia.org/wiki/File:Monet_-_Wildenstein_1996,_1427.png"
1428,На скале в Пти-Айи,On the Cliff at Petit Ailly,Wikimedia Commons,"https://commons.wikimedia.org/wiki/Special:FilePath/Sur_la_falaise,_au_Petit_Ailly_(1896)_Claude_Monet_(W1428).jpg",2880,2274,6.5,"https://commons.wikimedia.org/wiki/File:Sur_la_falaise,_au_Petit_Ailly_(1896)_Claude_Monet_(W1428).jpg"
1429,Скала в Пти-Айи в Варанжвиле,"Cliff at Petit Ailly, at Varengeville",Wikimedia Commons (скан каталога),https://commons.wikimedia.org/wiki/Special:FilePath/Monet_w1429.jpg,1024,734,0.8,https://commons.wikimedia.org/wiki/File:Monet_w1429.jpg
1430,Fécamp Cliff,Fécamp Cliff,Wikimedia Commons,"https://commons.wikimedia.org/wiki/Special:FilePath/Monet_-_Falaise_de_Fécamp,_1897.jpg",8581,5817,49.9,"https://commons.wikimedia.org/wiki/File:Monet_-_Falaise_de_Fécamp,_1897.jpg"
1431,Скалы к востоку от Пурвиля,Cliffs to the East of Pourville,Wikimedia Commons,https://commons.wikimedia.org/wiki/Special:FilePath/Claude_monet_-_marina_(MCM-RJ)_01.JPG,970,600,0.6,https://commons.wikimedia.org/wiki/File:Claude_monet_-_marina_(MCM-RJ)_01.JPG
1432,В Валь-Сен-Никола близ Дьепа,At val Saint Nicolas near Dieppe,Wikimedia Commons,https://commons.wikimedia.org/wiki/Special:FilePath/Au_Val_Saint-Nicolas_près_Dieppe_by_Claude_Monet.jpg,1500,980,1.5,https://commons.wikimedia.org/wiki/File:Au_Val_Saint-Nicolas_près_Dieppe_by_Claude_Monet.jpg
1433,Скала близ Дьепа,A Cliff near Dieppe,Wikimedia Commons (скан каталога),https://commons.wikimedia.org/wiki/Special:FilePath/Monet_w1433.jpg,1024,721,0.7,https://commons.wikimedia.org/wiki/File:Monet_w1433.jpg
1434,В Валь-Сен-Никола близ Дьепа,At val Saint Nicolas near Dieppe,Wikimedia Commons (скан каталога),https://commons.wikimedia.org/wiki/Special:FilePath/Monet_w1434.jpg,2000,1337,2.7,https://commons.wikimedia.org/wiki/File:Monet_w1434.jpg
1435,Рукав Сены близ Живерни,Arm of the Seine near Giverny,Wikimedia Commons,https://commons.wikimedia.org/wiki/Special:FilePath/Monet_-_Seine-Arm_bei_Giverny.jpg,1219,992,1.2,https://commons.wikimedia.org/wiki/File:Monet_-_Seine-Arm_bei_Giverny.jpg
1436,Утро на Сене,Morning on the Seine,Wikimedia Commons,"https://commons.wikimedia.org/wiki/Special:FilePath/Monet_-_Morning_on_the_Seine,_near_Giverny,_1897.jpg",1600,1418,2.3,"https://commons.wikimedia.org/wiki/File:Monet_-_Morning_on_the_Seine,_near_Giverny,_1897.jpg"
1436a,Утро на Сене,Morning on the Seine,Wikimedia Commons,https://commons.wikimedia.org/wiki/Special:FilePath/W_1436a_-_Claude_Monet_Morning_on_the_Seine_near_Giverny_(1896).png,665,652,0.4,https://commons.wikimedia.org/wiki/File:W_1436a_-_Claude_Monet_Morning_on_the_Seine_near_Giverny_(1896).png
1437,Утро на Сене,Morning on the Seine,Wikimedia Commons,"https://commons.wikimedia.org/wiki/Special:FilePath/Monet_-_Morning_on_the_Seine,_near_Giverny,_1896.jpg",1024,812,0.8,"https://commons.wikimedia.org/wiki/File:Monet_-_Morning_on_the_Seine,_near_Giverny,_1896.jpg"
1438,Наводнение в Живерни,Flood at Giverny,Wikimedia Commons,"https://commons.wikimedia.org/wiki/Special:FilePath/Flood_at_Giverny_by_Claude_Monet,_1896_-_Ny_Carlsberg_Glyptotek_-_Copenhagen_-_DSC09463.JPG",3111,2493,7.8,"https://commons.wikimedia.org/wiki/File:Flood_at_Giverny_by_Claude_Monet,_1896_-_Ny_Carlsberg_Glyptotek_-_Copenhagen_-_DSC09463.JPG"
1439,Половодье,Flood Waters,Wikimedia Commons,"https://commons.wikimedia.org/wiki/Special:FilePath/Claude_Monet,_Flood_Waters.jpg",800,635,0.5,"https://commons.wikimedia.org/wiki/File:Claude_Monet,_Flood_Waters.jpg"
1440,"Скалы в Пурвиле, восход","Cliffs at Pourville, Sunrise",Wikimedia Commons (скан каталога),"https://commons.wikimedia.org/wiki/Special:FilePath/Monet_-_Wildenstein_1996,_1440.png",437,244,0.1,"https://commons.wikimedia.org/wiki/File:Monet_-_Wildenstein_1996,_1440.png"
1441,"Скалы в Пурвиле, утро","Cliffs at Pourville, Morning",Wikimedia Commons (скан каталога),"https://commons.wikimedia.org/wiki/Special:FilePath/Monet_-_Wildenstein_1996,_1441.png",754,480,0.4,"https://commons.wikimedia.org/wiki/File:Monet_-_Wildenstein_1996,_1441.png"
1442,"Скалы в Пурвиле, утро","Cliffs at Pourville, Morning",Wikimedia Commons,"https://commons.wikimedia.org/wiki/Special:FilePath/Falaise_de_Pourville,_le_matin_(1897)_de_Claude_Monet_(W_1442)_-_Musée_des_Beaux-Arts_de_Montréal_(W1442).jpg",1175,767,0.9,"https://commons.wikimedia.org/wiki/File:Falaise_de_Pourville,_le_matin_(1897)_de_Claude_Monet_(W_1442)_-_Musée_des_Beaux-Arts_de_Montréal_(W1442).jpg"
1443,"Скалы в Пурвиле, бурное море","Cliffs at Pourville, Rough Sea",Wikimedia Commons,"https://commons.wikimedia.org/wiki/Special:FilePath/The_Cliffs_of_Pourville,_Rough_Sea_(Falaises_de_Pourville,_mer_agitée)_-_1897_-_Cl._Monet_-_High_Museum_of_Art.jpg",1024,666,0.7,"https://commons.wikimedia.org/wiki/File:The_Cliffs_of_Pourville,_Rough_Sea_(Falaises_de_Pourville,_mer_agitée)_-_1897_-_Cl._Monet_-_High_Museum_of_Art.jpg"
1444,Бурное море в Пурвиле,Heavy Sea at Pourville,Wikimedia Commons,https://commons.wikimedia.org/wiki/Special:FilePath/Claude_Monet_-_Heavy_Sea_at_Pourville_-_Google_Art_Project.jpg,3836,2797,10.7,https://commons.wikimedia.org/wiki/File:Claude_Monet_-_Heavy_Sea_at_Pourville_-_Google_Art_Project.jpg
1445,Мыс Пти-Айи,The Pointe du Petit Ailly,Wikimedia Commons,https://commons.wikimedia.org/wiki/Special:FilePath/Claude_Monet_-_La_Pointe_du_Petit_Ailly_-_Nahmad_collection.jpg,3200,2502,8.0,https://commons.wikimedia.org/wiki/File:Claude_Monet_-_La_Pointe_du_Petit_Ailly_-_Nahmad_collection.jpg
1446,"Мыс Пти-Айи, Варанжвиль","Pointe du Petit Ailly, Varengeville",Wikimedia Commons,https://commons.wikimedia.org/wiki/Special:FilePath/35390093320_c0107a7018_o_w1446.jpg,500,393,0.2,https://commons.wikimedia.org/wiki/File:35390093320_c0107a7018_o_w1446.jpg
1447,Мыс Пти-Айи в пасмурную погоду,The Pointe du Petit Ailly in Gray Weather,Wikimedia Commons (скан каталога),https://commons.wikimedia.org/wiki/Special:FilePath/Monet_w1447.jpg,1024,807,0.8,https://commons.wikimedia.org/wiki/File:Monet_w1447.jpg
1448,Домик таможенника,The Coastguard Cabin,Wikimedia Commons (скан каталога),"https://commons.wikimedia.org/wiki/Special:FilePath/Monet_-_Wildenstein_1996,_1448.png",433,302,0.1,"https://commons.wikimedia.org/wiki/File:Monet_-_Wildenstein_1996,_1448.png"
1449,Домик таможенника в Варанжвиле,Customs House at Varengeville,Wikimedia Commons,https://commons.wikimedia.org/wiki/Special:FilePath/35390682010_46099096b2_o_w1449.jpg,1044,727,0.8,https://commons.wikimedia.org/wiki/File:35390682010_46099096b2_o_w1449.jpg
1450,"Пти-Айи, Варанжвиль, яркое солнце","Petit-Ailly, Varengeville, Full Sun",Wikimedia Commons,"https://commons.wikimedia.org/wiki/Special:FilePath/Monet_-_Les_Falaises_de_Varengeville,_1897.jpg",800,562,0.4,"https://commons.wikimedia.org/wiki/File:Monet_-_Les_Falaises_de_Varengeville,_1897.jpg"
1451,Домик таможенника в Варанжвиле,The Coastguard Cabin at Varengeville,Wikimedia Commons (скан каталога),https://commons.wikimedia.org/wiki/Special:FilePath/Monet_w1451.jpg,1024,780,0.8,https://commons.wikimedia.org/wiki/File:Monet_w1451.jpg
1452,Ущелье в Варанжвиле. Вечер,"The Gorge at Varengeville, Late Afternoon",Wikimedia Commons,"https://commons.wikimedia.org/wiki/Special:FilePath/Monet_-_Gorge_of_the_Petit_Ailly,_Varengeville,_1897.jpg",2400,1696,4.1,"https://commons.wikimedia.org/wiki/File:Monet_-_Gorge_of_the_Petit_Ailly,_Varengeville,_1897.jpg"
1453,"Ущелье Пти-Айи. Варанжвиль, пасмурная погода","The Gorge du Petit Ailly, Varengeville, Grey Weather",Wikimedia Commons,https://commons.wikimedia.org/wiki/Special:FilePath/4868764252_f16b38822e_o_w1453.jpg,2000,1355,2.7,https://commons.wikimedia.org/wiki/File:4868764252_f16b38822e_o_w1453.jpg
1454,Домик таможенника. Варанжвиль,"Customs House, Varengeville",Wikimedia Commons,https://commons.wikimedia.org/wiki/Special:FilePath/5292315491_1f00bfce3f_o_w1454.jpg,2000,1393,2.8,https://commons.wikimedia.org/wiki/File:5292315491_1f00bfce3f_o_w1454.jpg
1455,Домик таможенника в Варанжвиле,Customs House at Varengeville,Wikimedia Commons,"https://commons.wikimedia.org/wiki/Special:FilePath/Monet_-_The_Customs_House_at_Varengeville,_1897.jpg",3000,2089,6.3,"https://commons.wikimedia.org/wiki/File:Monet_-_The_Customs_House_at_Varengeville,_1897.jpg"
1456,Домик береговой охраны,Coastguard Cabin,Wikimedia Commons,"https://commons.wikimedia.org/wiki/Special:FilePath/Customs_House_at_Varengeville_by_Claude_Monet,_San_Diego_Museum_of_Art.JPG",3144,2156,6.8,"https://commons.wikimedia.org/wiki/File:Customs_House_at_Varengeville_by_Claude_Monet,_San_Diego_Museum_of_Art.JPG"
1457,"Домик таможенника, розовые тона","Customs House, Rose Effect",Wikimedia Commons,"https://commons.wikimedia.org/wiki/Special:FilePath/Claude_Monet_-_La_maison_du_Douanier,_effet_rose.jpg",1123,789,0.9,"https://commons.wikimedia.org/wiki/File:Claude_Monet_-_La_maison_du_Douanier,_effet_rose.jpg"
1458,"Домик таможенника в тумане, голубой эффект","Customs House in Fog, Blue Effect",Wikimedia Commons (скан каталога),"https://commons.wikimedia.org/wiki/Special:FilePath/Monet_-_Wildenstein_1996,_1458.png",437,295,0.1,"https://commons.wikimedia.org/wiki/File:Monet_-_Wildenstein_1996,_1458.png"
1459,Скала близ Дьепа,The Cliff near Dieppe,Wikimedia Commons (скан каталога),"https://commons.wikimedia.org/wiki/Special:FilePath/Monet_-_Wildenstein_1996,_1459.jpg",1063,675,0.7,"https://commons.wikimedia.org/wiki/File:Monet_-_Wildenstein_1996,_1459.jpg"
1460,На скале в Дьепе,On the Cliff at Dieppe,нет открытого изображения,,,,,
1461,На скалах близ Дьепа,On the Cliffs near Dieppe,Wikimedia Commons,https://commons.wikimedia.org/wiki/Special:FilePath/5292922816_a68348db68_o_w1461.jpg,2000,1303,2.6,https://commons.wikimedia.org/wiki/File:5292922816_a68348db68_o_w1461.jpg
1462,Скала в Дьепе,The Cliff at Dieppe,Wikimedia Commons (скан каталога),https://commons.wikimedia.org/wiki/Special:FilePath/Monet_w1462.jpg,1024,654,0.7,https://commons.wikimedia.org/wiki/File:Monet_w1462.jpg
1463,На скале близ Дьепа,On the Cliff near Dieppe,Wikimedia Commons (скан каталога),"https://commons.wikimedia.org/wiki/Special:FilePath/Monet_-_Wildenstein_1996,_1463.png",437,271,0.1,"https://commons.wikimedia.org/wiki/File:Monet_-_Wildenstein_1996,_1463.png"
1464,"На скале близ Дьепа, закат","On the Cliff near Dieppe, Sunset",Wikimedia Commons,https://commons.wikimedia.org/wiki/Special:FilePath/34405866320_b7b46d09a0_o_w1464.jpg,6995,4517,31.6,https://commons.wikimedia.org/wiki/File:34405866320_b7b46d09a0_o_w1464.jpg
1464a,На скале близ Дьепа,On the Cliff near Dieppe,Wikimedia Commons (скан каталога),"https://commons.wikimedia.org/wiki/Special:FilePath/Monet_-_Wildenstein_1996,_1464a.png",759,524,0.4,"https://commons.wikimedia.org/wiki/File:Monet_-_Wildenstein_1996,_1464a.png"
1465,"В Валь-Сен-Никола близ Дьепа, утро","At Val Saint-Nicolas near Dieppe, Morning",Wikimedia Commons,"https://commons.wikimedia.org/wiki/Special:FilePath/Au_Val_Saint-Nicolas_près_Dieppe,_matin_(1897)_Claude_Monet_(W1465).jpg",2880,1857,5.3,"https://commons.wikimedia.org/wiki/File:Au_Val_Saint-Nicolas_près_Dieppe,_matin_(1897)_Claude_Monet_(W1465).jpg"
1466,"В Валь-Сен-Никола близ Дьепа, утро","At Val Saint-Nicolas near Dieppe, Morning",Wikimedia Commons,"https://commons.wikimedia.org/wiki/Special:FilePath/Claude_Monet_-_Val-Saint-Nicolas,_near_Dieppe_(Morning)_-_Google_Art_Project.jpg",4001,2599,10.4,"https://commons.wikimedia.org/wiki/File:Claude_Monet_-_Val-Saint-Nicolas,_near_Dieppe_(Morning)_-_Google_Art_Project.jpg"
1467,На крутых берегах близ Дьеппа,Steep Cliff near Dieppe,Wikimedia Commons,"https://commons.wikimedia.org/wiki/Special:FilePath/'Cliffs_near_Dieppe'_by_Claude_Monet,_1897,_Hermitage.JPG",3068,2012,6.2,"https://commons.wikimedia.org/wiki/File:'Cliffs_near_Dieppe'_by_Claude_Monet,_1897,_Hermitage.JPG"
1468,"На скале близ Дьепа, пасмурное небо","On the Cliff near Dieppe, Overcast Skies",Wikimedia Commons (скан каталога),https://commons.wikimedia.org/wiki/Special:FilePath/Monet_w1468.jpg,1024,665,0.7,https://commons.wikimedia.org/wiki/File:Monet_w1468.jpg
1469,"Близ Дьепа, отражения на море","Near Dieppe, Reflections on the Sea",Wikimedia Commons (скан каталога),"https://commons.wikimedia.org/wiki/Special:FilePath/Monet_-_Wildenstein_1996,_1469.png",762,523,0.4,"https://commons.wikimedia.org/wiki/File:Monet_-_Wildenstein_1996,_1469.png"
1470,На скале близ Дьепа,On the Cliff near Dieppe,Wikimedia Commons,https://commons.wikimedia.org/wiki/Special:FilePath/Sur_la_falaise_de_Dieppe.jpg,850,599,0.5,https://commons.wikimedia.org/wiki/File:Sur_la_falaise_de_Dieppe.jpg
1471,Скала близ Дьепа,Cliff near Dieppe,Wikimedia Commons,https://commons.wikimedia.org/wiki/Special:FilePath/5292928934_7f6c1bf648_o_w1471.jpg,2000,1270,2.5,https://commons.wikimedia.org/wiki/File:5292928934_7f6c1bf648_o_w1471.jpg
1472,Утро на Сене,Morning on the Seine,Wikimedia Commons (скан каталога),"https://commons.wikimedia.org/wiki/Special:FilePath/Monet_-_Wildenstein_1996,_1472.png",438,333,0.1,"https://commons.wikimedia.org/wiki/File:Monet_-_Wildenstein_1996,_1472.png"
1473,"Утро на Сене, эффект тумана","Morning on the Seine, Effect of Mist",Wikimedia Commons (скан каталога),"https://commons.wikimedia.org/wiki/Special:FilePath/Monet_-_Wildenstein_1996,_1473.jpg",1165,794,0.9,"https://commons.wikimedia.org/wiki/File:Monet_-_Wildenstein_1996,_1473.jpg"
1474,Рукав Сены близ Живерни в тумане,Arm of the Seine near Giverny in the Fog,Wikimedia Commons,"https://commons.wikimedia.org/wiki/Special:FilePath/Monet_-_The_Seine_at_Giverny,_Morning_Mists,_1897.jpg",789,768,0.6,"https://commons.wikimedia.org/wiki/File:Monet_-_The_Seine_at_Giverny,_Morning_Mists,_1897.jpg"
1475,Утро на Сене,Morning on the Seine,Wikimedia Commons,"https://commons.wikimedia.org/wiki/Special:FilePath/Monet_-_Branch_of_the_Seine_near_Giverny_(Mist),_from_the_series_“Mornings_on_the_Seine”,_1897.jpg",3000,2904,8.7,"https://commons.wikimedia.org/wiki/File:Monet_-_Branch_of_the_Seine_near_Giverny_(Mist),_from_the_series_“Mornings_on_the_Seine”,_1897.jpg"
1476,Рукав Сены близ Живерни в тумане,Arm of the Seine near Giverny in the Fog,Wikimedia Commons (скан каталога),"https://commons.wikimedia.org/wiki/Special:FilePath/Monet_-_Wildenstein_1996,_1476.png",759,721,0.5,"https://commons.wikimedia.org/wiki/File:Monet_-_Wildenstein_1996,_1476.png"
1477,Утро на Сене,Morning on the Seine,Wikimedia Commons,"https://commons.wikimedia.org/wiki/Special:FilePath/Morning_on_the_Seine,_Giverny_-Matinée_sur_la_Seine-_1966-48.jpg",728,640,0.5,"https://commons.wikimedia.org/wiki/File:Morning_on_the_Seine,_Giverny_-Matinée_sur_la_Seine-_1966-48.jpg"
1478,Рукав Сены близ Живерни на восходе солнца,Arm of the Seine near Giverny at Sunrise,Wikimedia Commons,"https://commons.wikimedia.org/wiki/Special:FilePath/Claude_Monet_-_Bras_de_Seine_près_de_Giverny,_soleil_levant_-_Musée_Marmottan-Monet.jpg",1500,1462,2.2,"https://commons.wikimedia.org/wiki/File:Claude_Monet_-_Bras_de_Seine_près_de_Giverny,_soleil_levant_-_Musée_Marmottan-Monet.jpg"
1479,Рукав Сены в Живерни на рассвете,Arm of the Seine at Giverny at Dawn,Wikimedia Commons,"https://commons.wikimedia.org/wiki/Special:FilePath/Monet_-_Matinée_sur_la_Seine,_1897.jpg",514,448,0.2,"https://commons.wikimedia.org/wiki/File:Monet_-_Matinée_sur_la_Seine,_1897.jpg"
1480,"Утро на Сене, ясная погода","Morning on the Seine, Clear Weather",Wikimedia Commons (скан каталога),https://commons.wikimedia.org/wiki/Special:FilePath/Monet_w1480.jpg,1024,899,0.9,https://commons.wikimedia.org/wiki/File:Monet_w1480.jpg
1481,Утро на Сене близ Живерни,Morning on the Seine near Giverny,Wikimedia Commons,"https://commons.wikimedia.org/wiki/Special:FilePath/Monet_-_Morning_on_the_Seine,_near_Giverny,_1897.jpg",1600,1418,2.3,"https://commons.wikimedia.org/wiki/File:Monet_-_Morning_on_the_Seine,_near_Giverny,_1897.jpg"
1482,Утро на Сене близ Живерни,Morning on the Seine near Giverny,Wikimedia Commons,https://commons.wikimedia.org/wiki/Special:FilePath/Morning_on_the_Seine_near_Giverny_MET_DT1903.jpg,3791,3345,12.7,https://commons.wikimedia.org/wiki/File:Morning_on_the_Seine_near_Giverny_MET_DT1903.jpg
1483,Утро на Сене близ Живерни,"Morning on the Seine, near Giverny",Wikimedia Commons (скан каталога),"https://commons.wikimedia.org/wiki/Special:FilePath/Monet_-_Wildenstein_1996,_1483.jpg",1171,892,1.0,"https://commons.wikimedia.org/wiki/File:Monet_-_Wildenstein_1996,_1483.jpg"
1484,Утро на Сене,Morning on the Seine,Wikimedia Commons (скан каталога),https://commons.wikimedia.org/wiki/Special:FilePath/Monet_w1484.jpg,800,761,0.6,https://commons.wikimedia.org/wiki/File:Monet_w1484.jpg
1485,Утро на Сене,Morning on the Seine,Wikimedia Commons,"https://commons.wikimedia.org/wiki/Special:FilePath/Claude_Monet_-_Matin_sur_la_Seine,_le_beau_temps_(1897).jpg",3000,2936,8.8,"https://commons.wikimedia.org/wiki/File:Claude_Monet_-_Matin_sur_la_Seine,_le_beau_temps_(1897).jpg"
1486,Утро на Сене,Morning on the Seine,Wikimedia Commons (скан каталога),"https://commons.wikimedia.org/wiki/Special:FilePath/Monet_-_Wildenstein_1996,_1486.png",756,717,0.5,"https://commons.wikimedia.org/wiki/File:Monet_-_Wildenstein_1996,_1486.png"
1487,Рукав Сены близ Живерни,Arm of the Seine near Giverny,Wikimedia Commons,https://commons.wikimedia.org/wiki/Special:FilePath/Monet_-_Seine-Arm_bei_Giverny.jpg,1219,992,1.2,https://commons.wikimedia.org/wiki/File:Monet_-_Seine-Arm_bei_Giverny.jpg
1488,Утро на Сене,Morning on the Seine,Wikimedia Commons,https://commons.wikimedia.org/wiki/Special:FilePath/4711798287_9f1438dfec_o_w1488.jpg,1320,1081,1.4,https://commons.wikimedia.org/wiki/File:4711798287_9f1438dfec_o_w1488.jpg
1489,"Крапивный остров, Живерни","L'île aux Orties, Giverny",Wikimedia Commons,https://commons.wikimedia.org/wiki/Special:FilePath/Claude_Monet_-_L'Ile_aux_Orties.jpg,1125,884,1.0,https://commons.wikimedia.org/wiki/File:Claude_Monet_-_L'Ile_aux_Orties.jpg
1490,"Крапивный остров, Живерни","L'île aux Orties, Giverny",Wikimedia Commons,https://commons.wikimedia.org/wiki/Special:FilePath/Claude_Monet_-_L'Ile_aux_Orties.jpg,1125,884,1.0,https://commons.wikimedia.org/wiki/File:Claude_Monet_-_L'Ile_aux_Orties.jpg
1491,Крапивный остров близ Вернона,"L'île aux Orties, Near Vernon",Wikimedia Commons,https://commons.wikimedia.org/wiki/Special:FilePath/Île_aux_Orties_near_Vernon_MET_DT302452.jpg,1905,1518,2.9,https://commons.wikimedia.org/wiki/File:Île_aux_Orties_near_Vernon_MET_DT302452.jpg
1492,"Берега Сены, утро","Banks of the Seine, Morning",Wikimedia Commons (скан каталога),https://commons.wikimedia.org/wiki/Special:FilePath/Monet_w1492.jpg,799,662,0.5,https://commons.wikimedia.org/wiki/File:Monet_w1492.jpg
1493,Островки в Пор-Вилле,The Islets at Port-Villez,Wikimedia Commons,https://commons.wikimedia.org/wiki/Special:FilePath/Brooklyn_Museum_-_The_Islets_at_Port-Villez_(Les_Iles_à_Port-Villez)_-_Claude_Monet.jpg,768,620,0.5,https://commons.wikimedia.org/wiki/File:Brooklyn_Museum_-_The_Islets_at_Port-Villez_(Les_Iles_à_Port-Villez)_-_Claude_Monet.jpg
1494,Сена в Живерни,The Seine at Giverny,National Gallery of Art (CC0),https://api.nga.gov/iiif/0b9cefb5-1ee4-401a-8154-8d4039191a28/full/max/0/default.jpg,29700,23942,711.1,https://www.nga.gov/collection/art-object-page.74796.html
1495,Хризантемы,Chrysanthemums,Wikimedia Commons (скан каталога),"https://commons.wikimedia.org/wiki/Special:FilePath/Monet_-_Wildenstein_1996,_1495.jpg",1166,750,0.9,"https://commons.wikimedia.org/wiki/File:Monet_-_Wildenstein_1996,_1495.jpg"
1496,Хризантемы,Chrysanthemums,Wikimedia Commons,"https://commons.wikimedia.org/wiki/Special:FilePath/Monet_-_Massif_de_chrysanthèmes,_1897.jpg",600,511,0.3,"https://commons.wikimedia.org/wiki/File:Monet_-_Massif_de_chrysanthèmes,_1897.jpg"
1497,Хризантемы,Chrysanthemums,Wikimedia Commons,https://commons.wikimedia.org/wiki/Special:FilePath/Massif_de_chrysanthèmes_(1897)_Claude_Monet_(W1497).jpg,499,725,0.4,https://commons.wikimedia.org/wiki/File:Massif_de_chrysanthèmes_(1897)_Claude_Monet_(W1497).jpg
1498,Клумба хризантем,Bed of Chrysanthemums,Wikimedia Commons (скан каталога),https://commons.wikimedia.org/wiki/Special:FilePath/Monet_w1498.jpg,2000,2977,6.0,https://commons.wikimedia.org/wiki/File:Monet_w1498.jpg
1499,Утро на Сене в дождь,Morning on the Seine in the Rain,Wikimedia Commons,https://commons.wikimedia.org/wiki/Special:FilePath/Claude_Monet_-_Morning_on_the_Seine_-_Google_Art_Project.jpg,4140,3307,13.7,https://commons.wikimedia.org/wiki/File:Claude_Monet_-_Morning_on_the_Seine_-_Google_Art_Project.jpg
1500,Ивы,Willows,Wikimedia Commons (скан каталога),"https://commons.wikimedia.org/wiki/Special:FilePath/Monet_-_Wildenstein_1996,_1500.png",799,622,0.5,"https://commons.wikimedia.org/wiki/File:Monet_-_Wildenstein_1996,_1500.png"
1501,Кувшинки,Water Lilies,Wikimedia Commons,https://commons.wikimedia.org/wiki/Special:FilePath/Monet_Water_Lilies_painting_(31843648457).jpg,2500,1567,3.9,https://commons.wikimedia.org/wiki/File:Monet_Water_Lilies_painting_(31843648457).jpg
1502,Кувшинки,Water Lilies,Wikimedia Commons (скан каталога),https://commons.wikimedia.org/wiki/Special:FilePath/Monet_w1502.jpg,1023,756,0.8,https://commons.wikimedia.org/wiki/File:Monet_w1502.jpg
1503,Кувшинки,Water Lilies,Wikimedia Commons (скан каталога),"https://commons.wikimedia.org/wiki/Special:FilePath/Monet_-_Wildenstein_1996,_1503.png",753,746,0.6,"https://commons.wikimedia.org/wiki/File:Monet_-_Wildenstein_1996,_1503.png"
1504,Кувшинки. Вечерний эффект,Water Lilies – Evening Effect,Wikimedia Commons,"https://commons.wikimedia.org/wiki/Special:FilePath/""Nymphéas.Effet_du_soir""_de_Claude_Monet_(Musée_Marmottan_Monet,_Paris)_-_Flickr_-_dalbera.jpg",4971,3728,18.5,"https://commons.wikimedia.org/wiki/File:""Nymphéas.Effet_du_soir""_de_Claude_Monet_(Musée_Marmottan_Monet,_Paris)_-_Flickr_-_dalbera.jpg"
1505,Кувшинки,Water Lilies,Wikimedia Commons (скан каталога),https://commons.wikimedia.org/wiki/Special:FilePath/Monet_w1505.jpg,1024,741,0.8,https://commons.wikimedia.org/wiki/File:Monet_w1505.jpg
1506,Кувшинки,Water-Lilies,Wikimedia Commons (скан каталога),"https://commons.wikimedia.org/wiki/Special:FilePath/Monet_-_Wildenstein_1996,_1506.jpg",1163,783,0.9,"https://commons.wikimedia.org/wiki/File:Monet_-_Wildenstein_1996,_1506.jpg"
1507,Кувшинки,Water Lilies,Wikimedia Commons,"https://commons.wikimedia.org/wiki/Special:FilePath/Ninfee_rosa_by_Claude_Monet,_1897-1899_-_Galleria_nazionale_d'arte_moderna_-_Rome,_Italy_-_DSC05472.jpg",3904,3162,12.3,"https://commons.wikimedia.org/wiki/File:Ninfee_rosa_by_Claude_Monet,_1897-1899_-_Galleria_nazionale_d'arte_moderna_-_Rome,_Italy_-_DSC05472.jpg"
1508,Кувшинки,Water-Lilies,Wikimedia Commons (скан каталога),https://commons.wikimedia.org/wiki/Special:FilePath/Monet_w1508.jpg,1024,870,0.9,https://commons.wikimedia.org/wiki/File:Monet_w1508.jpg
1509,Кувшинки и японский мостик,Water Lilies and Japanese Bridge,Wikimedia Commons,https://commons.wikimedia.org/wiki/Special:FilePath/The_Water-Lily_Pond_-_Google_Arts_&_Culture.jpg,33204,32613,1082.9,https://commons.wikimedia.org/wiki/File:The_Water-Lily_Pond_-_Google_Arts_&_Culture.jpg
1510,Пруд с кувшинками,The Water Lily Pond,Wikimedia Commons (скан каталога),"https://commons.wikimedia.org/wiki/Special:FilePath/Monet_-_Wildenstein_1996,_1510.png",553,530,0.3,"https://commons.wikimedia.org/wiki/File:Monet_-_Wildenstein_1996,_1510.png"
1511,Пруд с кувшинками,The Water Lily Pond,Wikimedia Commons,https://commons.wikimedia.org/wiki/Special:FilePath/Water_Lily_Pond_(1899)_by_Claude_Monet_-_Pola_Museum_of_Art.jpg,662,637,0.4,https://commons.wikimedia.org/wiki/File:Water_Lily_Pond_(1899)_by_Claude_Monet_-_Pola_Museum_of_Art.jpg
1512,Японский мостик и пруд с кувшинками,Japanese Bridge and Water Lily Pond,Wikimedia Commons,"https://commons.wikimedia.org/wiki/Special:FilePath/Claude_Monet,_French_-_The_Japanese_Footbridge_and_the_Water_Lily_Pool,_Giverny_-_Google_Art_Project.jpg",4336,4127,17.9,"https://commons.wikimedia.org/wiki/File:Claude_Monet,_French_-_The_Japanese_Footbridge_and_the_Water_Lily_Pool,_Giverny_-_Google_Art_Project.jpg"
1513,Белые кувшинки,White Water Lilies,Wikimedia Commons,"https://commons.wikimedia.org/wiki/Special:FilePath/'White_Water_Lilies'_by_Claude_Monet,_1899,_Pushkin_Museum.JPG",2456,2372,5.8,"https://commons.wikimedia.org/wiki/File:'White_Water_Lilies'_by_Claude_Monet,_1899,_Pushkin_Museum.JPG"
1514,Пруд с кувшинками,The Water-Lily Pond,Wikimedia Commons (скан каталога),"https://commons.wikimedia.org/wiki/Special:FilePath/Monet_-_Wildenstein_1996,_1514.png",755,722,0.5,"https://commons.wikimedia.org/wiki/File:Monet_-_Wildenstein_1996,_1514.png"
1515,Пруд с кувшинками. Гармония в зелёных тонах,"The Lily Pond, Green Harmony",Wikimedia Commons,https://commons.wikimedia.org/wiki/Special:FilePath/Claude_Monet_-_Water_Lilies_and_Japanese_Bridge.jpg,1300,1242,1.6,https://commons.wikimedia.org/wiki/File:Claude_Monet_-_Water_Lilies_and_Japanese_Bridge.jpg
1516,Пруд с кувшинками,The Lily Pond,Wikimedia Commons,"https://commons.wikimedia.org/wiki/Special:FilePath/Claude_Monet,_The_Water-Lily_Pond_(National_Gallery,_London).jpg",6000,5821,34.9,"https://commons.wikimedia.org/wiki/File:Claude_Monet,_The_Water-Lily_Pond_(National_Gallery,_London).jpg"
1517,Японский мостик,Japanese Footbridge,Wikimedia Commons,"https://commons.wikimedia.org/wiki/Special:FilePath/Claude_Monet,_The_Japanese_Footbridge,_1899,_NGA_74796.jpg",4000,3225,12.9,"https://commons.wikimedia.org/wiki/File:Claude_Monet,_The_Japanese_Footbridge,_1899,_NGA_74796.jpg"
1518,Мостик над прудом с кувшинками,Bridge over the Lily Pond,Wikimedia Commons,https://commons.wikimedia.org/wiki/Special:FilePath/The_Water-Lily_Pond_1899_Claude_Monet_Metropolitan.jpg,4699,5876,27.6,https://commons.wikimedia.org/wiki/File:The_Water-Lily_Pond_1899_Claude_Monet_Metropolitan.jpg
1519,Пруд с кувшинками,Water-Lily Pond,Wikimedia Commons (скан каталога),"https://commons.wikimedia.org/wiki/Special:FilePath/Monet_-_Wildenstein_1996,_1519.png",311,316,0.1,"https://commons.wikimedia.org/wiki/File:Monet_-_Wildenstein_1996,_1519.png"
1520,Мостик над кувшинками,Bridge over the Water-Lilies,Wikimedia Commons,https://commons.wikimedia.org/wiki/Special:FilePath/The_Bridge_over_the_Water-Lily_Pond_(1899)_Claude_Monet_-_Mohamed_Mahmoud_Khalil_Museum_-_Cairo_(W1520).jpg,430,541,0.2,https://commons.wikimedia.org/wiki/File:The_Bridge_over_the_Water-Lily_Pond_(1899)_Claude_Monet_-_Mohamed_Mahmoud_Khalil_Museum_-_Cairo_(W1520).jpg
1521,Мост Чаринг-Кросс (цикл картин Моне),Charing Cross Bridge,Wikimedia Commons (скан каталога),https://commons.wikimedia.org/wiki/Special:FilePath/Monet_w1521.jpg,1023,713,0.7,https://commons.wikimedia.org/wiki/File:Monet_w1521.jpg
1522,Мост Чаринг-Кросс (цикл картин Моне),Charing Cross Bridge,Wikimedia Commons,https://commons.wikimedia.org/wiki/Special:FilePath/Claude_Monet_-_Charing_Cross_Bridge_(W_1522).jpg,1046,857,0.9,https://commons.wikimedia.org/wiki/File:Claude_Monet_-_Charing_Cross_Bridge_(W_1522).jpg
1523,Мост Чаринг-Кросс (цикл картин Моне),Charing Cross Bridge,Wikimedia Commons (скан каталога),"https://commons.wikimedia.org/wiki/Special:FilePath/Monet_-_Wildenstein_1996,_1523.jpg",1172,780,0.9,"https://commons.wikimedia.org/wiki/File:Monet_-_Wildenstein_1996,_1523.jpg"
1524,Мост Чаринг-Кросс (цикл картин Моне),Charing Cross Bridge,Wikimedia Commons (скан каталога),https://commons.wikimedia.org/wiki/Special:FilePath/Monet_w1524.jpg,1013,813,0.8,https://commons.wikimedia.org/wiki/File:Monet_w1524.jpg
1525,Мост Чаринг-Кросс (цикл картин Моне),Charing Cross Bridge,Wikimedia Commons,https://commons.wikimedia.org/wiki/Special:FilePath/Claude_Monet_-_Charing-Cross_Bridge_in_London_-_Google_Art_Project.jpg,3766,2447,9.2,https://commons.wikimedia.org/wiki/File:Claude_Monet_-_Charing-Cross_Bridge_in_London_-_Google_Art_Project.jpg
1526,"Мост Чаринг-Кросс, пасмурный день","Charing Cross Bridge, Overcast Day",Wikimedia Commons,https://commons.wikimedia.org/wiki/Special:FilePath/4960207242_04ebc9a7d1_o_w1526.jpg,2000,1322,2.6,https://commons.wikimedia.org/wiki/File:4960207242_04ebc9a7d1_o_w1526.jpg
1527,Мост Чаринг-Кросс (цикл картин Моне),Charing Cross Bridge,Art Institute of Chicago (CC0),https://www.artic.edu/iiif/2/e9179922-f68d-34c5-481d-abf49e046863/full/max/0/default.jpg,5971,4169,24.9,https://www.artic.edu/artworks/16544
1528,Мост Чаринг-Кросс (цикл картин Моне),Charing Cross Bridge,Wikimedia Commons (скан каталога),"https://commons.wikimedia.org/wiki/Special:FilePath/Monet_-_Wildenstein_1996,_1528.png",605,469,0.3,"https://commons.wikimedia.org/wiki/File:Monet_-_Wildenstein_1996,_1528.png"
1529,Мост Чаринг-Кросс (цикл картин Моне),Charing Cross Bridge,Wikimedia Commons,https://commons.wikimedia.org/wiki/Special:FilePath/Amgueddfa_Cymru_-_Pont_Charing_Cross_-_Charing_Cross_Bridge_-_207385.jpeg,4000,3221,12.9,https://commons.wikimedia.org/wiki/File:Amgueddfa_Cymru_-_Pont_Charing_Cross_-_Charing_Cross_Bridge_-_207385.jpeg
1530,Мост Чаринг-Кросс (цикл картин Моне),Charing Cross Bridge,Wikimedia Commons,"https://commons.wikimedia.org/wiki/Special:FilePath/Monet,_Claude_-_Charing_Cross_Bridge_-_Google_Art_Project.jpg",5857,4081,23.9,"https://commons.wikimedia.org/wiki/File:Monet,_Claude_-_Charing_Cross_Bridge_-_Google_Art_Project.jpg"
1531,Мост Чаринг-Кросс (цикл картин Моне),Charing Cross Bridge,Wikimedia Commons,https://commons.wikimedia.org/wiki/Special:FilePath/Claude_Monet_-_Charing_Cross_Bridge_-_Google_Art_Project.jpg,3080,2503,7.7,https://commons.wikimedia.org/wiki/File:Claude_Monet_-_Charing_Cross_Bridge_-_Google_Art_Project.jpg
1532,"Мост Чаринг-Кросс, отражения на Темзе","Charing Cross Bridge, Reflections on the Thames",Wikimedia Commons,"https://commons.wikimedia.org/wiki/Special:FilePath/Charing_Cross_Bridge,_Reflections_on_the_Thames.jpg",1368,886,1.2,"https://commons.wikimedia.org/wiki/File:Charing_Cross_Bridge,_Reflections_on_the_Thames.jpg"
1533,"Мост Чаринг-Кросс, проходящие поезда","Charing Cross Bridge, Trains Crossing",Wikimedia Commons (скан каталога),"https://commons.wikimedia.org/wiki/Special:FilePath/Monet_-_Wildenstein_1996,_1533.png",762,535,0.4,"https://commons.wikimedia.org/wiki/File:Monet_-_Wildenstein_1996,_1533.png"
1534,"Мост Чаринг-Кросс, дым в тумане","Charing Cross Bridge, Smoke in Fog",Wikimedia Commons (скан каталога),"https://commons.wikimedia.org/wiki/Special:FilePath/Monet_-_Wildenstein_1996,_1534.png",758,573,0.4,"https://commons.wikimedia.org/wiki/File:Monet_-_Wildenstein_1996,_1534.png"
1535,"Мост Чаринг-Кросс, дым в тумане","Charing Cross Bridge, Smoke in Fog",Wikimedia Commons (скан каталога),https://commons.wikimedia.org/wiki/Special:FilePath/Monet_w1535.jpg,800,644,0.5,https://commons.wikimedia.org/wiki/File:Monet_w1535.jpg
1536,Мост Чаринг-Кросс. Темза,"Charing Cross Bridge, The Thames",Wikimedia Commons (скан каталога),"https://commons.wikimedia.org/wiki/Special:FilePath/Monet_-_Wildenstein_1996,_1536.jpg",1164,817,1.0,"https://commons.wikimedia.org/wiki/File:Monet_-_Wildenstein_1996,_1536.jpg"
1537,Мост Чаринг-Кросс. Темза,"Charing Cross Bridge, The Thames",Wikimedia Commons,https://commons.wikimedia.org/wiki/Special:FilePath/Monet-Tamise-Lyon.jpg,2892,2082,6.0,https://commons.wikimedia.org/wiki/File:Monet-Tamise-Lyon.jpg
1538,"Мост Чаринг-Кросс, идущий поезд","Charing Cross Bridge, Train Passing",Wikimedia Commons (скан каталога),"https://commons.wikimedia.org/wiki/Special:FilePath/Monet_-_Wildenstein_1996,_1538.png",757,572,0.4,"https://commons.wikimedia.org/wiki/File:Monet_-_Wildenstein_1996,_1538.png"
1539,"Мост Чаринг-Кросс, вечер","Charing Cross Bridge, Evening Effect",Wikimedia Commons (скан каталога),"https://commons.wikimedia.org/wiki/Special:FilePath/Monet_-_Wildenstein_1996,_1539.png",757,552,0.4,"https://commons.wikimedia.org/wiki/File:Monet_-_Wildenstein_1996,_1539.png"
1540,Мост Чаринг-Кросс (цикл картин Моне),Charing Cross Bridge,Wikimedia Commons (скан каталога),https://commons.wikimedia.org/wiki/Special:FilePath/Monet_w1540.jpg,1320,941,1.2,https://commons.wikimedia.org/wiki/File:Monet_w1540.jpg
1541,"Мост Чаринг-Кросс, туман","Charing Cross Bridge, Fog",Wikimedia Commons,"https://commons.wikimedia.org/wiki/Special:FilePath/Claude_Monet_-_Charing_Cross_Bridge,_Fog.jpg",594,469,0.3,"https://commons.wikimedia.org/wiki/File:Claude_Monet_-_Charing_Cross_Bridge,_Fog.jpg"
1542,Мост Чаринг-Кросс (цикл картин Моне),Charing Cross Bridge,Wikimedia Commons (скан каталога),"https://commons.wikimedia.org/wiki/Special:FilePath/Monet_-_Wildenstein_1996,_1542.png",755,587,0.4,"https://commons.wikimedia.org/wiki/File:Monet_-_Wildenstein_1996,_1542.png"
1543,Игла Клеопатры и мост Чаринг-Кросс,Cleopatra's Needle and Charing Cross Bridge,Wikimedia Commons,https://commons.wikimedia.org/wiki/Special:FilePath/Monet_-_charing-cross-bridge-cleopatra-s-needle-1901.jpg,280,216,0.1,https://commons.wikimedia.org/wiki/File:Monet_-_charing-cross-bridge-cleopatra-s-needle-1901.jpg
1544,Игла Клеопатры и мост Чаринг-Кросс,Cleopatra's Needle and Charing Cross Bridge,Wikimedia Commons (скан каталога),"https://commons.wikimedia.org/wiki/Special:FilePath/Monet_-_Wildenstein_1996,_1544.png",754,598,0.5,"https://commons.wikimedia.org/wiki/File:Monet_-_Wildenstein_1996,_1544.png"
1545,Мост Чаринг-Кросс (цикл картин Моне),Charing Cross Bridge,Wikimedia Commons (скан каталога),"https://commons.wikimedia.org/wiki/Special:FilePath/Monet_-_Wildenstein_1996,_1545.png",435,289,0.1,"https://commons.wikimedia.org/wiki/File:Monet_-_Wildenstein_1996,_1545.png"
1546,Мост Чаринг-Кросс (цикл картин Моне),Charing Cross Bridge,Wikimedia Commons (скан каталога),"https://commons.wikimedia.org/wiki/Special:FilePath/Monet_-_Wildenstein_1996,_1546.png",435,273,0.1,"https://commons.wikimedia.org/wiki/File:Monet_-_Wildenstein_1996,_1546.png"
1547,Мост Чаринг-Кросс (цикл картин Моне),Charing Cross Bridge,Wikimedia Commons (скан каталога),https://commons.wikimedia.org/wiki/Special:FilePath/Monet_w1547.jpg,1320,857,1.1,https://commons.wikimedia.org/wiki/File:Monet_w1547.jpg
1548,Мост Чаринг-Кросс (цикл картин Моне),Charing Cross Bridge,Wikimedia Commons,"https://commons.wikimedia.org/wiki/Special:FilePath/Monet_-_Charing_Cross_Bridge,_1903.jpg",4776,3513,16.8,"https://commons.wikimedia.org/wiki/File:Monet_-_Charing_Cross_Bridge,_1903.jpg"
1549,Мост Чаринг-Кросс (цикл картин Моне),Charing Cross Bridge,Wikimedia Commons,https://commons.wikimedia.org/wiki/Special:FilePath/Claude_Monet_-_Charing_Cross_bridge_-_Sothebys_12_nov_2019.jpg,2000,1278,2.6,https://commons.wikimedia.org/wiki/File:Claude_Monet_-_Charing_Cross_bridge_-_Sothebys_12_nov_2019.jpg
1550,Мост Чаринг-Кросс (цикл картин Моне),Charing Cross Bridge,Wikimedia Commons,https://commons.wikimedia.org/wiki/Special:FilePath/Claude_Monet_-_Charing_Cross_Bridge_(1899-1901).jpg,2000,1615,3.2,https://commons.wikimedia.org/wiki/File:Claude_Monet_-_Charing_Cross_Bridge_(1899-1901).jpg
1551,Мост Чаринг-Кросс (цикл картин Моне),Charing Cross Bridge,Wikimedia Commons (скан каталога),"https://commons.wikimedia.org/wiki/Special:FilePath/Monet_-_Wildenstein_1996,_1551.png",440,291,0.1,"https://commons.wikimedia.org/wiki/File:Monet_-_Wildenstein_1996,_1551.png"
1552,Мост Чаринг-Кросс с буксирами,Charing Cross Bridge with tugs,Wikimedia Commons (скан каталога),"https://commons.wikimedia.org/wiki/Special:FilePath/Monet_-_Wildenstein_1996,_1552.png",438,269,0.1,"https://commons.wikimedia.org/wiki/File:Monet_-_Wildenstein_1996,_1552.png"
1552a,"Лондон, мост Чаринг-Кросс","London, Charing Cross Bridge",Wikimedia Commons (скан каталога),"https://commons.wikimedia.org/wiki/Special:FilePath/Monet_-_Wildenstein_1996,_1552a.jpg",1168,906,1.1,"https://commons.wikimedia.org/wiki/File:Monet_-_Wildenstein_1996,_1552a.jpg"
1553,Мост Чаринг-Кросс (этюд),Charing Cross Bridge (study),Wikimedia Commons (скан каталога),"https://commons.wikimedia.org/wiki/Special:FilePath/Monet_-_Wildenstein_1996,_1553.png",437,250,0.1,"https://commons.wikimedia.org/wiki/File:Monet_-_Wildenstein_1996,_1553.png"
1554,"Мост Чаринг-Кросс, туман на Темзе","Charing Cross Bridge, Fog on the Thames",Wikimedia Commons,"https://commons.wikimedia.org/wiki/Special:FilePath/Monet_-_Charing_Cross_Bridge_Fog_on_the_Thames,_1903.jpg",2400,1908,4.6,"https://commons.wikimedia.org/wiki/File:Monet_-_Charing_Cross_Bridge_Fog_on_the_Thames,_1903.jpg"
1555,Мост Ватерлоо,Waterloo Bridge,Wikimedia Commons,https://commons.wikimedia.org/wiki/Special:FilePath/Claude_Monet_-_Waterloo_Bridge_(W_1555).jpg,705,500,0.4,https://commons.wikimedia.org/wiki/File:Claude_Monet_-_Waterloo_Bridge_(W_1555).jpg
1556,Мост Ватерлоо. Лондон,"Waterloo Bridge, London",Wikimedia Commons,"https://commons.wikimedia.org/wiki/Special:FilePath/Monet_-_Waterloo_Bridge,_overcast_weather,_1900.jpg",800,520,0.4,"https://commons.wikimedia.org/wiki/File:Monet_-_Waterloo_Bridge,_overcast_weather,_1900.jpg"
1557,Мост Ватерлоо. Пасмурная погода,"Waterloo Bridge, Grey Weather",Wikimedia Commons,"https://commons.wikimedia.org/wiki/Special:FilePath/Monet_-_Waterloo_Bridge,_Gray_Weather,_1900.jpg",3000,2087,6.3,"https://commons.wikimedia.org/wiki/File:Monet_-_Waterloo_Bridge,_Gray_Weather,_1900.jpg"
1558,Мост Ватерлоо. Облачно,"Waterloo Bridge, Overcast",Wikimedia Commons (скан каталога),https://commons.wikimedia.org/wiki/Special:FilePath/Monet_w1558.jpg,1320,857,1.1,https://commons.wikimedia.org/wiki/File:Monet_w1558.jpg
1559,Мост Ватерлоо. Утренний туман,"Waterloo Bridge, Morning Fog",Wikimedia Commons,"https://commons.wikimedia.org/wiki/Special:FilePath/Monet_-_Waterloo_Bridge,_Morning_Fog,_1901.jpg",1500,959,1.4,"https://commons.wikimedia.org/wiki/File:Monet_-_Waterloo_Bridge,_Morning_Fog,_1901.jpg"
1560,Мост Ватерлоо,Waterloo Bridge,Wikimedia Commons,https://commons.wikimedia.org/wiki/Special:FilePath/1902_Monet_Die_Waterloo-Brücke_anagoria.JPG,4752,3168,15.1,https://commons.wikimedia.org/wiki/File:1902_Monet_Die_Waterloo-Brücke_anagoria.JPG
1561,Мост Ватерлоо. Туманное утро,"Waterloo Bridge, Misty Morning",Wikimedia Commons,"https://commons.wikimedia.org/wiki/Special:FilePath/Claude_Monet_-_Le_Pont_de_Waterloo,_temps_gris_-_Ordrupgaard.jpg",3276,2110,6.9,"https://commons.wikimedia.org/wiki/File:Claude_Monet_-_Le_Pont_de_Waterloo,_temps_gris_-_Ordrupgaard.jpg"
1562,Мост Ватерлоо. Туманная погода,"Waterloo Bridge, Misty Weather",Wikimedia Commons (скан каталога),https://commons.wikimedia.org/wiki/Special:FilePath/Monet_w1562.jpg,1350,869,1.2,https://commons.wikimedia.org/wiki/File:Monet_w1562.jpg
1563,Мост Ватерлоо. Облачно,"Waterloo Bridge, Overcast",Wikimedia Commons,https://commons.wikimedia.org/wiki/Special:FilePath/Claude_Monet_-_Waterloo_Bridge_-_Christies_18_07_2007.jpg,512,332,0.2,https://commons.wikimedia.org/wiki/File:Claude_Monet_-_Waterloo_Bridge_-_Christies_18_07_2007.jpg
1564,Мост Ватерлоо в сумерках,"Waterloo Bridge, at Dusk",National Gallery of Art (CC0),https://api.nga.gov/iiif/a7858589-5528-4273-bb1a-638c6a3caca7/full/max/0/default.jpg,18814,12079,227.3,https://www.nga.gov/collection/art-object-page.61377.html
1565,Мост Ватерлоо,Waterloo Bridge,Wikimedia Commons,https://commons.wikimedia.org/wiki/Special:FilePath/Claude_Monet_-_Waterloo_Bridge_-_Google_Art_Project.jpg,5244,3415,17.9,https://commons.wikimedia.org/wiki/File:Claude_Monet_-_Waterloo_Bridge_-_Google_Art_Project.jpg
1566,Мост Ватерлоо. Эффект солнца в тумане,"Waterloo Bridge, Effect of Sun in the Mist",Wikimedia Commons (скан каталога),https://commons.wikimedia.org/wiki/Special:FilePath/Monet_w1566.jpg,1320,842,1.1,https://commons.wikimedia.org/wiki/File:Monet_w1566.jpg
1567,Мост Ватерлоо. Эффект солнца,"Waterloo Bridge, Sun Effect",Wikimedia Commons,https://commons.wikimedia.org/wiki/Special:FilePath/4961083454_f11504c374_o_w1567.jpg,1320,1060,1.4,https://commons.wikimedia.org/wiki/File:4961083454_f11504c374_o_w1567.jpg
1568,Мост Ватерлоо,Waterloo Bridge,Wikimedia Commons,"https://commons.wikimedia.org/wiki/Special:FilePath/Waterloo_Bridge,_1903,_by_Claude_Monet_(1840-1926)_-_IMG_7175.JPG",3184,2332,7.4,"https://commons.wikimedia.org/wiki/File:Waterloo_Bridge,_1903,_by_Claude_Monet_(1840-1926)_-_IMG_7175.JPG"
1569,Мост Ватерлоо. Серый день,"Waterloo Bridge, Grey Day",Wikimedia Commons,"https://commons.wikimedia.org/wiki/Special:FilePath/Claude_Monet,_Waterloo_Bridge,_Gray_Day,_1903,_NGA_46658.jpg",4000,2579,10.3,"https://commons.wikimedia.org/wiki/File:Claude_Monet,_Waterloo_Bridge,_Gray_Day,_1903,_NGA_46658.jpg"
1570,"Мост Ватерлоо. Пасмурная погода, дымка","Waterloo Bridge, Grey Weather, Smoky",Wikimedia Commons (скан каталога),https://commons.wikimedia.org/wiki/Special:FilePath/Monet_w1570.jpg,1320,856,1.1,https://commons.wikimedia.org/wiki/File:Monet_w1570.jpg
1571,Мост Ватерлоо. Пасмурная погода,"Waterloo Bridge, Grey Weather",Wikimedia Commons (скан каталога),"https://commons.wikimedia.org/wiki/Special:FilePath/Monet_-_Wildenstein_1996,_1571.png",466,309,0.1,"https://commons.wikimedia.org/wiki/File:Monet_-_Wildenstein_1996,_1571.png"
1572,Мост Ватерлоо. Солнце в тумане,"Waterloo Bridge, Sun in the Fog",Wikimedia Commons (скан каталога),https://commons.wikimedia.org/wiki/Special:FilePath/Monet_w1572.jpg,1200,971,1.2,https://commons.wikimedia.org/wiki/File:Monet_w1572.jpg
1573,Мост Ватерлоо. Солнечный свет в тумане,"Waterloo Bridge, Sunlight in the Fog",Wikimedia Commons,https://commons.wikimedia.org/wiki/Special:FilePath/Monet_-_Waterloobrücke_-_Sonne_hinter_Dunstschleier.jpg,1240,928,1.2,https://commons.wikimedia.org/wiki/File:Monet_-_Waterloobrücke_-_Sonne_hinter_Dunstschleier.jpg
1574,Мост Ватерлоо,Waterloo Bridge,Wikimedia Commons (скан каталога),https://commons.wikimedia.org/wiki/Special:FilePath/Monet_w1574.jpg,1320,1051,1.4,https://commons.wikimedia.org/wiki/File:Monet_w1574.jpg
1575,Мост Ватерлоо,Waterloo Bridge,Wikimedia Commons (скан каталога),https://commons.wikimedia.org/wiki/Special:FilePath/Monet_w1575.jpg,1320,1062,1.4,https://commons.wikimedia.org/wiki/File:Monet_w1575.jpg
1576,Мост Ватерлоо,Waterloo Bridge,Wikimedia Commons (скан каталога),"https://commons.wikimedia.org/wiki/Special:FilePath/Monet_-_Wildenstein_1996,_1576.png",754,592,0.4,"https://commons.wikimedia.org/wiki/File:Monet_-_Wildenstein_1996,_1576.png"
1577,"Мост Ватерлоо. Туман, эффект солнца","Waterloo Bridge, Fog, Sunlight Effect",Wikimedia Commons (скан каталога),"https://commons.wikimedia.org/wiki/Special:FilePath/Monet_-_Wildenstein_1996,_1577.png",756,497,0.4,"https://commons.wikimedia.org/wiki/File:Monet_-_Wildenstein_1996,_1577.png"
1578,Мост Ватерлоо,Waterloo Bridge,Wikimedia Commons (скан каталога),"https://commons.wikimedia.org/wiki/Special:FilePath/Monet_-_Wildenstein_1996,_1578.png",753,585,0.4,"https://commons.wikimedia.org/wiki/File:Monet_-_Wildenstein_1996,_1578.png"
1579,Мост Ватерлоо,Waterloo Bridge,Wikimedia Commons (скан каталога),"https://commons.wikimedia.org/wiki/Special:FilePath/Monet_-_Wildenstein_1996,_1579.png",755,595,0.4,"https://commons.wikimedia.org/wiki/File:Monet_-_Wildenstein_1996,_1579.png"
1580,Мост Ватерлоо,Waterloo Bridge,Wikimedia Commons,https://commons.wikimedia.org/wiki/Special:FilePath/Claude_Monet_-_Waterloo-Brücke_-_1903.jpeg,3312,2118,7.0,https://commons.wikimedia.org/wiki/File:Claude_Monet_-_Waterloo-Brücke_-_1903.jpeg
1581,Мост Ватерлоо,Waterloo Bridge,Wikimedia Commons,"https://commons.wikimedia.org/wiki/Special:FilePath/Monet_-_Le_Pont_de_Waterloo,_1902.jpg",800,516,0.4,"https://commons.wikimedia.org/wiki/File:Monet_-_Le_Pont_de_Waterloo,_1902.jpg"
1582,Мост Ватерлоо. Эффект тумана,"Waterloo Bridge, Mist Effect",Wikimedia Commons (скан каталога),"https://commons.wikimedia.org/wiki/Special:FilePath/Monet_-_Wildenstein_1996,_1582.png",755,484,0.4,"https://commons.wikimedia.org/wiki/File:Monet_-_Wildenstein_1996,_1582.png"
1583,Мост Ватерлоо на закате. Розовый эффект,"Waterloo Bridge at Sunset, Pink Effect",National Gallery of Art (CC0),https://api.nga.gov/iiif/e5c0853d-e3ac-49c2-884e-c0ac3b0af597/full/max/0/default.jpg,18666,13152,245.5,https://www.nga.gov/collection/art-object-page.61378.html
1584,Мост Ватерлоо,Waterloo Bridge,Wikimedia Commons (скан каталога),https://commons.wikimedia.org/wiki/Special:FilePath/Monet_w1584.jpg,800,639,0.5,https://commons.wikimedia.org/wiki/File:Monet_w1584.jpg
1585,Мост Ватерлоо,Waterloo Bridge,Wikimedia Commons,https://commons.wikimedia.org/wiki/Special:FilePath/Claude_Monet_-_Waterloo_Bridge_-_Sothebys_7_02_2006.jpg,1412,900,1.3,https://commons.wikimedia.org/wiki/File:Claude_Monet_-_Waterloo_Bridge_-_Sothebys_7_02_2006.jpg
1586,Мост Ватерлоо. Эффект солнечного света,"Waterloo Bridge, Sunlight Effect",Art Institute of Chicago (CC0),https://www.artic.edu/iiif/2/827d02ef-6765-9728-c07e-52ad22b73fd3/full/max/0/default.jpg,6640,4279,28.4,https://www.artic.edu/artworks/20701
1587,Мост Ватерлоо. Эффект солнечного света,"Waterloo Bridge, Sunlight Effect",Wikimedia Commons,"https://commons.wikimedia.org/wiki/Special:FilePath/Claude_Monet_-_Waterloo_Bridge,_Effet_de_Soleil.jpg",1457,942,1.4,"https://commons.wikimedia.org/wiki/File:Claude_Monet_-_Waterloo_Bridge,_Effet_de_Soleil.jpg"
1588,Мост Ватерлоо. Эффект солнечного света,"Waterloo Bridge, Sunlight Effect",Wikimedia Commons,"https://commons.wikimedia.org/wiki/Special:FilePath/Monet_-_Waterloo_Bridge,_London,_1903.jpg",840,544,0.5,"https://commons.wikimedia.org/wiki/File:Monet_-_Waterloo_Bridge,_London,_1903.jpg"
1589,Мост Ватерлоо. Эффект солнечного света,"Waterloo Bridge, Sunlight Effect",Wikimedia Commons (скан каталога),https://commons.wikimedia.org/wiki/Special:FilePath/Monet_w1589.jpg,1320,842,1.1,https://commons.wikimedia.org/wiki/File:Monet_w1589.jpg
1590,Мост Ватерлоо. Солнце в дымке,"Waterloo Bridge, Hazy Sun",Wikimedia Commons,"https://commons.wikimedia.org/wiki/Special:FilePath/Monet_-_Waterloo_Bridge,_Veiled_Sun,_1903.jpg",1000,647,0.6,"https://commons.wikimedia.org/wiki/File:Monet_-_Waterloo_Bridge,_Veiled_Sun,_1903.jpg"
1591,Мост Ватерлоо. Солнце в дымке,"Waterloo Bridge, Hazy Sun",Wikimedia Commons (скан каталога),https://commons.wikimedia.org/wiki/Special:FilePath/Monet_w1591.jpg,1024,661,0.7,https://commons.wikimedia.org/wiki/File:Monet_w1591.jpg
1592,Мост Ватерлоо. Туман,"Waterloo Bridge, Fog",Wikimedia Commons (скан каталога),"https://commons.wikimedia.org/wiki/Special:FilePath/Monet_-_Wildenstein_1996,_1592.png",755,475,0.4,"https://commons.wikimedia.org/wiki/File:Monet_-_Wildenstein_1996,_1592.png"
1593,Мост Ватерлоо. Эффект солнца,"Waterloo Bridge, Sun Effect",Wikimedia Commons,"https://commons.wikimedia.org/wiki/Special:FilePath/Monet_-_Waterloo_Bridge,_London,_Sun_Effect,_1899-1901.jpg",2400,1543,3.7,"https://commons.wikimedia.org/wiki/File:Monet_-_Waterloo_Bridge,_London,_Sun_Effect,_1899-1901.jpg"
1594,Мост Ватерлоо. Лондон,"Waterloo Bridge, London",Wikimedia Commons,https://commons.wikimedia.org/wiki/Special:FilePath/Claude_Monet_-_Waterloo_Bridge_in_London_-_Google_Art_Project.jpg,3879,2523,9.8,https://commons.wikimedia.org/wiki/File:Claude_Monet_-_Waterloo_Bridge_in_London_-_Google_Art_Project.jpg
1595,Мост Ватерлоо. Туман,"Waterloo Bridge, Fog",Wikimedia Commons (скан каталога),https://commons.wikimedia.org/wiki/Special:FilePath/Monet_w1595.jpg,1320,852,1.1,https://commons.wikimedia.org/wiki/File:Monet_w1595.jpg
1596,"Здание парламента, солнечный свет в тумане","Houses of Parliament, Effect of Sunlight in the Fog",Wikimedia Commons (скан каталога),"https://commons.wikimedia.org/wiki/Special:FilePath/Monet_-_Wildenstein_1996,_1596.png",630,504,0.3,"https://commons.wikimedia.org/wiki/File:Monet_-_Wildenstein_1996,_1596.png"
1597,"Здание парламента, эффект солнечного света","Houses of Parliament, Sunlight Effect",Wikimedia Commons,"https://commons.wikimedia.org/wiki/Special:FilePath/Claude_Monet_-_Houses_of_Parliament,_Sunlight_Effect_(Le_Parlement,_effet_de_soleil)_-_Google_Art_Project.jpg",5501,4855,26.7,"https://commons.wikimedia.org/wiki/File:Claude_Monet_-_Houses_of_Parliament,_Sunlight_Effect_(Le_Parlement,_effet_de_soleil)_-_Google_Art_Project.jpg"
1598,"Здание парламента, закат","Houses of Parliament, Sunset",National Gallery of Art (CC0),https://api.nga.gov/iiif/9eae6258-ec1c-442f-b353-a89cff510113/full/max/0/default.jpg,17031,15043,256.2,https://www.nga.gov/collection/art-object-page.46523.html
1599,"Здание парламента, Лондон. Симфония в розовом","Houses of Parliament, London, Symphony in Rose",Wikimedia Commons (скан каталога),https://commons.wikimedia.org/wiki/Special:FilePath/Monet_w1599.jpg,800,703,0.6,https://commons.wikimedia.org/wiki/File:Monet_w1599.jpg
1600,Здание парламента,Houses of Parliament,Art Institute of Chicago (CC0),https://www.artic.edu/iiif/2/03930df3-1e6c-eeca-8660-c0b22ca477ff/full/max/0/default.jpg,5876,5127,30.1,https://www.artic.edu/artworks/16584
1601,"Здание парламента, Лондон. Симфония в голубом","Houses of Parliament, London, Symphony in Blue",Wikimedia Commons,https://commons.wikimedia.org/wiki/Special:FilePath/Claude_Monet_-_Houses_of_Parliament_in_the_Fog_-_High_Museum_of_Art.jpg,2048,1803,3.7,https://commons.wikimedia.org/wiki/File:Claude_Monet_-_Houses_of_Parliament_in_the_Fog_-_High_Museum_of_Art.jpg
1602,"Здание парламента, закат","Houses of Parliament, Sunset",Wikimedia Commons,https://commons.wikimedia.org/wiki/Special:FilePath/Claude_Monet_Parlamentsgebäude.jpg,2700,2340,6.3,https://commons.wikimedia.org/wiki/File:Claude_Monet_Parlamentsgebäude.jpg
1603,"Здание парламента, закат","Houses of Parliament, Sunset",Wikimedia Commons,"https://commons.wikimedia.org/wiki/Special:FilePath/Monet_Houses_of_Parliament,_Sunset.jpg",2720,2389,6.5,"https://commons.wikimedia.org/wiki/File:Monet_Houses_of_Parliament,_Sunset.jpg"
1604,"Здание парламента, закат","Houses of Parliament, Sunset",Wikimedia Commons,"https://commons.wikimedia.org/wiki/Special:FilePath/Barberini_August_2023-Claude_Monet_-_Das_Parlament,_Sonnenuntergang,_1900-1903_-_Sammlung_Hasso_Plattner.jpg",3878,3466,13.4,"https://commons.wikimedia.org/wiki/File:Barberini_August_2023-Claude_Monet_-_Das_Parlament,_Sonnenuntergang,_1900-1903_-_Sammlung_Hasso_Plattner.jpg"
1605,"Здание парламента, грозовое небо","Houses of Parliament, Stormy Sky",Wikimedia Commons,https://commons.wikimedia.org/wiki/Special:FilePath/Lille_PdBA_monet_parlement_de_londres.JPG,2600,2284,5.9,https://commons.wikimedia.org/wiki/File:Lille_PdBA_monet_parlement_de_londres.JPG
1606,"Здание парламента, отражение в Темзе","Houses of Parliament, Reflection of the Thames",Wikimedia Commons,"https://commons.wikimedia.org/wiki/Special:FilePath/Claude_Monet,_Londres,_Le_Parlement,_Reflets_sur_la_Tamise,_1905,_huile_sur_toile,_Musée_Marmottan_Monet,_Paris.jpg",2701,2362,6.4,"https://commons.wikimedia.org/wiki/File:Claude_Monet,_Londres,_Le_Parlement,_Reflets_sur_la_Tamise,_1905,_huile_sur_toile,_Musée_Marmottan_Monet,_Paris.jpg"
1607,"Здание парламента, закат","Houses of Parliament, Sunset",Wikimedia Commons,"https://commons.wikimedia.org/wiki/Special:FilePath/Claude_Monet_-_Le_Parlement,_coucher_de_soleil_-_Kunsthaus_Zürich.jpg",2437,2155,5.3,"https://commons.wikimedia.org/wiki/File:Claude_Monet_-_Le_Parlement,_coucher_de_soleil_-_Kunsthaus_Zürich.jpg"
1608,"Здание парламента, эффект тумана","Houses of Parliament, Fog Effect",Wikimedia Commons,"https://commons.wikimedia.org/wiki/Special:FilePath/Monet_-_Le_Parlement_de_Londres,_effet_de_brouillard,_1903.jpg",1200,1053,1.3,"https://commons.wikimedia.org/wiki/File:Monet_-_Le_Parlement_de_Londres,_effet_de_brouillard,_1903.jpg"
1609,"Здание парламента, эффект тумана","Houses of Parliament, Fog Effect",Wikimedia Commons,https://commons.wikimedia.org/wiki/Special:FilePath/The_Houses_of_Parliament_(Effect_of_Fog)_MET_DT1893.jpg,3791,3353,12.7,https://commons.wikimedia.org/wiki/File:The_Houses_of_Parliament_(Effect_of_Fog)_MET_DT1893.jpg
1610,"Здание парламента, солнечный свет в тумане","Houses of Parliament, Effect of Sunlight in the Fog",Wikimedia Commons,https://commons.wikimedia.org/wiki/Special:FilePath/Paris_-_Musée_d'Orsay_8957.jpg,3873,3479,13.5,https://commons.wikimedia.org/wiki/File:Paris_-_Musée_d'Orsay_8957.jpg
1611,"Здание парламента, эффект тумана","Houses of Parliament, Fog Effect",Wikimedia Commons,"https://commons.wikimedia.org/wiki/Special:FilePath/Brouillard,_London_Parliament,_Claude_Monet.jpg",754,662,0.5,"https://commons.wikimedia.org/wiki/File:Brouillard,_London_Parliament,_Claude_Monet.jpg"
1612,"Здание парламента, чайки","Houses of Parliament, Seagulls",Wikimedia Commons,"https://commons.wikimedia.org/wiki/Special:FilePath/Monet,_Claude,_Houses_of_Parliament,_Seagulls.jpg",2000,1767,3.5,"https://commons.wikimedia.org/wiki/File:Monet,_Claude,_Houses_of_Parliament,_Seagulls.jpg"
1613,"Здание парламента, чайки","Houses of Parliament, Seagulls",Wikimedia Commons,"https://commons.wikimedia.org/wiki/Special:FilePath/Seagulls,_the_Thames_&_Houses_of_Parliament_by_Claude_Monet,_Pushkin_Museum.JPG",2548,2216,5.6,"https://commons.wikimedia.org/wiki/File:Seagulls,_the_Thames_&_Houses_of_Parliament_by_Claude_Monet,_Pushkin_Museum.JPG"
1614,"Здание парламента, вечер","Houses of Parliament, Evening",Wikimedia Commons (скан каталога),"https://commons.wikimedia.org/wiki/Special:FilePath/Monet_-_Wildenstein_1996,_1614.png",758,649,0.5,"https://commons.wikimedia.org/wiki/File:Monet_-_Wildenstein_1996,_1614.png"
1615,Лестер-сквер,Leicester Square at Night,Wikimedia Commons,"https://commons.wikimedia.org/wiki/Special:FilePath/Claude_Monet_-_Leicester_Square,_la_nuit_01.jpg",3729,4502,16.8,"https://commons.wikimedia.org/wiki/File:Claude_Monet_-_Leicester_Square,_la_nuit_01.jpg"
1616,Лестер-сквер,Leicester Square at Night,Wikimedia Commons,"https://commons.wikimedia.org/wiki/Special:FilePath/Claude_Monet_-_Leicester_Square,_la_nuit.jpg",1279,1634,2.1,"https://commons.wikimedia.org/wiki/File:Claude_Monet_-_Leicester_Square,_la_nuit.jpg"
1617,Лестер-сквер,Leicester Square at Night,Wikimedia Commons (скан каталога),"https://commons.wikimedia.org/wiki/Special:FilePath/Monet_-_Wildenstein_1996,_1617.jpg",743,909,0.7,"https://commons.wikimedia.org/wiki/File:Monet_-_Wildenstein_1996,_1617.jpg"
1618,Болото в Живерни зимой,The Marsh at Giverny in Winter,Wikimedia Commons (скан каталога),"https://commons.wikimedia.org/wiki/Special:FilePath/Monet_-_Wildenstein_1996,_1618.png",437,339,0.1,"https://commons.wikimedia.org/wiki/File:Monet_-_Wildenstein_1996,_1618.png"
1619,Конькобежцы в Живерни,Skaters at Giverny,Wikimedia Commons (скан каталога),https://commons.wikimedia.org/wiki/Special:FilePath/Monet_w1619.jpg,735,530,0.4,https://commons.wikimedia.org/wiki/File:Monet_w1619.jpg
1620,Живерни весной,Giverny in Springtime,Wikimedia Commons (скан каталога),https://commons.wikimedia.org/wiki/Special:FilePath/Monet_w1620.jpg,800,789,0.6,https://commons.wikimedia.org/wiki/File:Monet_w1620.jpg
1621,Цветущие яблони в Живерни,Apple Trees in Bloom at Giverny,Wikimedia Commons,https://commons.wikimedia.org/wiki/Special:FilePath/5299498896_0cebeb4344_o_w1621.jpg,2000,1876,3.8,https://commons.wikimedia.org/wiki/File:5299498896_0cebeb4344_o_w1621.jpg
1622,Сад ирисов в Живерни,The Iris Garden at Giverny,Wikimedia Commons,https://commons.wikimedia.org/wiki/Special:FilePath/Claude_Monet_-_The_Artist’s_Garden_in_Giverny_-_1983.7.12_-_Yale_University_Art_Gallery.jpg,3000,2863,8.6,https://commons.wikimedia.org/wiki/File:Claude_Monet_-_The_Artist’s_Garden_in_Giverny_-_1983.7.12_-_Yale_University_Art_Gallery.jpg
1623,Садовая дорожка,Garden Path,Wikimedia Commons (скан каталога),"https://commons.wikimedia.org/wiki/Special:FilePath/Monet_-_Wildenstein_1996,_1623.png",435,386,0.2,"https://commons.wikimedia.org/wiki/File:Monet_-_Wildenstein_1996,_1623.png"
1624,Сад художника в Живерни,Le Jardin de l'artiste à Giverny,Wikimedia Commons,https://commons.wikimedia.org/wiki/Special:FilePath/Monet_-_Monets_Garten_in_Giverny.jpg,977,871,0.9,https://commons.wikimedia.org/wiki/File:Monet_-_Monets_Garten_in_Giverny.jpg
1625,Сад. Ирисы,The Garden (also known as Irises),Wikimedia Commons (скан каталога),https://commons.wikimedia.org/wiki/Special:FilePath/Monet_w1625.jpg,799,697,0.6,https://commons.wikimedia.org/wiki/File:Monet_w1625.jpg
1626,Сад Моне,Monet's Garden,Wikimedia Commons (скан каталога),"https://commons.wikimedia.org/wiki/Special:FilePath/Monet_-_Wildenstein_1996,_1626.png",324,250,0.1,"https://commons.wikimedia.org/wiki/File:Monet_-_Wildenstein_1996,_1626.png"
1627,Главная аллея в Живерни,The Main Path at Giverny,Wikimedia Commons,"https://commons.wikimedia.org/wiki/Special:FilePath/Claude_Monet,_La_grande_allée_à_Giverny_(1900).jpg",1692,1635,2.8,"https://commons.wikimedia.org/wiki/File:Claude_Monet,_La_grande_allée_à_Giverny_(1900).jpg"
1628,Пруд с водяными лилиями,Water Lily Pond,Art Institute of Chicago (CC0),https://www.artic.edu/iiif/2/8534685d-1102-e1e3-e194-94f6e925e8b0/full/max/0/default.jpg,5448,4845,26.4,https://www.artic.edu/artworks/87088
1629,Пруд с кувшинками. Симфония в розовом,"Water-Lily Pond, Symphony in Rose",Wikimedia Commons,"https://commons.wikimedia.org/wiki/Special:FilePath/Le_Bassin_aux_nymphéas,_harmonie_rose_-_Claude_Monet.jpg",3699,3231,12.0,"https://commons.wikimedia.org/wiki/File:Le_Bassin_aux_nymphéas,_harmonie_rose_-_Claude_Monet.jpg"
1630,Пруд с кувшинками,The Water-Lily Pond,Wikimedia Commons,https://commons.wikimedia.org/wiki/Special:FilePath/Water-Lily_Pond_MFA_Boston_61.959_Catalog_No_1630.jpg,1600,1549,2.5,https://commons.wikimedia.org/wiki/File:Water-Lily_Pond_MFA_Boston_61.959_Catalog_No_1630.jpg
1631,Японский мостик. Пруд с кувшинками,The Japanese Bridge or The Lily Pond,Wikimedia Commons,https://commons.wikimedia.org/wiki/Special:FilePath/Water-Lily_Pond_1900_Claude_Monet_Boston_MFA.jpg,1041,996,1.0,https://commons.wikimedia.org/wiki/File:Water-Lily_Pond_1900_Claude_Monet_Boston_MFA.jpg
1632,Пруд с кувшинками. Водяные ирисы,Water-Lily Pond: Water Irises,Wikimedia Commons (скан каталога),"https://commons.wikimedia.org/wiki/Special:FilePath/Monet_-_Wildenstein_1996,_1632.png",649,571,0.4,"https://commons.wikimedia.org/wiki/File:Monet_-_Wildenstein_1996,_1632.png"
1633,Пруд с кувшинками и дорожка у воды,Water-lily Pond and Path by the Water,Wikimedia Commons,https://commons.wikimedia.org/wiki/Special:FilePath/Monet_-_the-japanese-bridge-the-water-lily-pond-and-path-by-the-water-1.jpg,280,252,0.1,https://commons.wikimedia.org/wiki/File:Monet_-_the-japanese-bridge-the-water-lily-pond-and-path-by-the-water-1.jpg
1634,Цветущие яблони в Живерни,Apple Trees in Blossom at Giverny,Wikimedia Commons,https://commons.wikimedia.org/wiki/Special:FilePath/4390144246_5d7dc7675a_o_w1634.jpg,1280,1020,1.3,https://commons.wikimedia.org/wiki/File:4390144246_5d7dc7675a_o_w1634.jpg
1635,Ветёй,Vetheuil,Wikimedia Commons,"https://commons.wikimedia.org/wiki/Special:FilePath/'Vétheuil'_by_Claude_Monet,_1901,_Pushkin_Museum.JPG",2295,2127,4.9,"https://commons.wikimedia.org/wiki/File:'Vétheuil'_by_Claude_Monet,_1901,_Pushkin_Museum.JPG"
1636,Ветёй. Утро,"Vetheuil, Morning",Wikimedia Commons (скан каталога),https://commons.wikimedia.org/wiki/Special:FilePath/Monet_w1636.jpg,735,706,0.5,https://commons.wikimedia.org/wiki/File:Monet_w1636.jpg
1637,Ветёй. После полудня,"Vetheuil, Afternoon",Wikimedia Commons,https://commons.wikimedia.org/wiki/Special:FilePath/4211453932_2cea4c0473_o_w1637.jpg,1314,1267,1.7,https://commons.wikimedia.org/wiki/File:4211453932_2cea4c0473_o_w1637.jpg
1638,Ветёй. Эффект солнца,"Vetheuil, Sun Effect",Wikimedia Commons,https://commons.wikimedia.org/wiki/Special:FilePath/4211453934_cf8f99b0d0_o_w1638.jpg,2000,1775,3.5,https://commons.wikimedia.org/wiki/File:4211453934_cf8f99b0d0_o_w1638.jpg
1639,Ветёй,Vetheuil,Wikimedia Commons (скан каталога),"https://commons.wikimedia.org/wiki/Special:FilePath/Monet_-_Wildenstein_1996,_1639.png",757,719,0.5,"https://commons.wikimedia.org/wiki/File:Monet_-_Wildenstein_1996,_1639.png"
1640,Ветёй,Vetheuil,Wikimedia Commons,https://commons.wikimedia.org/wiki/Special:FilePath/La_Seine_à_Vétheuil_(1901)_Claude_Monet_(W1640).jpg,622,558,0.3,https://commons.wikimedia.org/wiki/File:La_Seine_à_Vétheuil_(1901)_Claude_Monet_(W1640).jpg
1641,Ветёй,Vetheuil,Wikimedia Commons,"https://commons.wikimedia.org/wiki/Special:FilePath/Claude_Monet_-_Vétheuil,_1901_(Von_der_Heydt-Museum).jpg",1320,1140,1.5,"https://commons.wikimedia.org/wiki/File:Claude_Monet_-_Vétheuil,_1901_(Von_der_Heydt-Museum).jpg"
1642,Ветёй. Осенний день,"Vetheuil, Autumn Afternoon",Wikimedia Commons,"https://commons.wikimedia.org/wiki/Special:FilePath/Vétheuil,_après-midi_d'automne_(1901)_Claude_Monet_(W1642).jpg",1078,1045,1.1,"https://commons.wikimedia.org/wiki/File:Vétheuil,_après-midi_d'automne_(1901)_Claude_Monet_(W1642).jpg"
1643,Ветёй,Vetheuil,Art Institute of Chicago (CC0),https://www.artic.edu/iiif/2/5a487230-6002-45a7-08c4-b2198a2a2c60/full/max/0/default.jpg,5275,5095,26.9,https://www.artic.edu/artworks/16579
1644,Ветёй. Закат,"Vetheuil, Sunset",Wikimedia Commons,"https://commons.wikimedia.org/wiki/Special:FilePath/Claude_monet,_vétheuil,_sole_al_tramonto,_1900_ca.JPG",2024,1972,4.0,"https://commons.wikimedia.org/wiki/File:Claude_monet,_vétheuil,_sole_al_tramonto,_1900_ca.JPG"
1645,Ветёй. Закат,"Vetheuil, Sunset",Wikimedia Commons,https://commons.wikimedia.org/wiki/Special:FilePath/Claude_Monet_-_Vétheuil_-_1933.1161_-_Art_Institute_of_Chicago.jpg,3000,2911,8.7,https://commons.wikimedia.org/wiki/File:Claude_Monet_-_Vétheuil_-_1933.1161_-_Art_Institute_of_Chicago.jpg
1646,Ветёй. Серый эффект,"Vetheuil, Grey Effect",Wikimedia Commons,https://commons.wikimedia.org/wiki/Special:FilePath/Lille_PdBA_monet_vetheuil_matin.JPG,2089,2035,4.3,https://commons.wikimedia.org/wiki/File:Lille_PdBA_monet_vetheuil_matin.JPG
1647,Баржа на Сене в Ветёе,Barge on the Seine at Vertheuil (also known as Vetheuil),Wikimedia Commons (скан каталога),"https://commons.wikimedia.org/wiki/Special:FilePath/Monet_-_Wildenstein_1996,_1647.png",591,505,0.3,"https://commons.wikimedia.org/wiki/File:Monet_-_Wildenstein_1996,_1647.png"
1648,Ветёй,Vetheuil,Wikimedia Commons,https://commons.wikimedia.org/wiki/Special:FilePath/Claude_Monet_-_Vétheuil_-_Google_Art_Project.jpg,3231,3136,10.1,https://commons.wikimedia.org/wiki/File:Claude_Monet_-_Vétheuil_-_Google_Art_Project.jpg
1649,Ветёй,Vétheuil,Wikimedia Commons,https://commons.wikimedia.org/wiki/Special:FilePath/Vétheuil_(1902)_Claude_Monet_(W_1649).jpg,463,456,0.2,https://commons.wikimedia.org/wiki/File:Vétheuil_(1902)_Claude_Monet_(W_1649).jpg
1650,Аллея в саду Моне в Живерни,Pathway in Monet's Garden at Giverny,Wikimedia Commons,"https://commons.wikimedia.org/wiki/Special:FilePath/Monet_-_Eine_Allee_in_Monets_Garten_in_Giverny,_1902.jpg",3508,3427,12.0,"https://commons.wikimedia.org/wiki/File:Monet_-_Eine_Allee_in_Monets_Garten_in_Giverny,_1902.jpg"
1651,Цветущий сад,The Flowered Garden,Wikimedia Commons,https://commons.wikimedia.org/wiki/Special:FilePath/The_Garden_in_Flower_Claude_Oscar_Monet_1900.jpg,650,644,0.4,https://commons.wikimedia.org/wiki/File:The_Garden_in_Flower_Claude_Oscar_Monet_1900.jpg
1652,Садовая аллея в Живерни,The Garden Path at Giverny,Wikimedia Commons,https://commons.wikimedia.org/wiki/Special:FilePath/4736704838_5bfb1e8671_o_w1652.jpg,2000,1752,3.5,https://commons.wikimedia.org/wiki/File:4736704838_5bfb1e8671_o_w1652.jpg
1653,Аллея,The Path,Wikimedia Commons (скан каталога),"https://commons.wikimedia.org/wiki/Special:FilePath/Monet_-_Wildenstein_1996,_1653.png",473,396,0.2,"https://commons.wikimedia.org/wiki/File:Monet_-_Wildenstein_1996,_1653.png"
1654,"Отражения деревьев в пруду, Живерни","Reflections of Trees on the Pond, Giverny",Wikimedia Commons (скан каталога),"https://commons.wikimedia.org/wiki/Special:FilePath/Monet_-_Wildenstein_1996,_1654.png",362,394,0.1,"https://commons.wikimedia.org/wiki/File:Monet_-_Wildenstein_1996,_1654.png"
1655,Пруд с кувшинками,The Water-Lily Pond,Wikimedia Commons (скан каталога),"https://commons.wikimedia.org/wiki/Special:FilePath/Monet_-_Wildenstein_1996,_1655.png",552,395,0.2,"https://commons.wikimedia.org/wiki/File:Monet_-_Wildenstein_1996,_1655.png"
1656,Кувшинки. Облака,"Water-Lilies, Clouds",Wikimedia Commons,https://commons.wikimedia.org/wiki/Special:FilePath/The_Water_Lily_Pond_(Clouds)-1903-Claude_Monet_Dallas_Museum_of_Art.jpg,1200,830,1.0,https://commons.wikimedia.org/wiki/File:The_Water_Lily_Pond_(Clouds)-1903-Claude_Monet_Dallas_Museum_of_Art.jpg
1657,Кувшинки,Water-Lilies,Wikimedia Commons,https://commons.wikimedia.org/wiki/Special:FilePath/Monet_Water-Lilies_1903_DAI.jpg,2392,1908,4.6,https://commons.wikimedia.org/wiki/File:Monet_Water-Lilies_1903_DAI.jpg
1658,Кувшинки,Water-Lilies,Wikimedia Commons,https://commons.wikimedia.org/wiki/Special:FilePath/Monet_-_Seerosen_Wasserlandschaft.jpg,1240,1040,1.3,https://commons.wikimedia.org/wiki/File:Monet_-_Seerosen_Wasserlandschaft.jpg
1659,Пруд с кувшинками,Water-Lily Pond,Wikimedia Commons (скан каталога),"https://commons.wikimedia.org/wiki/Special:FilePath/Monet_-_Wildenstein_1996,_1659.png",437,319,0.1,"https://commons.wikimedia.org/wiki/File:Monet_-_Wildenstein_1996,_1659.png"
1660,Кувшинки,Water-Lilies,Wikimedia Commons,https://commons.wikimedia.org/wiki/Special:FilePath/Claude_Monet_-_Nymphéas_W1660_-_Musée_Marmottan-Monet.jpg,1500,1182,1.8,https://commons.wikimedia.org/wiki/File:Claude_Monet_-_Nymphéas_W1660_-_Musée_Marmottan-Monet.jpg
1661,Кувшинки,Water-Lilies,Wikimedia Commons (скан каталога),"https://commons.wikimedia.org/wiki/Special:FilePath/Monet_-_Wildenstein_1996,_1661.jpg",1068,919,1.0,"https://commons.wikimedia.org/wiki/File:Monet_-_Wildenstein_1996,_1661.jpg"
1662,Кувшинки,Water-Lilies,Wikimedia Commons,https://commons.wikimedia.org/wiki/Special:FilePath/Monet_-_Nenúfares.jpg,2000,1604,3.2,https://commons.wikimedia.org/wiki/File:Monet_-_Nenúfares.jpg
1663,Пруд с кувшинками,Water-Lily Pond,Wikimedia Commons (скан каталога),"https://commons.wikimedia.org/wiki/Special:FilePath/Monet_-_Wildenstein_1996,_1663.png",439,341,0.1,"https://commons.wikimedia.org/wiki/File:Monet_-_Wildenstein_1996,_1663.png"
1664,Пруд с кувшинками,Lily Pond,Wikimedia Commons,https://commons.wikimedia.org/wiki/Special:FilePath/Claude_Monet_-_Waterlilies_-_Google_Art_Project_(vAGI5qXsGEMS2A).jpg,3259,3115,10.2,https://commons.wikimedia.org/wiki/File:Claude_Monet_-_Waterlilies_-_Google_Art_Project_(vAGI5qXsGEMS2A).jpg
1665,Кувшинки,Water-Lilies,Wikimedia Commons,https://commons.wikimedia.org/wiki/Special:FilePath/Monet_-_water-lilies-7.jpg,280,271,0.1,https://commons.wikimedia.org/wiki/File:Monet_-_water-lilies-7.jpg
1666,Пруд с кувшинками,Lily Pond,Wikimedia Commons,https://commons.wikimedia.org/wiki/Special:FilePath/Claude_Monet_-_Le_Bassin_des_Nympheas_-_Google_Art_Project.jpg,5601,5332,29.9,https://commons.wikimedia.org/wiki/File:Claude_Monet_-_Le_Bassin_des_Nympheas_-_Google_Art_Project.jpg
1667,Кувшинки,Water-Lilies,Wikimedia Commons (скан каталога),"https://commons.wikimedia.org/wiki/Special:FilePath/Monet_-_Wildenstein_1996,_1667.png",436,415,0.2,"https://commons.wikimedia.org/wiki/File:Monet_-_Wildenstein_1996,_1667.png"
1668,Мост над прудом с кувшинками,The Bridge over the Water-Lily Pond,Wikimedia Commons (скан каталога),https://commons.wikimedia.org/wiki/Special:FilePath/Monet_w1668.jpg,1024,926,0.9,https://commons.wikimedia.org/wiki/File:Monet_w1668.jpg
1669,"Пруд с кувшинками, мостик","Lily Pond, the Bridge",Wikimedia Commons (скан каталога),"https://commons.wikimedia.org/wiki/Special:FilePath/Monet_-_Wildenstein_1996,_1669.png",599,558,0.3,"https://commons.wikimedia.org/wiki/File:Monet_-_Wildenstein_1996,_1669.png"
1670,Пруд с кувшинками и мост,The Water-Lily Pond and Bridge,Wikimedia Commons (скан каталога),https://commons.wikimedia.org/wiki/Special:FilePath/Monet_w1670.jpg,1024,873,0.9,https://commons.wikimedia.org/wiki/File:Monet_w1670.jpg
1671,Кувшинки,Water-Lilies,Wikimedia Commons,https://commons.wikimedia.org/wiki/Special:FilePath/Claude_Monet_-_Nymphéas_(1905).jpg,2145,1909,4.1,https://commons.wikimedia.org/wiki/File:Claude_Monet_-_Nymphéas_(1905).jpg
1672,Кувшинки,Water-Lilies,Wikimedia Commons,"https://commons.wikimedia.org/wiki/Special:FilePath/Claude_Monet,_Nymphéas_(1905).jpg",3200,2847,9.1,"https://commons.wikimedia.org/wiki/File:Claude_Monet,_Nymphéas_(1905).jpg"
1673,Кувшинки,Water-Lilies,Wikimedia Commons (скан каталога),https://commons.wikimedia.org/wiki/Special:FilePath/Monet_w1673.jpg,1024,925,0.9,https://commons.wikimedia.org/wiki/File:Monet_w1673.jpg
1674,Кувшинки,Water-Lilies,Wikimedia Commons (скан каталога),"https://commons.wikimedia.org/wiki/Special:FilePath/Monet_-_Wildenstein_1996,_1674.png",542,455,0.2,"https://commons.wikimedia.org/wiki/File:Monet_-_Wildenstein_1996,_1674.png"
1675,Кувшинки,Water-Lilies,Wikimedia Commons (скан каталога),https://commons.wikimedia.org/wiki/Special:FilePath/Monet_w1675.jpg,2000,1762,3.5,https://commons.wikimedia.org/wiki/File:Monet_w1675.jpg
1676,Кувшинки,Water-Lilies,Wikimedia Commons (скан каталога),"https://commons.wikimedia.org/wiki/Special:FilePath/Monet_-_Wildenstein_1996,_1676.png",509,453,0.2,"https://commons.wikimedia.org/wiki/File:Monet_-_Wildenstein_1996,_1676.png"
1677,Кувшинки,Water-Lilies,Wikimedia Commons (скан каталога),"https://commons.wikimedia.org/wiki/Special:FilePath/Monet_-_Wildenstein_1996,_1677.png",636,451,0.3,"https://commons.wikimedia.org/wiki/File:Monet_-_Wildenstein_1996,_1677.png"
1678,Кувшинки,Water-Lilies,Wikimedia Commons (скан каталога),https://commons.wikimedia.org/wiki/Special:FilePath/Monet_w1678.jpg,2000,1363,2.7,https://commons.wikimedia.org/wiki/File:Monet_w1678.jpg
1679,Кувшинки,Water-Lilies,Wikimedia Commons,https://commons.wikimedia.org/wiki/Special:FilePath/Claude_Monet_-_Nymphéas_(W_1679).jpg,2000,1616,3.2,https://commons.wikimedia.org/wiki/File:Claude_Monet_-_Nymphéas_(W_1679).jpg
1680,Кувшинки,Water-Lilies,Wikimedia Commons,"https://commons.wikimedia.org/wiki/Special:FilePath/Monet_-_Waterlilies,_NMW_A_2484.jpg",2383,1920,4.6,"https://commons.wikimedia.org/wiki/File:Monet_-_Waterlilies,_NMW_A_2484.jpg"
1681,Кувшинки,Water-Lilies,Wikimedia Commons (скан каталога),"https://commons.wikimedia.org/wiki/Special:FilePath/Monet_-_Wildenstein_1996,_1681.png",761,506,0.4,"https://commons.wikimedia.org/wiki/File:Monet_-_Wildenstein_1996,_1681.png"
1682,Кувшинки,Water-Lilies,Wikimedia Commons (скан каталога),"https://commons.wikimedia.org/wiki/Special:FilePath/Monet_-_Wildenstein_1996,_1682.jpg",1163,782,0.9,"https://commons.wikimedia.org/wiki/File:Monet_-_Wildenstein_1996,_1682.jpg"
1683,Кувшинки,Water Lilies,Art Institute of Chicago (CC0),https://www.artic.edu/iiif/2/3c27b499-af56-f0d5-93b5-a7f2f1ad5813/full/max/0/default.jpg,8808,8460,74.5,https://www.artic.edu/artworks/16568
1684,Кувшинки,Water-Lilies,Wikimedia Commons,https://commons.wikimedia.org/wiki/Special:FilePath/Claude_Monet's_'Nympheas'_(1906).jpg,538,477,0.3,https://commons.wikimedia.org/wiki/File:Claude_Monet's_'Nympheas'_(1906).jpg
1685,Кувшинки,Water-Lilies,Wikimedia Commons (скан каталога),https://commons.wikimedia.org/wiki/Special:FilePath/Monet_w1685.jpg,2000,1766,3.5,https://commons.wikimedia.org/wiki/File:Monet_w1685.jpg
1686,Кувшинки,Water-Lilies,Wikimedia Commons,https://commons.wikimedia.org/wiki/Special:FilePath/Monet_-_water-lilies-1907-1.jpg,280,271,0.1,https://commons.wikimedia.org/wiki/File:Monet_-_water-lilies-1907-1.jpg
1687,Кувшинки,Water-Lilies,Wikimedia Commons (скан каталога),https://commons.wikimedia.org/wiki/Special:FilePath/Monet_w1687.jpg,2000,1554,3.1,https://commons.wikimedia.org/wiki/File:Monet_w1687.jpg
1688,Кувшинки,Water-Lilies,Wikimedia Commons,https://commons.wikimedia.org/wiki/Special:FilePath/Amgueddfa_Cymru_-_Lilïau_Dŵr_-_Waterlilies_-_222851.jpeg,4000,3496,14.0,https://commons.wikimedia.org/wiki/File:Amgueddfa_Cymru_-_Lilïau_Dŵr_-_Waterlilies_-_222851.jpeg
1689,Кувшинки,Water-Lilies,Wikimedia Commons,https://commons.wikimedia.org/wiki/Special:FilePath/Claude_Monet_-_Waterlilies_-_Google_Art_Project.jpg,4001,3127,12.5,https://commons.wikimedia.org/wiki/File:Claude_Monet_-_Waterlilies_-_Google_Art_Project.jpg
1690,Кувшинки,Water-Lilies,Wikimedia Commons,https://commons.wikimedia.org/wiki/Special:FilePath/Claude_Monet_045.jpg,2024,1949,3.9,https://commons.wikimedia.org/wiki/File:Claude_Monet_045.jpg
1691,Кувшинки,Water-Lilies,Wikimedia Commons,https://commons.wikimedia.org/wiki/Special:FilePath/Water_Lilies_by_Monet_(Yamagata_Museum_of_Art).jpg,544,480,0.3,https://commons.wikimedia.org/wiki/File:Water_Lilies_by_Monet_(Yamagata_Museum_of_Art).jpg
1692,Натюрморт с яйцами,Still Life with Eggs,Wikimedia Commons,https://commons.wikimedia.org/wiki/Special:FilePath/Claude_Monet_-_Still_Life_with_Eggs.jpg,541,425,0.2,https://commons.wikimedia.org/wiki/File:Claude_Monet_-_Still_Life_with_Eggs.jpg
1693,Натюрморт с яйцами,Still Life with Eggs,Wikimedia Commons (скан каталога),"https://commons.wikimedia.org/wiki/Special:FilePath/Monet_-_Wildenstein_1996,_1693.png",568,439,0.2,"https://commons.wikimedia.org/wiki/File:Monet_-_Wildenstein_1996,_1693.png"
1694,Кувшинки,Water-Lilies,Wikimedia Commons (скан каталога),"https://commons.wikimedia.org/wiki/Special:FilePath/Monet_-_Wildenstein_1996,_1694.png",750,500,0.4,"https://commons.wikimedia.org/wiki/File:Monet_-_Wildenstein_1996,_1694.png"
1695,Кувшинки,Water-Lilies,Wikimedia Commons (скан каталога),https://commons.wikimedia.org/wiki/Special:FilePath/Monet_w1695.jpg,2000,1654,3.3,https://commons.wikimedia.org/wiki/File:Monet_w1695.jpg
1696,Кувшинки,Water-Lilies,Wikimedia Commons,"https://commons.wikimedia.org/wiki/Special:FilePath/Monet_-_Nymphéas_(Water_Lilies),_1907.jpg",1500,1318,2.0,"https://commons.wikimedia.org/wiki/File:Monet_-_Nymphéas_(Water_Lilies),_1907.jpg"
1697,Кувшинки,Water-Lilies,Wikimedia Commons,"https://commons.wikimedia.org/wiki/Special:FilePath/Monet_-_Water_Lilies,_1907,_19.170.jpg",1024,979,1.0,"https://commons.wikimedia.org/wiki/File:Monet_-_Water_Lilies,_1907,_19.170.jpg"
1698,Кувшинки,Water-Lilies,Wikimedia Commons,https://commons.wikimedia.org/wiki/Special:FilePath/Claude_Monet_-_Nymphéas_(W_1698).jpg,3069,3200,9.8,https://commons.wikimedia.org/wiki/File:Claude_Monet_-_Nymphéas_(W_1698).jpg
1699,Кувшинки,Water-Lilies,Wikimedia Commons,"https://commons.wikimedia.org/wiki/Special:FilePath/""Water-lilies""_(1907)_by_Claude_Monet_-_Pola_Museum_of_Art,_Hakone_(Japan).jpg",662,696,0.5,"https://commons.wikimedia.org/wiki/File:""Water-lilies""_(1907)_by_Claude_Monet_-_Pola_Museum_of_Art,_Hakone_(Japan).jpg"
1700,Кувшинки,Water-Lilies,Wikimedia Commons (скан каталога),"https://commons.wikimedia.org/wiki/Special:FilePath/Monet_-_Wildenstein_1996,_1700.png",433,478,0.2,"https://commons.wikimedia.org/wiki/File:Monet_-_Wildenstein_1996,_1700.png"
1701,Кувшинки,Water-Lilies,Wikimedia Commons,"https://commons.wikimedia.org/wiki/Special:FilePath/MAMC_Saint-Étienne,_Monet.jpg",1000,985,1.0,"https://commons.wikimedia.org/wiki/File:MAMC_Saint-Étienne,_Monet.jpg"
1702,Кувшинки,Water-Lilies,Wikimedia Commons (скан каталога),https://commons.wikimedia.org/wiki/Special:FilePath/Monet_w1702.jpg,1020,1024,1.0,https://commons.wikimedia.org/wiki/File:Monet_w1702.jpg
1703,Кувшинки,Water-Lilies,Wikimedia Commons,"https://commons.wikimedia.org/wiki/Special:FilePath/Monet,_Claude_-_Water_Lilies_(Nymphéas)_-_Google_Art_Project.jpg",6260,7147,44.7,"https://commons.wikimedia.org/wiki/File:Monet,_Claude_-_Water_Lilies_(Nymphéas)_-_Google_Art_Project.jpg"
1704,Кувшинки,Water-Lilies,Wikimedia Commons (скан каталога),"https://commons.wikimedia.org/wiki/Special:FilePath/Monet_-_Wildenstein_1996,_1704.png",573,732,0.4,"https://commons.wikimedia.org/wiki/File:Monet_-_Wildenstein_1996,_1704.png"
1705,Кувшинки,Water-Lilies,Wikimedia Commons (скан каталога),https://commons.wikimedia.org/wiki/Special:FilePath/Monet_w1705.jpg,797,1023,0.8,https://commons.wikimedia.org/wiki/File:Monet_w1705.jpg
1706,Кувшинки,Water-Lilies,Wikimedia Commons,https://commons.wikimedia.org/wiki/Special:FilePath/Claude_Monet_-_Waterlilies_-_Google_Art_Project_(hgEnPzjBK2STHg).jpg,2600,3287,8.5,https://commons.wikimedia.org/wiki/File:Claude_Monet_-_Waterlilies_-_Google_Art_Project_(hgEnPzjBK2STHg).jpg
1707,Кувшинки,Water-Lilies,Wikimedia Commons,"https://commons.wikimedia.org/wiki/Special:FilePath/Water_Lilies_by_Claude_Monet,_1907,_private_collection.JPG",2860,3501,10.0,"https://commons.wikimedia.org/wiki/File:Water_Lilies_by_Claude_Monet,_1907,_private_collection.JPG"
1708,Кувшинки,Water-Lilies,Wikimedia Commons (скан каталога),https://commons.wikimedia.org/wiki/Special:FilePath/Monet_w1708.jpg,1320,1863,2.5,https://commons.wikimedia.org/wiki/File:Monet_w1708.jpg
1709,Кувшинки,Water-Lilies,Wikimedia Commons (скан каталога),https://commons.wikimedia.org/wiki/Special:FilePath/Monet_w1709.jpg,2000,2941,5.9,https://commons.wikimedia.org/wiki/File:Monet_w1709.jpg
1710,Кувшинки,Water-Lilies,Wikimedia Commons,https://commons.wikimedia.org/wiki/Special:FilePath/Claude_Monet_-_Pond_with_Water_Lilies_-_Google_Art_Project.jpg,3568,5001,17.8,https://commons.wikimedia.org/wiki/File:Claude_Monet_-_Pond_with_Water_Lilies_-_Google_Art_Project.jpg
1711,Кувшинки,Water-Lilies,Wikimedia Commons (скан каталога),"https://commons.wikimedia.org/wiki/Special:FilePath/Monet_-_Wildenstein_1996,_1711.png",497,556,0.3,"https://commons.wikimedia.org/wiki/File:Monet_-_Wildenstein_1996,_1711.png"
1712,Кувшинки,Water-Lilies,Wikimedia Commons (скан каталога),"https://commons.wikimedia.org/wiki/Special:FilePath/Monet_-_Wildenstein_1996,_1712.png",437,539,0.2,"https://commons.wikimedia.org/wiki/File:Monet_-_Wildenstein_1996,_1712.png"
1713,Кувшинки,Water-Lilies,Wikimedia Commons,"https://commons.wikimedia.org/wiki/Special:FilePath/Monet_-_Waterlilies,_1907,_Kuboso.jpg",,,,"https://commons.wikimedia.org/wiki/File:Monet_-_Waterlilies,_1907,_Kuboso.jpg"
1714,Кувшинки,Water-Lilies,Wikimedia Commons (скан каталога),"https://commons.wikimedia.org/wiki/Special:FilePath/Monet_-_Wildenstein_1996,_1714.png",570,768,0.4,"https://commons.wikimedia.org/wiki/File:Monet_-_Wildenstein_1996,_1714.png"
1715,Кувшинки,Water-Lilies,Wikimedia Commons,https://commons.wikimedia.org/wiki/Special:FilePath/Claude_Monet_-_Water-Lilies_(Bridgestone_Museum).jpg,783,1075,0.8,https://commons.wikimedia.org/wiki/File:Claude_Monet_-_Water-Lilies_(Bridgestone_Museum).jpg
1716,Кувшинки,Water-Lilies,Wikimedia Commons,https://commons.wikimedia.org/wiki/Special:FilePath/Water_Lilies_(Claude_Monet)_-_Gothenburg_Museum_of_Art_-_GKM_2232.tif,4724,6821,32.2,https://commons.wikimedia.org/wiki/File:Water_Lilies_(Claude_Monet)_-_Gothenburg_Museum_of_Art_-_GKM_2232.tif
1717,Кувшинки,Water-Lilies,Wikimedia Commons (скан каталога),"https://commons.wikimedia.org/wiki/Special:FilePath/Monet_-_Wildenstein_1996,_1717.png",522,765,0.4,"https://commons.wikimedia.org/wiki/File:Monet_-_Wildenstein_1996,_1717.png"
1718,Кувшинки. Отражения на воде,"Water-Lilies, Reflections on the Water",Wikimedia Commons (скан каталога),https://commons.wikimedia.org/wiki/Special:FilePath/Monet_w1718.jpg,2000,1779,3.6,https://commons.wikimedia.org/wiki/File:Monet_w1718.jpg
1719,Кувшинки. Заходящее солнце,"Water-Lilies, Setting Sun",Wikimedia Commons,"https://commons.wikimedia.org/wiki/Special:FilePath/Monet_-_Water-Lilies,_Setting_Sun.jpg",5342,4226,22.6,"https://commons.wikimedia.org/wiki/File:Monet_-_Water-Lilies,_Setting_Sun.jpg"
1720,Пруд с кувшинками. Эскиз,"Water-Lily Pond, Sketch",Wikimedia Commons (скан каталога),"https://commons.wikimedia.org/wiki/Special:FilePath/Monet_-_Wildenstein_1996,_1720.png",754,510,0.4,"https://commons.wikimedia.org/wiki/File:Monet_-_Wildenstein_1996,_1720.png"
1721,Кувшинки,Water-Lilies,Wikimedia Commons (скан каталога),https://commons.wikimedia.org/wiki/Special:FilePath/Monet_w1721.jpg,1024,981,1.0,https://commons.wikimedia.org/wiki/File:Monet_w1721.jpg
1722,Кувшинки,Water-Lilies,Wikimedia Commons (скан каталога),"https://commons.wikimedia.org/wiki/Special:FilePath/Monet_-_Wildenstein_1996,_1722.png",572,554,0.3,"https://commons.wikimedia.org/wiki/File:Monet_-_Wildenstein_1996,_1722.png"
1723,Кувшинки,Water-Lilies,Wikimedia Commons (скан каталога),https://commons.wikimedia.org/wiki/Special:FilePath/Monet_w1723.jpg,1003,1024,1.0,https://commons.wikimedia.org/wiki/File:Monet_w1723.jpg
1724,Кувшинки,Water Lilies,Wikimedia Commons,https://commons.wikimedia.org/wiki/Special:FilePath/Monet-_Seerosen_-_1908.jpg,4843,5149,24.9,https://commons.wikimedia.org/wiki/File:Monet-_Seerosen_-_1908.jpg
1725,Кувшинки,Water-Lilies,Wikimedia Commons (скан каталога),https://commons.wikimedia.org/wiki/Special:FilePath/Monet_w1725.jpg,898,1024,0.9,https://commons.wikimedia.org/wiki/File:Monet_w1725.jpg
1726,Кувшинки,Water-Lilies,Wikimedia Commons (скан каталога),https://commons.wikimedia.org/wiki/Special:FilePath/Monet_w1726.jpg,1320,1694,2.2,https://commons.wikimedia.org/wiki/File:Monet_w1726.jpg
1727,Кувшинки,Water-Lilies,Wikimedia Commons,https://commons.wikimedia.org/wiki/Special:FilePath/Claude_Monet_-_Waterlilies_-_Nympheas_(1908).jpg,1923,2000,3.8,https://commons.wikimedia.org/wiki/File:Claude_Monet_-_Waterlilies_-_Nympheas_(1908).jpg
1728,Кувшинки,Water-Lilies,Wikimedia Commons (скан каталога),"https://commons.wikimedia.org/wiki/Special:FilePath/Monet_-_Wildenstein_1996,_1728.jpg",859,873,0.7,"https://commons.wikimedia.org/wiki/File:Monet_-_Wildenstein_1996,_1728.jpg"
1729,Кувшинки,Water-Lilies,Wikimedia Commons,https://commons.wikimedia.org/wiki/Special:FilePath/Exposición_Monet._Luces_del_Impresionismo_en_el_MUNAL_41.jpg,4592,3448,15.8,https://commons.wikimedia.org/wiki/File:Exposición_Monet._Luces_del_Impresionismo_en_el_MUNAL_41.jpg
1730,Кувшинки,Water-Lilies,Wikimedia Commons (скан каталога),"https://commons.wikimedia.org/wiki/Special:FilePath/Monet_-_Wildenstein_1996,_1730.png",578,585,0.3,"https://commons.wikimedia.org/wiki/File:Monet_-_Wildenstein_1996,_1730.png"
1731,Кувшинки,Water-Lilies,Wikimedia Commons,https://commons.wikimedia.org/wiki/Special:FilePath/Claude_Monet_-_Nymphéas_(1908).jpg,7725,8686,67.1,https://commons.wikimedia.org/wiki/File:Claude_Monet_-_Nymphéas_(1908).jpg
1732,Кувшинки,Water-Lilies,Wikimedia Commons,"https://commons.wikimedia.org/wiki/Special:FilePath/Monet_-_Waterlilies,_NMW_A_2480.jpg",1920,2346,4.5,"https://commons.wikimedia.org/wiki/File:Monet_-_Waterlilies,_NMW_A_2480.jpg"
1733,Кувшинки,Water-Lilies,Wikimedia Commons,"https://commons.wikimedia.org/wiki/Special:FilePath/Water_Lilies,_Water_Landscape,_1908,_by_Claude_Monet_(1840-1926)_-_IMG_7168.JPG",3264,2448,8.0,"https://commons.wikimedia.org/wiki/File:Water_Lilies,_Water_Landscape,_1908,_by_Claude_Monet_(1840-1926)_-_IMG_7168.JPG"
1734,Кувшинки,Water-Lilies,Wikimedia Commons (скан каталога),https://commons.wikimedia.org/wiki/Special:FilePath/Monet_w1734.jpg,1024,925,0.9,https://commons.wikimedia.org/wiki/File:Monet_w1734.jpg
1735,Кувшинки,Water-Lilies,Wikimedia Commons,https://commons.wikimedia.org/wiki/Special:FilePath/Nymphéas_(1908)_Claude_Monet_(W_1735).jpg,614,771,0.5,https://commons.wikimedia.org/wiki/File:Nymphéas_(1908)_Claude_Monet_(W_1735).jpg
1736,Гранд-канал,The Grand Canal,Wikimedia Commons,"https://commons.wikimedia.org/wiki/Special:FilePath/Claude_Monet_-_Grand_Canal,_Venise_(1908)_-_Fine_Arts_Museums_of_San_Francisco.jpg",3464,2749,9.5,"https://commons.wikimedia.org/wiki/File:Claude_Monet_-_Grand_Canal,_Venise_(1908)_-_Fine_Arts_Museums_of_San_Francisco.jpg"
1737,Большой канал и Санта-Мария-делла-Салюте,The Grand Canal and Santa Maria della Salute,Wikimedia Commons,"https://commons.wikimedia.org/wiki/Special:FilePath/Claude_Monet,_Le_Grand_Canal.jpg",2202,1748,3.8,"https://commons.wikimedia.org/wiki/File:Claude_Monet,_Le_Grand_Canal.jpg"
1738,Гранд-канал,The Grand Canal,Wikimedia Commons,"https://commons.wikimedia.org/wiki/Special:FilePath/Claude_Monet,_Le_Grand_Canal.jpg",2202,1748,3.8,"https://commons.wikimedia.org/wiki/File:Claude_Monet,_Le_Grand_Canal.jpg"
1739,Гранд-канал,The Grand Canal,Wikimedia Commons,https://commons.wikimedia.org/wiki/Special:FilePath/Claude_Monet_-_Le_Grand_Canal_-_Nahmad_Collection.jpg,2717,2167,5.9,https://commons.wikimedia.org/wiki/File:Claude_Monet_-_Le_Grand_Canal_-_Nahmad_Collection.jpg
1740,Большой канал и Санта-Мария-делла-Салюте,The Grand Canal and Santa Maria della Salute,Wikimedia Commons,https://commons.wikimedia.org/wiki/Special:FilePath/Claude_Monet_-_Le_Grand_Canal_et_Santa_Maria_della_Salute_W_1740.jpg,2000,1569,3.1,https://commons.wikimedia.org/wiki/File:Claude_Monet_-_Le_Grand_Canal_et_Santa_Maria_della_Salute_W_1740.jpg
1741,Большой канал. Венеция,"The Grand Canal, Venice",Wikimedia Commons (скан каталога),https://commons.wikimedia.org/wiki/Special:FilePath/Monet_w1741.jpg,800,662,0.5,https://commons.wikimedia.org/wiki/File:Monet_w1741.jpg
1742,Дворец дожей,The Ducal Palace,Wikimedia Commons (скан каталога),"https://commons.wikimedia.org/wiki/Special:FilePath/Monet_-_Wildenstein_1996,_1742.png",589,457,0.3,"https://commons.wikimedia.org/wiki/File:Monet_-_Wildenstein_1996,_1742.png"
1743,Дворец дожей,The Doges' Palace,Wikimedia Commons,https://commons.wikimedia.org/wiki/Special:FilePath/Claude_Monet_-_The_Doges_Palace_(Le_Palais_ducal)_-_Google_Art_Project.jpg,5501,4435,24.4,https://commons.wikimedia.org/wiki/File:Claude_Monet_-_The_Doges_Palace_(Le_Palais_ducal)_-_Google_Art_Project.jpg
1744,Дворец дожей,The Doges' Palace (also known as Le Palais Ducal),Wikimedia Commons,"https://commons.wikimedia.org/wiki/Special:FilePath/Le_Palais_Ducal_by_Claude_Monet,_1908,_w1744.jpg",7224,6270,45.3,"https://commons.wikimedia.org/wiki/File:Le_Palais_Ducal_by_Claude_Monet,_1908,_w1744.jpg"
1745,Сан-Джорджо-Маджоре,San Giorgio Maggiore,Wikimedia Commons,https://commons.wikimedia.org/wiki/Special:FilePath/Saint-Georges_Majeur_(1908)_Claude_Monet_(W_1745).jpg,853,695,0.6,https://commons.wikimedia.org/wiki/File:Saint-Georges_Majeur_(1908)_Claude_Monet_(W_1745).jpg
1746,Сан-Джорджо-Маджоре,San Giorgio Maggiore,Wikimedia Commons (скан каталога),https://commons.wikimedia.org/wiki/Special:FilePath/Monet_w1746.jpg,1018,817,0.8,https://commons.wikimedia.org/wiki/File:Monet_w1746.jpg
1747,Сан-Джорджо-Маджоре,San Giorgio Maggiore,Wikimedia Commons,https://commons.wikimedia.org/wiki/Special:FilePath/Amgueddfa_Cymru_-_San_Giorgio_Maggiore_-_222942.jpeg,4000,2961,11.8,https://commons.wikimedia.org/wiki/File:Amgueddfa_Cymru_-_San_Giorgio_Maggiore_-_222942.jpeg
1748,Сан-Джорджо-Маджоре,San Giorgio Maggiore,Wikimedia Commons (скан каталога),https://commons.wikimedia.org/wiki/Special:FilePath/Monet_w1748.jpg,1024,718,0.7,https://commons.wikimedia.org/wiki/File:Monet_w1748.jpg
1749,Сан-Джорджо-Маджоре,San Giorgio Maggiore,Wikimedia Commons,"https://commons.wikimedia.org/wiki/Special:FilePath/Monet,_Claude_-_The_Church_of_San_Giorgio_Maggiore,_Venice_-_Google_Art_Project.jpg",6702,4710,31.6,"https://commons.wikimedia.org/wiki/File:Monet,_Claude_-_The_Church_of_San_Giorgio_Maggiore,_Venice_-_Google_Art_Project.jpg"
1750,Сан-Джорджо-Маджоре в сумерках,San Giorgio Maggiore by twilight,Wikimedia Commons (скан каталога),https://commons.wikimedia.org/wiki/Special:FilePath/Monet_w1750.jpg,1024,728,0.7,https://commons.wikimedia.org/wiki/File:Monet_w1750.jpg
1751,"Дворец дожей, вид с острова Сан-Джорджо-Маджоре",Ducal Palace seen from San Giorgio Maggiore,Wikimedia Commons,https://commons.wikimedia.org/wiki/Special:FilePath/Claude_Monet_Le_Palais_Ducal_vu_de_Saint-Georges_Majeur_(W_1751).jpg,2587,1644,4.3,https://commons.wikimedia.org/wiki/File:Claude_Monet_Le_Palais_Ducal_vu_de_Saint-Georges_Majeur_(W_1751).jpg
1752,"Дворец дожей, вид с Сан-Джорджо-Маджоре",The Doges' Palace Seen from San Giorgio Maggiore,Wikimedia Commons,"https://commons.wikimedia.org/wiki/Special:FilePath/'Le_Palais_Ducal_vu_de_Saint-Georges_Majeur'_by_Claude_Monet,_1908.jpg",1501,972,1.5,"https://commons.wikimedia.org/wiki/File:'Le_Palais_Ducal_vu_de_Saint-Georges_Majeur'_by_Claude_Monet,_1908.jpg"
1753,"Дворец дожей, вид с Сан-Джорджо-Маджоре",The Doge's Palace Seen from San Giorgio Maggiore,Wikimedia Commons (скан каталога),"https://commons.wikimedia.org/wiki/Special:FilePath/Monet_-_Wildenstein_1996,_1753.png",757,517,0.4,"https://commons.wikimedia.org/wiki/File:Monet_-_Wildenstein_1996,_1753.png"
1754,"Дворец дожей, вид с Сан-Джорджо-Маджоре",The Doges' Palace Seen from San Giorgio Maggiore,Wikimedia Commons (скан каталога),"https://commons.wikimedia.org/wiki/Special:FilePath/Monet_-_Wildenstein_1996,_1754.jpg",1139,791,0.9,"https://commons.wikimedia.org/wiki/File:Monet_-_Wildenstein_1996,_1754.jpg"
1755,"Дворец дожей, вид с Сан-Джорджо-Маджоре",The Doges' Palace Seen from San Giorgio Maggiore,Wikimedia Commons,https://commons.wikimedia.org/wiki/Special:FilePath/The_Doge's_Palace_Seen_from_San_Giorgio_Maggiore_MET_DT1904.jpg,3811,2712,10.3,https://commons.wikimedia.org/wiki/File:The_Doge's_Palace_Seen_from_San_Giorgio_Maggiore_MET_DT1904.jpg
1756,"Дворец дожей, вид с Сан-Джорджо-Маджоре",The Doges' Palace Seen from San Giorgio Maggiore,Wikimedia Commons,"https://commons.wikimedia.org/wiki/Special:FilePath/Claude_Monet._The_Palazzo_Ducale,_Seen_from_San_Giorgio_Maggiore_(Le_Palais_Ducal_vu_de_Saint-Georges_Majeur),_1908_(48813686101).jpg",4032,2572,10.4,"https://commons.wikimedia.org/wiki/File:Claude_Monet._The_Palazzo_Ducale,_Seen_from_San_Giorgio_Maggiore_(Le_Palais_Ducal_vu_de_Saint-Georges_Majeur),_1908_(48813686101).jpg"
1757,Палаццо Дарио,Palazzo Dario,Wikimedia Commons,"https://commons.wikimedia.org/wiki/Special:FilePath/Monet_-_Venice,_Palazzo_Dario,_1908.jpg",3000,2473,7.4,"https://commons.wikimedia.org/wiki/File:Monet_-_Venice,_Palazzo_Dario,_1908.jpg"
1758,Палаццо Дарио,Palazzo Dario,Wikimedia Commons,"https://commons.wikimedia.org/wiki/Special:FilePath/""Le_Palais_Dario""_(1908)_by_Claude_Monet_(W_1758)_-_Sotheby's_2007.jpg",602,737,0.4,"https://commons.wikimedia.org/wiki/File:""Le_Palais_Dario""_(1908)_by_Claude_Monet_(W_1758)_-_Sotheby's_2007.jpg"
1759,Палаццо Дарио,Palazzo Dario,Wikimedia Commons,https://commons.wikimedia.org/wiki/Special:FilePath/Amgueddfa_Cymru_-_Y_Palazzo_Dario_-_The_Palazzo_Dario_-_222918.jpeg,3156,4000,12.6,https://commons.wikimedia.org/wiki/File:Amgueddfa_Cymru_-_Y_Palazzo_Dario_-_The_Palazzo_Dario_-_222918.jpeg
1760,Палаццо Дарио,Palazzo Dario,Wikimedia Commons,https://commons.wikimedia.org/wiki/Special:FilePath/Claude_Monet_-_Le_Palais_Dario_(W_1760).jpg,1214,1024,1.2,https://commons.wikimedia.org/wiki/File:Claude_Monet_-_Le_Palais_Dario_(W_1760).jpg
1761,Рио-делла-Салюте,Rio della Salute,Wikimedia Commons,https://commons.wikimedia.org/wiki/Special:FilePath/Claude_Monet_-_Le_rio_de_la_salute_(W_2001a).jpg,2563,3200,8.2,https://commons.wikimedia.org/wiki/File:Claude_Monet_-_Le_rio_de_la_salute_(W_2001a).jpg
1762,Рио-делла-Салюте,Rio della Salute,Wikimedia Commons,https://commons.wikimedia.org/wiki/Special:FilePath/MB-Mon-30_Monet_Der-Rio-della-Salute.jpg,1920,2393,4.6,https://commons.wikimedia.org/wiki/File:MB-Mon-30_Monet_Der-Rio-della-Salute.jpg
1763,Рио-делла-Салюте,Rio della Salute,Wikimedia Commons,https://commons.wikimedia.org/wiki/Special:FilePath/Claude_Monet_-_The_Rio_della_Salute.jpg,856,1356,1.2,https://commons.wikimedia.org/wiki/File:Claude_Monet_-_The_Rio_della_Salute.jpg
1764,Палаццо да Мула,Palazzo da Mula,National Gallery of Art (CC0),https://api.nga.gov/iiif/f339a180-c87a-446b-8605-060f7b53f1a3/full/max/0/default.jpg,17104,12985,222.1,https://www.nga.gov/collection/art-object-page.46657.html
1765,Палаццо да Мула,Palazzo da Mula,Wikimedia Commons,https://commons.wikimedia.org/wiki/Special:FilePath/Claude_Monet_-_Le_palais_da_Mula.jpg,4903,3407,16.7,https://commons.wikimedia.org/wiki/File:Claude_Monet_-_Le_palais_da_Mula.jpg
1766,Палаццо Контарини,Palazzo Contarini,Wikimedia Commons,"https://commons.wikimedia.org/wiki/Special:FilePath/Barberini_August_2023-Claude_Monet_-_Palazzo_Contarini,_1908_-_Sammlung_Hasso_Plattner.jpg",4059,3408,13.8,"https://commons.wikimedia.org/wiki/File:Barberini_August_2023-Claude_Monet_-_Palazzo_Contarini,_1908_-_Sammlung_Hasso_Plattner.jpg"
1767,Палаццо Контарини,Palazzo Contarini,Wikimedia Commons,"https://commons.wikimedia.org/wiki/Special:FilePath/Claude_Monet_-_Palazzo_Contarini,_Venice.jpg",8851,10237,90.6,"https://commons.wikimedia.org/wiki/File:Claude_Monet_-_Palazzo_Contarini,_Venice.jpg"
1768,Сан-Джорджо-Маджоре в сумерках,San Giorgio Maggiore at Dusk,Wikimedia Commons,"https://commons.wikimedia.org/wiki/Special:FilePath/Amgueddfa_Cymru_-_San_Giorgio_Maggiore_yn_y_Gwyll_-_San_Giorgio_Maggiore,_Twilight_-_220983.jpeg",4000,2839,11.4,"https://commons.wikimedia.org/wiki/File:Amgueddfa_Cymru_-_San_Giorgio_Maggiore_yn_y_Gwyll_-_San_Giorgio_Maggiore,_Twilight_-_220983.jpeg"
1769,Сумерки. Венеция,"Twilight, Venice",Wikimedia Commons,"https://commons.wikimedia.org/wiki/Special:FilePath/Monet,_Claude_-_Twilight,_Venice_-_Artizon_Museum.jpg",800,629,0.5,"https://commons.wikimedia.org/wiki/File:Monet,_Claude_-_Twilight,_Venice_-_Artizon_Museum.jpg"
1770,Дворец дожей,The Palazzo Ducale,Wikimedia Commons,https://commons.wikimedia.org/wiki/Special:FilePath/Claude_Monet_-_Le_Palais_Ducal.jpg,2000,1293,2.6,https://commons.wikimedia.org/wiki/File:Claude_Monet_-_Le_Palais_Ducal.jpg
1771,Красный дом,The Red House,Wikimedia Commons,https://commons.wikimedia.org/wiki/Special:FilePath/Claude_Monet_-_The_red_house.jpg,800,638,0.5,https://commons.wikimedia.org/wiki/File:Claude_Monet_-_The_red_house.jpg
1772,Гондола в Венеции,Gondola in Venice,Wikimedia Commons,https://commons.wikimedia.org/wiki/Special:FilePath/Claude_Monet_-_Gondel_in_Venedig_.jpg,,,,https://commons.wikimedia.org/wiki/File:Claude_Monet_-_Gondel_in_Venedig_.jpg
1773,Стог на закате,Grainstack at Sunset,Wikimedia Commons,"https://commons.wikimedia.org/wiki/Special:FilePath/Meule,_soleil_couchant_(1909)_oil_on_vellum_-_Claude_Monet_(W_1773).jpg",2880,1608,4.6,"https://commons.wikimedia.org/wiki/File:Meule,_soleil_couchant_(1909)_oil_on_vellum_-_Claude_Monet_(W_1773).jpg"
1774,Пейзаж в Пор-Вийе,Landscape at Port-Villez,Wikimedia Commons (скан каталога),https://commons.wikimedia.org/wiki/Special:FilePath/Monet_w1774.jpg,1599,962,1.5,https://commons.wikimedia.org/wiki/File:Monet_w1774.jpg
1775,Сена в Пор-Вийе,The Seine at Port-Villez,Wikimedia Commons,https://commons.wikimedia.org/wiki/Special:FilePath/LA_SEINE_À_PORT-VILLEZ_(1908-1909)_Claude_Monet_(W_1775).jpg,846,524,0.4,https://commons.wikimedia.org/wiki/File:LA_SEINE_À_PORT-VILLEZ_(1908-1909)_Claude_Monet_(W_1775).jpg
1776,Сена в Пор-Вийе,The Seine at Port-Villez,Wikimedia Commons,https://commons.wikimedia.org/wiki/Special:FilePath/LA_SEINE_À_PORT-VILLEZ_(1909)_Claude_Monet_(W_1776).jpg,847,591,0.5,https://commons.wikimedia.org/wiki/File:LA_SEINE_À_PORT-VILLEZ_(1909)_Claude_Monet_(W_1776).jpg
1777,Дом художника в Живерни,The Artist's House at Giverny,Wikimedia Commons,https://commons.wikimedia.org/wiki/Special:FilePath/La_maison_de_l'artiste_à_Giverny_(1912)_Claude_Monet_(W_1777).jpg,719,718,0.5,https://commons.wikimedia.org/wiki/File:La_maison_de_l'artiste_à_Giverny_(1912)_Claude_Monet_(W_1777).jpg
1778,Дом художника в Живерни,The Artist's House at Giverny,Wikimedia Commons,"https://commons.wikimedia.org/wiki/Special:FilePath/The_Artist's_House_at_Giverny_by_Claude_Monet,_private_collection.JPG",3960,3090,12.2,"https://commons.wikimedia.org/wiki/File:The_Artist's_House_at_Giverny_by_Claude_Monet,_private_collection.JPG"
1779,Цветочные арки в Живерни,The Flowered Arches at Giverny,Wikimedia Commons,https://commons.wikimedia.org/wiki/Special:FilePath/Claude_Monet_Phoenix_Art_Museum.jpg,1944,1695,3.3,https://commons.wikimedia.org/wiki/File:Claude_Monet_Phoenix_Art_Museum.jpg
1780,Арки из роз в Живерни,Rose Arches at Giverny (also known as The Floral Arch),Wikimedia Commons,"https://commons.wikimedia.org/wiki/Special:FilePath/Claude_Monet_-_Les_arceaux_de_roses,_Giverny_(Les_arceaux_fleuris).jpg",775,668,0.5,"https://commons.wikimedia.org/wiki/File:Claude_Monet_-_Les_arceaux_de_roses,_Giverny_(Les_arceaux_fleuris).jpg"
1781,Пруд с кувшинками. Арки с розами,"The Water-Lily Pond, Rose Arches",Wikimedia Commons,"https://commons.wikimedia.org/wiki/Special:FilePath/Bassin_aux_nymphéas,_les_rosiers_(1913)_Claude_Monet_(1781).jpg",2880,2101,6.1,"https://commons.wikimedia.org/wiki/File:Bassin_aux_nymphéas,_les_rosiers_(1913)_Claude_Monet_(1781).jpg"
1782,Кувшинки с отражениями зелёной травы,Water-Lilies with Reflections of Green Grasses,Wikimedia Commons,https://commons.wikimedia.org/wiki/Special:FilePath/CLAUDE_MONET_1840_-_1926_NYMPHÉAS_AVEC_REFLETS_DE_HAUTES_HERBES.jpg,2000,1283,2.6,https://commons.wikimedia.org/wiki/File:CLAUDE_MONET_1840_-_1926_NYMPHÉAS_AVEC_REFLETS_DE_HAUTES_HERBES.jpg
1783,Кувшинки,Water-Lilies,Wikimedia Commons (скан каталога),https://commons.wikimedia.org/wiki/Special:FilePath/Monet_w1783.jpg,800,676,0.5,https://commons.wikimedia.org/wiki/File:Monet_w1783.jpg
1784,Кувшинки,Water-Lilies,Wikimedia Commons (скан каталога),https://commons.wikimedia.org/wiki/Special:FilePath/Monet_w1784.jpg,1023,659,0.7,https://commons.wikimedia.org/wiki/File:Monet_w1784.jpg
1785,Кувшинки,Water-Lilies,Wikimedia Commons (скан каталога),"https://commons.wikimedia.org/wiki/Special:FilePath/Monet_-_Wildenstein_1996,_1785.png",579,427,0.2,"https://commons.wikimedia.org/wiki/File:Monet_-_Wildenstein_1996,_1785.png"
1786,Кувшинки,Water-Lilies,Wikimedia Commons (скан каталога),https://commons.wikimedia.org/wiki/Special:FilePath/Monet_w1786.jpg,1024,954,1.0,https://commons.wikimedia.org/wiki/File:Monet_w1786.jpg
1787,Кувшинки,Water-Lilies,Wikimedia Commons (скан каталога),"https://commons.wikimedia.org/wiki/Special:FilePath/Monet_-_Wildenstein_1996,_1787.png",487,444,0.2,"https://commons.wikimedia.org/wiki/File:Monet_-_Wildenstein_1996,_1787.png"
1788,Кувшинки,Water-Lilies,Wikimedia Commons,"https://commons.wikimedia.org/wiki/Special:FilePath/Water_Lilies_by_Claude_Monet,_California_Palace_of_the_Legion_of_Honor_1973.3.JPG",2470,3081,7.6,"https://commons.wikimedia.org/wiki/File:Water_Lilies_by_Claude_Monet,_California_Palace_of_the_Legion_of_Honor_1973.3.JPG"
1789,Кувшинки,Water Lilies,Wikimedia Commons (скан каталога),"https://commons.wikimedia.org/wiki/Special:FilePath/Monet_-_Wildenstein_1996,_1789.png",388,507,0.2,"https://commons.wikimedia.org/wiki/File:Monet_-_Wildenstein_1996,_1789.png"
1790,Цветущие кувшинки,Nymphéas en fleur,Wikimedia Commons,https://commons.wikimedia.org/wiki/Special:FilePath/Claude_Monet_-_Nympheas_en_fleur.jpg,3200,2818,9.0,https://commons.wikimedia.org/wiki/File:Claude_Monet_-_Nympheas_en_fleur.jpg
1791,Кувшинки,Water Lilies,Wikimedia Commons (скан каталога),https://commons.wikimedia.org/wiki/Special:FilePath/Monet_w1791.jpg,1001,748,0.7,https://commons.wikimedia.org/wiki/File:Monet_w1791.jpg
1792,Кувшинки,Water Lilies,Wikimedia Commons,https://commons.wikimedia.org/wiki/Special:FilePath/Nymphéas_(1914-1917)_Claude_Monet_(W_1792).jpg,1293,962,1.2,https://commons.wikimedia.org/wiki/File:Nymphéas_(1914-1917)_Claude_Monet_(W_1792).jpg
1793,Кувшинки,Water Lilies,Wikimedia Commons,https://commons.wikimedia.org/wiki/Special:FilePath/Water_Lilies_(1914-1917)_Claude_Monet_-_Asahi_Group_Sanso_Museum_(W_1793).jpg,802,600,0.5,https://commons.wikimedia.org/wiki/File:Water_Lilies_(1914-1917)_Claude_Monet_-_Asahi_Group_Sanso_Museum_(W_1793).jpg
1794,Кувшинки,Water Lilies,Wikimedia Commons,https://commons.wikimedia.org/wiki/Special:FilePath/Monet_-_water-lilies-1917-7.jpg,280,386,0.1,https://commons.wikimedia.org/wiki/File:Monet_-_water-lilies-1917-7.jpg
1795,Кувшинки,Water Lilies,Wikimedia Commons,https://commons.wikimedia.org/wiki/Special:FilePath/Waterlillies_by_Claude_Monet_c_1914_-_Portland_Art_Museum.JPG,3744,3180,11.9,https://commons.wikimedia.org/wiki/File:Waterlillies_by_Claude_Monet_c_1914_-_Portland_Art_Museum.JPG
1796,Кувшинки,Water-Lilies,Wikimedia Commons,https://commons.wikimedia.org/wiki/Special:FilePath/Nympheas_71293_3.jpg,5577,4173,23.3,https://commons.wikimedia.org/wiki/File:Nympheas_71293_3.jpg
1797,Кувшинки,Water Lilies,Wikimedia Commons,https://commons.wikimedia.org/wiki/Special:FilePath/Claude_Monet_Nympheas_1915_Musee_Marmottan_Paris.jpg,1279,1084,1.4,https://commons.wikimedia.org/wiki/File:Claude_Monet_Nympheas_1915_Musee_Marmottan_Paris.jpg
1798,Кувшинки,Water Lilies,Wikimedia Commons (скан каталога),"https://commons.wikimedia.org/wiki/Special:FilePath/Monet_-_Wildenstein_1996,_1798.png",403,504,0.2,"https://commons.wikimedia.org/wiki/File:Monet_-_Wildenstein_1996,_1798.png"
1799,Кувшинки,Water Lilies,Wikimedia Commons,https://commons.wikimedia.org/wiki/Special:FilePath/Monet_-_water-lilies-1917-2.jpg,280,392,0.1,https://commons.wikimedia.org/wiki/File:Monet_-_water-lilies-1917-2.jpg
1800,Кувшинки,Water Lilies,Wikimedia Commons,https://commons.wikimedia.org/wiki/Special:FilePath/クロード・モネ（Claude_Monet）《睡蓮（Water_Lilies）》1916（大正5）年、国立西洋美術館（松方コレクション）、東京.jpg,8382,8363,70.1,https://commons.wikimedia.org/wiki/File:クロード・モネ（Claude_Monet）《睡蓮（Water_Lilies）》1916（大正5）年、国立西洋美術館（松方コレクション）、東京.jpg
1801,Белые и жёлтые кувшинки,White and Yellow Water Lilies,Wikimedia Commons,https://commons.wikimedia.org/wiki/Special:FilePath/Monet_-_Weiße_und_gelbe_Seerosen.jpeg,4236,4260,18.0,https://commons.wikimedia.org/wiki/File:Monet_-_Weiße_und_gelbe_Seerosen.jpeg
1802,Кувшинки,Water Lilies,Wikimedia Commons (скан каталога),https://commons.wikimedia.org/wiki/Special:FilePath/Monet_w1802.jpg,1012,1024,1.0,https://commons.wikimedia.org/wiki/File:Monet_w1802.jpg
1803,Кувшинки,Water Lilies,Wikimedia Commons,"https://commons.wikimedia.org/wiki/Special:FilePath/Barberini_August_2023-Claude_Monet_-_Seerosen,_1914-17_-_Sammlung_Hasso_Plattner.jpg",3511,3444,12.1,"https://commons.wikimedia.org/wiki/File:Barberini_August_2023-Claude_Monet_-_Seerosen,_1914-17_-_Sammlung_Hasso_Plattner.jpg"
1804,Кувшинки,Water Lilies,Wikimedia Commons,https://commons.wikimedia.org/wiki/Special:FilePath/Claude_Monet_-_Water_Lilies_-_Google_Art_Project.jpg,5610,5269,29.6,https://commons.wikimedia.org/wiki/File:Claude_Monet_-_Water_Lilies_-_Google_Art_Project.jpg
1805,Кувшинки,Water Lilies,Wikimedia Commons,https://commons.wikimedia.org/wiki/Special:FilePath/Monet_-_water-lilies-1917.jpg,280,252,0.1,https://commons.wikimedia.org/wiki/File:Monet_-_water-lilies-1917.jpg
1806,Кувшинки,Water Lilies,Wikimedia Commons (скан каталога),"https://commons.wikimedia.org/wiki/Special:FilePath/Monet_-_Wildenstein_1996,_1806.png",433,394,0.2,"https://commons.wikimedia.org/wiki/File:Monet_-_Wildenstein_1996,_1806.png"
1807,Кувшинки,Water Lilies,Wikimedia Commons,https://commons.wikimedia.org/wiki/Special:FilePath/Claude_Monet_-_Nymphéas_(Waterlilies)_-_Google_Art_Project.jpg,4824,4291,20.7,https://commons.wikimedia.org/wiki/File:Claude_Monet_-_Nymphéas_(Waterlilies)_-_Google_Art_Project.jpg
1808,Кувшинки,Water Lilies,Wikimedia Commons (скан каталога),https://commons.wikimedia.org/wiki/Special:FilePath/Monet_w1808.jpg,1024,860,0.9,https://commons.wikimedia.org/wiki/File:Monet_w1808.jpg
1809,Кувшинки,Water Lilies,Wikimedia Commons (скан каталога),https://commons.wikimedia.org/wiki/Special:FilePath/Monet_w1809.jpg,1082,934,1.0,https://commons.wikimedia.org/wiki/File:Monet_w1809.jpg
1810,Кувшинки,Water Lilies,Wikimedia Commons (скан каталога),https://commons.wikimedia.org/wiki/Special:FilePath/Monet_w1810.jpg,800,724,0.6,https://commons.wikimedia.org/wiki/File:Monet_w1810.jpg
1811,Кувшинки,Water Lilies,Wikimedia Commons,https://commons.wikimedia.org/wiki/Special:FilePath/Monet_-_Seerosen6.jpg,1232,1264,1.6,https://commons.wikimedia.org/wiki/File:Monet_-_Seerosen6.jpg
1812,Кувшинки,Water Lilies,Wikimedia Commons,https://commons.wikimedia.org/wiki/Special:FilePath/Monet-Water-lilies-Chichu-museum.tif,1900,1896,3.6,https://commons.wikimedia.org/wiki/File:Monet-Water-lilies-Chichu-museum.tif
1813,Кувшинки,Water Lilies,Wikimedia Commons,https://commons.wikimedia.org/wiki/Special:FilePath/Nymphéas_(1914-1917)_Claude_Monet_-_NYU_-_MoMA_(W_1813)_digital_restoration_Factum_Foundation.jpg,602,544,0.3,https://commons.wikimedia.org/wiki/File:Nymphéas_(1914-1917)_Claude_Monet_-_NYU_-_MoMA_(W_1813)_digital_restoration_Factum_Foundation.jpg
1814,Кувшинки,Water Lilies,Wikimedia Commons,https://commons.wikimedia.org/wiki/Special:FilePath/Claude_Monet_img_595.jpg,5152,3864,19.9,https://commons.wikimedia.org/wiki/File:Claude_Monet_img_595.jpg
1815,Кувшинки,Water Lilies,Wikimedia Commons,https://commons.wikimedia.org/wiki/Special:FilePath/Monet_Ninfee_(Colonia).jpg,1091,978,1.1,https://commons.wikimedia.org/wiki/File:Monet_Ninfee_(Colonia).jpg
1816,Кувшинки,Water Lilies,Wikimedia Commons (скан каталога),https://commons.wikimedia.org/wiki/Special:FilePath/Monet_w1816.jpg,1024,937,1.0,https://commons.wikimedia.org/wiki/File:Monet_w1816.jpg
1817,Кувшинки. Пучок травы,"Water-Lilies, Cluster of Grass",Wikimedia Commons,https://commons.wikimedia.org/wiki/Special:FilePath/Monet-Water-lilies-cluster-of-grass-Chichu-museum.tif,1969,1849,3.6,https://commons.wikimedia.org/wiki/File:Monet-Water-lilies-cluster-of-grass-Chichu-museum.tif
1818,Лилейники,Hamerocallis,Wikimedia Commons (скан каталога),"https://commons.wikimedia.org/wiki/Special:FilePath/Monet_-_Wildenstein_1996,_1818.png",751,801,0.6,"https://commons.wikimedia.org/wiki/File:Monet_-_Wildenstein_1996,_1818.png"
1819,Лилейники на краю пруда,Hamerocallis on the Edge of the Pond,Wikimedia Commons,https://commons.wikimedia.org/wiki/Special:FilePath/Claude_Monet_-_Hémérocalles_au_bord_de_l’eau.jpg,1413,1413,2.0,https://commons.wikimedia.org/wiki/File:Claude_Monet_-_Hémérocalles_au_bord_de_l’eau.jpg
1820,Агапантус,Agapanthus,Wikimedia Commons,https://commons.wikimedia.org/wiki/Special:FilePath/Monet_Agapanthes_Marmottan_(cropped).jpg,3136,4244,13.3,https://commons.wikimedia.org/wiki/File:Monet_Agapanthes_Marmottan_(cropped).jpg
1821,Кувшинки и агапантусы,Water-Lilies and Agapanthus,Wikimedia Commons,"https://commons.wikimedia.org/wiki/Special:FilePath/Water_Lilies_and_Agapanthus_by_Claude_Monet,_Musée_Marmottan_Monet.JPG",2970,3345,9.9,"https://commons.wikimedia.org/wiki/File:Water_Lilies_and_Agapanthus_by_Claude_Monet,_Musée_Marmottan_Monet.JPG"
1822,Агапантус,Agapanthus,Wikimedia Commons,https://commons.wikimedia.org/wiki/Special:FilePath/Claude_Monet_-_Agapanthus.jpg,4500,5019,22.6,https://commons.wikimedia.org/wiki/File:Claude_Monet_-_Agapanthus.jpg
1823,Ирисы и кувшинки,Irises and Water-lilies,Wikimedia Commons (скан каталога),"https://commons.wikimedia.org/wiki/Special:FilePath/Monet_-_Wildenstein_1996,_1823.jpg",1166,720,0.8,"https://commons.wikimedia.org/wiki/File:Monet_-_Wildenstein_1996,_1823.jpg"
1824,Жёлтые ирисы,Yellow Irises,Wikimedia Commons (скан каталога),"https://commons.wikimedia.org/wiki/Special:FilePath/Monet_-_Wildenstein_1996,_1824.png",293,735,0.2,"https://commons.wikimedia.org/wiki/File:Monet_-_Wildenstein_1996,_1824.png"
1825,Ирисы,Irises,Wikimedia Commons,https://commons.wikimedia.org/wiki/Special:FilePath/Iris_(c._1914-1917)_Claude_Monet_(W1825).jpg,2880,3454,9.9,https://commons.wikimedia.org/wiki/File:Iris_(c._1914-1917)_Claude_Monet_(W1825).jpg
1826,Жёлтые ирисы,Yellow Irises,Wikimedia Commons,https://commons.wikimedia.org/wiki/Special:FilePath/Claude_Monet_-_Yellow_Irises_-_Google_Art_Project.jpg,2172,4345,9.4,https://commons.wikimedia.org/wiki/File:Claude_Monet_-_Yellow_Irises_-_Google_Art_Project.jpg
1827,Сиреневые ирисы,Lilac Irises,Wikimedia Commons (скан каталога),https://commons.wikimedia.org/wiki/Special:FilePath/Monet_w1827.jpg,508,1024,0.5,https://commons.wikimedia.org/wiki/File:Monet_w1827.jpg
1828,Аллея среди ирисов,The Path through the Irises,Wikimedia Commons,"https://commons.wikimedia.org/wiki/Special:FilePath/The_Path_through_the_Irises,_1917_-_Claude_Monet,_MET_DT1890.jpg",3324,3689,12.3,"https://commons.wikimedia.org/wiki/File:The_Path_through_the_Irises,_1917_-_Claude_Monet,_MET_DT1890.jpg"
1829,Ирисы,Irises,Wikimedia Commons,"https://commons.wikimedia.org/wiki/Special:FilePath/Claude_Monet,_Irises.jpg",601,800,0.5,"https://commons.wikimedia.org/wiki/File:Claude_Monet,_Irises.jpg"
1830,Ирисы у края дорожки,Irises at the Edge of the Path,Wikimedia Commons (скан каталога),https://commons.wikimedia.org/wiki/Special:FilePath/Monet_w1830.jpg,632,640,0.4,https://commons.wikimedia.org/wiki/File:Monet_w1830.jpg
1831,Ирисы,Irises,Wikimedia Commons,https://commons.wikimedia.org/wiki/Special:FilePath/5427858486_75356dd15d_o_w1831.jpg,390,520,0.2,https://commons.wikimedia.org/wiki/File:5427858486_75356dd15d_o_w1831.jpg
1832,Ирисы,Irises,Wikimedia Commons,"https://commons.wikimedia.org/wiki/Special:FilePath/Monet_-_Irises_by_the_Pond,_1914-1917.jpg",902,1200,1.1,"https://commons.wikimedia.org/wiki/File:Monet_-_Irises_by_the_Pond,_1914-1917.jpg"
1833,Ирисы,Irises,Art Institute of Chicago (CC0),https://www.artic.edu/iiif/2/1f925e43-ff81-5ad7-da75-b28ea651c09f/full/max/0/default.jpg,5407,5398,29.2,https://www.artic.edu/artworks/4887
1834,Жёлтые ирисы,Yellow Irises,Wikimedia Commons,https://commons.wikimedia.org/wiki/Special:FilePath/4773757458_f0e531e558_o_w1834.jpg,2000,2313,4.6,https://commons.wikimedia.org/wiki/File:4773757458_f0e531e558_o_w1834.jpg
1835,Жёлтые ирисы и розовое облако,Yellow Irises with Pink Cloud,Wikimedia Commons,https://commons.wikimedia.org/wiki/Special:FilePath/Iris_jaunes_au_nuage_rose.jpg,3200,3123,10.0,https://commons.wikimedia.org/wiki/File:Iris_jaunes_au_nuage_rose.jpg
1836,Ирисы,Irises,Wikimedia Commons,https://commons.wikimedia.org/wiki/Special:FilePath/Monet_-_yellow-irises-1917.jpg,2806,3200,9.0,https://commons.wikimedia.org/wiki/File:Monet_-_yellow-irises-1917.jpg
1837,Жёлтые ирисы и мальвы,Yellow Irises and Malva,Wikimedia Commons,https://commons.wikimedia.org/wiki/Special:FilePath/Iris_jaunes_et_mauves_(1924-1925)_Claude_Monet_-_Musée_Marmottan_Monet_(W_1837).jpg,751,501,0.4,https://commons.wikimedia.org/wiki/File:Iris_jaunes_et_mauves_(1924-1925)_Claude_Monet_-_Musée_Marmottan_Monet_(W_1837).jpg
1838,Ирисы,Irises,Wikimedia Commons (скан каталога),"https://commons.wikimedia.org/wiki/Special:FilePath/Monet_-_Wildenstein_1996,_1838.png",461,397,0.2,"https://commons.wikimedia.org/wiki/File:Monet_-_Wildenstein_1996,_1838.png"
1839,Жёлтые ирисы,Yellow Irises,Wikimedia Commons,"https://commons.wikimedia.org/wiki/Special:FilePath/Yellow_Irises_by_Claude_Monet,_Musée_Marmottan_Monet.JPG",3435,2855,9.8,"https://commons.wikimedia.org/wiki/File:Yellow_Irises_by_Claude_Monet,_Musée_Marmottan_Monet.JPG"
1840,Синие ирисы,Blue Ireses,Wikimedia Commons (скан каталога),"https://commons.wikimedia.org/wiki/Special:FilePath/Monet_-_Wildenstein_1996,_1840.png",301,397,0.1,"https://commons.wikimedia.org/wiki/File:Monet_-_Wildenstein_1996,_1840.png"
1841,Ирисы,Irises,Wikimedia Commons (скан каталога),https://commons.wikimedia.org/wiki/Special:FilePath/Monet_w1841.jpg,439,640,0.3,https://commons.wikimedia.org/wiki/File:Monet_w1841.jpg
1842,Жёлтый ирис,Yellow Iris,Wikimedia Commons (скан каталога),https://commons.wikimedia.org/wiki/Special:FilePath/Monet_w1842.jpg,372,500,0.2,https://commons.wikimedia.org/wiki/File:Monet_w1842.jpg
1843,Автопортрет,Self Portrait,Wikimedia Commons,https://commons.wikimedia.org/wiki/Special:FilePath/Claude_Monet-Portrait_de_l'artiste-1917.jpg,1819,2277,4.1,https://commons.wikimedia.org/wiki/File:Claude_Monet-Portrait_de_l'artiste-1917.jpg
1844,Автопортрет,Self Portrait,Wikimedia Commons (скан каталога),"https://commons.wikimedia.org/wiki/Special:FilePath/Monet_-_Wildenstein_1996,_1844.png",296,450,0.1,"https://commons.wikimedia.org/wiki/File:Monet_-_Wildenstein_1996,_1844.png"
1845,Порт в Онфлёре,The Port of Honfleur,Wikimedia Commons (скан каталога),https://commons.wikimedia.org/wiki/Special:FilePath/Monet_w1845_port_at_harfleur.jpg,1276,973,1.2,https://commons.wikimedia.org/wiki/File:Monet_w1845_port_at_harfleur.jpg
1846,Лодки в порту Онфлёра,Boats in the Port of Honfleur,Wikimedia Commons (скан каталога),https://commons.wikimedia.org/wiki/Special:FilePath/Monet_w1846.jpg,799,644,0.5,https://commons.wikimedia.org/wiki/File:Monet_w1846.jpg
1847,Колокольня Сент-Катрин в Онфлёре,The Bell Tower of Saint Catherine at Honfleur,Wikimedia Commons (скан каталога),"https://commons.wikimedia.org/wiki/Special:FilePath/Monet_-_Wildenstein_1996,_1847.png",358,452,0.2,"https://commons.wikimedia.org/wiki/File:Monet_-_Wildenstein_1996,_1847.png"
1848,Плакучая ива и пруд с кувшинками,Weeping Willow and Water-Lily Pond,Wikimedia Commons (скан каталога),https://commons.wikimedia.org/wiki/Special:FilePath/Monet_w1848.jpg,889,1000,0.9,https://commons.wikimedia.org/wiki/File:Monet_w1848.jpg
1849,Плакучая ива и пруд с кувшинками,Weeping Willow and Water-Lily Pond,Wikimedia Commons,https://commons.wikimedia.org/wiki/Special:FilePath/Monet_-_weeping-willow-and-water-lily-pond-2-1919.jpg,280,317,0.1,https://commons.wikimedia.org/wiki/File:Monet_-_weeping-willow-and-water-lily-pond-2-1919.jpg
1850,Кувшинки,Water-Lilies,Wikimedia Commons (скан каталога),https://commons.wikimedia.org/wiki/Special:FilePath/Monet_w1850.jpg,596,640,0.4,https://commons.wikimedia.org/wiki/File:Monet_w1850.jpg
1851,Плакучая ива и пруд с кувшинками,Weeping Willow and Water-Lily Pond,Wikimedia Commons (скан каталога),"https://commons.wikimedia.org/wiki/Special:FilePath/Monet_-_Wildenstein_1996,_1851.png",361,309,0.1,"https://commons.wikimedia.org/wiki/File:Monet_-_Wildenstein_1996,_1851.png"
1852,Кувшинки,Water-Lilies,Wikimedia Commons,https://commons.wikimedia.org/wiki/Special:FilePath/Claude_Monet_-_Nymphéas_W1852_-_Musée_Marmottan-Monet.jpg,1500,1122,1.7,https://commons.wikimedia.org/wiki/File:Claude_Monet_-_Nymphéas_W1852_-_Musée_Marmottan-Monet.jpg
1853,Голубые кувшинки,Blue Water-Lilies,Wikimedia Commons,https://commons.wikimedia.org/wiki/Special:FilePath/Claude_Monet_-_Blue_Water_Lilies_-_Google_Art_Project.jpg,5649,5621,31.8,https://commons.wikimedia.org/wiki/File:Claude_Monet_-_Blue_Water_Lilies_-_Google_Art_Project.jpg
1854,Кувшинки,Water-Lilies,Wikimedia Commons,"https://commons.wikimedia.org/wiki/Special:FilePath/Water_Lilies_by_Claude_Monet,_Fondation_Beyeler_03.2.JPG",3057,3397,10.4,"https://commons.wikimedia.org/wiki/File:Water_Lilies_by_Claude_Monet,_Fondation_Beyeler_03.2.JPG"
1855,Кувшинки. Отражение плакучей ивы,"Water-Lilies, Reflection of a Weeping Willow",Wikimedia Commons,https://commons.wikimedia.org/wiki/Special:FilePath/Paris_16e_Musée_Marmottan_Monet_Nymphéas_721.jpg,4938,7407,36.6,https://commons.wikimedia.org/wiki/File:Paris_16e_Musée_Marmottan_Monet_Nymphéas_721.jpg
1856,Кувшинки,Water-Lilies,Wikimedia Commons (скан каталога),"https://commons.wikimedia.org/wiki/Special:FilePath/Monet_-_Wildenstein_1996,_1856.jpg",1167,734,0.9,"https://commons.wikimedia.org/wiki/File:Monet_-_Wildenstein_1996,_1856.jpg"
1857,Кувшинки. Отражение плакучей ивы,"Water-Lilies, Reflection of a Weeping Willow",Wikimedia Commons,"https://commons.wikimedia.org/wiki/Special:FilePath/Nympheas,_reflets_de_saule_-_Water-Lilies,_Reflections_of_Weeping_Willows_(1916-19)_Claude_Monet_-_Chichu_Museum_of_Art_(W_1857).jpg",955,487,0.5,"https://commons.wikimedia.org/wiki/File:Nympheas,_reflets_de_saule_-_Water-Lilies,_Reflections_of_Weeping_Willows_(1916-19)_Claude_Monet_-_Chichu_Museum_of_Art_(W_1857).jpg"
1858,Кувшинки. Отражения плакучей ивы,"Water-Lilies, Reflections of a Weeping Willow",Wikimedia Commons,https://commons.wikimedia.org/wiki/Special:FilePath/Water_Lilies_MET_DT1856.jpg,3811,2486,9.5,https://commons.wikimedia.org/wiki/File:Water_Lilies_MET_DT1856.jpg
1859,Кувшинки. Отражение плакучей ивы,"Water-Lilies, Reflection of a Weeping Willow",Wikimedia Commons,https://commons.wikimedia.org/wiki/Special:FilePath/Nymphéas_reflets_de_saule_1916-19.jpg,,,,https://commons.wikimedia.org/wiki/File:Nymphéas_reflets_de_saule_1916-19.jpg
1860,Кувшинки. Отражение плакучей ивы,"Water-Lilies, Reflection of a Weeping Willow",Wikimedia Commons,"https://commons.wikimedia.org/wiki/Special:FilePath/Water_Lilies,_Reflections_of_Weeping_Willows_by_Claude_Monet,_c._1916-19.JPG",3256,2064,6.7,"https://commons.wikimedia.org/wiki/File:Water_Lilies,_Reflections_of_Weeping_Willows_by_Claude_Monet,_c._1916-19.JPG"
1861,Кувшинки. Отражение плакучей ивы,"Water-Lilies, Reflection of a Weeping Willow",Wikimedia Commons,"https://commons.wikimedia.org/wiki/Special:FilePath/Claude_Monet_-_Nymphéas,_reflets_de_saule_-_Kitakyushu.jpg",1200,792,1.0,"https://commons.wikimedia.org/wiki/File:Claude_Monet_-_Nymphéas,_reflets_de_saule_-_Kitakyushu.jpg"
1862,Кувшинки. Отражение плакучей ивы,"Water-Lilies, Reflection of a Weeping Willow",Wikimedia Commons,https://commons.wikimedia.org/wiki/Special:FilePath/Monet_-_water-lilies-reflection-of-a-weeping-willows-1919.jpg,280,285,0.1,https://commons.wikimedia.org/wiki/File:Monet_-_water-lilies-reflection-of-a-weeping-willows-1919.jpg
1863,Кувшинки,Water-Lilies,Wikimedia Commons,https://commons.wikimedia.org/wiki/Special:FilePath/Los_nenúfares_(Monet).jpg,4248,2706,11.5,https://commons.wikimedia.org/wiki/File:Los_nenúfares_(Monet).jpg
1864,Кувшинки,Water-Lilies,Wikimedia Commons,https://commons.wikimedia.org/wiki/Special:FilePath/Paris_16e_Musée_Marmottan_Monet_Nymphéas_725.jpg,5697,5029,28.7,https://commons.wikimedia.org/wiki/File:Paris_16e_Musée_Marmottan_Monet_Nymphéas_725.jpg
1865,Кувшинки,Water-Lilies,Wikimedia Commons (скан каталога),"https://commons.wikimedia.org/wiki/Special:FilePath/Monet_-_Wildenstein_1996,_1865.png",678,454,0.3,"https://commons.wikimedia.org/wiki/File:Monet_-_Wildenstein_1996,_1865.png"
1866,Плакучая ива и пруд с кувшинками,Weeping Willow and Water-Lily Pond,Wikimedia Commons,"https://commons.wikimedia.org/wiki/Special:FilePath/Claude_Monet,_Water-Lily_Pond_and_Weeping_Willow.JPG",1309,1215,1.6,"https://commons.wikimedia.org/wiki/File:Claude_Monet,_Water-Lily_Pond_and_Weeping_Willow.JPG"
1867,Плакучая ива и пруд с кувшинками,Weeping Willow and Water-Lily Pond,Wikimedia Commons (скан каталога),https://commons.wikimedia.org/wiki/Special:FilePath/Monet_w1867.jpg,905,1024,0.9,https://commons.wikimedia.org/wiki/File:Monet_w1867.jpg
1868,Плакучая ива,Weeping Willow,Wikimedia Commons (скан каталога),"https://commons.wikimedia.org/wiki/Special:FilePath/Monet_-_Wildenstein_1996,_1868.png",381,553,0.2,"https://commons.wikimedia.org/wiki/File:Monet_-_Wildenstein_1996,_1868.png"
1869,Плакучая ива,Weeping Willow,Wikimedia Commons,https://commons.wikimedia.org/wiki/Special:FilePath/Claude_Monet_-_Weeping_Willow_(1918).jpg,1988,2322,4.6,https://commons.wikimedia.org/wiki/File:Claude_Monet_-_Weeping_Willow_(1918).jpg
1870,Плакучая ива,Weeping Willow,Wikimedia Commons (скан каталога),"https://commons.wikimedia.org/wiki/Special:FilePath/Monet_-_Wildenstein_1996,_1870.jpg",1035,871,0.9,"https://commons.wikimedia.org/wiki/File:Monet_-_Wildenstein_1996,_1870.jpg"
1871,Плакучая ива,Weeping Willow,Wikimedia Commons (скан каталога),"https://commons.wikimedia.org/wiki/Special:FilePath/Monet_-_Wildenstein_1996,_1871.png",479,554,0.3,"https://commons.wikimedia.org/wiki/File:Monet_-_Wildenstein_1996,_1871.png"
1872,Плакучая ива,Weeping Willow,Wikimedia Commons (скан каталога),"https://commons.wikimedia.org/wiki/Special:FilePath/Monet_-_Wildenstein_1996,_1872.jpg",754,921,0.7,"https://commons.wikimedia.org/wiki/File:Monet_-_Wildenstein_1996,_1872.jpg"
1873,Плакучая ива,Weeping Willow,Wikimedia Commons,https://commons.wikimedia.org/wiki/Special:FilePath/Claude_Monet_Saule_pleureur.jpg,1512,1537,2.3,https://commons.wikimedia.org/wiki/File:Claude_Monet_Saule_pleureur.jpg
1874,Плакучая ива,Weeping Willow,Wikimedia Commons (скан каталога),https://commons.wikimedia.org/wiki/Special:FilePath/Monet_w1874.jpg,800,652,0.5,https://commons.wikimedia.org/wiki/File:Monet_w1874.jpg
1875,Плакучая ива,Weeping Willow,Wikimedia Commons,https://commons.wikimedia.org/wiki/Special:FilePath/Monet_-_weeping-willow-4-1919.jpg,280,234,0.1,https://commons.wikimedia.org/wiki/File:Monet_-_weeping-willow-4-1919.jpg
1876,Плакучая ива,Weeping Willow,Wikimedia Commons,https://commons.wikimedia.org/wiki/Special:FilePath/Claude_Monet_Weeping_Willow.jpg,3600,2991,10.8,https://commons.wikimedia.org/wiki/File:Claude_Monet_Weeping_Willow.jpg
1877,Плакучая ива,Weeping Willow,Wikimedia Commons,"https://commons.wikimedia.org/wiki/Special:FilePath/Weeping_Willow_by_Claude_Monet,_Musée_Marmottan_Monet_5078.JPG",3279,2857,9.4,"https://commons.wikimedia.org/wiki/File:Weeping_Willow_by_Claude_Monet,_Musée_Marmottan_Monet_5078.JPG"
1878,Водяной сад в Живерни,Jardin d'eau à Giverny,Wikimedia Commons,https://commons.wikimedia.org/wiki/Special:FilePath/At_Musée_de_Grenoble_2025_048.jpg,6048,8064,48.8,https://commons.wikimedia.org/wiki/File:At_Musée_de_Grenoble_2025_048.jpg
1879,Пруд с кувшинками,The Water-Lily Pond,Wikimedia Commons,"https://commons.wikimedia.org/wiki/Special:FilePath/Claude_monet,_angolo_di_stagno_con_le_ninfee,_1918.JPG",2190,2802,6.1,"https://commons.wikimedia.org/wiki/File:Claude_monet,_angolo_di_stagno_con_le_ninfee,_1918.JPG"
1880,Пруд с кувшинками,The Water-Lily Pond,Wikimedia Commons,"https://commons.wikimedia.org/wiki/Special:FilePath/Corner_of_Water_Lily_Pond_by_Claude_Monet,_1918-1819,_private_collection.JPG",2626,3865,10.1,"https://commons.wikimedia.org/wiki/File:Corner_of_Water_Lily_Pond_by_Claude_Monet,_1918-1819,_private_collection.JPG"
1881,Пруд с кувшинками,The Water-Lily Pond,Wikimedia Commons,https://commons.wikimedia.org/wiki/Special:FilePath/Coin_du_bassin_aux_nymphéas_(1918-1919)_Claude_Monet_(W_1881).jpg,485,719,0.3,https://commons.wikimedia.org/wiki/File:Coin_du_bassin_aux_nymphéas_(1918-1919)_Claude_Monet_(W_1881).jpg
1882,Пруд с кувшинками,The Water-Lily Pond,Wikimedia Commons,https://commons.wikimedia.org/wiki/Special:FilePath/BASSIN_AUX_NYMPHÉAS_(1918-1919)_Claude_Monet_-_Musée_Marmottan_Monet_(W_1882).jpg,751,504,0.4,https://commons.wikimedia.org/wiki/File:BASSIN_AUX_NYMPHÉAS_(1918-1919)_Claude_Monet_-_Musée_Marmottan_Monet_(W_1882).jpg
1883,Пруд с кувшинками,The Water-Lily Pond,Wikimedia Commons,"https://commons.wikimedia.org/wiki/Special:FilePath/Monet_-_Le_bassin_aux_nymphéas,_um_1916.jpg",768,537,0.4,"https://commons.wikimedia.org/wiki/File:Monet_-_Le_bassin_aux_nymphéas,_um_1916.jpg"
1884,Пруд с кувшинками,The Water-Lily Pond,Wikimedia Commons,"https://commons.wikimedia.org/wiki/Special:FilePath/Barberini_August_2023-Claude_Monet_-_Der_Seerosenteich,_1918_-_Sammlung_Hasso_Plattner.jpg",5048,3501,17.7,"https://commons.wikimedia.org/wiki/File:Barberini_August_2023-Claude_Monet_-_Der_Seerosenteich,_1918_-_Sammlung_Hasso_Plattner.jpg"
1885,Пруд с кувшинками,The Water-Lily Pond,Wikimedia Commons (скан каталога),"https://commons.wikimedia.org/wiki/Special:FilePath/Monet_-_Wildenstein_1996,_1885.png",433,266,0.1,"https://commons.wikimedia.org/wiki/File:Monet_-_Wildenstein_1996,_1885.png"
1886,Пруд с кувшинками,The Water-Lily Pond,Wikimedia Commons,https://commons.wikimedia.org/wiki/Special:FilePath/Monet-Nymphéas-Nantes.jpg,1044,508,0.5,https://commons.wikimedia.org/wiki/File:Monet-Nymphéas-Nantes.jpg
1887,Пруд с кувшинками,The Water-Lily Pond,Wikimedia Commons,https://commons.wikimedia.org/wiki/Special:FilePath/Claude_monet_le_bassin_aux_nympheas).jpg,3200,1636,5.2,https://commons.wikimedia.org/wiki/File:Claude_monet_le_bassin_aux_nympheas).jpg
1888,Пруд с кувшинками,The Water-Lily Pond,Wikimedia Commons,https://commons.wikimedia.org/wiki/Special:FilePath/Claude_Monet_-_Le_bassin_aux_nymphéas_W1888(1)_-_Musée_Marmottan-Monet.jpg,1500,1632,2.4,https://commons.wikimedia.org/wiki/File:Claude_Monet_-_Le_bassin_aux_nymphéas_W1888(1)_-_Musée_Marmottan-Monet.jpg
1889,Пруд с водяными лилиями,Water Lily Pond,Art Institute of Chicago (CC0),https://www.artic.edu/iiif/2/7a23ad22-2044-6d7d-6315-9b101dadc559/full/max/0/default.jpg,6861,4426,30.4,https://www.artic.edu/artworks/97933
1890,Пруд с кувшинками,The Water Lily Pond,Wikimedia Commons,https://commons.wikimedia.org/wiki/Special:FilePath/Le_bassin_aux_nymphéas_-_Claude_Monet.jpg,2233,1096,2.4,https://commons.wikimedia.org/wiki/File:Le_bassin_aux_nymphéas_-_Claude_Monet.jpg
1891,Пруд с кувшинками (левая панель),The Water-Lily Pond (left panel),Wikimedia Commons,https://commons.wikimedia.org/wiki/Special:FilePath/Water_Lilies_MET_DP-1208-001.jpg,4000,2039,8.2,https://commons.wikimedia.org/wiki/File:Water_Lilies_MET_DP-1208-001.jpg
1892,Пруд с кувшинками (правая панель),The Water-Lily Pond (right panel),Wikimedia Commons (скан каталога),"https://commons.wikimedia.org/wiki/Special:FilePath/Monet_-_Wildenstein_1996,_1892.png",1070,564,0.6,"https://commons.wikimedia.org/wiki/File:Monet_-_Wildenstein_1996,_1892.png"
1893,Пруд с кувшинками (половина оригинала),The Water Lily Pond(half of original),Wikimedia Commons,https://commons.wikimedia.org/wiki/Special:FilePath/Pond_with_Water_Lilies_by_Claude_Monet.jpg,1859,1922,3.6,https://commons.wikimedia.org/wiki/File:Pond_with_Water_Lilies_by_Claude_Monet.jpg
1893b,Пруд с кувшинками,The Water Lily Pond,Wikimedia Commons,https://commons.wikimedia.org/wiki/Special:FilePath/Pond_with_Water_Lilies_by_Claude_Monet.jpg,1859,1922,3.6,https://commons.wikimedia.org/wiki/File:Pond_with_Water_Lilies_by_Claude_Monet.jpg
1894,Кувшинки,Water Lilies,Wikimedia Commons,"https://commons.wikimedia.org/wiki/Special:FilePath/Claude_Monet,_Le_bassin_aux_nymphéas,_1919_-_Paul_G._Allen_Collection.jpg",1200,598,0.7,"https://commons.wikimedia.org/wiki/File:Claude_Monet,_Le_bassin_aux_nymphéas,_1919_-_Paul_G._Allen_Collection.jpg"
1895,Кувшинки,Water Lilies,Wikimedia Commons,"https://commons.wikimedia.org/wiki/Special:FilePath/Claude_Monet_-_Water_Lilies,_1917-1919.JPG",4044,1976,8.0,"https://commons.wikimedia.org/wiki/File:Claude_Monet_-_Water_Lilies,_1917-1919.JPG"
1896,Пруд с кувшинками,The Water-Lily Pond,Wikimedia Commons,https://commons.wikimedia.org/wiki/Special:FilePath/The_Water_Lily_Pond_(1917-1919)_Claude_Monet_-_Chichu_Art_Museum_(W1896).jpg,992,500,0.5,https://commons.wikimedia.org/wiki/File:The_Water_Lily_Pond_(1917-1919)_Claude_Monet_-_Chichu_Art_Museum_(W1896).jpg
1897,Пруд с кувшинками,The Water-Lily Pond,Wikimedia Commons,https://commons.wikimedia.org/wiki/Special:FilePath/Water-Lily_Pond_Monet.jpg,2000,1027,2.1,https://commons.wikimedia.org/wiki/File:Water-Lily_Pond_Monet.jpg
1898,Пруд с кувшинками,Water-Lily Pond,Wikimedia Commons,https://commons.wikimedia.org/wiki/Special:FilePath/Claude_Monet_-_Le_bassin_aux_nymphéas_(W1898).jpg,3200,1575,5.0,https://commons.wikimedia.org/wiki/File:Claude_Monet_-_Le_bassin_aux_nymphéas_(W1898).jpg
1899,Пруд с кувшинками,Water-Lily Pond,Wikimedia Commons,"https://commons.wikimedia.org/wiki/Special:FilePath/Claude_Monet_-_The_Water_Lily_Pond,_c._1917-19_-_Google_Art_Project.jpg",6854,3513,24.1,"https://commons.wikimedia.org/wiki/File:Claude_Monet_-_The_Water_Lily_Pond,_c._1917-19_-_Google_Art_Project.jpg"
1900,Пруд с кувшинками,The Water-Lily Pond,Wikimedia Commons,https://commons.wikimedia.org/wiki/Special:FilePath/Le_Bassin_aux_nymphéas_(1917-1919)_Claude_Monet_(W_1900).jpg,1408,700,1.0,https://commons.wikimedia.org/wiki/File:Le_Bassin_aux_nymphéas_(1917-1919)_Claude_Monet_(W_1900).jpg
1901,Пруд с кувшинками (левая часть),The Water-Lily Pond (left side),Wikimedia Commons (скан каталога),https://commons.wikimedia.org/wiki/Special:FilePath/Monet_w1901b_the_water_lily_pond.jpg,2179,1617,3.5,https://commons.wikimedia.org/wiki/File:Monet_w1901b_the_water_lily_pond.jpg
1901a,Пруд с кувшинками,The Water-Lily Pond,Wikimedia Commons,"https://commons.wikimedia.org/wiki/Special:FilePath/LE_BASSIN_AUX_NYMPHÉAS_-_Claude_Monet_(c.1917-20,_Sotheby's).jpg",2000,1482,3.0,"https://commons.wikimedia.org/wiki/File:LE_BASSIN_AUX_NYMPHÉAS_-_Claude_Monet_(c.1917-20,_Sotheby's).jpg"
1901b,Пруд с кувшинками,The Water-Lily Pond,Wikimedia Commons (скан каталога),https://commons.wikimedia.org/wiki/Special:FilePath/Monet_w1901b_the_water_lily_pond.jpg,2179,1617,3.5,https://commons.wikimedia.org/wiki/File:Monet_w1901b_the_water_lily_pond.jpg
1902,Кувшинки,Water Lilies,Wikimedia Commons (скан каталога),https://commons.wikimedia.org/wiki/Special:FilePath/Monet_w1902.jpg,2048,663,1.4,https://commons.wikimedia.org/wiki/File:Monet_w1902.jpg
1903,Глициния,Wisteria,Wikimedia Commons,https://commons.wikimedia.org/wiki/Special:FilePath/Claude_Monet_-_Glycines_W1903_-_Musée_Marmottan-Monet.jpg,4570,1468,6.7,https://commons.wikimedia.org/wiki/File:Claude_Monet_-_Glycines_W1903_-_Musée_Marmottan-Monet.jpg
1904,Глициния,Wisteria,Wikimedia Commons,"https://commons.wikimedia.org/wiki/Special:FilePath/Wisteria_by_Claude_Monet,_Musée_Marmottan_Monet_5124.JPG",5268,1686,8.9,"https://commons.wikimedia.org/wiki/File:Wisteria_by_Claude_Monet,_Musée_Marmottan_Monet_5124.JPG"
1905,Глициния,Wisteria,Wikimedia Commons,https://commons.wikimedia.org/wiki/Special:FilePath/Dreux_étude_de_glycine_1919-1920_Claude_Monet_Eure-et-Loir_France.jpg,3384,1699,5.7,https://commons.wikimedia.org/wiki/File:Dreux_étude_de_glycine_1919-1920_Claude_Monet_Eure-et-Loir_France.jpg
1906,Глициния (левая половина),Wisteria (left half),Wikimedia Commons (скан каталога),https://commons.wikimedia.org/wiki/Special:FilePath/Monet_w1906.jpg,1380,1039,1.4,https://commons.wikimedia.org/wiki/File:Monet_w1906.jpg
1907,Глициния (правая половина),Wisteria (right half),Wikimedia Commons (скан каталога),https://commons.wikimedia.org/wiki/Special:FilePath/Monet_w1907.jpg,750,561,0.4,https://commons.wikimedia.org/wiki/File:Monet_w1907.jpg
1908,Глициния,Wisteria,Wikimedia Commons,https://commons.wikimedia.org/wiki/Special:FilePath/Claude_Monet_-_Wisteria_-_Google_Art_Project.jpg,9463,7188,68.0,https://commons.wikimedia.org/wiki/File:Claude_Monet_-_Wisteria_-_Google_Art_Project.jpg
1909,Глициния,Wisteria,Wikimedia Commons,"https://commons.wikimedia.org/wiki/Special:FilePath/Monet_-_Wisteria_(Glycines),_ca._1919-20.jpg",275,204,0.1,"https://commons.wikimedia.org/wiki/File:Monet_-_Wisteria_(Glycines),_ca._1919-20.jpg"
1910,Глициния,Wisteria,Wikimedia Commons (скан каталога),"https://commons.wikimedia.org/wiki/Special:FilePath/Monet_-_Wildenstein_1996,_1910.png",536,392,0.2,"https://commons.wikimedia.org/wiki/File:Monet_-_Wildenstein_1996,_1910.png"
1911,Японский мостик,The Japanese Bridge,Wikimedia Commons (скан каталога),"https://commons.wikimedia.org/wiki/Special:FilePath/Monet_-_Wildenstein_1996,_1911.jpg",1721,835,1.4,"https://commons.wikimedia.org/wiki/File:Monet_-_Wildenstein_1996,_1911.jpg"
1912,Японский мостик,The Japanese Bridge,Wikimedia Commons (скан каталога),"https://commons.wikimedia.org/wiki/Special:FilePath/Monet_-_Wildenstein_1996,_1912.png",765,364,0.3,"https://commons.wikimedia.org/wiki/File:Monet_-_Wildenstein_1996,_1912.png"
1913,Японский мостик,The Japanese Bridge,Wikimedia Commons,https://commons.wikimedia.org/wiki/Special:FilePath/Claude_Monet_-_Le_Pont_japonais_W1913_-_Musée_Marmottan-Monet.jpg,2048,1013,2.1,https://commons.wikimedia.org/wiki/File:Claude_Monet_-_Le_Pont_japonais_W1913_-_Musée_Marmottan-Monet.jpg
1914,Японский мостик,The Japanese Bridge,Wikimedia Commons (скан каталога),https://commons.wikimedia.org/wiki/Special:FilePath/Monet_w1914.jpg,1024,738,0.8,https://commons.wikimedia.org/wiki/File:Monet_w1914.jpg
1915,Японский мостик,The Japanese Bridge,Wikimedia Commons,https://commons.wikimedia.org/wiki/Special:FilePath/Le_Pont_japonais_(1918-1924)_Claude_Monet_(W_1915).jpg,851,610,0.5,https://commons.wikimedia.org/wiki/File:Le_Pont_japonais_(1918-1924)_Claude_Monet_(W_1915).jpg
1916,Мостик над прудом с кувшинками,The Footbridge over the Water-Lily Pond,Wikimedia Commons,"https://commons.wikimedia.org/wiki/Special:FilePath/Monet_-_La_passerelle_sur_le_bassin_aux_nymphéas,_1919.jpg",6420,3938,25.3,"https://commons.wikimedia.org/wiki/File:Monet_-_La_passerelle_sur_le_bassin_aux_nymphéas,_1919.jpg"
1917,Японский мостик,The Japanese Bridge,Wikimedia Commons,https://commons.wikimedia.org/wiki/Special:FilePath/Le_Pont_japonais_(1918-1924)_Claude_Monet_(W_1917).jpg,853,582,0.5,https://commons.wikimedia.org/wiki/File:Le_Pont_japonais_(1918-1924)_Claude_Monet_(W_1917).jpg
1918,Японский мостик,The Japanese Bridge,Wikimedia Commons (скан каталога),"https://commons.wikimedia.org/wiki/Special:FilePath/Monet_-_Wildenstein_1996,_1918.png",433,418,0.2,"https://commons.wikimedia.org/wiki/File:Monet_-_Wildenstein_1996,_1918.png"
1919,Японский мостик,The Japanese Bridge,Wikimedia Commons,https://commons.wikimedia.org/wiki/Special:FilePath/Monet_-_Ponte_Japonesa.JPG,3605,3493,12.6,https://commons.wikimedia.org/wiki/File:Monet_-_Ponte_Japonesa.JPG
1919a,Мост в саду Моне,The Bridge in Monet's Garden,Wikimedia Commons (скан каталога),"https://commons.wikimedia.org/wiki/Special:FilePath/Monet_-_Wildenstein_1996,_1419a.png",763,709,0.5,"https://commons.wikimedia.org/wiki/File:Monet_-_Wildenstein_1996,_1419a.png"
1920,Японский мостик,The Japanese Bridge,Wikimedia Commons,https://commons.wikimedia.org/wiki/Special:FilePath/Le_pont_japonais_(1918–1924)_Claude_Monet_-_collection_Hideaki_Fukutake_(W_1920).jpg,738,648,0.5,https://commons.wikimedia.org/wiki/File:Le_pont_japonais_(1918–1924)_Claude_Monet_-_collection_Hideaki_Fukutake_(W_1920).jpg
1921,Японский мостик,The Japanese Bridge,Wikimedia Commons,https://commons.wikimedia.org/wiki/Special:FilePath/Claude_Monet_-_The_Japanese_Bridge_-_Google_Art_Project.jpg,2245,1725,3.9,https://commons.wikimedia.org/wiki/File:Claude_Monet_-_The_Japanese_Bridge_-_Google_Art_Project.jpg
1921a,Японский мостик,The Japanese Bridge,Wikimedia Commons,https://commons.wikimedia.org/wiki/Special:FilePath/Claude_Monet_-_The_Japanese_bridge_-_Google_Art_Project.jpg,3247,2481,8.1,https://commons.wikimedia.org/wiki/File:Claude_Monet_-_The_Japanese_bridge_-_Google_Art_Project.jpg
1922,Японский мостик,The Japanese Bridge,Wikimedia Commons (скан каталога),https://commons.wikimedia.org/wiki/Special:FilePath/Monet_w1922.jpg,1284,973,1.2,https://commons.wikimedia.org/wiki/File:Monet_w1922.jpg
1923,Японский мостик,The Japanese Bridge,Wikimedia Commons (скан каталога),https://commons.wikimedia.org/wiki/Special:FilePath/Monet_w1923.jpg,900,677,0.6,https://commons.wikimedia.org/wiki/File:Monet_w1923.jpg
1924,Японский мостик,The Japanese Bridge,Wikimedia Commons (скан каталога),"https://commons.wikimedia.org/wiki/Special:FilePath/Monet_-_Wildenstein_1996,_1924.png",755,655,0.5,"https://commons.wikimedia.org/wiki/File:Monet_-_Wildenstein_1996,_1924.png"
1925,Японский мостик,The Japanese Bridge,Wikimedia Commons,"https://commons.wikimedia.org/wiki/Special:FilePath/Claude_Monet_-_The_Japanese_Footbridge,_Giverny_-_Google_Art_Project.jpg",2401,2289,5.5,"https://commons.wikimedia.org/wiki/File:Claude_Monet_-_The_Japanese_Footbridge,_Giverny_-_Google_Art_Project.jpg"
1926,Японский мостик,The Japanese Bridge,Wikimedia Commons (скан каталога),"https://commons.wikimedia.org/wiki/Special:FilePath/Monet_-_Wildenstein_1996,_1926.png",753,704,0.5,"https://commons.wikimedia.org/wiki/File:Monet_-_Wildenstein_1996,_1926.png"
1927,Японский мостик,The Japanese Bridge,Wikimedia Commons (скан каталога),https://commons.wikimedia.org/wiki/Special:FilePath/Monet_w1927.jpg,800,705,0.6,https://commons.wikimedia.org/wiki/File:Monet_w1927.jpg
1928,Японский мостик,The Japanese Bridge,Wikimedia Commons (скан каталога),https://commons.wikimedia.org/wiki/Special:FilePath/Monet_w1928.jpg,735,641,0.5,https://commons.wikimedia.org/wiki/File:Monet_w1928.jpg
1929,Японский мостик,The Japanese Bridge,Wikimedia Commons (скан каталога),https://commons.wikimedia.org/wiki/Special:FilePath/Monet_w1929.jpg,1320,1252,1.7,https://commons.wikimedia.org/wiki/File:Monet_w1929.jpg
1930,Японский мостик,The Japanese Bridge,Wikimedia Commons,"https://commons.wikimedia.org/wiki/Special:FilePath/Monet_-_Nymphéas,_Japanese_Bridge,_1918-1926,_1974-178-38.jpg",1500,1437,2.2,"https://commons.wikimedia.org/wiki/File:Monet_-_Nymphéas,_Japanese_Bridge,_1918-1926,_1974-178-38.jpg"
1931,Японский мостик,The Japanese Bridge,Wikimedia Commons,https://commons.wikimedia.org/wiki/Special:FilePath/Claude_Monet_-_The_Japanese_Bridge_-_61.36.15_-_Minneapolis_Institute_of_Arts.jpg,5956,4606,27.4,https://commons.wikimedia.org/wiki/File:Claude_Monet_-_The_Japanese_Bridge_-_61.36.15_-_Minneapolis_Institute_of_Arts.jpg
1932,Японский мостик,The Japanese Bridge,Wikimedia Commons,https://commons.wikimedia.org/wiki/Special:FilePath/Claude_Monet_-_The_Japanese_Footbridge.jpg,4500,3408,15.3,https://commons.wikimedia.org/wiki/File:Claude_Monet_-_The_Japanese_Footbridge.jpg
1933,Японский мостик,The Japanese Bridge,Wikimedia Commons,https://commons.wikimedia.org/wiki/Special:FilePath/Claude_Monet_-_Le_Pont_japonais_W1933_-_Musée_Marmottan-Monet.jpg,1500,1148,1.7,https://commons.wikimedia.org/wiki/File:Claude_Monet_-_Le_Pont_japonais_W1933_-_Musée_Marmottan-Monet.jpg
1934,Аллея под розами,The Path under the Rose Trees,Wikimedia Commons,https://commons.wikimedia.org/wiki/Special:FilePath/Monet-_Der_Rosenweg_in_Giverny.jpeg,3000,2655,8.0,https://commons.wikimedia.org/wiki/File:Monet-_Der_Rosenweg_in_Giverny.jpeg
1935,Аллея под розами,The Path under the Rose Trees,Wikimedia Commons (скан каталога),https://commons.wikimedia.org/wiki/Special:FilePath/Monet_w1935.jpg,640,634,0.4,https://commons.wikimedia.org/wiki/File:Monet_w1935.jpg
1936,Аллея под арками из роз,The Path under the Rose Arches,Wikimedia Commons (скан каталога),https://commons.wikimedia.org/wiki/Special:FilePath/Monet_w1936.jpg,1279,1125,1.4,https://commons.wikimedia.org/wiki/File:Monet_w1936.jpg
1937,Аллея под розами,The Path under the Rose Trees,Wikimedia Commons (скан каталога),"https://commons.wikimedia.org/wiki/Special:FilePath/Monet_-_Wildenstein_1996,_1937.png",760,717,0.5,"https://commons.wikimedia.org/wiki/File:Monet_-_Wildenstein_1996,_1937.png"
1938,Аллея под розами,The Path under the Rose Trees,Wikimedia Commons,"https://commons.wikimedia.org/wiki/Special:FilePath/Path_under_the_Rose_Arches_by_Claude_Monet,_Musée_Marmottan_Monet_5104.JPG",2839,2998,8.5,"https://commons.wikimedia.org/wiki/File:Path_under_the_Rose_Arches_by_Claude_Monet,_Musée_Marmottan_Monet_5104.JPG"
1939,Аллея под розами,The Path under the Rose Trees,Wikimedia Commons (скан каталога),https://commons.wikimedia.org/wiki/Special:FilePath/Monet_w1939.jpg,800,649,0.5,https://commons.wikimedia.org/wiki/File:Monet_w1939.jpg
1940,Аллея под розами,The Path under the Rose Trees,Wikimedia Commons (скан каталога),"https://commons.wikimedia.org/wiki/Special:FilePath/Monet_-_Wildenstein_1996,_1940.jpg",1160,773,0.9,"https://commons.wikimedia.org/wiki/File:Monet_-_Wildenstein_1996,_1940.jpg"
1941,Плакучая ива,Weeping Willow,Wikimedia Commons (скан каталога),"https://commons.wikimedia.org/wiki/Special:FilePath/Monet_-_Wildenstein_1996,_1941.png",605,714,0.4,"https://commons.wikimedia.org/wiki/File:Monet_-_Wildenstein_1996,_1941.png"
1942,Плакучая ива,Weeping Willow,Wikimedia Commons,https://commons.wikimedia.org/wiki/Special:FilePath/Monet_-_weeping-willow-giverny-1922.jpg,280,304,0.1,https://commons.wikimedia.org/wiki/File:Monet_-_weeping-willow-giverny-1922.jpg
1943,Плакучая ива,Weeping Willow,Wikimedia Commons,"https://commons.wikimedia.org/wiki/Special:FilePath/Weeping_Willow_by_Claude_Monet,_Musée_Marmottan_Monet_5107.JPG",2690,3445,9.3,"https://commons.wikimedia.org/wiki/File:Weeping_Willow_by_Claude_Monet,_Musée_Marmottan_Monet_5107.JPG"
1944,Дом художника со стороны розария,The Artist's House Seen from the Rose Garden,Wikimedia Commons,https://commons.wikimedia.org/wiki/Special:FilePath/The_Artist's_House_Seen_from_the_Rose_Garden_by_Claude_Monet_5108.JPG,2750,2650,7.3,https://commons.wikimedia.org/wiki/File:The_Artist's_House_Seen_from_the_Rose_Garden_by_Claude_Monet_5108.JPG
1945,Дом художника. Вид из розария,"The Artist's House, View from the Rose Garden",Wikimedia Commons,https://commons.wikimedia.org/wiki/Special:FilePath/The_Artist's_House_Seen_from_the_Rose_Garden_by_Claude_Monet_5087.JPG,3080,2608,8.0,https://commons.wikimedia.org/wiki/File:The_Artist's_House_Seen_from_the_Rose_Garden_by_Claude_Monet_5087.JPG
1946,Дом со стороны розария,The House Seen from the Rose Garden,Wikimedia Commons (скан каталога),https://commons.wikimedia.org/wiki/Special:FilePath/Monet_w1946.jpg,1320,1133,1.5,https://commons.wikimedia.org/wiki/File:Monet_w1946.jpg
1947,Дом со стороны розария,The House Seen from the Rose Garden,Wikimedia Commons (скан каталога),https://commons.wikimedia.org/wiki/Special:FilePath/Monet_w1947.jpg,1320,1196,1.6,https://commons.wikimedia.org/wiki/File:Monet_w1947.jpg
1948,Дом со стороны розария,The House Seen from the Rose Garden,Wikimedia Commons (скан каталога),"https://commons.wikimedia.org/wiki/Special:FilePath/Monet_-_Wildenstein_1996,_1948.png",757,717,0.5,"https://commons.wikimedia.org/wiki/File:Monet_-_Wildenstein_1996,_1948.png"
1949,Дом со стороны розария,The House Seen from the Rose Garden,Wikimedia Commons,https://commons.wikimedia.org/wiki/Special:FilePath/Monet_-_the-house-seen-from-the-rose-garden-1924.jpg,280,383,0.1,https://commons.wikimedia.org/wiki/File:Monet_-_the-house-seen-from-the-rose-garden-1924.jpg
1950,Дом со стороны розария,The House Seen from the Rose Garden,Wikimedia Commons (скан каталога),"https://commons.wikimedia.org/wiki/Special:FilePath/Monet_-_Wildenstein_1996,_1950.png",623,713,0.4,"https://commons.wikimedia.org/wiki/File:Monet_-_Wildenstein_1996,_1950.png"
1951,Дом со стороны розария,The House Seen from the Rose Garden,Wikimedia Commons (скан каталога),"https://commons.wikimedia.org/wiki/Special:FilePath/Monet_-_Wildenstein_1996,_1951.png",651,712,0.5,"https://commons.wikimedia.org/wiki/File:Monet_-_Wildenstein_1996,_1951.png"
1952,Сад в Живерни,The Garden at Giverny,Wikimedia Commons,https://commons.wikimedia.org/wiki/Special:FilePath/Monet_-_the-garden-at-giverny-1924.jpg,280,359,0.1,https://commons.wikimedia.org/wiki/File:Monet_-_the-garden-at-giverny-1924.jpg
1953,Дом среди роз,The House amongst the Roses,Wikimedia Commons,https://commons.wikimedia.org/wiki/Special:FilePath/La_maison_dans_les_roses_(1925)_Claude_Monet_(W1953).jpg,2880,2539,7.3,https://commons.wikimedia.org/wiki/File:La_maison_dans_les_roses_(1925)_Claude_Monet_(W1953).jpg
1954,Дом среди роз,The House amongst the Roses,Wikimedia Commons (скан каталога),https://commons.wikimedia.org/wiki/Special:FilePath/Monet_w1954.jpg,1017,791,0.8,https://commons.wikimedia.org/wiki/File:Monet_w1954.jpg
1955,Дом среди роз,The House amongst the Roses,Wikimedia Commons (скан каталога),https://commons.wikimedia.org/wiki/Special:FilePath/Monet_w1955.jpg,1320,1112,1.5,https://commons.wikimedia.org/wiki/File:Monet_w1955.jpg
1956,Дом среди роз,The House amongst the Roses,Wikimedia Commons,https://commons.wikimedia.org/wiki/Special:FilePath/Monet_-_Das_Haus_in_den_Rosen.jpeg,4476,4632,20.7,https://commons.wikimedia.org/wiki/File:Monet_-_Das_Haus_in_den_Rosen.jpeg
1957,Дом среди роз,The House among the Roses,Wikimedia Commons,"https://commons.wikimedia.org/wiki/Special:FilePath/Claude_Monet_-_House_among_the_Roses,_the_(1925).jpg",2000,2582,5.2,"https://commons.wikimedia.org/wiki/File:Claude_Monet_-_House_among_the_Roses,_the_(1925).jpg"
1958,Дом среди роз,The House among Roses,Wikimedia Commons,https://commons.wikimedia.org/wiki/Special:FilePath/La_maison_dans_les_roses_(1925)_Claude_Monet_(W1958).jpg,578,718,0.4,https://commons.wikimedia.org/wiki/File:La_maison_dans_les_roses_(1925)_Claude_Monet_(W1958).jpg
1959,"Дом, увиденный сквозь розы",The House Seen through the Roses,Wikimedia Commons,"https://commons.wikimedia.org/wiki/Special:FilePath/Monet_-_La_maison_à_travers_les_roses,_1925-1926.jpg",399,316,0.1,"https://commons.wikimedia.org/wiki/File:Monet_-_La_maison_à_travers_les_roses,_1925-1926.jpg"
1960,Дом сквозь розы,The House through the Roses,Wikimedia Commons,https://commons.wikimedia.org/wiki/Special:FilePath/La_Maison_à_travers_les_roses_(c.1925-26)_Claude_Monet_(W1960).jpg,2880,2188,6.3,https://commons.wikimedia.org/wiki/File:La_Maison_à_travers_les_roses_(c.1925-26)_Claude_Monet_(W1960).jpg
1961,Дом сквозь розы,The House through the Roses,Wikimedia Commons (скан каталога),https://commons.wikimedia.org/wiki/Special:FilePath/Monet_w1961.jpg,1024,816,0.8,https://commons.wikimedia.org/wiki/File:Monet_w1961.jpg
1962,"Дом, увиденный сквозь розы",The House Seen through the Roses,Wikimedia Commons (скан каталога),"https://commons.wikimedia.org/wiki/Special:FilePath/Monet_-_Wildenstein_1996,_1962.png",643,438,0.3,"https://commons.wikimedia.org/wiki/File:Monet_-_Wildenstein_1996,_1962.png"
1963,Розовый куст,The Rose Bush,Wikimedia Commons,"https://commons.wikimedia.org/wiki/Special:FilePath/Roses_by_Claude_Monet,_1925-26,_Musée_Marmottan_Monet.JPG",3470,2190,7.6,"https://commons.wikimedia.org/wiki/File:Roses_by_Claude_Monet,_1925-26,_Musée_Marmottan_Monet.JPG"
1964,Пруд с кувшинками. Вечер (левая панель),"Water-Lily Pond, Evening (left panel)",Wikimedia Commons (скан каталога),"https://commons.wikimedia.org/wiki/Special:FilePath/Monet_-_Wildenstein_1996,_1964-1965.png",1294,422,0.5,"https://commons.wikimedia.org/wiki/File:Monet_-_Wildenstein_1996,_1964-1965.png"
1965,"Пруд с кувшинками, вечер","Le Bassin aux nymphéas, le soir",Wikimedia Commons,"https://commons.wikimedia.org/wiki/Special:FilePath/Claude_Monet_-_Le_Bassin_aux_nymphéas,_le_soir_-_1952-0064_-_Kunsthaus_Zürich.jpg",,,,"https://commons.wikimedia.org/wiki/File:Claude_Monet_-_Le_Bassin_aux_nymphéas,_le_soir_-_1952-0064_-_Kunsthaus_Zürich.jpg"
1966,Пруд с кувшинками (левая половина),Water-Lily Pond (left half),Wikimedia Commons,https://commons.wikimedia.org/wiki/Special:FilePath/Monet-Water-lily-pond-Chichu-museum.tif,,,,https://commons.wikimedia.org/wiki/File:Monet-Water-lily-pond-Chichu-museum.tif
1967,Пруд с кувшинками (правая половина),Water-Lily Pond (right half),нет открытого изображения,,,,,
1968,"Пруд с кувшинками (триптих, левая панель)","Water-Lily Pond (triptych, left panel)",Wikimedia Commons (скан каталога),"https://commons.wikimedia.org/wiki/Special:FilePath/Monet_-_Wildenstein_1996,_1968.jpg",1164,768,0.9,"https://commons.wikimedia.org/wiki/File:Monet_-_Wildenstein_1996,_1968.jpg"
1969,"Пруд с кувшинками (триптих, центральная панель)","Water-Lily Pond (triptych, center panel)",Wikimedia Commons (скан каталога),"https://commons.wikimedia.org/wiki/Special:FilePath/Monet_-_Wildenstein_1996,_1969.jpg",1162,768,0.9,"https://commons.wikimedia.org/wiki/File:Monet_-_Wildenstein_1996,_1969.jpg"
1970,"Пруд с кувшинками (триптих, правая панель)","Water-Lily Pond (triptych, right panel)",Wikimedia Commons (скан каталога),"https://commons.wikimedia.org/wiki/Special:FilePath/Monet_-_Wildenstein_1996,_1970.jpg",1163,770,0.9,"https://commons.wikimedia.org/wiki/File:Monet_-_Wildenstein_1996,_1970.jpg"
1971,Отражения плакучей ивы в пруду с кувшинками,Reflections of the Weeping Willow on the Water-Lily Pond,Wikimedia Commons,"https://commons.wikimedia.org/wiki/Special:FilePath/Water_Lilies,_Reflections_of_Weeping_Willows_(1916)_Claude_Monet_-_NMWA,_Tokyo_(W_1971).jpg",1500,729,1.1,"https://commons.wikimedia.org/wiki/File:Water_Lilies,_Reflections_of_Weeping_Willows_(1916)_Claude_Monet_-_NMWA,_Tokyo_(W_1971).jpg"
1972,"Отражения облаков в пруду с кувшинками (триптих, левая часть)","Reflections of Clouds on the Water-Lily Pond (triptych, left panel)",Wikimedia Commons,https://commons.wikimedia.org/wiki/Special:FilePath/Claude_Monet_-_Reflections_of_Clouds_on_the_Water-Lily_Pond.jpg,4500,2122,9.5,https://commons.wikimedia.org/wiki/File:Claude_Monet_-_Reflections_of_Clouds_on_the_Water-Lily_Pond.jpg
1973,"Отражения облаков в пруду с кувшинками (триптих, центральная часть)","Reflections of Clouds on the Water-Lily Pond (triptych, center panel)",нет открытого изображения,,,,,
1974,"Отражения облаков в пруду с кувшинками (триптих, правая часть)","Reflections of Clouds on the Water-Lily Pond (triptych, right panel)",нет открытого изображения,,,,,
1975,Кувшинки. Агапантусы (левая панель),"Water Lilies, Agapanthus (left panel)",Wikimedia Commons,"https://commons.wikimedia.org/wiki/Special:FilePath/Water_Lilies_(Agapanthus),_by_Claude_Monet,_Cleveland_Museum_of_Art,_1960.81.jpg",15356,7576,116.3,"https://commons.wikimedia.org/wiki/File:Water_Lilies_(Agapanthus),_by_Claude_Monet,_Cleveland_Museum_of_Art,_1960.81.jpg"
1976,Кувшинки. Агапантусы (центральная панель),"Water Lilies, Agapanthus (center panel)",Wikimedia Commons (скан каталога),https://commons.wikimedia.org/wiki/Special:FilePath/Monet_w1976.jpg,6000,2795,16.8,https://commons.wikimedia.org/wiki/File:Monet_w1976.jpg
1977,Кувшинки. Агапантусы (правая панель),"Water Lilies, Agapanthus (right panel)",Wikimedia Commons,https://commons.wikimedia.org/wiki/Special:FilePath/Claude_Monet_-_Water_Lilies_-_Google_Art_Project_(431238).jpg,7517,3474,26.1,https://commons.wikimedia.org/wiki/File:Claude_Monet_-_Water_Lilies_-_Google_Art_Project_(431238).jpg
1978,Кувшинки,Water-Lilies,Wikimedia Commons,https://commons.wikimedia.org/wiki/Special:FilePath/Claude_Monet_044.jpg,7689,3577,27.5,https://commons.wikimedia.org/wiki/File:Claude_Monet_044.jpg
1979,Пруд с кувшинками. Зелёные отражения,"The Water-Lily Pond, Green Reflections",Wikimedia Commons,"https://commons.wikimedia.org/wiki/Special:FilePath/Le_bassin_aux_nymphes,_reflects_verts_by_Claude_Monet.jpg",4462,2093,9.3,"https://commons.wikimedia.org/wiki/File:Le_bassin_aux_nymphes,_reflects_verts_by_Claude_Monet.jpg"
1980,Пруд с кувшинками и ирисами,Water-Lily Pond with Irises,Wikimedia Commons,https://commons.wikimedia.org/wiki/Special:FilePath/Le_Bassin_aux_nymphéas_avec_iris_1914-1922_Claude_Monet_(W1980)_Kunsthaus_Zurich.jpg,1200,395,0.5,https://commons.wikimedia.org/wiki/File:Le_Bassin_aux_nymphéas_avec_iris_1914-1922_Claude_Monet_(W1980)_Kunsthaus_Zurich.jpg
1981,Кувшинки,Water Lilies,Wikimedia Commons,"https://commons.wikimedia.org/wiki/Special:FilePath/Monet_-_Water_Lilies,_1914-26,_712.1959.jpg",2000,656,1.3,"https://commons.wikimedia.org/wiki/File:Monet_-_Water_Lilies,_1914-26,_712.1959.jpg"
1982,Пруд с кувшинками,Water-Lily Pond,Wikimedia Commons (скан каталога),"https://commons.wikimedia.org/wiki/Special:FilePath/Monet_-_Wildenstein_1996,_1982.png",1047,369,0.4,"https://commons.wikimedia.org/wiki/File:Monet_-_Wildenstein_1996,_1982.png"
1983,Пруд с кувшинками,Water-Lily Pond,Wikimedia Commons,"https://commons.wikimedia.org/wiki/Special:FilePath/Claude_Monet_-_Nymphéas_-_Carnegie_Museum_of_Art,_Pittsburgh,_2019-12-11.jpg",3648,1173,4.3,"https://commons.wikimedia.org/wiki/File:Claude_Monet_-_Nymphéas_-_Carnegie_Museum_of_Art,_Pittsburgh,_2019-12-11.jpg"
,Натюрморт с куропатками,Still Life with Partridges,Wikimedia Commons (скан каталога),"https://commons.wikimedia.org/wiki/Special:FilePath/Monet_-_Wildenstein_1996,_10a.png",,,,"https://commons.wikimedia.org/wiki/File:Monet_-_Wildenstein_1996,_10a.png"
,Портрет Базиля,Portrait de Bazille,Wikimedia Commons,"https://commons.wikimedia.org/wiki/Special:FilePath/Bazille,_Frédéric_-_Self_Portrait_at_Saint-Sauveur.jpeg",,,,"https://commons.wikimedia.org/wiki/File:Bazille,_Frédéric_-_Self_Portrait_at_Saint-Sauveur.jpeg"
,Морской берег в Сент-Адрессе,Bord de mer à Sainte-Adresse,Wikimedia Commons,https://commons.wikimedia.org/wiki/Special:FilePath/Bord_de_mer_à_Sainte-Adresse.jpg,,,,https://commons.wikimedia.org/wiki/File:Bord_de_mer_à_Sainte-Adresse.jpg
,Берега Сены в Аржантёе,Bords de la Seine à Argenteuil,Wikimedia Commons,https://commons.wikimedia.org/wiki/Special:FilePath/Bords_de_la_Seine_a_Argenteuil_-_Monet.jpg,,,,https://commons.wikimedia.org/wiki/File:Bords_de_la_Seine_a_Argenteuil_-_Monet.jpg
,Две женщины в саду,Two Women in a Garden,Wikimedia Commons,https://commons.wikimedia.org/wiki/Special:FilePath/Claude_Monet_-_Madame_Monet_dans_un_jardin_(1872).jpg,,,,https://commons.wikimedia.org/wiki/File:Claude_Monet_-_Madame_Monet_dans_un_jardin_(1872).jpg
,"Зима на Сене, Ветёй","Hiver sur la Seine, Vétheuil",нет открытого изображения,,,,,
,"Мане, пишущий в саду Моне в Аржантёе",Manet peignant dans le jardin de Monet à Argenteuil,Wikimedia Commons,https://commons.wikimedia.org/wiki/Special:FilePath/Claude_Monet_-_Manet_malt_im_Garten_Monets_in_Argenteuil.jpg,,,,https://commons.wikimedia.org/wiki/File:Claude_Monet_-_Manet_malt_im_Garten_Monets_in_Argenteuil.jpg
,Фруктовый сад,The Orchard,Wikimedia Commons (скан каталога),https://commons.wikimedia.org/wiki/Special:FilePath/Monet_w310.jpg,,,,https://commons.wikimedia.org/wiki/File:Monet_w310.jpg
,Вид башни Монтелбан. Амстердам,"Vue de la tour Montalban, Amsterdam",Wikimedia Commons,"https://commons.wikimedia.org/wiki/Special:FilePath/Vue_de_la_tour_Montalban,_Amsterdam_(1874)_Claude_Monet_(W_307).jpg",,,,"https://commons.wikimedia.org/wiki/File:Vue_de_la_tour_Montalban,_Amsterdam_(1874)_Claude_Monet_(W_307).jpg"
,Берега Сены в Аржантёе,Bords de la Seine à Argenteuil,Wikimedia Commons,https://commons.wikimedia.org/wiki/Special:FilePath/Bords_de_la_Seine_a_Argenteuil_-_Monet.jpg,,,,https://commons.wikimedia.org/wiki/File:Bords_de_la_Seine_a_Argenteuil_-_Monet.jpg
,"Въезд на Гранд-Рю в Аржантёе, зима","L'Entrée de la Grande Rue à Argenteuil, l'hiver",Wikimedia Commons,"https://commons.wikimedia.org/wiki/Special:FilePath/L'Entrée_de_la_Grande_Rue_à_Argenteuil,_l'hiver,_par_Claude_Monet.jpg",,,,"https://commons.wikimedia.org/wiki/File:L'Entrée_de_la_Grande_Rue_à_Argenteuil,_l'hiver,_par_Claude_Monet.jpg"
,Берега Сены на острове Гранд-Жатт,Banks of the Seine at La Grande Jatte,Wikimedia Commons (скан каталога),"https://commons.wikimedia.org/wiki/Special:FilePath/Monet_-_Wildenstein_1996,_460.png",,,,"https://commons.wikimedia.org/wiki/File:Monet_-_Wildenstein_1996,_460.png"
,На скале близ Фекана,Sur la falaise près de Fécamp,Wikimedia Commons,https://commons.wikimedia.org/wiki/Special:FilePath/Sur_la_falaise_près_de_Fécamp.png,,,,https://commons.wikimedia.org/wiki/File:Sur_la_falaise_près_de_Fécamp.png
,Сельский пейзаж с деревьями,Countryside landscape with trees,Wikimedia Commons,https://commons.wikimedia.org/wiki/Special:FilePath/Claude_Monet_-_Countryside_landscape_with_trees_-_M.Ob.2070_MNW_-_National_Museum_in_Warsaw.jpg,,,,https://commons.wikimedia.org/wiki/File:Claude_Monet_-_Countryside_landscape_with_trees_-_M.Ob.2070_MNW_-_National_Museum_in_Warsaw.jpg
,Дверь с махровыми цветами,Double-Flower Door,Wikimedia Commons,https://commons.wikimedia.org/wiki/Special:FilePath/克劳德·莫奈-双花门-1883_-_54999245476.jpg,,,,https://commons.wikimedia.org/wiki/File:克劳德·莫奈-双花门-1883_-_54999245476.jpg
,Этрета. Игла и Порт-д’Аваль,Étretat: The Needle and the Porte d'Aval,Wikimedia Commons,"https://commons.wikimedia.org/wiki/Special:FilePath/Étretat,_Falaise_d'Aval_(c._1885_)_Claude_Monet_(W_P_76).jpg",,,,"https://commons.wikimedia.org/wiki/File:Étretat,_Falaise_d'Aval_(c._1885_)_Claude_Monet_(W_P_76).jpg"
,Зима в Живерни,Hiver à Giverny,Wikimedia Commons,https://commons.wikimedia.org/wiki/Special:FilePath/Claude_Monet_-_Hiver_à_Giverny_(1886).jpg,,,,https://commons.wikimedia.org/wiki/File:Claude_Monet_-_Hiver_à_Giverny_(1886).jpg
,"Сосны, мыс Антиб","Pins, cap d'Antibes",Wikimedia Commons,"https://commons.wikimedia.org/wiki/Special:FilePath/Pins,_cap_d'Antibes_(1888)_Claude_Monet_(W_1190).jpg",,,,"https://commons.wikimedia.org/wiki/File:Pins,_cap_d'Antibes_(1888)_Claude_Monet_(W_1190).jpg"
,Цветы,Flowers,Wikimedia Commons,https://commons.wikimedia.org/wiki/Special:FilePath/Bloemen_Rijksmuseum_SK-A-2933.jpeg,,,,https://commons.wikimedia.org/wiki/File:Bloemen_Rijksmuseum_SK-A-2933.jpeg
,Стог в лучах вечернего солнца,Haystack in the Evening Sun,Wikimedia Commons,https://commons.wikimedia.org/wiki/Special:FilePath/Claude_Monet_-_Haystack_in_the_Evening_Sun_-_Gösta_Serlachius_Fine_Arts_foundation.jpg,,,,https://commons.wikimedia.org/wiki/File:Claude_Monet_-_Haystack_in_the_Evening_Sun_-_Gösta_Serlachius_Fine_Arts_foundation.jpg
,"Стог, закат, иней","Meule, soleil couchant, gelée blanche",нет открытого изображения,,,,,
,"Тополя, розовый эффект","Poplars, Pink Effect",Wikimedia Commons,"https://commons.wikimedia.org/wiki/Special:FilePath/Claude_Monet_-_Poplars,_Pink_Effect_-_2019.67.14.McD_-_Dallas_Museum_of_Art.jpg",,,,"https://commons.wikimedia.org/wiki/File:Claude_Monet_-_Poplars,_Pink_Effect_-_2019.67.14.McD_-_Dallas_Museum_of_Art.jpg"
,Гора Кольсос,Mount Kolsås,Wikimedia Commons,"https://commons.wikimedia.org/wiki/Special:FilePath/Claude_Monet_-_Mount_Kolsås_-_NMK.DEP.2019.0010_-_National_Museum_of_Art,_Architecture_and_Design.jpg",,,,"https://commons.wikimedia.org/wiki/File:Claude_Monet_-_Mount_Kolsås_-_NMK.DEP.2019.0010_-_National_Museum_of_Art,_Architecture_and_Design.jpg"
,Пруд с кувшинками зимой,The Water-Lily Pond in Winter,Wikimedia Commons (скан каталога),"https://commons.wikimedia.org/wiki/Special:FilePath/Monet_-_Wildenstein_1996,_1392.png",,,,"https://commons.wikimedia.org/wiki/File:Monet_-_Wildenstein_1996,_1392.png"
,На скале в Дьепе,Sur la falaise de Dieppe,Wikimedia Commons,https://commons.wikimedia.org/wiki/Special:FilePath/Sur_la_falaise_de_Dieppe.jpg,,,,https://commons.wikimedia.org/wiki/File:Sur_la_falaise_de_Dieppe.jpg
,"Арки из роз, Живерни","Les arceaux de roses, Giverny",Wikimedia Commons,"https://commons.wikimedia.org/wiki/Special:FilePath/Les_Arceaux_de_roses,_Giverny_(1912-1913),_Claude_Monet_-_Musée_Marmottan_Monet.jpg",,,,"https://commons.wikimedia.org/wiki/File:Les_Arceaux_de_roses,_Giverny_(1912-1913),_Claude_Monet_-_Musée_Marmottan_Monet.jpg"
,Ясное утро с ивами,Clear Morning with Willows,Wikimedia Commons,https://commons.wikimedia.org/wiki/Special:FilePath/Claude_Monet_-_The_Water_Lilies_-_Clear_Morning_with_Willows_-_Google_Art_Project.jpg,,,,https://commons.wikimedia.org/wiki/File:Claude_Monet_-_The_Water_Lilies_-_Clear_Morning_with_Willows_-_Google_Art_Project.jpg
,Зелёные отражения,Green Reflections,Wikimedia Commons,https://commons.wikimedia.org/wiki/Special:FilePath/Claude_Monet_-_The_Water_Lilies_-_Green_Reflections_-_Google_Art_Project.jpg,,,,https://commons.wikimedia.org/wiki/File:Claude_Monet_-_The_Water_Lilies_-_Green_Reflections_-_Google_Art_Project.jpg
,Утро,Morning,Wikimedia Commons,https://commons.wikimedia.org/wiki/Special:FilePath/Claude_Monet_-_The_Water_Lilies_-_Morning_-_Google_Art_Project.jpg,,,,https://commons.wikimedia.org/wiki/File:Claude_Monet_-_The_Water_Lilies_-_Morning_-_Google_Art_Project.jpg
,Утро с ивами,Morning with Willows,Wikimedia Commons (скан каталога),"https://commons.wikimedia.org/wiki/Special:FilePath/Monet_-_Wildenstein_1996,_2e_salle,_2.png",,,,"https://commons.wikimedia.org/wiki/File:Monet_-_Wildenstein_1996,_2e_salle,_2.png"
,Утро с ивами,Morning with Willows,Wikimedia Commons (скан каталога),"https://commons.wikimedia.org/wiki/Special:FilePath/Monet_-_Wildenstein_1996,_2e_salle,_2.png",,,,"https://commons.wikimedia.org/wiki/File:Monet_-_Wildenstein_1996,_2e_salle,_2.png"
,Закат,Sunset,Wikimedia Commons,https://commons.wikimedia.org/wiki/Special:FilePath/Claude_Monet_-_The_Water_Lilies_-_Setting_Sun_-_Google_Art_Project.jpg,,,,https://commons.wikimedia.org/wiki/File:Claude_Monet_-_The_Water_Lilies_-_Setting_Sun_-_Google_Art_Project.jpg
,Облака,The Clouds,Wikimedia Commons,https://commons.wikimedia.org/wiki/Special:FilePath/Claude_Monet_-_The_Water_Lilies_-_The_Clouds_-_Google_Art_Project.jpg,,,,https://commons.wikimedia.org/wiki/File:Claude_Monet_-_The_Water_Lilies_-_The_Clouds_-_Google_Art_Project.jpg
,Две ивы,The Two Willows,Wikimedia Commons,https://commons.wikimedia.org/wiki/Special:FilePath/Claude_Monet_-_The_Water_Lilies_-_The_Two_Willows_-_Google_Art_Project.jpg,,,,https://commons.wikimedia.org/wiki/File:Claude_Monet_-_The_Water_Lilies_-_The_Two_Willows_-_Google_Art_Project.jpg
,Отражения деревьев,Tree Reflections,Wikimedia Commons,https://commons.wikimedia.org/wiki/Special:FilePath/Claude_Monet_-_The_Water_Lilies_-_Tree_Reflections_-_Google_Art_Project.jpg,,,,https://commons.wikimedia.org/wiki/File:Claude_Monet_-_The_Water_Lilies_-_Tree_Reflections_-_Google_Art_Project.jpg
,Плакучая ива и пруд с кувшинками,Weeping Willow and the Water-Lily Pond,Wikimedia Commons,https://commons.wikimedia.org/wiki/Special:FilePath/Monet_-_weeping-willow-and-water-lily-pond-2-1919.jpg,,,,https://commons.wikimedia.org/wiki/File:Monet_-_weeping-willow-and-water-lily-pond-2-1919.jpg
,Кувшинки. Ясное утро с ивами,The Water Lilies - Clear Morning with Willows,Wikimedia Commons,https://commons.wikimedia.org/wiki/Special:FilePath/Claude_Monet_-_The_Water_Lilies_-_Clear_Morning_with_Willows_-_Google_Art_Project.jpg,,,,https://commons.wikimedia.org/wiki/File:Claude_Monet_-_The_Water_Lilies_-_Clear_Morning_with_Willows_-_Google_Art_Project.jpg
,Кувшинки. Зелёные отражения,The Water Lilies - Green Reflections,Wikimedia Commons,https://commons.wikimedia.org/wiki/Special:FilePath/Claude_Monet_-_The_Water_Lilies_-_Green_Reflections_-_Google_Art_Project.jpg,,,,https://commons.wikimedia.org/wiki/File:Claude_Monet_-_The_Water_Lilies_-_Green_Reflections_-_Google_Art_Project.jpg
,Кувшинки. Утро,The Water Lilies - Morning,Wikimedia Commons,https://commons.wikimedia.org/wiki/Special:FilePath/Claude_Monet_-_The_Water_Lilies_-_Morning_-_Google_Art_Project.jpg,,,,https://commons.wikimedia.org/wiki/File:Claude_Monet_-_The_Water_Lilies_-_Morning_-_Google_Art_Project.jpg
,Кувшинки. Заходящее солнце,The Water Lilies - Setting Sun,Wikimedia Commons,https://commons.wikimedia.org/wiki/Special:FilePath/Claude_Monet_-_The_Water_Lilies_-_Setting_Sun_-_Google_Art_Project.jpg,,,,https://commons.wikimedia.org/wiki/File:Claude_Monet_-_The_Water_Lilies_-_Setting_Sun_-_Google_Art_Project.jpg
,Кувшинки. Две ивы,The Water Lilies - The Two Willows,Wikimedia Commons,https://commons.wikimedia.org/wiki/Special:FilePath/Claude_Monet_-_The_Water_Lilies_-_The_Two_Willows_-_Google_Art_Project.jpg,,,,https://commons.wikimedia.org/wiki/File:Claude_Monet_-_The_Water_Lilies_-_The_Two_Willows_-_Google_Art_Project.jpg
,Кувшинки. Отражения деревьев,The Water Lilies - Tree Reflections,Wikimedia Commons,https://commons.wikimedia.org/wiki/Special:FilePath/Claude_Monet_-_The_Water_Lilies_-_Tree_Reflections_-_Google_Art_Project.jpg,,,,https://commons.wikimedia.org/wiki/File:Claude_Monet_-_The_Water_Lilies_-_Tree_Reflections_-_Google_Art_Project.jpg
,Облака,The clouds,Wikimedia Commons,https://commons.wikimedia.org/wiki/Special:FilePath/Claude_Monet_-_The_Water_Lilies_-_The_Clouds_-_Google_Art_Project.jpg,,,,https://commons.wikimedia.org/wiki/File:Claude_Monet_-_The_Water_Lilies_-_The_Clouds_-_Google_Art_Project.jpg
,Японский мостик,Le pont japonais (Japanese Bridge),Wikimedia Commons,https://commons.wikimedia.org/wiki/Special:FilePath/Claude_Monet_-_Le_pont_japonais_(Japanese_Bridge)_-_L2016-18-1_-_Auckland_Art_Gallery.jpg,,,,https://commons.wikimedia.org/wiki/File:Claude_Monet_-_Le_pont_japonais_(Japanese_Bridge)_-_L2016-18-1_-_Auckland_Art_Gallery.jpg
,Пейзаж,Landscape,Wikimedia Commons,https://commons.wikimedia.org/wiki/Special:FilePath/7154_Paisaje.jpg,,,,https://commons.wikimedia.org/wiki/File:7154_Paisaje.jpg
,Луг в Живерни,Prairie a Giverny,нет открытого изображения,,,,,
,Сена в Пти-Женвилье,The Seine at Petit Gennevilliers,Wikimedia Commons,https://commons.wikimedia.org/wiki/Special:FilePath/Claude_Monet_The_Seine_at_Petit_Gennevilliers.jpg,,,,https://commons.wikimedia.org/wiki/File:Claude_Monet_The_Seine_at_Petit_Gennevilliers.jpg
,В лесу,in the forest,нет открытого изображения,,,,,
,Женщина с зелёным зонтиком,the woman with the green umbrella,нет открытого изображения,,,,,
,Название неразборчиво,unleserlich,нет открытого изображения,,,,,
