W,Название (рус.),Title (en),Titre (fr),Год,"Размер, см",Статус,Где хранится,Location,Страна,Country,Последняя известная продажа,Тип изображения,Изображение на сайте,Источник изображения,Wikidata,Ссылка на карточку
1,Вид в Руэле. Гавр,"View at Rouelles, Le Havre",Vue prise à Rouelles,1858,46 × 65,музей,"Художественный парк Марунума, Асака","Marunuma Art Park, Asaka",Япония,Japan,,цветная фотография,https://monet.1vasiliadi.com/img/1600/w1.webp,https://commons.wikimedia.org/wiki/File:Monet%2C_Claude_-_View_At_Rouelles%2C_Le_Havre_(1858).jpg,https://www.wikidata.org/wiki/Q22338327,https://monet.1vasiliadi.com/#w1
2,Натюрморт,Still Life,Nature morte,1859,,утрачена / местонахождение неизвестно,,,,,,нет,,,,https://monet.1vasiliadi.com/#w2
3,Натюрморт,Still Life,,1859,,утрачена / местонахождение неизвестно,,,,,,нет,,,,https://monet.1vasiliadi.com/#w3
4,Натюрморт,Still Life,,1859,,утрачена / местонахождение неизвестно,,,,,,нет,,,,https://monet.1vasiliadi.com/#w4
5,Пейзаж с заводами,Landscape with Factories,Paysage d'usines,1858–61,22 × 40,частная коллекция,,,,,,цветная фотография,https://monet.1vasiliadi.com/img/1600/w5.webp,https://commons.wikimedia.org/wiki/File:Monet_-_Paysage_d'usines_W5.jpg,https://www.wikidata.org/wiki/Q110969973,https://monet.1vasiliadi.com/#w5
5a,Пейзаж с заводами,Landscape with Factories,Paysage d'usines,1858–61,17 × 29,частная коллекция,,,Япония,Japan,,скан из каталога,https://monet.1vasiliadi.com/img/1600/w5a.webp,https://commons.wikimedia.org/wiki/File:Monet_-_Wildenstein_1996%2C_5a.png,https://www.wikidata.org/wiki/Q113975441,https://monet.1vasiliadi.com/#w5a
6,Уголок мастерской,Corner of a Studio,Coin d'atelier,1861,182 × 127,музей,"Музей Орсе, Париж","Musée d'Orsay, Paris",Франция,France,,цветная фотография,https://monet.1vasiliadi.com/img/1600/w6.webp,https://commons.wikimedia.org/wiki/File:Claude_monet%2C_angolo_dello_studio%2C_1861%2C_01.JPG,https://www.wikidata.org/wiki/Q11826533,https://monet.1vasiliadi.com/#w6
7,Натюрморт с фазаном,Still Life with Pheasant,Nature morte au faisan,1861,76 × 62.5,музей,"Музей Орсе, Париж","Musée d'Orsay, Paris",Франция,France,,цветная фотография,https://monet.1vasiliadi.com/img/1600/w7.webp,https://commons.wikimedia.org/wiki/File:Monet-faisan-mus%C3%A9e_de_rouen.jpg,https://www.wikidata.org/wiki/Q17494428,https://monet.1vasiliadi.com/#w7
8,Алжирская сцена,Algerian Scene,Scène algérienne,1861–1862,,уничтожена,,,,,,нет,,,,https://monet.1vasiliadi.com/#w8
9,Отбивная,The Cutlet,La Côtelette,1861,33 × 45,частная коллекция,,,,,,скан из каталога,https://monet.1vasiliadi.com/img/1600/w9.webp,https://commons.wikimedia.org/wiki/File:Monet_-_Wildenstein_1996%2C_9.png,https://www.wikidata.org/wiki/Q123537562,https://monet.1vasiliadi.com/#w9
10,Охотничьи трофеи,Hunting Trophy,Trophée de chasse,1862,104 × 75,музей,"Музей Орсе, Париж","Musée d'Orsay, Paris",Франция,France,,цветная фотография,https://monet.1vasiliadi.com/img/1600/w10.webp,https://commons.wikimedia.org/wiki/File:Trophies-of-the-hunt-Monet.jpg,https://www.wikidata.org/wiki/Q17495944,https://monet.1vasiliadi.com/#w10
10a,Натюрморт с куропатками,Still Life with Partridges,Nature morte aux perdrix,1862–63,54.5 × 73,частная коллекция,,,,,,скан из каталога,https://monet.1vasiliadi.com/img/1600/w10a.webp,https://commons.wikimedia.org/wiki/File:Monet_-_Wildenstein_1996%2C_10a.png,,https://monet.1vasiliadi.com/#w10a
11,Голова собаки,Dog's Head,Tête de Chien,1862–63,32 × 24.5,частная коллекция,,,,,,скан из каталога,https://monet.1vasiliadi.com/img/1600/w11.webp,https://commons.wikimedia.org/wiki/File:Monet_-_Wildenstein_1996%2C_11.png,https://www.wikidata.org/wiki/Q129305154,https://monet.1vasiliadi.com/#w11
12,Голова борзой,Greyhound's Head,Tête de Lévrier,1862–63,24 × 28,частная коллекция,,,США,United States,,скан из каталога,https://monet.1vasiliadi.com/img/1600/w12.webp,https://commons.wikimedia.org/wiki/File:Monet_-_Wildenstein_1996%2C_12.png,https://www.wikidata.org/wiki/Q130242041,https://monet.1vasiliadi.com/#w12
13,"Натюрморт с бутылкой, графином, хлебом и вином","Still Life with Bottle, Carafe, Bread and Wine","Nature morte: bouteille, carafe, pain, vin",1862–63,40.5 × 59.5,музей,"Национальная галерея искусства, Вашингтон","National Gallery of Art, Washington D.C.",США,United States,,цветная фотография,https://monet.1vasiliadi.com/img/1600/w13.webp,https://www.nga.gov/collection/art-object-page.164942.html,https://www.wikidata.org/wiki/Q20188632,https://monet.1vasiliadi.com/#w13
14,Натюрморт с мясом,Still Life with Meat,"Nature Morte, le quartier de viande",1862–63,24 × 32,музей,"Музей Орсе, Париж","Musée d'Orsay, Paris",Франция,France,,цветная фотография,https://monet.1vasiliadi.com/img/1600/w14.webp,https://commons.wikimedia.org/wiki/File:Monet_-_Stilleben_mit_Fleisch.jpg,https://www.wikidata.org/wiki/Q3873319,https://monet.1vasiliadi.com/#w14
15,Голова женщины,Head of a Woman,Tête de femme,1862–63,52 × 41.5,музей,"Музей Мармоттан-Моне, Париж","Musée Marmottan Monet, Paris",Франция,France,,скан из каталога,https://monet.1vasiliadi.com/img/1600/w15.webp,https://commons.wikimedia.org/wiki/File:Monet_-_Wildenstein_1996%2C_15.png,https://www.wikidata.org/wiki/Q105099617,https://monet.1vasiliadi.com/#w15
16,Ферма в Нормандии,Farmyard in Normandy,Cour de ferme en Normandie,1863,65 × 80,музей,"Музей Орсе, Париж","Musée d'Orsay, Paris",Франция,France,,цветная фотография,https://monet.1vasiliadi.com/img/1600/w16.webp,https://commons.wikimedia.org/wiki/File:Cour_de_ferme_en_Normandie_-_Claude_Monet.jpg,https://www.wikidata.org/wiki/Q17491137,https://monet.1vasiliadi.com/#w16
17,Дорога в лесу,Road in a Forest,Route en forêt,1864,43 × 60,частная коллекция,,,,,,цветная фотография,https://monet.1vasiliadi.com/img/1600/w17.webp,https://commons.wikimedia.org/wiki/File:Monet%2C_Claude_-_Forest_Road.jpg,https://www.wikidata.org/wiki/Q139494923,https://monet.1vasiliadi.com/#w17
18,Сборщики хвороста на опушке леса,Woodgatherers at the Edge of the Forest,"Porteuses de bois, forêt de Fontainebleau",1863,61 × 91.5,музей,"Музей изящных искусств, Бостон","Museum of Fine Arts, Boston",США,United States,,цветная фотография,https://monet.1vasiliadi.com/img/1600/w18.webp,https://commons.wikimedia.org/wiki/File:Monet_-_Woodgatherers_at_the_Edge_of_the_Forest%2C_about_1863.jpg,https://www.wikidata.org/wiki/Q20538911,https://monet.1vasiliadi.com/#w18
19,Дорога в Шайи,The Road to Chailly,Le Pavé de Chailly,1864,98 × 130,частная коллекция,,,,,,скан из каталога,https://monet.1vasiliadi.com/img/1600/w19.webp,https://commons.wikimedia.org/wiki/File:Monet_-_Wildenstein_1996%2C_19.png,https://www.wikidata.org/wiki/Q139499059,https://monet.1vasiliadi.com/#w19
20,Весенние цветы,Spring Flowers,Fleurs de printemps,1864,116.5 × 91,музей,Художественный музей Кливленда,Cleveland Museum of Art,США,United States,,цветная фотография,https://monet.1vasiliadi.com/img/1600/w20.webp,https://commons.wikimedia.org/wiki/File:Spring_Flowers%2C_by_Claude_Monet%2C_Cleveland_Museum_of_Art%2C_1953.155.jpg,https://www.wikidata.org/wiki/Q50807788,https://monet.1vasiliadi.com/#w20
21,Цветы,Flowers,Fleurs,1864,128 × 96,утрачена / местонахождение неизвестно,,,,,,нет,,,,https://monet.1vasiliadi.com/#w21
22,Морской берег в Сент-Адрессе,Seashore at Sainte-Adresse,Bord de la mer à Sainte-Adresse,1864,40 × 73,музей,Институт искусств Миннеаполиса,Minneapolis Institute of Art,США,United States,,цветная фотография,https://monet.1vasiliadi.com/img/1600/w22.webp,https://commons.wikimedia.org/wiki/File:Claude_Monet_-_The_Seashore_at_Sainte-Adresse_-_53.13_-_Minneapolis_Institute_of_Arts.jpg,https://www.wikidata.org/wiki/Q20890806,https://monet.1vasiliadi.com/#w22
22a,Этрета,Étretat,,1864,27 × 41,музей,"Ассоциация «Peindre en Normandie», Кан","Association ""Peindre en Normandie"", Caen",Франция,France,,цветная фотография,https://monet.1vasiliadi.com/img/1600/w22a.webp,https://commons.wikimedia.org/wiki/File:Claude_Monet_-_%C3%89tretat%2C_(1864).jpg,https://www.wikidata.org/wiki/Q22205321,https://monet.1vasiliadi.com/#w22a
22b,Этрета. Порт-д’Аваль,Étretat Porte d'Aval,"Étretat, porte et falaise d'Aval",1864,28 × 49,частная коллекция,,,,,Rennes Enchères Bretagne 2022,цветная фотография,https://monet.1vasiliadi.com/img/1600/w22b.webp,https://commons.wikimedia.org/wiki/File:%C3%89tretat%2C_porte_et_falaise_d'Aval_(1864)_Claude_Monet_(W_22b).jpg,,https://monet.1vasiliadi.com/#w22b
22c,Вид Сент-Адресса,View of Sainte-Adresse,Vue de Sainte-Adresse,1864,28.5 × 40.5,частная коллекция,,,,,,скан из каталога,https://monet.1vasiliadi.com/img/1600/w22c.webp,https://commons.wikimedia.org/wiki/File:Monet_-_Wildenstein_1996%2C_97.png,,https://monet.1vasiliadi.com/#w22c
23,Прибрежный пейзаж,Coastal landscape,Bord de mer,1864,53 × 80,музей,"Музей Ван Гога, Амстердам","Van Gogh Museum, Amsterdam",Нидерланды,Netherlands,,цветная фотография,https://monet.1vasiliadi.com/img/1600/w23.webp,https://commons.wikimedia.org/wiki/File:Claude_Monnet.Coastal_landscape.jpg,https://www.wikidata.org/wiki/Q50807966,https://monet.1vasiliadi.com/#w23
24,Дорога у фермы Сен-Симеон,Road by Saint-Siméon Farm,La route devant la ferme Saint-Siméon,1864,59 × 80,частная коллекция,,,,,,цветная фотография,https://monet.1vasiliadi.com/img/1600/w24.webp,https://commons.wikimedia.org/wiki/File:Claude_Monet_-_La_Route_devant_la_ferme_Saint-Sim%C3%A9on.jpg,https://www.wikidata.org/wiki/Q95626741,https://monet.1vasiliadi.com/#w24
25,Дорога у фермы Сен-Симеон,Road by Saint-Simeon Farm,La Route devant la ferme Saint-Siméon,1864,37 × 22,частная коллекция,,,,,,скан из каталога,https://monet.1vasiliadi.com/img/1600/w25.webp,https://commons.wikimedia.org/wiki/File:Monet_-_Wildenstein_1996%2C_25.png,,https://monet.1vasiliadi.com/#w25
26,Верфь малых судов близ Онфлёра,Small Boatyard near Honfleur,"Le Chantier de petits navires, près de Honfleur",1864,55 × 81,неизвестно,,,,,,цветная фотография,https://monet.1vasiliadi.com/img/1600/w26.webp,https://commons.wikimedia.org/wiki/File:Le_Chantier_de_petits_navires%2C_pr%C3%A8s_de_Honfleur_(1867)_Claude_Monet_(W27).jpg,,https://monet.1vasiliadi.com/#w26
27,Лодочная верфь близ Онфлёра,Boatyard near Honfleur,,1864,57 × 81,частная коллекция,,,Германия,Germany,,скан из каталога,https://monet.1vasiliadi.com/img/1600/w27.webp,https://commons.wikimedia.org/wiki/File:Monet_-_Wildenstein_1996%2C_27.png,,https://monet.1vasiliadi.com/#w27
28,Дорога у фермы Сен-Симеон,Road by Saint-Siméon Farm,Route de la ferme Saint-Siméon,1864,54 × 73,частная коллекция,,,Япония,Japan,,скан из каталога,https://monet.1vasiliadi.com/img/1600/w28.webp,https://commons.wikimedia.org/wiki/File:Monet_w28(1).jpg,,https://monet.1vasiliadi.com/#w28
29,Дорога у фермы Сен-Симеон,Road by Saint-Siméon Farm,La route de la ferme Saint-Siméon,1864,82 × 46,музей,"Национальный музей западного искусства, Токио","National Museum of Western Art, Tokyo",Япония,Japan,,цветная фотография,https://monet.1vasiliadi.com/img/1600/w29.webp,https://commons.wikimedia.org/wiki/File:Claude_Monet_-_Walk_(Road_of_the_Farm_Saint-Sim%C3%A9on)_-_Google_Art_Project.jpg,https://www.wikidata.org/wiki/Q19011937,https://monet.1vasiliadi.com/#w29
30,Дорога у фермы Сен-Симеон,Road by Saint-Siméon Farm,La Route de la ferme Saint-Siméon,1864,91 × 48,частная коллекция,,,,,,скан из каталога,https://monet.1vasiliadi.com/img/1600/w30.webp,https://commons.wikimedia.org/wiki/File:Monet_-_Wildenstein_1996%2C_30.png,,https://monet.1vasiliadi.com/#w30
31,Лейтенантство в Онфлёре,La Lieutenance at Honfleur,La Lieutenance à Honfleur,1864,48.5 × 73,частная коллекция,,,,,,скан из каталога,https://monet.1vasiliadi.com/img/1600/w31.webp,https://commons.wikimedia.org/wiki/File:Monet_-_Wildenstein_1996%2C_31.png,,https://monet.1vasiliadi.com/#w31
32,Лётенанс в Онфлёре,The Lieutenance at Honfleur,La Lieutenance de Honfleur,1864,53 × 73,частная коллекция,,,США,United States,,скан из каталога,https://monet.1vasiliadi.com/img/1600/w32.webp,https://commons.wikimedia.org/wiki/File:Monet_-_Wildenstein_1996%2C_32.png,,https://monet.1vasiliadi.com/#w32
33,Улица Бавол в Онфлёре,Le Rue de la Bavole at Honfleur,"Rue de la Bavole, Honfleur",1864,56 × 61,музей,"Музей изящных искусств, Бостон","Museum of Fine Arts, Boston",США,United States,,цветная фотография,https://monet.1vasiliadi.com/img/1600/w33.webp,https://commons.wikimedia.org/wiki/File:Claude_Monet_-_Rue_de_la_Bavole%2C_Honfleur_-_Google_Art_Project.jpg,https://www.wikidata.org/wiki/Q20538866,https://monet.1vasiliadi.com/#w33
34,Улица Бавол в Онфлёре,Le Rue de la Bavole at Honfleur,La rue de la Bavolle à Honfleur,1864,58 × 63,музей,"Кунстхалле, Мангейм",Kunsthalle Mannheim,Германия,Germany,,цветная фотография,https://monet.1vasiliadi.com/img/1600/w34.webp,https://commons.wikimedia.org/wiki/File:Monet_-_La_Rue_de_la_Bavolle_%C3%A0_Honfleur%2C_1864.jpg,https://www.wikidata.org/wiki/Q68969174,https://monet.1vasiliadi.com/#w34
35,Часовня Нотр-Дам-де-Грас в Онфлёре,The Chapel of Notre-dame de Grace at Honfleur,"La Chapelle de Notre-Dame-de-Grâce, Honfleur",1864,52 × 68,частная коллекция,,,,,Sotheby's 2009,цветная фотография,https://monet.1vasiliadi.com/img/1600/w35.webp,https://commons.wikimedia.org/wiki/File:La_Chapelle_de_Notre-Dame-de-Gr%C3%A2ce%2C_Honfleur_(1864)_Claude_Monet_(W_35).jpg,https://www.wikidata.org/wiki/Q141400356,https://monet.1vasiliadi.com/#w35
36,Ферма близ Онфлёра,Farm near Honfleur,Ferme près de Honfleur,1864,38 × 46,частная коллекция,,,,,"Sotheby's, New York, 1993",скан из каталога,https://monet.1vasiliadi.com/img/1600/w36.webp,https://commons.wikimedia.org/wiki/File:Monet_-_Wildenstein_1996%2C_36.png,,https://monet.1vasiliadi.com/#w36
37,"Лодку вытаскивают на берег, Онфлёр","Hauling a Boat Ashore, Honfleur","Halage d'un bateau, Honfleur",1864,55.5 × 82,музей,"Мемориальная художественная галерея, Рочестер","Memorial Art Gallery, Rochester",США,United States,,цветная фотография,https://monet.1vasiliadi.com/img/1600/w37.webp,https://commons.wikimedia.org/wiki/File:Monet_-_Towing_a_Boat%2C_Honfleur%2C_1864.jpg,https://www.wikidata.org/wiki/Q89373155,https://monet.1vasiliadi.com/#w37
38,Маяк у Оспис,Lighthouse at the Hospice,Le Phare de Honfleur,1864,54 × 81,музей,"Кунстхаус, Цюрих","Kunsthaus Zürich, Zurich",Швейцария,Switzerland,,цветная фотография,https://monet.1vasiliadi.com/img/1600/w38.webp,https://commons.wikimedia.org/wiki/File:Monet_-_Le_phare_de_Honfleur%2C_1864.jpg,https://www.wikidata.org/wiki/Q124250874,https://monet.1vasiliadi.com/#w38
39,"Мыс Эв, Онфлёр","La Pointe de la Hève, Honfleur","La Pointe de la Hève, Sainte-Adresse",1864,41 × 73,музей,"Лондонская национальная галерея, Лондон","National Gallery, London",Великобритания,United Kingdom,,цветная фотография,https://monet.1vasiliadi.com/img/1600/w39.webp,https://commons.wikimedia.org/wiki/File:Monet_Pointe_de_la_H%C3%A8ve.jpg,https://www.wikidata.org/wiki/Q24953802,https://monet.1vasiliadi.com/#w39
39a,Пляж в Сент-Адрессе,The Beach at Sainte-Adresse,La Plage de Sainte-Adresse,1864,30 × 69,музей,"Художественный музей префектуры Тотиги, Уцуномия","Tochigi Prefectural Museum of Fine Arts, Utsunomiya",Япония,Japan,,цветная фотография,https://monet.1vasiliadi.com/img/1600/w39a.webp,https://commons.wikimedia.org/wiki/File:Monet_-_Beach_of_Sainte-Adresse%2C_1864.jpg,https://www.wikidata.org/wiki/Q95920132,https://monet.1vasiliadi.com/#w39a
40,Лошади на мысе Ла-Эв,Horses at the Pointe de la Hève,Chevaux à la pointe de la Hève,1864,51.5 × 73,частная коллекция,,,США,United States,2013,цветная фотография,https://monet.1vasiliadi.com/img/1600/w40.webp,https://commons.wikimedia.org/wiki/File:Claude_Monet_-_Chevaux_%C3%A0_la_pointe_de_la_H%C3%A8ve.jpg,https://www.wikidata.org/wiki/Q50807793,https://monet.1vasiliadi.com/#w40
41,Пляж в Онфлёре,The Beach at Honfleur,Le Bord de la mer à Honfleur,1864–66,60 × 81,музей,Музей искусств округа Лос-Анджелес,Los Angeles County Museum of Art,США,United States,,цветная фотография,https://monet.1vasiliadi.com/img/1600/w41.webp,https://commons.wikimedia.org/wiki/File:'The_Beach_at_Honfleur'_by_Claude_Monet%2C_LACMA.jpg,https://www.wikidata.org/wiki/Q20881340,https://monet.1vasiliadi.com/#w41
42,Портрет стоящего мужчины,Portrait of a Man Standing,Portrait d'homme debout,1864,45.5 × 32,частная коллекция,,,,,Christie's 2016,скан из каталога,https://monet.1vasiliadi.com/img/1600/w42.webp,https://commons.wikimedia.org/wiki/File:Monet_w_42.jpg,,https://monet.1vasiliadi.com/#w42
43,Доктор Лекланше,Dr. Leclenché,Portrait d'homme assis dit aussi : Dr Leclenché,1864,46 × 32.5,музей,"Метрополитен-музей, Нью-Йорк","Metropolitan Museum of Art, New York",США,United States,,цветная фотография,https://monet.1vasiliadi.com/img/1600/w43.webp,https://commons.wikimedia.org/wiki/File:Dr._Leclench%C3%A9_MET_DT1900.jpg,https://www.wikidata.org/wiki/Q19912122,https://monet.1vasiliadi.com/#w43
44,Мужчина с трубкой,Man with a Pipe,"L'Homme à la pipe, portrait présumé de Jongkind",1864,45 × 34,частная коллекция,,,США,United States,,цветная фотография,https://monet.1vasiliadi.com/img/1600/w44.webp,https://commons.wikimedia.org/wiki/File:L'Homme_%C3%A0_la_pipe%2C_portrait_pr%C3%A9sum%C3%A9_de_Jongking_(1864)_Claude_Monet_(W_44).jpg,,https://monet.1vasiliadi.com/#w44
45,"Портрет Адольфа Моне, отца художника","Portrait of Adolphe Monet, the Artist's Father","Portrait d'Adolphe Monet, père de l'artiste",1864,,частная коллекция,,,,,,скан из каталога,https://monet.1vasiliadi.com/img/1600/w53a.webp,https://commons.wikimedia.org/wiki/File:Monet_-_Wildenstein_1996%2C_53a.png,,https://monet.1vasiliadi.com/#w45
46,"Портрет Леона Моне, брата художника","Portrait of Léon Monet, the Artist's Brother","Portrait de Léon Monet, frère de l'artiste",1864,,частная коллекция,,,,,,цветная фотография,https://monet.1vasiliadi.com/img/1600/w297a.webp,https://commons.wikimedia.org/wiki/File:Portrait_de_L%C3%A9on_Monet%2C_1874%2C_Claude_Monet.jpg,,https://monet.1vasiliadi.com/#w46
47,Натюрморт с куропатками,Still Life with Partridges,Nature morte aux perdrix,1864,,частная коллекция,,,,,,скан из каталога,https://monet.1vasiliadi.com/img/1600/w10a.webp,https://commons.wikimedia.org/wiki/File:Monet_-_Wildenstein_1996%2C_10a.png,,https://monet.1vasiliadi.com/#w47
48,Рыболовные снасти и морской пейзаж,"Fishing Gear, and Seascape","Ustensiles de pêche, et Marine",1864,,утрачена / местонахождение неизвестно,,,,,,нет,,,,https://monet.1vasiliadi.com/#w48
49,Торговцы рыбой в предместье,Fish Sellers in the Faubourg,Marchands de poisson dans le Faubourg,1864,,утрачена / местонахождение неизвестно,,,,,,нет,,,,https://monet.1vasiliadi.com/#w49
50,Повозка на заснеженной дороге в Онфлёре,A Cart on the Snowy Road at Honfleur,La Charrette. Route sous la neige à Honfleur,1865/1867,65 × 92,музей,"Музей Орсе, Париж","Musée d'Orsay, Paris",Франция,France,,цветная фотография,https://monet.1vasiliadi.com/img/1600/w50.webp,https://commons.wikimedia.org/wiki/File:Monet%2C_A_Cart_on_the_Snowy_Road_at_Honfleur_(1865_or_1867).jpg,https://www.wikidata.org/wiki/Q17491886,https://monet.1vasiliadi.com/#w50
51,Устье Сены в Онфлёре,Mouth of the Seine at Honfleur,L'embouchure de la Seine à Honfleur,1865,90 × 150,музей,"Музей Нортона Саймона, Пасадина","Norton Simon Museum, Pasadena",США,United States,,цветная фотография,https://monet.1vasiliadi.com/img/1600/w51.webp,https://commons.wikimedia.org/wiki/File:Claude_Monet_-_Mouth_of_the_Seine_-_1865.jpg,https://www.wikidata.org/wiki/Q50807964,https://monet.1vasiliadi.com/#w51
52,Мыс Ла-Эв в отлив,The Pointe de la Heve at Low Tide,La Pointe de la Hève à marée basse,1865,90 × 150,музей,"Художественный музей Кимбелла, Форт-Уэрт","Kimbell Art Museum, Fort Worth",США,United States,,цветная фотография,https://monet.1vasiliadi.com/img/1600/w52.webp,https://commons.wikimedia.org/wiki/File:Claude_Monet_-_La_Pointe_de_la_H%C3%A8ve_at_Low_Tide_-_Google_Art_Project.jpg,https://www.wikidata.org/wiki/Q28776277,https://monet.1vasiliadi.com/#w52
53,Портрет мужчины: Адольф Моне,Portrait of a Man: Adolphe Monet,Portrait d'homme : Adolphe Monet,1865,53 × 45,музей,"Художественный музей Циммерли, Нью-Брансуик","Zimmerli Art Museum, New Brunswick",США,United States,,цветная фотография,https://monet.1vasiliadi.com/img/1600/w53.webp,https://commons.wikimedia.org/wiki/File:Portrait_of_Claude-Adolphe_Monet%2C_the_Artist's_Father.jpg,https://www.wikidata.org/wiki/Q90911703,https://monet.1vasiliadi.com/#w53
53a,"Адольф Моне, отец художника","Adolphe Monet, Father of the Artist","Portrait d'Adolphe Monet, père de l'artiste",1865,46 × 38,частная коллекция,,,,,,скан из каталога,https://monet.1vasiliadi.com/img/1600/w53a.webp,https://commons.wikimedia.org/wiki/File:Monet_-_Wildenstein_1996%2C_53a.png,,https://monet.1vasiliadi.com/#w53a
54,Виктор Жакмон с зонтиком,Victor Jacquemont Holding a Parasol,Portrait de Victor Jacquemont au parasol,1865,105 × 61.5,музей,"Кунстхаус, Цюрих","Kunsthaus Zürich, Zurich",Швейцария,Switzerland,,цветная фотография,https://monet.1vasiliadi.com/img/1600/w54.webp,https://commons.wikimedia.org/wiki/File:Monet_Jacquemont_Victor.jpg,https://www.wikidata.org/wiki/Q50807967,https://monet.1vasiliadi.com/#w54
55,Двор фермы в Шайи,Farmyard at Chailly,Cour de ferme à Chailly,1865,54 × 80,частная коллекция,,,,,,цветная фотография,https://commons.wikimedia.org/wiki/Special:FilePath/Cour%20de%20ferme%20%C3%A0%20Chailly%20(1865)%20Claude%20Monet%20(W%2055).jpg?width=1600,https://commons.wikimedia.org/wiki/File:Cour_de_ferme_%C3%A0_Chailly_(1865)_Claude_Monet_(W_55).jpg,,https://monet.1vasiliadi.com/#w55
55a,Стога в Шайи на восходе солнца,Haystacks at Chailly at Sunrise,"Meules près de Chailly, soleil levant",1865,30 × 60,музей,Художественный музей Сан-Диего,San Diego Museum of Art,США,United States,,цветная фотография,https://monet.1vasiliadi.com/img/1600/w55a.webp,https://commons.wikimedia.org/wiki/File:Haystacks_at_Chailly_at_Sunrise%2C_1865%2C_oil_on_canvas%2C_11_7-8_x_23_3-4_inches_(30_x_60_cm)%2C_San_Diego_Museum_of_Art.jpg,https://www.wikidata.org/wiki/Q50808003,https://monet.1vasiliadi.com/#w55a
56,Дорога в Шайи,The Road to Chailly,Le Pavé de Chailly,1865,42 × 59,музей,"Музей Орсе, Париж","Musée d'Orsay, Paris",Франция,France,,цветная фотография,https://monet.1vasiliadi.com/img/1600/w56.webp,https://commons.wikimedia.org/wiki/File:Monet_Le_Pave_de_Chailly_Musee_dOrsay.JPG,https://www.wikidata.org/wiki/Q17493132,https://monet.1vasiliadi.com/#w56
57,Дорога в Шайи в лесу Фонтенбло,Le Pavé de Chailly in the Fontainebleau Forest,Le Pavé de Chailly dans la forêt de Fontainebleau,1865,97 × 130,музей,"Ордрупгор, Копенгаген","Ordrupgaard, Copenhagen",Дания,Denmark,,цветная фотография,https://monet.1vasiliadi.com/img/1600/w57.webp,https://commons.wikimedia.org/wiki/File:Le_Pav%C3%A9_de_Chailly_in_the_Forest_of_Fontainebleau_(Monet).jpg,https://www.wikidata.org/wiki/Q50434661,https://monet.1vasiliadi.com/#w57
58,Тропа в лесу,Path in the Forest,Chemin sous bois,1865,79 × 58,музей,"Собрание Рау для ЮНИСЕФ, Музей Арпа «Вокзал Роландсэк», Ремаген","Sammlung Rau fuer UNICEF, Arp Museum Bahnhof Rolandseck, Remagen",Германия,Germany,,цветная фотография,https://monet.1vasiliadi.com/img/1600/w58.webp,https://commons.wikimedia.org/wiki/File:Wuppertal_Turmhof_2009_002.jpg,https://www.wikidata.org/wiki/Q78833093,https://monet.1vasiliadi.com/#w58
59,Лес Фонтенбло,Fontainebleau Forest,Forêt de Fontainebleau,1865,50 × 65,музей,Художественный музей Винтертура,Kunstmuseum Winterthur,Швейцария,Switzerland,,цветная фотография,https://monet.1vasiliadi.com/img/1600/w59.webp,https://commons.wikimedia.org/wiki/File:Monet_-_Wald_von_Fontainbleau.jpeg,https://www.wikidata.org/wiki/Q50807667,https://monet.1vasiliadi.com/#w59
60,Дуб Бодмера,"The Bodmer Oak, Fontainebleau","Le Chêne de Bodmer, la route de Chailly",1865,97 × 130,музей,"Метрополитен-музей, Нью-Йорк","Metropolitan Museum of Art, New York",США,United States,,цветная фотография,https://monet.1vasiliadi.com/img/1600/w60.webp,https://commons.wikimedia.org/wiki/File:The_Bodmer_Oak%2C_Fontainebleau_Forest_MET_DT1560.jpg,https://www.wikidata.org/wiki/Q19905237,https://monet.1vasiliadi.com/#w60
60a,Дуб Бодмера,The Bodmer Oak,"Chêne au Bas-Bréau, le Bodmer",1865,54 × 40,частная коллекция,,,США,United States,Sotheby's 2008,цветная фотография,https://monet.1vasiliadi.com/img/1600/w60a.webp,https://commons.wikimedia.org/wiki/File:Claude_Monet%2C_Un_ch%C3%AAne_au_Bas-Br%C3%A9au%2C_le_Bodmer.jpg,,https://monet.1vasiliadi.com/#w60a
61,Гуляющие (этюд к «Завтраку на траве»),The Strollers (study for Luncheon on the Grass),Bazille et Camille,1865,93.5 × 69.5,музей,"Национальная галерея искусства, Вашингтон","National Gallery of Art, Washington D.C.",США,United States,,цветная фотография,https://monet.1vasiliadi.com/img/1600/w61.webp,https://www.nga.gov/collection/art-object-page.52185.html,https://www.wikidata.org/wiki/Q20188658,https://monet.1vasiliadi.com/#w61
62,Завтрак на траве (этюд к № 63),Luncheon on the Grass (study),Le Déjeuner sur l'herbe,1865,130 × 181,музей,"ГМИИ им. Пушкина, Москва","Pushkin Museum, Moscow",Россия,Russia,,цветная фотография,https://monet.1vasiliadi.com/img/1600/w62.webp,https://commons.wikimedia.org/wiki/File:Claude_Monet_-_Le_D%C3%A9jeuner_sur_l'herbe_(1866)_-_Pushkin_Museum_%D0%96-3307.jpg,https://www.wikidata.org/wiki/Q50434651,https://monet.1vasiliadi.com/#w62
63,Завтрак на траве,Le Déjeuner sur l’herbe - left panel,Le Déjeuner sur l'herbe,1865–66,418 × 150,музей,"Музей Орсе, Париж","Musée d'Orsay, Paris",Франция,France,,цветная фотография,https://monet.1vasiliadi.com/img/1600/w63.webp,https://commons.wikimedia.org/wiki/File:Claude_Monet_-_Le_D%C3%A9jeuner_sur_l'herbe%2C_partie_gauche.jpg,https://www.wikidata.org/wiki/Q1167912,https://monet.1vasiliadi.com/#w63
63a,"Завтрак на траве, левая часть","Luncheon on the Grass, Left Panel","Le Déjeuner sur l'herbe, Partie gauche",1866,418 × 150,музей,"Музей Орсе, Париж","Musée d'Orsay, Paris",Франция,France,,цветная фотография,https://monet.1vasiliadi.com/img/1600/w63a.webp,https://commons.wikimedia.org/wiki/File:Claude_Monet_-_Le_D%C3%A9jeuner_sur_l'herbe%2C_partie_gauche.jpg,https://www.wikidata.org/wiki/Q17492904,https://monet.1vasiliadi.com/#w63a
63b,"Завтрак на траве, центральная часть","Luncheon on the Grass, Central Panel","Le Déjeuner sur l'herbe, partie centrale",1866,248.7 × 218,музей,"Музей Орсе, Париж","Musée d'Orsay, Paris",Франция,France,,цветная фотография,https://monet.1vasiliadi.com/img/1600/w63b.webp,https://commons.wikimedia.org/wiki/File:Le_D%C3%A9jeuner_sur_l'herbe_-_Monet_(Middle_fragment%2C_Mus%C3%A9e_d'Orsay).jpg,https://www.wikidata.org/wiki/Q141420094,https://monet.1vasiliadi.com/#w63b
64,Камилла с собачкой,Camille with a Small Dog,Camille au petit chien,1866,73 × 54,частная коллекция,,,Швейцария,Switzerland,,скан из каталога,https://monet.1vasiliadi.com/img/1600/w64.webp,https://commons.wikimedia.org/wiki/File:Monet_w64.jpg,,https://monet.1vasiliadi.com/#w64
65,Камилла в зелёном платье,Camille (also known as The Woman in a Green Dress),La Femme en robe verte,1866,231 × 151,музей,"Кунстхалле, Бремен",Kunsthalle Bremen,Германия,Germany,,цветная фотография,https://monet.1vasiliadi.com/img/1600/w65.webp,https://commons.wikimedia.org/wiki/File:Claude_Monet_-_Camille.JPG,https://www.wikidata.org/wiki/Q829572,https://monet.1vasiliadi.com/#w65
66,Камилла (реплика),Camille (Replica),Camille en robe verte,1866,81 × 55,музей,"Национальный художественный музей Румынии, Бухарест","National Museum of Art of Romania, Bucharest",Румыния,Romania,,цветная фотография,https://monet.1vasiliadi.com/img/1600/w66.webp,https://commons.wikimedia.org/wiki/File:Camille_in_the_Green_Dress_(1866)_Claude_Monet_-_Muzeul_Na%C8%9Bional_de_Art%C4%83_al_Rom%C3%A2niei_(W66).jpg,https://www.wikidata.org/wiki/Q68372817,https://monet.1vasiliadi.com/#w66
67,Женщины в саду,Women in the Garden,Femmes au jardin,1866,256 × 208,музей,"Музей Орсе, Париж","Musée d'Orsay, Paris",Франция,France,,цветная фотография,https://monet.1vasiliadi.com/img/1600/w67.webp,https://commons.wikimedia.org/wiki/File:Frauen_im_Garten_-_Claude_Monet_-_Paris_1863_%E2%80%93_1874-_Revolution_in_der_Kunst-4703.jpg,https://www.wikidata.org/wiki/Q2734892,https://monet.1vasiliadi.com/#w67
68,Дама в саду Сент-Адресс,Woman in the Garden,La Dame en blanc au jardin,1867,80 × 99,музей,"Эрмитаж, Санкт-Петербург","Hermitage Museum, St Petersburg",Россия,Russia,,цветная фотография,https://monet.1vasiliadi.com/img/1600/w68.webp,https://commons.wikimedia.org/wiki/File:Monet-Lady_in_the_Garden.jpg,https://www.wikidata.org/wiki/Q681876,https://monet.1vasiliadi.com/#w68
68a,Адольф Моне в саду Ле-Кото в Сент-Адрессе,Adolphe Monet in the Garden of Le Coteau at Sainte-Adresse,Adolphe Monet lisant dans un jardin,1867,81 × 99,частная коллекция,,,,,,цветная фотография,https://monet.1vasiliadi.com/img/1600/w68a.webp,https://commons.wikimedia.org/wiki/File:Monet-Lady_in_the_Garden.jpg,https://www.wikidata.org/wiki/Q50807664,https://monet.1vasiliadi.com/#w68a
69,Цветущий сад,Garden in Flower,"Jardin en fleurs, à Sainte-Adresse",1866,65 × 54,музей,"Музей Орсе, Париж","Musée d'Orsay, Paris",Франция,France,,цветная фотография,https://monet.1vasiliadi.com/img/1600/w69.webp,https://commons.wikimedia.org/wiki/File:Claude_Monet_007.jpg,https://www.wikidata.org/wiki/Q17491735,https://monet.1vasiliadi.com/#w69
70,Ваза с персиками,Jar of Peaches,Bocal de pêches,1866,55.5 × 46,музей,Государственные художественные собрания Дрездена,Staatliche Kunstsammlungen Dresden,Германия,Germany,,цветная фотография,https://monet.1vasiliadi.com/img/1600/w70.webp,https://commons.wikimedia.org/wiki/File:Claude_Monet_-_Jar_of_Peaches_-_Google_Art_Project.jpg,https://www.wikidata.org/wiki/Q18683988,https://monet.1vasiliadi.com/#w70
71,Морской пейзаж. Ночь,"Seascape, Night Effect","Paysage marin, effet de nuit",1866,59.5 × 72.5,музей,"Шотландская национальная галерея, Эдинбург","Scottish National Gallery, Edinburgh",Великобритания,United Kingdom,,цветная фотография,https://monet.1vasiliadi.com/img/1600/w71.webp,https://commons.wikimedia.org/wiki/File:Claude_Monet_-_A_Seascape%2C_Shipping_by_Moonlight_-_Google_Art_Project.jpg,https://www.wikidata.org/wiki/Q18683374,https://monet.1vasiliadi.com/#w71
72,Морской пейзаж,Seascape,"Marine, Le Havre",1866,42 × 59.5,музей,"Ордрупгор, Копенгаген","Ordrupgaard, Copenhagen",Дания,Denmark,,цветная фотография,https://monet.1vasiliadi.com/img/1600/w72.webp,https://commons.wikimedia.org/wiki/File:Claude_Monet_-_Marine%2C_Le_Havre_-_Ordrupgaard.jpg,https://www.wikidata.org/wiki/Q66254514,https://monet.1vasiliadi.com/#w72
73,Зеленая волна,The Green Wave,La Vague verte,1866,49 × 65,музей,"Метрополитен-музей, Нью-Йорк","Metropolitan Museum of Art, New York",США,United States,,цветная фотография,https://monet.1vasiliadi.com/img/1600/w73.webp,https://commons.wikimedia.org/wiki/File:The_Green_Wave_MET_DT1896.jpg,https://www.wikidata.org/wiki/Q19911668,https://monet.1vasiliadi.com/#w73
74,Рыбацкие лодки. Онфлёр,"Fishing Boats, Honfleur","Bateaux de pêche, Honfleur",1867,38 × 46,музей,"Национальный художественный музей Румынии, Бухарест","National Museum of Art of Romania, Bucharest",Румыния,Romania,,цветная фотография,https://monet.1vasiliadi.com/img/1600/w74.webp,https://commons.wikimedia.org/wiki/File:Monet_Bateaux_de_p%C3%AAche%2C_Honfleur_w74.jpg,https://www.wikidata.org/wiki/Q68372814,https://monet.1vasiliadi.com/#w74
75,Парусники в Онфлёре,Sailing Boats at Honfleur,Bateaux à Honfleur,1866,55 × 46,частная коллекция,,,Швейцария,Switzerland,,скан из каталога,https://monet.1vasiliadi.com/img/1600/w75.webp,https://commons.wikimedia.org/wiki/File:Monet_w75.jpg,,https://monet.1vasiliadi.com/#w75
76,Рыбацкие лодки (этюд),Fishing Boats (study),Barques de pêche,1866,45 × 55,частная коллекция,,,,,2023,цветная фотография,https://monet.1vasiliadi.com/img/1600/w76.webp,https://commons.wikimedia.org/wiki/File:Barques_de_p%C3%AAche_(1866)_de_Claude_Monet_(W76).jpg,,https://monet.1vasiliadi.com/#w76
77,Порт Онфлёра,Port of Honfleur,Le Port de Honfleur,1867,148 × 226,уничтожена,,,,,,скан из каталога,https://monet.1vasiliadi.com/img/1600/w77.webp,https://commons.wikimedia.org/wiki/File:Monet_-_Wildenstein_1996%2C_77.png,,https://monet.1vasiliadi.com/#w77
77a,Лодки в порту Онфлёра,Boats in the Port of Honfleur,Bateaux dans le port de Honfleur,1866,49 × 65,частная коллекция,,,,,2022,цветная фотография,https://monet.1vasiliadi.com/img/1600/w77a.webp,https://commons.wikimedia.org/wiki/File:Claude_monet_bateaux_dans_le_port_de_honfleur040433).jpg,https://www.wikidata.org/wiki/Q114711469,https://monet.1vasiliadi.com/#w77a
78,Портрет Ш. Ф. Лапьера,Portrait of Ch. F. Lapierre,Portrait de Ch. F. Lapierre,1893,,утрачена / местонахождение неизвестно,,,,,,нет,,,,https://monet.1vasiliadi.com/#w78
79,Дорога перед фермой Сен-Симеон зимой,The Road in Front of Saint-Simeon Farm in Winter,"Environs de Honfleur, neige",1867,81 × 100,музей,"Музей Орсе, Париж","Musée d'Orsay, Paris",Франция,France,,цветная фотография,https://monet.1vasiliadi.com/img/1600/w79.webp,https://commons.wikimedia.org/wiki/File:1867_The_Road_in_front_of_Saint-Simeon_Farm_in_Winter.jpg,https://www.wikidata.org/wiki/Q29654799,https://monet.1vasiliadi.com/#w79
80,Дорога к ферме Сен-Симеон,Road to the Farm of Saint-Simeon,"La Route de la ferme Saint-Siméon, effet de neige",1867,56 × 81,музей,"Музей Фогга, Кембридж (Массачусетс)","Fogg Museum, Cambridge",США,United States,,цветная фотография,https://monet.1vasiliadi.com/img/1600/w80.webp,https://commons.wikimedia.org/wiki/File:Monet_-_Road_toward_the_Farm_Saint-Sim%C3%A9on%2C_Honfleur%2C_1867.jpg,https://www.wikidata.org/wiki/Q70781190,https://monet.1vasiliadi.com/#w80
81,Дорога к ферме Сен-Симеон зимой,The Road to the Farm of Saint-Simeon in Winter,La Route de la ferme Saint-Siméon en hiver,1867,49 × 65,частная коллекция,,,,,2008,цветная фотография,https://monet.1vasiliadi.com/img/1600/w81.webp,https://commons.wikimedia.org/wiki/File:LA_ROUTE_DE_LA_FERME_SAINT-SIM%C3%89ON_EN_HIVER_(1867)_Claude_Monet_(W81).jpg,,https://monet.1vasiliadi.com/#w81
82,Заснеженная дорога в Онфлёре,The Snowy Road at Honfleur,"La Route sous la neige, à Honfleur",1867,75 × 100,частная коллекция,,,США,United States,,скан из каталога,https://monet.1vasiliadi.com/img/1600/w82.webp,https://commons.wikimedia.org/wiki/File:Monet_-_Wildenstein_1996%2C_82.png,,https://monet.1vasiliadi.com/#w82
83,Набережная Лувра,The Quai du Louvre,,1867,65 × 92,музей,Художественный музей Гааги,Kunstmuseum Den Haag,Нидерланды,Netherlands,,цветная фотография,https://monet.1vasiliadi.com/img/1600/w83.webp,https://commons.wikimedia.org/wiki/File:Quai_du_Louvre_1867%2C_by_Claude_Monet.jpg,https://www.wikidata.org/wiki/Q24046880,https://monet.1vasiliadi.com/#w83
84,Сен-Жермен в Париже,Saint-Germain-l'Auxerrois,St. Germain l'Auxerrois Paris,1867,79 × 98,музей,"Старая национальная галерея, Берлин","Alte Nationalgalerie, Berlin",Германия,Germany,,цветная фотография,https://monet.1vasiliadi.com/img/1600/w84.webp,https://commons.wikimedia.org/wiki/File:Monet%2C_Saint-Germain-l'Auxerrois_in_Paris%2C_1867%2C_Alte_Nationalgalerie%2C_Berlin_(40147039542).jpg,https://www.wikidata.org/wiki/Q18683944,https://monet.1vasiliadi.com/#w84
85,Сад инфанты,Garden of the Princess,Le Jardin de l'Infante,1867,91 × 62,музей,"Мемориальный художественный музей Аллена, Оберлин","Allen Memorial Art Museum, Oberlin",США,United States,,цветная фотография,https://monet.1vasiliadi.com/img/1600/w85.webp,https://commons.wikimedia.org/wiki/File:Monet_-_Garten_der_Infantin.jpg,https://www.wikidata.org/wiki/Q28828034,https://monet.1vasiliadi.com/#w85
86,Бурное море,Stormy Seascape,"Marine, orage",1867,49 × 64,музей,"Институт искусств Кларка, Уильямстаун","Clark Art Institute, Williamstown",США,United States,,цветная фотография,https://monet.1vasiliadi.com/img/1600/w86.webp,https://commons.wikimedia.org/wiki/File:Claude_Monet%2C_Seascape_-_Storm.JPG,https://www.wikidata.org/wiki/Q55647396,https://monet.1vasiliadi.com/#w86
87,Вход в порт Гавра,L'Entrée du port de Le Havre,L'Entrée du port du Havre,1867,50 × 61,музей,"Музей Нортона Саймона, Пасадина","Norton Simon Museum, Pasadena",США,United States,,цветная фотография,https://monet.1vasiliadi.com/img/1600/w87.webp,https://commons.wikimedia.org/wiki/File:'The_Entrance_to_the_Port_of_Le_Havre'_by_Monet%2C_Norton_Simon_Museum.JPG,https://www.wikidata.org/wiki/Q50807790,https://monet.1vasiliadi.com/#w87
87a,В порту Онфлёра,In the Port of Honfleur,Dans le port de Honfleur,1867,6.5 × 9,частная коллекция,,,,,,скан из каталога,https://monet.1vasiliadi.com/img/1600/w87a.webp,https://commons.wikimedia.org/wiki/File:Monet_-_Wildenstein_1996%2C_87a.png,,https://monet.1vasiliadi.com/#w87a
88,Мол в Гавре в непогоду,The Jetty of Le Havre in Rough Weather,La Jetée du Havre par mauvais temps,1867,50 × 61,частная коллекция,,,,,,скан из каталога,https://monet.1vasiliadi.com/img/1600/w88.webp,https://commons.wikimedia.org/wiki/File:Monet_w88.jpg,,https://monet.1vasiliadi.com/#w88
89,"Корабли, выходящие из гавани Гавра",Ships Leaving the Jetties of Le Havre,Navires sortant des jetées du Havre,1867–1868,50 × 61,утрачена / местонахождение неизвестно,,,,,,скан из каталога,https://monet.1vasiliadi.com/img/1600/w89.webp,https://commons.wikimedia.org/wiki/File:Monet_-_Wildenstein_1996%2C_89.png,,https://monet.1vasiliadi.com/#w89
90,Пляж в Сент-Адрессе,The Beach at Sainte-Adresse,La Plage de Sainte-Adresse,1867,59 × 80,частная коллекция,,,,,"Christie's, London, 1991",скан из каталога,https://monet.1vasiliadi.com/img/1600/w90.webp,https://commons.wikimedia.org/wiki/File:Monet_-_Wildenstein_1996%2C_90.png,,https://monet.1vasiliadi.com/#w90
91,Регата в Сент-Адрессе,Regatta at Sainte-Adresse,Les Régates à Sainte-Adresse,1867,75.5 × 101.5,музей,"Метрополитен-музей, Нью-Йорк","Metropolitan Museum of Art, New York",США,United States,,цветная фотография,https://monet.1vasiliadi.com/img/1600/w91.webp,https://commons.wikimedia.org/wiki/File:Claude_Monet%2C_1867%2C_Regatta_at_Sainte-Adresse%2C_Metropolitan_Museum_of_Art.jpg,https://www.wikidata.org/wiki/Q734082,https://monet.1vasiliadi.com/#w91
92,Пляж в Сент-Адрессе,The Beach at Sainte-Adresse,La Plage de Sainte-Adresse,1867,75 × 101,музей,Чикагский институт искусств,Art Institute of Chicago,США,United States,,цветная фотография,https://monet.1vasiliadi.com/img/1600/w92.webp,https://commons.wikimedia.org/wiki/File:Claude_Monet_-_The_Beach_at_Sainte-Adresse_-_Google_Art_Project.jpg,https://www.wikidata.org/wiki/Q3966658,https://monet.1vasiliadi.com/#w92
93,Сент-Адресс. Рыбацкие лодки на берегу,"Sainte-Adresse, Fishing Boats on the Shore",Sainte-Adresse,1867,57 × 80,музей,"Национальная галерея искусства, Вашингтон","National Gallery of Art, Washington D.C.",США,United States,,цветная фотография,https://monet.1vasiliadi.com/img/1600/w93.webp,https://www.nga.gov/collection/art-object-page.71550.html,https://www.wikidata.org/wiki/Q20188702,https://monet.1vasiliadi.com/#w93
93a,Прогулка по скалам Сент-Адресса,Taking a Walk on the Cliffs of Sainte-Adresse,Promenade sur la falaise de Sainte-Adresse,1867,54 × 79,музей,"Художественный музей Мацуоки, Токио","Matsuoka Museum of Art, Tokyo",Япония,Japan,,цветная фотография,https://monet.1vasiliadi.com/img/1600/w93a.webp,https://commons.wikimedia.org/wiki/File:Promenade_sur_la_falaise_de_Sainte-Adresse%2C_by_Claude_Monet%2C_1867%2C_oil_on_canvas_-_Matsuoka_Museum_of_Art_-_Tokyo%2C_Japan_-_DSC07396.JPG,https://www.wikidata.org/wiki/Q50807666,https://monet.1vasiliadi.com/#w93a
94,Хижина в Сент-Адрессе,The Cabin at Sainte-Adresse,La cabane de Sainte-Adresse,1867,52 × 62,музей,"Музей искусства и истории, Женева","Musée d'Art et d'Histoire (Geneva), Geneva",Швейцария,Switzerland,,цветная фотография,https://monet.1vasiliadi.com/img/1600/w94.webp,https://commons.wikimedia.org/wiki/File:Claude_monet%2C_la_cabene_de_saint-adresse%2C_1867.JPG,https://www.wikidata.org/wiki/Q50700359,https://monet.1vasiliadi.com/#w94
95,Терраса в Сент-Адресс,Garden at Sainte-Adresse,Terrasse à Sainte-Adresse,1867,98 × 130,музей,"Метрополитен-музей, Нью-Йорк","Metropolitan Museum of Art, New York",США,United States,,цветная фотография,https://monet.1vasiliadi.com/img/1600/w95.webp,https://commons.wikimedia.org/wiki/File:Claude_Monet_-_Jardin_%C3%A0_Sainte-Adresse.jpg,https://www.wikidata.org/wiki/Q432253,https://monet.1vasiliadi.com/#w95
96,Адольф Моне в саду Ле-Кото в Сент-Адрессе,Adolphe Monet in the Garden of Le Coteau at Sainte-Adresse,Adolphe Monet lisant dans un jardin,1867,81 × 99,частная коллекция,,,,,,цветная фотография,https://monet.1vasiliadi.com/img/1600/w68a.webp,https://commons.wikimedia.org/wiki/File:Monet-Lady_in_the_Garden.jpg,,https://monet.1vasiliadi.com/#w96
97,Вид Сент-Адресса,View of Sainte-Adresse,Vue de Sainte-Adresse,1864,28.5 × 40.5,частная коллекция,,,,,,скан из каталога,https://monet.1vasiliadi.com/img/1600/w97.webp,https://commons.wikimedia.org/wiki/File:Monet_-_Wildenstein_1996%2C_97.png,,https://monet.1vasiliadi.com/#w97
98,Улица в Сент-Адрессе,Street in Sainte-Adresse,Rue à Sainte-Adresse,1867,80 × 59.5,музей,"Институт искусств Кларка, Уильямстаун","Clark Art Institute, Williamstown",США,United States,,цветная фотография,https://monet.1vasiliadi.com/img/1600/w98.webp,https://commons.wikimedia.org/wiki/File:Claude_Monet_-_Street_in_Sainte-Adresse_(1867).jpg,https://www.wikidata.org/wiki/Q50807954,https://monet.1vasiliadi.com/#w98
99,Портрет мужчины,Portrait of a Man,Portrait d'homme,1867,35 × 26.5,частная коллекция,,,США,United States,,цветная фотография,https://monet.1vasiliadi.com/img/1600/w99.webp,https://commons.wikimedia.org/wiki/File:Claude_Monet._1867_Portrait_of_a_man.jpg,,https://monet.1vasiliadi.com/#w99
100,Портрет Эрнеста Кабада,Portrait of Ernest Cabade,Dr. Ernest Cabadé,1867,61 × 46,музей,"Музей Фогга, Художественные музеи Гарварда, Кембридж (Массачусетс)","Fogg Museum, Harvard Art Museums, Cambridge (MA)",США,United States,,цветная фотография,https://monet.1vasiliadi.com/img/1600/w100.webp,https://commons.wikimedia.org/wiki/File:Portrait_d'Ernest_Cabad%C3%A9_(1867)_de_Claude_Monet.jpg,,https://monet.1vasiliadi.com/#w100
101,Жан Моне в колыбели,Jean Monet in His Cradle,Jean Monet dans son berceau,1867,116 × 89,музей,"Национальная галерея искусства, Вашингтон","National Gallery of Art, Washington D.C.",США,United States,,цветная фотография,https://monet.1vasiliadi.com/img/1600/w101.webp,https://www.nga.gov/collection/art-object-page.61375.html,https://www.wikidata.org/wiki/Q20188693,https://monet.1vasiliadi.com/#w101
102,Натюрморт с птицами и фруктами,Still Life with Birds and Fruit,"Nature morte, oiseaux et fruits",1867,50 × 61,частная коллекция,,,Франция,France,,скан из каталога,https://monet.1vasiliadi.com/img/1600/w102.webp,https://commons.wikimedia.org/wiki/File:Monet_w_102.jpg,,https://monet.1vasiliadi.com/#w102
103,"Натюрморт, груши и виноград","Still Life, Pears and Grapes","Nature morte, poires et raisin",1867,46 × 56,частная коллекция,,,,,,скан из каталога,https://monet.1vasiliadi.com/img/1600/w103.webp,https://commons.wikimedia.org/wiki/File:Monet_-_Wildenstein_1996%2C_103.png,,https://monet.1vasiliadi.com/#w103
104,Груши и виноград,Pears and Grapes,Poires et Raisins,1867–68,64.5 × 80,частная коллекция,,,Франция,France,,скан из каталога,https://monet.1vasiliadi.com/img/1600/w104.webp,https://commons.wikimedia.org/wiki/File:Monet_w_104.jpg,,https://monet.1vasiliadi.com/#w104
105,Ледоход на Сене в Буживале,Ice Floes on the Seine at Bougival,Glaçons à Bougival,1867–68,65 × 81,музей,"Лувр, Париж","Musée du Louvre, Paris",Франция,France,,цветная фотография,https://monet.1vasiliadi.com/img/1600/w105.webp,https://commons.wikimedia.org/wiki/File:Monet_-_ice-floes-on-the-seine-at-bougival-1868.jpg,https://www.wikidata.org/wiki/Q29654797,https://monet.1vasiliadi.com/#w105
106,Снег на реке,Snow on the River,Neige sur la rivière,1867–68,59.5 × 73.5,частная коллекция,,,,,,скан из каталога,https://monet.1vasiliadi.com/img/1600/w106.webp,https://commons.wikimedia.org/wiki/File:Monet_w_106.jpg,,https://monet.1vasiliadi.com/#w106
107,"Китайская картина с флажками, известная также как «Японец с флажками»","Chinese Painting with Flags, also known as The Japanese Boy with Small Flags",Tableau chinois où il y a des drapeaux dit aussi : Le Japonais aux petits drapeaux,1868,,утрачена / местонахождение неизвестно,,,,,,нет,,,,https://monet.1vasiliadi.com/#w107
108,Спящий Жан Моне,Jean Monet Sleeping,Jean Monet endormi,1868,42 × 50,музей,"Новая глиптотека Карлсберга, Копенгаген","Ny Carlsberg Glyptotek, Copenhagen",Дания,Denmark,,цветная фотография,https://monet.1vasiliadi.com/img/1600/w108.webp,https://commons.wikimedia.org/wiki/File:Monet_-_Jean_Monet_endormi.jpg,https://www.wikidata.org/wiki/Q76424010,https://monet.1vasiliadi.com/#w108
109,Мол в Гавре,The Jetty at Le Havre,La Jetée du Havre,1868,147 × 226,частная коллекция,,,,,1993,скан из каталога,https://monet.1vasiliadi.com/img/1600/w109.webp,https://commons.wikimedia.org/wiki/File:Monet_w109.jpg,,https://monet.1vasiliadi.com/#w109
110,Речной вид в Беннекуре,River Scene at Bennecourt,Sur les bords de Seine à Bennecourt,1868,81 × 100,музей,Чикагский институт искусств,Art Institute of Chicago,США,United States,,цветная фотография,https://monet.1vasiliadi.com/img/1600/w110.webp,https://www.artic.edu/artworks/81539,https://www.wikidata.org/wiki/Q20268615,https://monet.1vasiliadi.com/#w110
111,"Набросок, Боньер","Sketch, Bonnières","Pochade, Bonnières",1868,,утрачена / местонахождение неизвестно,,,,,,нет,,,,https://monet.1vasiliadi.com/#w111
112,Море в Сент-Адресе,The Sea at Sainte-Adresse,La Mer au Havre,1868,60 × 80,музей,"Музей искусств Карнеги, Питтсбург","Carnegie Museum of Art, Pittsburgh",США,United States,,цветная фотография,https://monet.1vasiliadi.com/img/1600/w112.webp,https://commons.wikimedia.org/wiki/File:The_Sea_at_Le_Havre_1868.jpg,https://www.wikidata.org/wiki/Q42882602,https://monet.1vasiliadi.com/#w112
113,Взморье в Сент-Адрессе,Seaside at Sainte-Adresse,Bord de mer à Sainte-Adresse,1868,46 × 65,частная коллекция,,,США,United States,2018,цветная фотография,https://monet.1vasiliadi.com/img/1600/w113.webp,https://commons.wikimedia.org/wiki/File:Bord_de_mer_%C3%A0_Sainte-Adresse.jpg,,https://monet.1vasiliadi.com/#w113
114,Хижины в Сент-Адрессе,The Huts at Sainte-Adresse,Les Cabanes à Sainte-Adresse,1868,43 × 65,частная коллекция,,,,,2017,скан из каталога,https://monet.1vasiliadi.com/img/1600/w114.webp,https://commons.wikimedia.org/wiki/File:Monet_-_Wildenstein_1996%2C_114.png,,https://monet.1vasiliadi.com/#w114
115,Сена близ устья. Онфлёр,"The Seine Near its Estuary, Honfleur",La Seine près de son estuaire,1868,48 × 73,музей,"Музей Школы дизайна Род-Айленда, Провиденс","Rhode Island School of Design Museum, Providence",США,United States,,цветная фотография,https://monet.1vasiliadi.com/img/1600/w115.webp,https://commons.wikimedia.org/wiki/File:Monet_-_The_Seine_Near_its_Estuary%2C_Honfleur%2C_ca._1868.jpg,https://www.wikidata.org/wiki/Q64517314,https://monet.1vasiliadi.com/#w115
116,Рыбацкие лодки в Онфлёре,Fishing Boats at Honfleur,"Bâteaux de pêche, Honfleur",1868,100 × 80,музей,"Музей Галуста Гюльбенкяна, Лиссабон","Calouste Gulbenkian Museum, Lisbon",Португалия,Portugal,,цветная фотография,https://monet.1vasiliadi.com/img/1600/w116.webp,https://commons.wikimedia.org/wiki/File:Boats_by_Claude_Monet.jpg,https://www.wikidata.org/wiki/Q123560193,https://monet.1vasiliadi.com/#w116
117,Лодка на берегу во время отлива в Фекане,Boat Lying at Low Tide at Fécamp,"Bateau échoué, Fécamp",1868,74 × 54,частная коллекция,,,,,,скан из каталога,https://monet.1vasiliadi.com/img/1600/w117.webp,https://commons.wikimedia.org/wiki/File:Monet_-_Wildenstein_1996%2C_117.png,,https://monet.1vasiliadi.com/#w117
118,Лодка на мели в Фекане,Stranded Boat in Fécamp,Bateau échoué à Fécamp,1868,61 × 46.5,музей,Художественный музей Винтертура,Kunstmuseum Winterthur,Швейцария,Switzerland,,цветная фотография,https://monet.1vasiliadi.com/img/1600/w118.webp,https://commons.wikimedia.org/wiki/File:Monet_-_Gestrandetes_Boot_in_F%C3%A9camp.jpeg,https://www.wikidata.org/wiki/Q50807787,https://monet.1vasiliadi.com/#w118
119,Лодки в Фекане,Boats at Fécamp,Bateaux à Fécamp,1868,75 × 57,частная коллекция,,,Франция,France,,скан из каталога,https://monet.1vasiliadi.com/img/1600/w119.webp,https://commons.wikimedia.org/wiki/File:Monet_-_Wildenstein_1996%2C_119.png,,https://monet.1vasiliadi.com/#w119
120,Портрет месье Годибера в домашнем платье,Portrait of Monsieur Gaudibert in Casual Dress,Portrait de Monsieur Gaudibert en tenue négligée,1868,,утрачена / местонахождение неизвестно,,,,,,нет,,,,https://monet.1vasiliadi.com/#w120
121,Мадам Годибер,Madame Gaudibert,Madame Louis Joachim Gaudibert,1868,216 × 138,музей,"Музей Орсе, Париж","Musée d'Orsay, Paris",Франция,France,,цветная фотография,https://monet.1vasiliadi.com/img/1600/w121.webp,https://commons.wikimedia.org/wiki/File:Claude_Monet_036.jpg,https://www.wikidata.org/wiki/Q17494035,https://monet.1vasiliadi.com/#w121
122,Портрет месье Годибера,Portrait of Monsieur Gaudibert,Portrait de Monsieur Gaudibert,1868,,утрачена / местонахождение неизвестно,,,,,,нет,,,,https://monet.1vasiliadi.com/#w122
123,Портрет юного Луи Годибера,Portrait of Young Louis Gaudibert,Portrait du petit Louis Gaudibert,1868,46 × 38,частная коллекция,,,,,,скан из каталога,https://monet.1vasiliadi.com/img/1600/w123.webp,https://commons.wikimedia.org/wiki/File:Monet_w_123.jpg,,https://monet.1vasiliadi.com/#w123
124,"Рыбацкие лодки, штиль","Fishing Boats, Calm Sea","Bateaux de pêche, temps calme",1868,65 × 54,частная коллекция,,,США,United States,2012,цветная фотография,https://monet.1vasiliadi.com/img/1600/w124.webp,https://commons.wikimedia.org/wiki/File:Monet_-_fishing-boats-calm-sea.jpg,,https://monet.1vasiliadi.com/#w124
125,Парусники в море,Voiliers en mer,,1868,45 × 61,музей,Кантональный музей изящных искусств,Cantonal Museum of Fine Arts,Швейцария,Switzerland,,цветная фотография,https://monet.1vasiliadi.com/img/1600/w125.webp,https://commons.wikimedia.org/wiki/File:Voiliers_en_mer_(1868)_Claude_Monet_-_mus%C3%A9e_des_Beaux-Arts_de_Lausanne_(W_125).jpg,https://www.wikidata.org/wiki/Q67895969,https://monet.1vasiliadi.com/#w125
126,Рыбацкие лодки в море,Fishing Boats at Sea,Bateaux de pêche en mer,1868–69,96 × 130,музей,"Музей Хилл-Стед, Фармингтон","Hill-Stead Museum, Farmington",США,United States,,цветная фотография,https://monet.1vasiliadi.com/img/1600/w126.webp,https://commons.wikimedia.org/wiki/File:Monet_-_Fishing_Boats_at_Sea%2C_1868.jpg,https://www.wikidata.org/wiki/Q84729387,https://monet.1vasiliadi.com/#w126
127,Бурное море в Этрета,Rough Sea at Etretat,Grosse mer à Étretat,1868–69,66 × 131,музей,"Музей Орсе, Париж","Musée d'Orsay, Paris",Франция,France,,цветная фотография,https://monet.1vasiliadi.com/img/1600/w127.webp,https://commons.wikimedia.org/wiki/File:Grosse_mer_%C3%A0_%C3%89tretat_-_Claude_Monet.jpg,https://www.wikidata.org/wiki/Q17491613,https://monet.1vasiliadi.com/#w127
128,Дорога в Нормандии,Lane in Normandy,Chemin en Normandie,1868,81 × 60,музей,"Художественный музей Мацуоки, Токио","Matsuoka Museum of Art, Tokyo",Япония,Japan,,цветная фотография,https://monet.1vasiliadi.com/img/1600/w128.webp,https://commons.wikimedia.org/wiki/File:Chemin_en_Normandie_by_Claude_Monet%2C_1868%2C_oil_on_canvas_-_Matsuoka_Museum_of_Art_-_Tokyo%2C_Japan_-_DSC07407.JPG,https://www.wikidata.org/wiki/Q50807665,https://monet.1vasiliadi.com/#w128
129,Ужин,The Dinner,Le Dîner,1868–69,52 × 65,музей,"Фонд Э. Г. Бюрле, Цюрих","Foundation E.G. Bührle, Zürich",Швейцария,Switzerland,,цветная фотография,https://monet.1vasiliadi.com/img/1600/w129.webp,https://commons.wikimedia.org/wiki/File:Monet_-_Das_Nachtessen%2C_1868-69.jpg,https://www.wikidata.org/wiki/Q64174101,https://monet.1vasiliadi.com/#w129
130,Интерьер после обеда,"Interior, after Dinner","Intérieur, Après dîner",1868–69,50 × 65,музей,"Национальная галерея искусства, Вашингтон","National Gallery of Art, Washington D.C.",США,United States,,цветная фотография,https://monet.1vasiliadi.com/img/1600/w130.webp,https://www.nga.gov/collection/art-object-page.61376.html,https://www.wikidata.org/wiki/Q20188707,https://monet.1vasiliadi.com/#w130
131,Ребёнок с чашкой,L'Enfant a la tasse,"L'Enfant à la tasse, portrait de Jean Monet",1868,46 × 33,частная коллекция,,,,,"Christie's, London, 1976",цветная фотография,https://monet.1vasiliadi.com/img/1600/w131.webp,https://commons.wikimedia.org/wiki/File:L'Enfant_a_la_tasse%2C_portrait_de_Jean_Monet.jpg,https://www.wikidata.org/wiki/Q17002537,https://monet.1vasiliadi.com/#w131
132,Завтрак в саду,The Luncheon,Déjeuner,1868,230 × 150,музей,"Штеделевский художественный институт, Франкфурт-на-Майне","Städel Museum, Frankfurt",Германия,Germany,,цветная фотография,https://monet.1vasiliadi.com/img/1600/w132.webp,https://commons.wikimedia.org/wiki/File:Claude_monet%2C_il_pranzo%2C_1868%2C_02.jpg,https://www.wikidata.org/wiki/Q12900365,https://monet.1vasiliadi.com/#w132
133,Сорока,The Magpie,La Pie,1868–69,89 × 130,музей,"Музей Орсе, Париж","Musée d'Orsay, Paris",Франция,France,,цветная фотография,https://monet.1vasiliadi.com/img/1600/w133.webp,https://commons.wikimedia.org/wiki/File:Claude_Monet_-_The_Magpie_-_Google_Art_Project.jpg,https://www.wikidata.org/wiki/Q4429116,https://monet.1vasiliadi.com/#w133
134,Лягушатник,La Grenouillere,La Grenouillère,1869,75 × 100,музей,"Метрополитен-музей, Нью-Йорк","Metropolitan Museum of Art, New York",США,United States,,цветная фотография,https://monet.1vasiliadi.com/img/1600/w134.webp,https://commons.wikimedia.org/wiki/File:La_Grenouill%C3%A8re_MET_DT833.jpg,https://www.wikidata.org/wiki/Q941549,https://monet.1vasiliadi.com/#w134
135,Купальщики в Лягушатнике,Bathers at La Grenouillere,Baigneurs à la Grenouillère,1869,73 × 92,музей,"Лондонская национальная галерея, Лондон","National Gallery, London",Великобритания,United Kingdom,,цветная фотография,https://monet.1vasiliadi.com/img/1600/w135.webp,https://commons.wikimedia.org/wiki/File:Monet_-_Bathers_at_La_Grenouill%C3%A8re.jpg,https://www.wikidata.org/wiki/Q3632885,https://monet.1vasiliadi.com/#w135
136,Лягушатник,La Grenouillere,La Grenouillère,1869,,уничтожена,,,,,,скан из каталога,https://monet.1vasiliadi.com/img/1600/w136.webp,https://commons.wikimedia.org/wiki/File:Monet_-_Wildenstein_1996%2C_136.png,,https://monet.1vasiliadi.com/#w136
137,Гребные лодки,Rowing Boats,Barques,1869,33 × 46,музей,"Кунстхалле, Бремен",Kunsthalle Bremen,Германия,Germany,,цветная фотография,https://monet.1vasiliadi.com/img/1600/w137.webp,https://commons.wikimedia.org/wiki/File:Monet_barques_w_137.jpg,https://www.wikidata.org/wiki/Q116199392,https://monet.1vasiliadi.com/#w137
138,Пристань,The Landing Stage,L'Embarcadère,1869,54 × 74,частная коллекция,,,,,2015,цветная фотография,https://monet.1vasiliadi.com/img/1600/w138.webp,https://commons.wikimedia.org/wiki/File:Monet_tuinhuis-aan-de-achterzaan.jpg,,https://monet.1vasiliadi.com/#w138
138a,Люди в гребной лодке,People in a Rowing Boat,Barque avec personnages,1869,18 × 22,частная коллекция,,,,,,скан из каталога,https://monet.1vasiliadi.com/img/1600/w138a.webp,https://commons.wikimedia.org/wiki/File:Monet_-_Wildenstein_1996%2C_138a.png,,https://monet.1vasiliadi.com/#w138a
139,Цветы и фрукты,Flowers and Fruit,Nature morte avec Fleurs et Fruits,1869,100 × 80,музей,"Музей Гетти, Лос-Анджелес","J. Paul Getty Museum, Los Angeles",США,United States,,цветная фотография,https://monet.1vasiliadi.com/img/1600/w139.webp,https://commons.wikimedia.org/wiki/File:Claude_Monet_(French_-_Still_Life_with_Flowers_and_Fruit_-_Google_Art_Project.jpg,https://www.wikidata.org/wiki/Q20181919,https://monet.1vasiliadi.com/#w139
140,Барабулька,Red Mullets,Les rougets,1869,35.5 × 50,музей,"Музей Фогга, Кембридж (Массачусетс)","Fogg Museum, Cambridge",США,United States,,цветная фотография,https://monet.1vasiliadi.com/img/1600/w140.webp,https://commons.wikimedia.org/wiki/File:Monet_-_Red_Mullets%2C_c._1870.jpg,https://www.wikidata.org/wiki/Q70781202,https://monet.1vasiliadi.com/#w140
141,Фазан,Pheasant,Le Faisan,1869,41 × 79,частная коллекция,,,,,"Sotheby's, New York, 1993",цветная фотография,https://monet.1vasiliadi.com/img/1600/w141.webp,https://commons.wikimedia.org/wiki/File:Pheasant_Claude_Monet_1869.jpeg,https://www.wikidata.org/wiki/Q47614358,https://monet.1vasiliadi.com/#w141
142,Портрет Жана Моне в шапочке с помпоном,Portrait of Jean Monet Wearing a Hat with a Pompom,Portrait de Jean Monet en bonnet à pompon,1869,41 × 34,музей,"Фонд Бемберга, Тулуза","Fondation Bemberg, Toulouse",Франция,France,,цветная фотография,https://monet.1vasiliadi.com/img/1600/w142.webp,https://commons.wikimedia.org/wiki/File:Bemberg_Fondation_Toulouse_-_Claude_Monet_-_Portrait_de_son_fils_Jean_en_bonnet_%C3%A0_pompon_-_1869_42x33_Inv.2076.jpg,https://www.wikidata.org/wiki/Q67200138,https://monet.1vasiliadi.com/#w142
143,Сена в Буживале,The Seine at Bougival,La Seine à Bougival,1869,51 × 65,частная коллекция,,,,,2012,цветная фотография,https://monet.1vasiliadi.com/img/1600/w143.webp,https://commons.wikimedia.org/wiki/File:LA_SEINE_%C3%80_BOUGIVAL_(1869)_Claude_Monet_(W143).jpg,,https://monet.1vasiliadi.com/#w143
144,"Лесная тропа, эффект снега","Path through the Forest, Snow Effect","Chemin boisé, effet de neige (en forêt de Marly)",1870,58 × 63,частная коллекция,,,Франция,France,Aguttes 2006,скан из каталога,https://monet.1vasiliadi.com/img/1600/w144.webp,https://commons.wikimedia.org/wiki/File:Monet_w144.jpg,,https://monet.1vasiliadi.com/#w144
145,Снег на закате,Snow at Sunset,Neige au soleil couchant,1869,43 × 65,музей,"Музей изящных искусств, Руан",Musée des Beaux-Arts de Rouen,Франция,France,,цветная фотография,https://monet.1vasiliadi.com/img/1600/w145.webp,https://commons.wikimedia.org/wiki/File:Route%2C_effet_de_neige%2C_soleil_couchant_(Monet).jpg,https://www.wikidata.org/wiki/Q17494482,https://monet.1vasiliadi.com/#w145
146,Голова кабана,Boar's Head,Tête de sanglier,1869,54 × 65,музей,"Музей Гезира, Музей современного египетского искусства, Каир","Gezira Museum, Museum of Modern Egyptian Art, Cairo",Египет,Egypt,,скан из каталога,https://monet.1vasiliadi.com/img/1600/w146.webp,https://commons.wikimedia.org/wiki/File:Monet_w146.jpg,,https://monet.1vasiliadi.com/#w146
147,"Дорога в Лувесьенне, эффект снега","Road to Louveciennes, Snow Effect","Route à Louveciennes, effet de neige",1869,55 × 65,частная коллекция,,,,,,цветная фотография,https://monet.1vasiliadi.com/img/1600/w147.webp,https://commons.wikimedia.org/wiki/File:Snow-effect-the-road-to-louveciennes.jpg,,https://monet.1vasiliadi.com/#w147
148,"Дорога в Лувесьенне, тающий снег, закат","Road at Louveciennes, Melting Snow, Sunset","Route à Louveciennes, neige fondante, soleil couchant",1869,40 × 54,частная коллекция,,,Франция,France,2017,цветная фотография,https://monet.1vasiliadi.com/img/1600/w148.webp,https://commons.wikimedia.org/wiki/File:Claude_monet_route_a_louveciennes_neige_fondante_soleil_couchant.jpg,https://www.wikidata.org/wiki/Q141015004,https://monet.1vasiliadi.com/#w148
149,Пехотинцы на прогулке вдоль реки,Infantry Guards Wandering along the River,Voltigeurs de la garde flânant au bord de l'eau,1870,54 × 65,частная коллекция,,,,,"Sotheby's, London, 1987",цветная фотография,https://monet.1vasiliadi.com/img/1600/w149.webp,https://commons.wikimedia.org/wiki/File:Infantry-guards-wandering-along-the-river-1870-claude-monet_(W149).jpg,,https://monet.1vasiliadi.com/#w149
150,Сена в Буживале,The Seine at Bougival,La Seine à Bougival,1870,40 × 73,частная коллекция,,,,,2023,цветная фотография,https://monet.1vasiliadi.com/img/1600/w150.webp,https://commons.wikimedia.org/wiki/File:La_Seine_%C3%A0_Bougival_(1870)_Claude_MONET_(W_150).jpg,,https://monet.1vasiliadi.com/#w150
151,Сена в Буживале. Вечер (Буживаль),"The Seine at Bougival, Evening (also known as Bougival)",La Seine à Bougival,1870,60 × 73.5,музей,"Художественный музей колледжа Смит, Нортгемптон","Smith College Museum of Art, Northampton",США,United States,,цветная фотография,https://monet.1vasiliadi.com/img/1600/w151.webp,https://commons.wikimedia.org/wiki/File:The_Seine_at_Bougival_1946_4.jpg,https://www.wikidata.org/wiki/Q83901171,https://monet.1vasiliadi.com/#w151
152,Мост в Буживале,The Bridge at Bougival,Le Pont de Bougival,1869,63.5 × 91.5,музей,"Художественный музей Карриера, Манчестер","Currier Museum of Art, Manchester",США,United States,,цветная фотография,https://monet.1vasiliadi.com/img/1600/w152.webp,https://commons.wikimedia.org/wiki/File:Bougival_le_pont_Claude_Monet_1869.jpg,https://www.wikidata.org/wiki/Q55028879,https://monet.1vasiliadi.com/#w152
153,Поезд в сельской местности,Train in the Countryside,Train dans la campagne,1870,50 × 65,музей,"Музей Орсе, Париж","Musée d'Orsay, Paris",Франция,France,,цветная фотография,https://monet.1vasiliadi.com/img/1600/w153.webp,https://commons.wikimedia.org/wiki/File:Claude_Monet_-_Train_in_the_Countryside_-_Google_Art_Project.jpg,https://www.wikidata.org/wiki/Q17495907,https://monet.1vasiliadi.com/#w153
154,Вход в порт Трувиля,Entrance to the Port of Trouville,L'Entrée du port de Trouville,1870,54 × 66,музей,"Музей изобразительных искусств, Будапешт","Museum of Fine Arts, Budapest",Венгрия,Hungary,,цветная фотография,https://monet.1vasiliadi.com/img/1600/w154.webp,https://commons.wikimedia.org/wiki/File:Claude_Monet_-_Entr%C3%A9e_du_port_de_Trouville.jpg,https://www.wikidata.org/wiki/Q50414871,https://monet.1vasiliadi.com/#w154
155,Отель Рош-Нуар,"Hotel des Roches Noires, Trouville","Hôtel des Roches Noires, Trouville",1870,80 × 55,музей,"Музей Орсе, Париж","Musée d'Orsay, Paris",Франция,France,,цветная фотография,https://monet.1vasiliadi.com/img/1600/w155.webp,https://commons.wikimedia.org/wiki/File:Claude_Monet_-_H%C3%B4tel_des_roches_noires._Trouville_-_Google_Art_Project.jpg,https://www.wikidata.org/wiki/Q3146246,https://monet.1vasiliadi.com/#w155
156,Пляж в Трувиле,The Beach at Trouville,La Plage à Trouville,1870,53.5 × 65,музей,"Атенеум Уодсворта, Хартфорд","Wadsworth Atheneum, Hartford",США,United States,,цветная фотография,https://monet.1vasiliadi.com/img/1600/w156.webp,https://commons.wikimedia.org/wiki/File:The_Beach_at_Trouville_1948.116.jpg,https://www.wikidata.org/wiki/Q67183663,https://monet.1vasiliadi.com/#w156
157,Набережная в Трувиле,The Boardwalk at Trouville,La Plage à Trouville,1870,48 × 74,частная коллекция,,,,,2008,цветная фотография,https://monet.1vasiliadi.com/img/1600/w157.webp,https://commons.wikimedia.org/wiki/File:LA_PLAGE_%C3%80_TROUVILLE_(1870)_Claude_Monet_(W157).jpg,,https://monet.1vasiliadi.com/#w157
157a,Дощатый настил на пляже в Трувиле,The Boardwalk on the Beach at Trouville,Sur les planches de Trouville,1870,50 × 70,частная коллекция,,,Франция,France,,цветная фотография,https://monet.1vasiliadi.com/img/1600/w157a.webp,https://commons.wikimedia.org/wiki/File:Monet_trouville.jpg,https://www.wikidata.org/wiki/Q50774271,https://monet.1vasiliadi.com/#w157a
158,Пляж в Трувиле,The Beach at Trouville,La Plage à Trouville,1870,38 × 46,музей,"Лондонская национальная галерея, Лондон","National Gallery, London",Великобритания,United Kingdom,,цветная фотография,https://monet.1vasiliadi.com/img/1600/w158.webp,https://commons.wikimedia.org/wiki/File:Claude_Monet_002.jpg,https://www.wikidata.org/wiki/Q24953806,https://monet.1vasiliadi.com/#w158
158a,На пляже в Трувиле,On the Beach at Trouville,Sur la plage à Trouville,1870–1871,,утрачена / местонахождение неизвестно,,,,,,нет,,,,https://monet.1vasiliadi.com/#w158a
159,Камилла на пляже в Трувиле,Camille Sitting on the Beach at Trouville,Camille assise sur la plage à Trouville,1870–71,45 × 36,частная коллекция,,,,,2018,цветная фотография,https://monet.1vasiliadi.com/img/1600/w159.webp,https://commons.wikimedia.org/wiki/File:Camille_assise_sur_la_plage_%C3%A0_Trouville.JPG,https://www.wikidata.org/wiki/Q135935468,https://monet.1vasiliadi.com/#w159
160,Камилла на пляже,Camille on the Beach,Camille sur la plage de Trouville,1870–71,38 × 47,музей,"Художественная галерея Йельского университета, Нью-Хейвен","Yale University Art Gallery, New Haven",США,United States,,цветная фотография,https://monet.1vasiliadi.com/img/1600/w160.webp,https://commons.wikimedia.org/wiki/File:Claude_Monet_-_Camille_on_the_Beach_in_Trouville_-_1998.46.1_-_Yale_University_Art_Gallery.jpg,https://www.wikidata.org/wiki/Q49221913,https://monet.1vasiliadi.com/#w160
161,Камилла на пляже в Трувиле,Camille on the Beach at Trouville,Camille sur la plage,1870,30 × 15,музей,"Музей Мармоттан-Моне, Париж","Musée Marmottan Monet, Paris",Франция,France,,скан из каталога,https://monet.1vasiliadi.com/img/1600/w161.webp,https://commons.wikimedia.org/wiki/File:Monet_w161.jpg,https://www.wikidata.org/wiki/Q105099580,https://monet.1vasiliadi.com/#w161
162,На пляже в Трувиле,On the Beach at Trouville,Sur la plage à Trouville,1870–71,38 × 46,музей,"Музей Мармоттан-Моне, Париж","Musée Marmottan Monet, Paris",Франция,France,,цветная фотография,https://monet.1vasiliadi.com/img/1600/w162.webp,https://commons.wikimedia.org/wiki/File:Monet_paris_marmottan_strand_trouville.jpg,https://www.wikidata.org/wiki/Q50415968,https://monet.1vasiliadi.com/#w162
163,Размышление. Мадам Моне на диване,"Meditation, Madame Monet Sitting on a Sofa",Méditation. Madame Monet au canapé,1870–71,48 × 75,музей,"Музей Орсе, Париж","Musée d'Orsay, Paris",Франция,France,,цветная фотография,https://monet.1vasiliadi.com/img/1600/w163.webp,https://commons.wikimedia.org/wiki/File:Madame_Monet_au_canap%C3%A9_Monet_1871.jpg,https://www.wikidata.org/wiki/Q17494240,https://monet.1vasiliadi.com/#w163
164,Гайд-парк,Hyde Park,"Hyde Park, Londres",1871,41 × 74,музей,"Музей Школы дизайна Род-Айленда, Провиденс","Rhode Island School of Design Museum, Providence",США,United States,,цветная фотография,https://monet.1vasiliadi.com/img/1600/w164.webp,https://commons.wikimedia.org/wiki/File:Claude_Monet_-_Hyde_Park%2C_London_(c._1871).jpg,https://www.wikidata.org/wiki/Q64515048,https://monet.1vasiliadi.com/#w164
165,Грин-парк в Лондоне,Green Park in London,"Green Park, Londres)",1871,34 × 72,музей,Художественный музей Филадельфии,Philadelphia Museum of Art,США,United States,,цветная фотография,https://monet.1vasiliadi.com/img/1600/w165.webp,https://commons.wikimedia.org/wiki/File:Monet_-_Green_Park%2C_London%2C_1870_or_1871.jpg,https://www.wikidata.org/wiki/Q20809469,https://monet.1vasiliadi.com/#w165
166,Темза ниже Вестминстера,The Thames below Westminster,La Tamise et le Parlement,1871,47 × 73,музей,"Лондонская национальная галерея, Лондон","National Gallery, London",Великобритания,United Kingdom,,цветная фотография,https://monet.1vasiliadi.com/img/1600/w166.webp,https://commons.wikimedia.org/wiki/File:Monet_The_Thames_at_Westminster_1871_Westminster.jpg,https://www.wikidata.org/wiki/Q26692357,https://monet.1vasiliadi.com/#w166
167,Лодки в лондонском порту,Boats in the Pool of London,Bateaux dans le bassin de Londres,1871,47 × 72,частная коллекция,,,,,,скан из каталога,https://monet.1vasiliadi.com/img/1600/w167.webp,https://commons.wikimedia.org/wiki/File:Monet_w167.jpg,,https://monet.1vasiliadi.com/#w167
168,Лондонский порт,The Pool of London,Le Bassin de Londres,1871,49 × 74,музей,"Национальный музей, Кардифф",National Museum Cardiff,Великобритания,United Kingdom,,цветная фотография,https://monet.1vasiliadi.com/img/1600/w168.webp,https://commons.wikimedia.org/wiki/File:Amgueddfa_Cymru_-_Afon_Tafwys_yn_Llundain_-_The_Pool_of_London_-_2651.jpeg,https://www.wikidata.org/wiki/Q67197623,https://monet.1vasiliadi.com/#w168
169,Вид порта,View of a Harbour,,1871,48.5 × 63.5,частная коллекция,,,,,,цветная фотография,https://monet.1vasiliadi.com/img/1600/w169.webp,https://commons.wikimedia.org/wiki/File:Claude_Monet_-_Vue_d'un_port.jpg,https://www.wikidata.org/wiki/Q47614837,https://monet.1vasiliadi.com/#w169
170,Мельницы близ Зандама,Windmills near Zaandam,Moulins près de Zaandam,1871,40 × 72,музей,"Художественный музей Уолтерса, Балтимор","Walters Art Museum, Baltimore",США,United States,,цветная фотография,https://monet.1vasiliadi.com/img/1600/w170.webp,https://commons.wikimedia.org/wiki/File:Claude_Monet_-_Windmills_Near_Zaandam_-_Walters_37894.jpg,https://www.wikidata.org/wiki/Q18748447,https://monet.1vasiliadi.com/#w170
171,Ветряная мельница в Зандаме,A Windmill at Zaandam,Un Moulin à Zaandam,1871,48.5 × 73.5,музей,"Новая глиптотека Карлсберга, Копенгаген","Ny Carlsberg Glyptotek, Copenhagen",Дания,Denmark,2016,цветная фотография,https://monet.1vasiliadi.com/img/1600/w171.webp,https://commons.wikimedia.org/wiki/File:CLAUDE_MONET_1840_-_1926_UN_MOULIN_%C3%80_ZAANDAM.jpg,https://www.wikidata.org/wiki/Q50766817,https://monet.1vasiliadi.com/#w171
172,Заан в Зандаме,The Zaan at Zaandam,La Zaan à Zaandam,1871,42 × 73,частная коллекция,,,,,,цветная фотография,https://monet.1vasiliadi.com/img/1600/w172.webp,https://commons.wikimedia.org/wiki/File:Monet_-_Die_Zaan_bei_Zaandam.jpg,https://www.wikidata.org/wiki/Q50772902,https://monet.1vasiliadi.com/#w172
173,Лодки на Зане,Boats on the Zaan,Bateaux en Hollande pres de Zaandam,1871,35 × 71,музей,"Художественная галерея Глинна Вивиана, Суонси","Glynn Vivian Art Gallery, Swansea",Великобритания,United Kingdom,,цветная фотография,https://monet.1vasiliadi.com/img/1600/w173.webp,https://commons.wikimedia.org/wiki/File:Bateaux_en_Hollande%2C_pr%C3%A8s_de_Zaandam_(1871)_Claude_Monet_-_Glynn_Vivian_Art_Gallery_(W173).jpg,https://www.wikidata.org/wiki/Q85040109,https://monet.1vasiliadi.com/#w173
174,Берега Зана,The Banks of the Zaan,Les Bords de la Zaan,1871,33 × 70,частная коллекция,,,Швейцария,Switzerland,,цветная фотография,https://monet.1vasiliadi.com/img/1600/w174.webp,https://commons.wikimedia.org/wiki/File:Monet_voorzaan_en_westerhem.jpg,,https://monet.1vasiliadi.com/#w174
175,Ворзан,The Voorzaan,La Voorzaan,1871,39 × 71,музей,"Музей Заана, Зандам","Zaans Museum, Zaandam",Нидерланды,Netherlands,,цветная фотография,https://monet.1vasiliadi.com/img/1600/w175.webp,https://commons.wikimedia.org/wiki/File:Monet_1871_The_Voorzaan_near_Zaandam.jpg,https://www.wikidata.org/wiki/Q108143096,https://monet.1vasiliadi.com/#w175
176,Вид Ворзана,View of the Voorzaan,Vue de la Voorzaan,1871,18 × 38,музей,"Музей Мармоттан-Моне, Париж","Musée Marmottan Monet, Paris",Франция,France,,цветная фотография,https://monet.1vasiliadi.com/img/1600/w176.webp,https://commons.wikimedia.org/wiki/File:Monet_1871_View_of_the_Voorzaan.jpg,https://www.wikidata.org/wiki/Q105099628,https://monet.1vasiliadi.com/#w176
177,Мельница и лодки близ Зандама,Windmill and Boats near Zaandam,Moulin à Zaandam,1871,48 × 73.5,музей,"Новая глиптотека Карлсберга, Копенгаген","Ny Carlsberg Glyptotek, Copenhagen",Дания,Denmark,,цветная фотография,https://monet.1vasiliadi.com/img/1600/w177.webp,https://commons.wikimedia.org/wiki/File:Windmill_and_Boats_near_Zaandam%2C_Holland%2C_by_Claude_Monet%2C_1871_-_Ny_Carlsberg_Glyptotek_-_Copenhagen_-_DSC09437.JPG,https://www.wikidata.org/wiki/Q50697763,https://monet.1vasiliadi.com/#w177
178,Ветряная мельница близ Зандама,A Windmill near Zaandam,Un Moulin à Zaandam,1871,43 × 73,музей,"Музей Эшмола, Оксфорд","Ashmolean Museum, Oxford",Великобритания,United Kingdom,,цветная фотография,https://monet.1vasiliadi.com/img/1600/w178.webp,https://commons.wikimedia.org/wiki/File:Monet_A_Windmill_Near_Zaandam.jpg,https://www.wikidata.org/wiki/Q50774265,https://monet.1vasiliadi.com/#w178
179,Вид с Ворзана,View from the Voorzaan,Vue de Voorzan,1871,34 × 74,музей,"Национальный музей, Стокгольм","Nationalmuseum, Stockholm",Швеция,Sweden,,цветная фотография,https://monet.1vasiliadi.com/img/1600/w179.webp,https://commons.wikimedia.org/wiki/File:Claude_Monet_Schelde.JPG,https://www.wikidata.org/wiki/Q18574592,https://monet.1vasiliadi.com/#w179
180,Мельницы в Голландии,Windmills in Holland,Moulins en Hollande,1871,46 × 71,частная коллекция,,,,,2000,цветная фотография,https://monet.1vasiliadi.com/img/1600/w180.webp,https://commons.wikimedia.org/wiki/File:Moulins_en_Hollande_(1871)_Claude_Monet_(W_180).jpg,,https://monet.1vasiliadi.com/#w180
181,Мельницы близ Зандама,Windmills near Zaandam,Moulins près de Zaandam,1871,47 × 73,музей,"Музей Ван Гога, Амстердам","Van Gogh Museum, Amsterdam",Нидерланды,Netherlands,,цветная фотография,https://monet.1vasiliadi.com/img/1600/w181.webp,https://commons.wikimedia.org/wiki/File:Molens_bij_Zaandam_-_s0503S2001_-_Van_Gogh_Museum.jpg,https://www.wikidata.org/wiki/Q19838025,https://monet.1vasiliadi.com/#w181
182,Мельницы в Зандаме,Windmills at Zaandam,Moulins à Zaandam,1871,48 × 73,частная коллекция,,,США,United States,,цветная фотография,https://monet.1vasiliadi.com/img/1600/w182.webp,https://commons.wikimedia.org/wiki/File:Monet_molens_in_het_westzijderveld.jpg,,https://monet.1vasiliadi.com/#w182
183,Зандам,Zaandam,,1871,47 × 73,музей,"Музей Орсе, Париж","Musée d'Orsay, Paris",Франция,France,,цветная фотография,https://monet.1vasiliadi.com/img/1600/w183.webp,https://commons.wikimedia.org/wiki/File:Zaandam_by_Claude_Monet_(52256052502).jpg,https://www.wikidata.org/wiki/Q17496194,https://monet.1vasiliadi.com/#w183
184,Синий дом в Зандаме,The Blue House at Zaandam,"La Maison bleue, Zaandam",1871,45 × 60.5,частная коллекция,,,,,,цветная фотография,https://monet.1vasiliadi.com/img/1600/w184.webp,https://commons.wikimedia.org/wiki/File:Monet_-_Das_blaue_Haus_in_Zaandam.jpg,https://www.wikidata.org/wiki/Q50772899,https://monet.1vasiliadi.com/#w184
185,Дома на реке Зан в Зандаме,Houses on the Zaan River at Zaandam,Maisons au bord de la rivière Zaan,1871,47.5 × 73.5,музей,"Штеделевский художественный институт, Франкфурт-на-Майне","Städel Museum, Frankfurt",Германия,Germany,,цветная фотография,https://monet.1vasiliadi.com/img/1600/w185.webp,https://commons.wikimedia.org/wiki/File:The_House_on_the_River_Zaan_in_Zaandam.jpg,https://www.wikidata.org/wiki/Q50775663,https://monet.1vasiliadi.com/#w185
186,Дома на Ахтерзане,Houses on the Achterzaan,Maisons sur l'Achterzaan,1871,48 × 73,музей,"Метрополитен-музей, Нью-Йорк","Metropolitan Museum of Art, New York",США,United States,,цветная фотография,https://monet.1vasiliadi.com/img/1600/w186.webp,https://commons.wikimedia.org/wiki/File:Houses_on_the_Achterzaan_MET_DT719.jpg,https://www.wikidata.org/wiki/Q20180920,https://monet.1vasiliadi.com/#w186
187,Заан в Зандаме,The Zaan at Zaandam,La Zaan à Zaandam,1871,47 × 73,частная коллекция,,,,,,цветная фотография,https://monet.1vasiliadi.com/img/1600/w187.webp,https://commons.wikimedia.org/wiki/File:Monet_1871_The_Zaan_at_Zaandam.jpg,,https://monet.1vasiliadi.com/#w187
188,Порт Зандама,The Port of Zaandam,Le Port de Zaandam,1871,47 × 74,музей,"Собрание Хассо Платтнера, Музей Барберини, Потсдам","Hasso Plattner Collection, Museum Barberini, Potsdam",Германия,Germany,,цветная фотография,https://monet.1vasiliadi.com/img/1600/w188.webp,https://commons.wikimedia.org/wiki/File:MB-Mon-01_Monet_Der-Hafen-von-Zaandam_1.jpg,https://www.wikidata.org/wiki/Q108479161,https://monet.1vasiliadi.com/#w188
189,Лодки в Зандаме,Boats at Zaandam,Bateaux à Zaandam,1871,45 × 72,музей,"Музей Барберини, Потсдам","Museum Barberini, Potsdam",Германия,Germany,,цветная фотография,https://monet.1vasiliadi.com/img/1600/w189.webp,https://commons.wikimedia.org/wiki/File:Monet_1871_Boats_at_Zaandamn.jpg,https://www.wikidata.org/wiki/Q50774244,https://monet.1vasiliadi.com/#w189
190,Плотина в Зандаме. Вечер,"The Dam at Zaandam, evening","Le Dam à Zaandam, le soir",1871,44.5 × 72.5,частная коллекция,,,,,2018,цветная фотография,https://monet.1vasiliadi.com/img/1600/w190.webp,https://commons.wikimedia.org/wiki/File:Monet_1871_The_Dam_at_Zaandam.jpg,https://www.wikidata.org/wiki/Q50774258,https://monet.1vasiliadi.com/#w190
191,Канал в Зандаме,Canal in Zaandam,Canal à Zaandam,1871,44 × 72.5,музей,"Художественный музей Хай, Атланта","High Museum of Art, Atlanta",США,United States,,цветная фотография,https://monet.1vasiliadi.com/img/1600/w191.webp,https://commons.wikimedia.org/wiki/File:'Canal_%C3%A0_Zaandam'_by_Claude_Monet%2C_1871.JPG,https://www.wikidata.org/wiki/Q50765327,https://monet.1vasiliadi.com/#w191
191a,Мостик в Зандаме,Footbridge at Zaandam,Passerelle à Zaandam,1871,46 × 38,музей,"Музей урсулинок, Макон","Musée des Ursulines, Macon",Франция,France,,цветная фотография,https://monet.1vasiliadi.com/img/1600/w191a.webp,https://commons.wikimedia.org/wiki/File:Passerelle-%C3%A0-Zaandam_(1871)_Claude_Monet_-_Mus%C3%A9es_de_M%C3%A2con_(W191a).jpg,https://www.wikidata.org/wiki/Q67184149,https://monet.1vasiliadi.com/#w191a
192,Гуртье ван де Штадт,Guurtje Van de Stadt,Portrait de Mlle Guurtje van de Stadt,1871,73 × 40,музей,"Музей Крёллер-Мюллер, Оттерло","Kröller-Müller Museum, Otterlo",Нидерланды,Netherlands,,цветная фотография,https://monet.1vasiliadi.com/img/1600/w192.webp,https://commons.wikimedia.org/wiki/File:Claude_Monet_Guurtje_Van_de_Stadt.jpg,https://www.wikidata.org/wiki/Q24021212,https://monet.1vasiliadi.com/#w192
193,Новый мост,The Pont Neuf,Le Pont Neuf,1872,53.5 × 73.5,музей,"Художественный музей Далласа, Даллас","Dallas Museum of Art, Dallas",США,United States,,цветная фотография,https://monet.1vasiliadi.com/img/1600/w193.webp,https://commons.wikimedia.org/wiki/File:Le_Pont_Neuf_-_Claude_Monet.jpg,https://www.wikidata.org/wiki/Q10316714,https://monet.1vasiliadi.com/#w193
194,"Аржантёй, ремонт моста","Argenteuil, the Bridge under Repair","Argenteuil, le pont en réparation",1872,60 × 80.5,музей,"Музей Фицуильяма, Кембридж","Fitzwilliam Museum, Cambridge",Великобритания,United Kingdom,,цветная фотография,https://monet.1vasiliadi.com/img/1600/w194.webp,https://commons.wikimedia.org/wiki/File:Claude_Monet_-_Argenteuil%2C_le_pont_en_r%C3%A9paration.jpg,https://www.wikidata.org/wiki/Q50766835,https://monet.1vasiliadi.com/#w194
195,Деревянный мост,The Wooden Bridge,Le Pont de bois,1872,54 × 73,частная коллекция,,,,,2013,цветная фотография,https://monet.1vasiliadi.com/img/1600/w195.webp,https://commons.wikimedia.org/wiki/File:Claude_Monet_-_The_Highway_Bridge_under_repair.jpg,https://www.wikidata.org/wiki/Q50769770,https://monet.1vasiliadi.com/#w195
196,Рукав Сены в Аржантёе,Small Arm of the Seine at Argenteuil,Le Petit Bras de la Seine à Argenteuil,1872,53 × 73,музей,"Лондонская национальная галерея, Лондон","National Gallery, London",Великобритания,United Kingdom,,цветная фотография,https://monet.1vasiliadi.com/img/1600/w196.webp,https://commons.wikimedia.org/wiki/File:The_Petit_Bras_of_the_Seine_at_Argenteuil.jpg,https://www.wikidata.org/wiki/Q24953805,https://monet.1vasiliadi.com/#w196
197,Вид на Аржантёй с малого рукава Сены,"Argenteuil, seen from the Small Arm of the Seine","Argenteuil, vu du petit bras de la Seine",1872,50 × 65,частная коллекция,,,,,,скан из каталога,https://monet.1vasiliadi.com/img/1600/w197.webp,https://commons.wikimedia.org/wiki/File:Monet_w197.jpg,,https://monet.1vasiliadi.com/#w197
198,Сена в Аржантёе,The Seine in Argenteuil,La Seine à Argenteuil,1873,50 × 61,музей,"Музей Гренобля, Гренобль","Musée de Grenoble, Grenoble",Франция,France,,цветная фотография,https://monet.1vasiliadi.com/img/1600/w198.webp,https://commons.wikimedia.org/wiki/File:Claude_Monet_-_The_Seine_at_Argenteuil_1873.jpg,https://www.wikidata.org/wiki/Q17492292,https://monet.1vasiliadi.com/#w198
199,Весна в Аржантёе,Springtime at Argenteuil,Printemps à Argenteuil,1872,51 × 62,музей,Художественный музей Портленда (Мэн),Portland Museum of Art,США,United States,,скан из каталога,https://monet.1vasiliadi.com/img/1600/w199.webp,https://commons.wikimedia.org/wiki/File:Monet_w199.jpg,,https://monet.1vasiliadi.com/#w199
200,Лодка на рукаве Сены в Аржантёе,Small Boat on the Small Branch of the Seine at Argenteuil,"Voiliers sur le petit bras de la Seine, Argenteuil",1872,51 × 63.5,частная коллекция,,,США,United States,2009,цветная фотография,https://monet.1vasiliadi.com/img/1600/w200.webp,https://commons.wikimedia.org/wiki/File:Voilier_sur_le_petit_bras_de_la_Seine%2C_Argenteuil_(1872)_Claude_Monet_(W_200).jpg,,https://monet.1vasiliadi.com/#w200
201,Цветущие деревья,Trees in Bloom,Pommiers en fleurs,1872,57.5 × 69.5,музей,"Клуб «Юнион лиг», Чикаго","Union League Club of Chicago, Chicago",США,United States,,цветная фотография,https://monet.1vasiliadi.com/img/1600/w201.webp,https://commons.wikimedia.org/wiki/File:Monet_-_trees-in-bloom.jpg,https://www.wikidata.org/wiki/Q96244371,https://monet.1vasiliadi.com/#w201
202,Сад,The Garden,Le Jardin,1872,64 × 81,частная коллекция,,,,,,цветная фотография,https://monet.1vasiliadi.com/img/1600/w202.webp,https://commons.wikimedia.org/wiki/File:Monet_-_the-garden.jpg,,https://monet.1vasiliadi.com/#w202
203,"Сирень, пасмурная погода","Lilacs, Grey Weather","Lilas, Temps gris",1872,48 × 64,музей,"Музей Орсе, Париж","Musée d'Orsay, Paris",Франция,France,,цветная фотография,https://monet.1vasiliadi.com/img/1600/w203.webp,https://commons.wikimedia.org/wiki/File:Claude_monet%2C_lill%C3%A0%2C_tempo_grigio_(il_riposo_sui_lill%C3%A0)%2C_1872-73%2C_02.JPG,https://www.wikidata.org/wiki/Q3936373,https://monet.1vasiliadi.com/#w203
204,Сирень на солнце,Lilac in the Sun,Lilas au soleil,1872,50 × 65,музей,"ГМИИ им. Пушкина, Москва","Pushkin Museum, Moscow",Россия,Russia,,цветная фотография,https://monet.1vasiliadi.com/img/1600/w204.webp,https://commons.wikimedia.org/wiki/File:Lilacs_in_the_Sun%2C_1872.jpg,https://www.wikidata.org/wiki/Q3832426,https://monet.1vasiliadi.com/#w204
205,Весна,Springtime,Printemps,1872,50 × 65,музей,"Художественный музей Уолтерса, Балтимор","Walters Art Museum, Baltimore",США,United States,,цветная фотография,https://monet.1vasiliadi.com/img/1600/w205.webp,https://commons.wikimedia.org/wiki/File:Claude_Monet_-_Springtime_-_Google_Art_Project.jpg,https://www.wikidata.org/wiki/Q7581196,https://monet.1vasiliadi.com/#w205
206,Ручей Робек. Руан,"The Robec Stream, Rouen",Le Ruisseau de Robec,1872,60 × 65,музей,"Музей Орсе, Париж","Musée d'Orsay, Paris",Франция,France,,цветная фотография,https://monet.1vasiliadi.com/img/1600/w206.webp,https://commons.wikimedia.org/wiki/File:Claude_Monet_017.jpg,https://www.wikidata.org/wiki/Q17493333,https://monet.1vasiliadi.com/#w206
207,Шасс-маре на якоре,Anchored Chasse-marée,Chasse-marée à l'ancre,1872,48 × 75,музей,"Музей Орсе, Париж","Musée d'Orsay, Paris",Франция,France,,цветная фотография,https://monet.1vasiliadi.com/img/1600/w207.webp,https://commons.wikimedia.org/wiki/File:Chasse-mar%C3%A9e_%C3%A0_l'ancre_-_Claude_Monet.jpg,https://www.wikidata.org/wiki/Q17491016,https://monet.1vasiliadi.com/#w207
208,Сена ниже Руана,The Seine downstream from Rouen,La Seine en aval de Rouen,1872,40 × 58,частная коллекция,,,,,,скан из каталога,https://monet.1vasiliadi.com/img/1600/w208.webp,https://commons.wikimedia.org/wiki/File:Monet_w_208.jpg,,https://monet.1vasiliadi.com/#w208
209,Лодки в Руане,Boats at Rouen,Bateaux à Rouen,1872,47 × 56,частная коллекция,,,,,"Sotheby's, London, 1996",скан из каталога,https://monet.1vasiliadi.com/img/1600/w209.webp,https://commons.wikimedia.org/wiki/File:Monet_-_Wildenstein_1996%2C_209.png,,https://monet.1vasiliadi.com/#w209
210,Корабли на Сене в Руане,Ships Riding on the Seine at Rouen,Navires naviguant sur la Seine à Rouen,1872,38 × 46,музей,"Национальная галерея искусства, Вашингтон","National Gallery of Art, Washington D.C.",США,United States,,цветная фотография,https://monet.1vasiliadi.com/img/1600/w210.webp,https://commons.wikimedia.org/wiki/File:Ships_Riding_on_the_Seine_at_Rouen_by_Claude_Monet%2C_1872.jpg,https://www.wikidata.org/wiki/Q20188756,https://monet.1vasiliadi.com/#w210
211,Сена в Руане,The Seine at Rouen,La Seine à Rouen,1872,54 × 65,музей,"Эрмитаж, Санкт-Петербург","Hermitage Museum, St Petersburg",Россия,Russia,,цветная фотография,https://monet.1vasiliadi.com/img/1600/w211.webp,https://commons.wikimedia.org/wiki/File:'The_Seine_at_Rouen'_by_Claude_Monet%2C_1872%2C_Hermitage.JPG,https://www.wikidata.org/wiki/Q27975121,https://monet.1vasiliadi.com/#w211
212,Лодки в Руане,Boats at Rouen,"Bateaux, Rouen",1872,50 × 65,частная коллекция,,,Швейцария,Switzerland,,скан из каталога,https://monet.1vasiliadi.com/img/1600/w212.webp,https://commons.wikimedia.org/wiki/File:Monet_-_Wildenstein_1996%2C_212.png,,https://monet.1vasiliadi.com/#w212
213,Товарный поезд,The Goods Train,Le Convoi de chemins de fer,1872,48 × 76,музей,"Художественный музей Пола, Хаконе","Pola Museum of Art, Hakone",Япония,Japan,,цветная фотография,https://monet.1vasiliadi.com/img/1600/w213.webp,https://commons.wikimedia.org/wiki/File:Claude_Monet_-_The_Train.jpg,https://www.wikidata.org/wiki/Q50769782,https://monet.1vasiliadi.com/#w213
214,Фабрики в Девиле близ Руана,"Factories at Deville, near Rouen","Usines à Deville, près de Rouen",1872,,музей,"Музей Орсе, Париж","Musée d'Orsay, Paris",Франция,France,,цветная фотография,https://monet.1vasiliadi.com/img/1600/w206.webp,https://commons.wikimedia.org/wiki/File:Claude_Monet_017.jpg,,https://monet.1vasiliadi.com/#w214
215,Долина Девиля близ Руана,"The Valley of Déville, near Rouen","La Vallée de Déville, près de Rouen",1872,,утрачена / местонахождение неизвестно,,,,,,нет,,,,https://monet.1vasiliadi.com/#w215
216,Мон-Рибуде в Руане весной,Mont Riboudet in Rouen in Spring,Le Mont Riboudet à Rouen au Printemps,1872,56 × 74,частная коллекция,,,Швейцария,Switzerland,2016,цветная фотография,https://monet.1vasiliadi.com/img/1600/w216.webp,https://commons.wikimedia.org/wiki/File:Le_Mont_Riboudet_%C3%A0_Rouen_au_printemps_(1872)_Claude_Monet_(W216).jpg,https://www.wikidata.org/wiki/Q110243318,https://monet.1vasiliadi.com/#w216
217,Вид Руана,View of Rouen,Vue de Rouen,1872,54 × 73,частная коллекция,,,,,,скан из каталога,https://monet.1vasiliadi.com/img/1600/w217.webp,https://commons.wikimedia.org/wiki/File:Monet_w217.jpg,,https://monet.1vasiliadi.com/#w217
218,Сена в Руане,The Seine at Rouen,La Seine à Rouen,1872,49.5 × 77.5,музей,"Художественный музей префектуры Сидзуока, Сидзуока","Shizuoka Prefectural Museum of Art, Shizuoka",Япония,Japan,,цветная фотография,https://monet.1vasiliadi.com/img/1600/w218.webp,https://commons.wikimedia.org/wiki/File:Monet_-_La_Seine_%C3%A0_Rouen%2C_1872.jpg,https://www.wikidata.org/wiki/Q73393003,https://monet.1vasiliadi.com/#w218
219,Дорога среди виноградников в Аржантёе,Lane in the Vineyards at Argenteuil,"Chemin dans les vignes, Argenteuil",1872,47 × 74,частная коллекция,,,,,"Christie's, London, 1980",скан из каталога,https://monet.1vasiliadi.com/img/1600/w219.webp,https://commons.wikimedia.org/wiki/File:Monet_w219.jpg,,https://monet.1vasiliadi.com/#w219
220,Вид на равнину Аржантёя,View to the plain of Argenteuil,"Vue de plaine à Argenteuil, coteaux de Sannois",1872,53 × 72,музей,"Музей Орсе, Париж","Musée d'Orsay, Paris",Франция,France,,цветная фотография,https://monet.1vasiliadi.com/img/1600/w220.webp,https://commons.wikimedia.org/wiki/File:Monet_-_Blick_auf_die_Ebene_von_Argenteuil.jpg,https://www.wikidata.org/wiki/Q17496153,https://monet.1vasiliadi.com/#w220
221,Берега Сены в Аржантёе,Banks of the Seine at Argenteuil,Les Bords de la Seine à Argenteuil,1872,53 × 71,частная коллекция,,,,,2005,цветная фотография,https://monet.1vasiliadi.com/img/1600/w221.webp,https://commons.wikimedia.org/wiki/File:Les_Bords_de_la_Seine_%C3%A0_Argenteuil_(1872)_Claude_Monet_(W_221).jpg,,https://monet.1vasiliadi.com/#w221
222,Прогулка в Аржантёе,The Promenade at Argenteuil,La Promenade d'Argenteuil,1872,53 × 73,частная коллекция,,,Швейцария,Switzerland,1998,скан из каталога,https://monet.1vasiliadi.com/img/1600/w222.webp,https://commons.wikimedia.org/wiki/File:Monet_w222.jpg,,https://monet.1vasiliadi.com/#w222
223,Аржантёй,Argenteuil,,1872,50.5 × 65,музей,"Национальная галерея искусства, Вашингтон","National Gallery of Art, Washington D.C.",США,United States,,цветная фотография,https://monet.1vasiliadi.com/img/1600/w223.webp,https://www.nga.gov/collection/art-object-page.52186.html,https://www.wikidata.org/wiki/Q20188741,https://monet.1vasiliadi.com/#w223
224,"Аржантёй, под вечер","Argenteuil, Late Afternoon","Argenteuil, fin d'après-midi",1872,60 × 81,музей,"Собрание Хассо Платтнера, Музей Барберини, Потсдам","Hasso Plattner Collection, Museum Barberini, Potsdam",Германия,Germany,,цветная фотография,https://monet.1vasiliadi.com/img/1600/w224.webp,https://commons.wikimedia.org/wiki/File:MB-Mon-03_Monet_Argenteuil-am-Spaetnachmittag_1.jpg,https://www.wikidata.org/wiki/Q108479162,https://monet.1vasiliadi.com/#w224
225,Пруд в Аржантёе,The Basin at Argenteuil,Le Bassin d'Argenteuil,1872,60 × 80.5,музей,"Музей Орсе, Париж","Musée d'Orsay, Paris",Франция,France,,цветная фотография,https://monet.1vasiliadi.com/img/1600/w225.webp,https://commons.wikimedia.org/wiki/File:Claude_Monet_-_Bassin_d'Argenteuil_-_Google_Art_Project.jpg,https://www.wikidata.org/wiki/Q3793016,https://monet.1vasiliadi.com/#w225
226,"Аржантёй, лодки у берега","Argenteuil, Boats along the Bank","Argenteuil, bateaux au long de la berge",1872,46 × 72,музей,"Музей Мухаммеда Махмуда Халиля, Каир","Mohamed Mahmoud Khalil Museum, Cairo",Египет,Egypt,,скан из каталога,https://monet.1vasiliadi.com/img/1600/w226.webp,https://commons.wikimedia.org/wiki/File:Monet_w226.jpg,https://www.wikidata.org/wiki/Q84056388,https://monet.1vasiliadi.com/#w226
227,Парусники на Сене,Boats on the Seine at Le Petit-Gennevilliers,Bateaux sur la Seine à Gennevilliers,1872,54 × 65,музей,"Дворец Почётного легиона, Сан-Франциско","Legion of Honor, San Francisco",США,United States,,цветная фотография,https://monet.1vasiliadi.com/img/1600/w227.webp,https://commons.wikimedia.org/wiki/File:Claude_Monet_-_Voiliers_sur_la_Seine_(1874).jpg,https://www.wikidata.org/wiki/Q19868618,https://monet.1vasiliadi.com/#w227
228,Сена в Пти-Женвилье,The Seine at Le Petit-Gennevilliers,La Seine au Petit-Gennevilliers,1872,47.5 × 63,частная коллекция,,,,,2007,цветная фотография,https://monet.1vasiliadi.com/img/1600/w228.webp,https://commons.wikimedia.org/wiki/File:La_Seine_au_Petit-Gennevilliers_(1872)_Claude_Monet_(W228).jpg,,https://monet.1vasiliadi.com/#w228
229,Прогулочные лодки,Pleasure Boats,Bateaux de plaisance,1872,47 × 65,музей,"Музей Орсе, Париж","Musée d'Orsay, Paris",Франция,France,,цветная фотография,https://monet.1vasiliadi.com/img/1600/w229.webp,https://commons.wikimedia.org/wiki/File:Monet_-_Bateaux_de_plaisance%2C_Argenteuil%2C_1872-1873.jpg,https://www.wikidata.org/wiki/Q17490850,https://monet.1vasiliadi.com/#w229
230,Аржантёй,Argenteuil,,1872,49 × 65,музей,"Музей Орсе, Париж","Musée d'Orsay, Paris",Франция,France,,цветная фотография,https://monet.1vasiliadi.com/img/1600/w230.webp,https://commons.wikimedia.org/wiki/File:Claude_Monet_-_Argenteuil_-_1872_-_Mus%C3%A9e_d'Orsay.jpg,https://www.wikidata.org/wiki/Q17490740,https://monet.1vasiliadi.com/#w230
231,Вид на Аржантёй с малого рукава Сены,Argenteuil Seen from the Small Arm of the Seine,Le Petit bras de la Seine à Argenteuil,1872,54.5 × 72.5,частная коллекция,,,,,,скан из каталога,https://monet.1vasiliadi.com/img/1600/w231.webp,https://commons.wikimedia.org/wiki/File:Monet_w231.jpg,,https://monet.1vasiliadi.com/#w231
232,Малый рукав Сены в Аржантёе,The Small Arm of the Seine at Argenteuil,Argenteuil vu depuis le petit bras de la Seine,1872,51 × 65.5,музей,"Художественный музей Пола, Хаконе","Pola Museum of Art, Hakone",Япония,Japan,,цветная фотография,https://monet.1vasiliadi.com/img/1600/w232.webp,https://commons.wikimedia.org/wiki/File:Argenteuil_Seen_from_the_Small_Branch_of_the_Seine_(1872)_by_Claude_Monet_-_Pola_Museum_of_Art_(Hakone%2C_Japan).jpg,https://www.wikidata.org/wiki/Q79790743,https://monet.1vasiliadi.com/#w232
233,Регата в Аржантёе,Regatta at Argenteuil,Régates à Argenteuil,1872,48 × 75,музей,"Музей Орсе, Париж","Musée d'Orsay, Paris",Франция,France,,цветная фотография,https://monet.1vasiliadi.com/img/1600/w233.webp,https://commons.wikimedia.org/wiki/File:Claude_Monet_-_Regattas_at_Argenteuil_-_Google_Art_Project.jpg,https://www.wikidata.org/wiki/Q3454959,https://monet.1vasiliadi.com/#w233
234,Парусник,Voilier,,1872,41.5 × 71.5,частная коллекция,,,,,,скан из каталога,https://monet.1vasiliadi.com/img/1600/w234.webp,https://commons.wikimedia.org/wiki/File:Monet_w234.jpg,,https://monet.1vasiliadi.com/#w234
235,Вид Аржантёя,View of Argenteuil,Vue d'Argenteuil,1872,42 × 83,частная коллекция,,,Швейцария,Switzerland,2019,цветная фотография,https://monet.1vasiliadi.com/img/1600/w235.webp,https://commons.wikimedia.org/wiki/File:Vue_d'Argenteuil_(1872)_Claude_Monet_(W_235).jpg,https://www.wikidata.org/wiki/Q116766625,https://monet.1vasiliadi.com/#w235
236,Сена близ Буживаля,The Seine near Bougival,La Seine près de Bougival,1872,48 × 95,частная коллекция,,,США,United States,,скан из каталога,https://monet.1vasiliadi.com/img/1600/w236.webp,https://commons.wikimedia.org/wiki/File:Monet_w236.jpg,,https://monet.1vasiliadi.com/#w236
237,Карьер-Сен-Дени,Carrières-Saint-Denis,Carrières-Saint-Denis,1872,61 × 81,музей,"Музей Орсе, Париж","Musée d'Orsay, Paris",Франция,France,,цветная фотография,https://monet.1vasiliadi.com/img/1600/w237.webp,https://commons.wikimedia.org/wiki/File:Carri%C3%A8res-Saint-Denis_-_Claude_Monet.jpg,https://www.wikidata.org/wiki/Q15974183,https://monet.1vasiliadi.com/#w237
238,Жан Моне на трёхколёсном велосипеде-лошадке,Jean Monet on His Horse Tricycle,Jean Monet sur son vélo-cheval,1872,59.5 × 73.5,музей,"Метрополитен-музей, Нью-Йорк","Metropolitan Museum of Art, New York",США,United States,,цветная фотография,https://monet.1vasiliadi.com/img/1600/w238.webp,https://commons.wikimedia.org/wiki/File:Claude_Monet_-_Jean_Monet_on_his_Hobby_Horse.jpg,https://www.wikidata.org/wiki/Q19905652,https://monet.1vasiliadi.com/#w238
239,Старая улица Шоссе. Аржантёй,"The Old Rue de la Chaussee, Argenteuil","L'Ancienne rue de la Chaussée, Argenteuil",1872,55 × 73,частная коллекция,,,Швейцария,Switzerland,,цветная фотография,https://monet.1vasiliadi.com/img/1600/w239.webp,https://commons.wikimedia.org/wiki/File:L'Ancienne_rue_de_la_Chauss%C3%A9e%2C_Argenteuil_by_Claude_Monet.jpg,https://www.wikidata.org/wiki/Q50772159,https://monet.1vasiliadi.com/#w239
240,"Аржантёй, богадельня","Argenteuil, the Hospice","Argenteuil, l'Hospice",1872,49.5 × 63.5,частная коллекция,,,,,,скан из каталога,https://monet.1vasiliadi.com/img/1600/w240.webp,https://commons.wikimedia.org/wiki/File:Monet_-_Wildenstein_1996%2C_240.png,,https://monet.1vasiliadi.com/#w240
241,Праздник в Аржантёе,Fete at Argenteuil,La fête d'Argenteuil,1872,60 × 81,частная коллекция,,,,,,цветная фотография,https://monet.1vasiliadi.com/img/1600/w241.webp,https://commons.wikimedia.org/wiki/File:Claude_Monet_-_La_f%C3%AAte_d'Argenteuil.jpg,https://www.wikidata.org/wiki/Q50768386,https://monet.1vasiliadi.com/#w241
242,Вокзал в Аржантёе,The Railroad Station at Argenteuil,La Gare d'Argenteuil,1872,47.5 × 71,музей,"Музей Таве-Делакур, Понтуаз","Musée Tavet-Delacour, Pontoise",Франция,France,,цветная фотография,https://monet.1vasiliadi.com/img/1600/w242.webp,https://commons.wikimedia.org/wiki/File:La-gare-dArgenteuil_(1872)_Claude_Monet_-_Mus%C3%A9e_Tavet-Delacour_-_Pontoise_(W242).jpg,https://www.wikidata.org/wiki/Q17492002,https://monet.1vasiliadi.com/#w242
243,Деревенская улица,Village Street,Rue de Village,1872,43.5 × 65,музей,"Галерея и сады Диксона, Мемфис","Dixon Gallery and Gardens, Memphis",США,United States,,цветная фотография,https://monet.1vasiliadi.com/img/1600/w243.webp,https://commons.wikimedia.org/wiki/File:Claude_Monet_-_Village_Street%2C_ca._1869-71%2C_Dixon_Gallery.jpg,https://www.wikidata.org/wiki/Q50769797,https://monet.1vasiliadi.com/#w243
244,Чайный сервиз,The Tea Set,Le Service à thé,1872,53 × 72,музей,"Художественный музей Далласа, Даллас","Dallas Museum of Art, Dallas",США,United States,,цветная фотография,https://monet.1vasiliadi.com/img/1600/w244.webp,https://commons.wikimedia.org/wiki/File:Claude_Monet_-_Still_Life%2C_Tea_Service_-_2019.67.12.McD_-_Dallas_Museum_of_Art.jpg,https://www.wikidata.org/wiki/Q50765334,https://monet.1vasiliadi.com/#w244
245,Натюрморт,Still Life with Melon,Nature morte au melon,1872,53 × 73,музей,"Музей Галуста Гюльбенкяна, Лиссабон","Calouste Gulbenkian Museum, Lisbon",Португалия,Portugal,,цветная фотография,https://monet.1vasiliadi.com/img/1600/w245.webp,https://commons.wikimedia.org/wiki/File:Still_Life_with_Melon_Claude_Monet.jpg,https://www.wikidata.org/wiki/Q10335777,https://monet.1vasiliadi.com/#w245
246,Куропатка и вальдшнеп,Partridge and Woodcock,Perdix et bécasse,1872,61 × 51,частная коллекция,,,,,,скан из каталога,https://monet.1vasiliadi.com/img/1600/w246.webp,https://commons.wikimedia.org/wiki/File:Monet_w246.jpg,,https://monet.1vasiliadi.com/#w246
247,Бульвар Элоизы в Аржантёе,"Boulevard Héloise, Argenteuil","Boulevard Héloïse, Argenteuil",1872,35 × 59,музей,"Художественная галерея Йельского университета, Нью-Хейвен","Yale University Art Gallery, New Haven",США,United States,,цветная фотография,https://monet.1vasiliadi.com/img/1600/w247.webp,https://commons.wikimedia.org/wiki/File:Boulevard_Heloise_Argenteuil_by_Claude_Monet_1872.jpeg,https://www.wikidata.org/wiki/Q49221996,https://monet.1vasiliadi.com/#w247
248,Дом на бульваре,The House on the Mall,Effet de brouillard,1872,58.5 × 71,частная коллекция,,,США,United States,,скан из каталога,https://monet.1vasiliadi.com/img/1600/w248.webp,https://commons.wikimedia.org/wiki/File:Monet_-_Wildenstein_1996%2C_248.png,,https://monet.1vasiliadi.com/#w248
249,Туман,Fog Effect,,1872,48 × 76,частная коллекция,,,,,"Christie's, London, 2007",скан из каталога,https://monet.1vasiliadi.com/img/1600/w249.webp,https://commons.wikimedia.org/wiki/File:Monet_w249.jpg,,https://monet.1vasiliadi.com/#w249
250,Туман,Fog Effect,,1872,50 × 65,частная коллекция,,,,,,скан из каталога,https://monet.1vasiliadi.com/img/1600/w250.webp,https://commons.wikimedia.org/wiki/File:Monet_-_Wildenstein_1996%2C_250.png,,https://monet.1vasiliadi.com/#w250
251,Наводнение в Аржантёе,Flood in Argenteuil,L'inondation à Argenteuil,1872,54 × 73,музей,"Музей Артизон, Токио","Artizon Museum, Tokyo",Япония,Japan,,цветная фотография,https://monet.1vasiliadi.com/img/1600/w251.webp,https://commons.wikimedia.org/wiki/File:Flood_at_Argenteuil_(1872-73)_de_Claude_Monet_(Artizon_Museum%2C_Tokyo).jpg,https://www.wikidata.org/wiki/Q124254552,https://monet.1vasiliadi.com/#w251
252,Наводнение,The Flood,Inondation,1872,80 × 58.5,частная коллекция,,,,,,скан из каталога,https://monet.1vasiliadi.com/img/1600/w252.webp,https://commons.wikimedia.org/wiki/File:Monet_w252.jpg,,https://monet.1vasiliadi.com/#w252
253,Сена в Аржантёе,The Seine at Argenteuil,La Seine à Argenteuil,1872,28 × 58,частная коллекция,,,,,,скан из каталога,https://monet.1vasiliadi.com/img/1600/w253.webp,https://commons.wikimedia.org/wiki/File:Monet_w_253.jpg,,https://monet.1vasiliadi.com/#w253
254,Мельница в Оржемоне. Снег,"The Mill at Orgemont, Snow","Le Moulin d'Orgemont, neige",1873,58.5 × 81,музей,"Музей изящных искусств Вирджинии, Ричмонд","Virginia Museum of Fine Arts, Richmond",США,United States,,цветная фотография,https://monet.1vasiliadi.com/img/1600/w254.webp,https://commons.wikimedia.org/wiki/File:Monet_-_Vineyards_in_the_Snow%2C_Looking_Towards_the_Mill_at_Orgemont%2C_1873.jpg,https://www.wikidata.org/wiki/Q85224927,https://monet.1vasiliadi.com/#w254
255,Оттепель в Аржантёе,Thaw in Argenteuil,Le Dégel,1873,55 × 73,частная коллекция,,,США,United States,,скан из каталога,https://monet.1vasiliadi.com/img/1600/w255.webp,https://commons.wikimedia.org/wiki/File:Monet_w_255.jpg,,https://monet.1vasiliadi.com/#w255
256,Равнина Коломб. Иней,"The Plain of Colombes, White Frost","La Plaine de Colombes, gelée blanche",1873,55 × 73,музей,Музей современного искусства префектуры Ниигата,The Niigata Prefectural Museum Of Modern Art,Япония,Japan,,цветная фотография,https://monet.1vasiliadi.com/img/1600/w256.webp,https://commons.wikimedia.org/wiki/File:Monet_-_Frost_on_the_Plains_of_Colombes%2C_1873.jpg,https://www.wikidata.org/wiki/Q124343764,https://monet.1vasiliadi.com/#w256
257,Красная накидка,"The Red Kerchief, Portrait of Madame Monet",La Capeline rouge,1873,100 × 80,музей,Художественный музей Кливленда,Cleveland Museum of Art,США,United States,,цветная фотография,https://monet.1vasiliadi.com/img/1600/w257.webp,https://commons.wikimedia.org/wiki/File:The_Red_Kerchief%2C_by_Claude_Monet%2C_Cleveland_Museum_of_Art%2C_1958.39.jpg,https://www.wikidata.org/wiki/Q50772913,https://monet.1vasiliadi.com/#w257
258,Врата д’Амон. Этрета,"The Porte d'Amont, Etretat","La Porte d'Amont, Étretat",1873,81 × 100,музей,"Музей Фогга, Кембридж (Массачусетс)","Fogg Museum, Cambridge",США,United States,,цветная фотография,https://monet.1vasiliadi.com/img/1600/w258.webp,https://commons.wikimedia.org/wiki/File:Monet_-_La_Porte_d'Amont%2C_%C3%89tretat%2C_c._1868-1869.jpg,https://www.wikidata.org/wiki/Q106874627,https://monet.1vasiliadi.com/#w258
259,Этюд лодок,Study of Boats (also known as Ships in Harbor),Étude de bateaux,1873,50 × 60,музей,"Музей изящных искусств, Бостон","Museum of Fine Arts, Boston",США,United States,,цветная фотография,https://monet.1vasiliadi.com/img/1600/w259.webp,https://commons.wikimedia.org/wiki/File:Monet_-_Ships_in_a_Harbor%2C_about_1873.jpg,https://www.wikidata.org/wiki/Q20538892,https://monet.1vasiliadi.com/#w259
260,Ремонт лодок,Boats under Repair,Navires en réparation,1873,71 × 53.5,музей,"Национальные галереи Шотландии, Эдинбург","National Galleries of Scotland, Edinburgh",Великобритания,United Kingdom,,цветная фотография,https://monet.1vasiliadi.com/img/1600/w260.webp,https://commons.wikimedia.org/wiki/File:Claude_Monet_-_Boats_in_a_Harbour_-_NG_2423_-_National_Galleries_of_Scotland.jpg,https://www.wikidata.org/wiki/Q27968181,https://monet.1vasiliadi.com/#w260
261,Музей в Гавре,Le Havre Museum,Le Musée du Havre,1873,75 × 100,музей,"Лондонская национальная галерея, Лондон","National Gallery, London",Великобритания,United Kingdom,,цветная фотография,https://monet.1vasiliadi.com/img/1600/w261.webp,https://commons.wikimedia.org/wiki/File:Monet%2C_The_Museum_at_Le_Havre.jpg,https://www.wikidata.org/wiki/Q24953821,https://monet.1vasiliadi.com/#w261
262,Восход солнца,Sunrise (also known as Seascape),Soleil levant (Marine),1873,49 × 60,музей,"Центр Гетти, Лос-Анджелес","Getty Center, Los Angeles",США,United States,,цветная фотография,https://monet.1vasiliadi.com/img/1600/w262.webp,https://commons.wikimedia.org/wiki/File:Claude_Monet_(French_-_Sunrise_(Marine)_-_Google_Art_Project.jpg,https://www.wikidata.org/wiki/Q20184209,https://monet.1vasiliadi.com/#w262
263,Впечатление. Восходящее солнце,"Impression, Sunrise","Impression, Soleil levant",1873,48 × 63,музей,"Музей Мармоттан-Моне, Париж","Musée Marmottan Monet, Paris",Франция,France,,цветная фотография,https://monet.1vasiliadi.com/img/1600/w263.webp,https://commons.wikimedia.org/wiki/File:Monet_-_Impression%2C_Sunrise.jpg,https://www.wikidata.org/wiki/Q328523,https://monet.1vasiliadi.com/#w263
264,Порт Гавра. Ночь,"The Port of Le Havre, Night Effect","Le port du Havre, effet de nuit",1873,60 × 81,музей,"Собрание Хассо Платтнера, Музей Барберини, Потсдам","Hasso Plattner Collection, Museum Barberini, Potsdam",Германия,Germany,,цветная фотография,https://monet.1vasiliadi.com/img/1600/w264.webp,https://commons.wikimedia.org/wiki/File:Monet_-_the-port-of-le-havre-night-effect.jpg,https://www.wikidata.org/wiki/Q108479163,https://monet.1vasiliadi.com/#w264
265,Парусники в Сент-Адрессе,Sailing at Sainte-Adresse,Sainte-Adresse,1873,48 × 74,частная коллекция,,,,,2013,скан из каталога,https://monet.1vasiliadi.com/img/1600/w265.webp,https://commons.wikimedia.org/wiki/File:Monet_w265.jpg,,https://monet.1vasiliadi.com/#w265
266,Скала в Сент-Адрессе,The Cliff at Sainte-Adresse,Falaises à Sainte-Adresse,1873,54 × 71,частная коллекция,,,Япония,Japan,,скан из каталога,https://monet.1vasiliadi.com/img/1600/w266.webp,https://commons.wikimedia.org/wiki/File:Monet_w266.jpg,,https://monet.1vasiliadi.com/#w266
267,Лодки в Руане,Boats at Rouen,Bateaux à Rouen,1873,61 × 80,частная коллекция,,,,,,скан из каталога,https://monet.1vasiliadi.com/img/1600/w267.webp,https://commons.wikimedia.org/wiki/File:Monet_w267.jpg,,https://monet.1vasiliadi.com/#w267
268,Сена в Руане,The Seine at Rouen,La Seine à Rouen,1873,50.5 × 65.5,музей,"Государственный кунстхалле, Карлсруэ","Staatliche Kunsthalle, Karlsruhe",Германия,Germany,,цветная фотография,https://monet.1vasiliadi.com/img/1600/w268.webp,https://commons.wikimedia.org/wiki/File:Monet_-_Die_Seine_bei_Rouen%2C_1874.jpg,https://www.wikidata.org/wiki/Q93162092,https://monet.1vasiliadi.com/#w268
269,Сена в Аньере,The Seine at Asnières,La Seine à Asnières,1873,55 × 74,музей,"Музей Вальрафа-Рихарца и фонд Корбу, Кёльн","Wallraf-Richartz-Museum & Fondation Corboud, Cologne",Германия,Germany,,нет,,,https://www.wikidata.org/wiki/Q67183659,https://monet.1vasiliadi.com/#w269
269a,Сена в Аньере,The Seine at Asnieres,,1873,46.4 × 55.5,музей,"Эрмитаж, Санкт-Петербург","Hermitage Museum, St Petersburg",Россия,Russia,,цветная фотография,https://monet.1vasiliadi.com/img/1600/w269a.webp,https://commons.wikimedia.org/wiki/File:La_Seine_%C3%A0_Asni%C3%A8re_-_Monet.jpg,,https://monet.1vasiliadi.com/#w269a
270,Сена в Аньере,The Seine at Asnieres,Péniches à Asnières,1873,55 × 74,частная коллекция,,,,,2010,скан из каталога,https://monet.1vasiliadi.com/img/1600/w270.webp,https://commons.wikimedia.org/wiki/File:Monet_w270.jpg,,https://monet.1vasiliadi.com/#w270
271,Весна,Springtime,Le Printemps,1873,60 × 100,музей,"Метрополитен-музей, Нью-Йорк","Metropolitan Museum of Art, New York",США,United States,,цветная фотография,https://monet.1vasiliadi.com/img/1600/w271.webp,https://commons.wikimedia.org/wiki/File:Spring_(Fruit_Trees_in_Bloom)_MET_DT1902.jpg,https://www.wikidata.org/wiki/Q19912572,https://monet.1vasiliadi.com/#w271
272,Цветущие яблони,Apple Trees in Bloom,Pommiers en fleurs,1873,61 × 100,музей,Собрание князя Монако,Collection of the Prince of Monaco,Монако,Monaco,,скан из каталога,https://monet.1vasiliadi.com/img/1600/w272.webp,https://commons.wikimedia.org/wiki/File:Monet_w_272_Apple_Trees_in_Bloom.jpg,,https://monet.1vasiliadi.com/#w272
273,Весна,Springtime,Le Printemps,1873,58 × 78.5,музей,Художественная галерея Йоханнесбурга,Johannesburg Art Gallery,ЮАР,South Africa,,цветная фотография,https://monet.1vasiliadi.com/img/1600/w273.webp,https://commons.wikimedia.org/wiki/File:Claude_Monet_-_Springtime_-_Johannesburg_Art_Gallery.jpg,https://www.wikidata.org/wiki/Q60606924,https://monet.1vasiliadi.com/#w273
274,Маки,Poppies,Les Coquelicots,1873,50 × 65,музей,"Музей Орсе, Париж","Musée d'Orsay, Paris",Франция,France,,цветная фотография,https://monet.1vasiliadi.com/img/1600/w274.webp,https://commons.wikimedia.org/wiki/File:Claude_Monet_-_Poppy_Field_-_Google_Art_Project.jpg,https://www.wikidata.org/wiki/Q3231771,https://monet.1vasiliadi.com/#w274
275,На лугу близ Аржантёя,In the Meadow near Argenteuil,,1873,,частная коллекция,,,,,,скан из каталога,https://monet.1vasiliadi.com/img/1600/w275.webp,https://commons.wikimedia.org/wiki/File:Monet_-_Wildenstein_1996%2C_275.png,,https://monet.1vasiliadi.com/#w275
276,Прогулка по лугам в Аржантёе,Walk in the Meadows at Argenteuil,La Promenade dans les prairies à Argenteuil,1873,54.5 × 65,музей,"Музей Школы дизайна Род-Айленда, Провиденс","Rhode Island School of Design Museum, Providence",США,United States,,цветная фотография,https://monet.1vasiliadi.com/img/1600/w276.webp,https://commons.wikimedia.org/wiki/File:Claude_Monet_-_A_Walk_in_the_Meadows_at_Argenteuil_-_1998.107_-_Rhode_Island_School_of_Design_Museum.jpg,https://www.wikidata.org/wiki/Q64517633,https://monet.1vasiliadi.com/#w276
277,Дома в Аржантёе,Houses at Argenteuil,Maisons d'Argenteuil,1873,54 × 73,музей,Государственные музеи Берлина,Berlin State Museums,Германия,Germany,,цветная фотография,https://monet.1vasiliadi.com/img/1600/w277.webp,https://commons.wikimedia.org/wiki/File:Monet%2C_Houses_at_Argenteuil%2C_1873%2C_Alte_Nationalgalerie%2C_Berlin_(25308214617).jpg,https://www.wikidata.org/wiki/Q50121187,https://monet.1vasiliadi.com/#w277
278,Мост в Аржантёе,The Bridge at Argenteuil,Le Pont d'Argenteuill,1873,45.5 × 71,музей,"Музей изящных искусств Виргинии, Ричмонд","Virginia Museum of Fine Arts, Richmond",США,United States,,скан из каталога,https://monet.1vasiliadi.com/img/1600/w278.webp,https://commons.wikimedia.org/wiki/File:Monet_w_278_the_bridge_at_argenteuil.jpg,https://www.wikidata.org/wiki/Q85225152,https://monet.1vasiliadi.com/#w278
279,Железнодорожный мост в Аржантёе,The Railroad Bridge at Argenteuil,Le pont de chemin de fer à Argenteuil,1873,60 × 99,частная коллекция,,,,,,цветная фотография,https://monet.1vasiliadi.com/img/1600/w279.webp,https://commons.wikimedia.org/wiki/File:Claude_Monet_-_Le_pont_de_chemin_der_fer_%C3%A0_Argenteuil.jpg,https://www.wikidata.org/wiki/Q18543496,https://monet.1vasiliadi.com/#w279
280,Камилла в саду с Жаном и его няней,Camille in the Garden with Jean and His Nanny,"Camille au jardin, avec Jean et sa bonne",1873,59 × 79.5,музей,"Собрание Э. Г. Бюрле, Цюрих","Sammlung E.G. Bührle, Zürich",Швейцария,Switzerland,,цветная фотография,https://monet.1vasiliadi.com/img/1600/w280.webp,https://commons.wikimedia.org/wiki/File:'Camille_in_the_Garden_with_Jean_and_a_Maid'_by_Claude_Monet%2C_1873.jpg,https://www.wikidata.org/wiki/Q50765320,https://monet.1vasiliadi.com/#w280
281,Камилла Моне на скамейке в саду,The Bench,Camille Monet sur un banc de jardin,1873,60 × 80,музей,"Метрополитен-музей, Нью-Йорк","Metropolitan Museum of Art, New York",США,United States,,цветная фотография,https://monet.1vasiliadi.com/img/1600/w281.webp,https://commons.wikimedia.org/wiki/File:WLA_metmuseum_Camille_Monet_on_a_Garden_Bench_by_Claude_Monet.jpg,https://www.wikidata.org/wiki/Q13451237,https://monet.1vasiliadi.com/#w281
282,Камилла и Жан Моне в саду в Аржантёе,Camille and Jean Monet in the Garden at Argenteuil,"Camille et Jean Monet au jardin, Argenteuil",1873,131 × 97,частная коллекция,,,,,,цветная фотография,https://monet.1vasiliadi.com/img/1600/w282.webp,https://commons.wikimedia.org/wiki/File:Monet_-_camille-and-jean-monet-in-the-garden-at-argenteuil.jpg,,https://monet.1vasiliadi.com/#w282
283,Портрет мадемуазель Бонне,Portrait of Mademoiselle Bonnet,'Fille avec chien,1873,55.5 × 46,музей,"Фонд Барнса, Филадельфия","Barnes Foundation, Philadelphia",США,United States,,скан из каталога,https://monet.1vasiliadi.com/img/1600/w283.webp,https://commons.wikimedia.org/wiki/File:Monet_w_283_Mademoiselle_Bonnet.jpg,https://www.wikidata.org/wiki/Q28128602,https://monet.1vasiliadi.com/#w283
284,Дом художника в Аржантёе,The Artist's House at Argenteuil,Maison de l'artiste à Argenteuil,1873,60.5 × 74,музей,Чикагский институт искусств,Art Institute of Chicago,США,United States,,цветная фотография,https://monet.1vasiliadi.com/img/1600/w284.webp,https://www.artic.edu/artworks/16554,https://www.wikidata.org/wiki/Q20268557,https://monet.1vasiliadi.com/#w284
285,Завтрак в саду,The Luncheon,Le Déjeuner,1873,162 × 203,музей,"Музей Орсе, Париж","Musée d'Orsay, Paris",Франция,France,,цветная фотография,https://monet.1vasiliadi.com/img/1600/w285.webp,https://commons.wikimedia.org/wiki/File:Claude_monet%2C_il_pranzo%2C_1873_ca._01.JPG,https://www.wikidata.org/wiki/Q18922918,https://monet.1vasiliadi.com/#w285
286,Сад в Аржантёе,The Garden at Argenteuil,Le Jardin de l’artiste,1873,61 × 82.5,музей,"Национальная галерея искусства, Вашингтон","National Gallery of Art, Washington D.C.",США,United States,,цветная фотография,https://monet.1vasiliadi.com/img/1600/w286.webp,https://www.nga.gov/collection/art-object-page.72138.html,https://www.wikidata.org/wiki/Q20188762,https://monet.1vasiliadi.com/#w286
287,Камилла Моне у окна. Аржантёй,"Camille Monet at the Window, Argenteuil",Camille Monet à la fenêtre,1873,60 × 49.5,музей,"Музей изящных искусств Вирджинии, Ричмонд","Virginia Museum of Fine Arts, Richmond",США,United States,,цветная фотография,https://monet.1vasiliadi.com/img/1600/w287.webp,https://commons.wikimedia.org/wiki/File:Monet_-_camille-monet-at-the-window-argentuile.jpg,https://www.wikidata.org/wiki/Q85224933,https://monet.1vasiliadi.com/#w287
288,Укромная тропинка,The Sheltered Path,Chemin Creux,1873,54 × 65,музей,Художественный музей Филадельфии,Philadelphia Museum of Art,США,United States,,цветная фотография,https://monet.1vasiliadi.com/img/1600/w288.webp,https://commons.wikimedia.org/wiki/File:Monet_-_the-sheltered-path.jpg,https://www.wikidata.org/wiki/Q20809482,https://monet.1vasiliadi.com/#w288
289,Пруд с утками осенью,The Pond with Ducks in Autumn,"La Mare aux canards, l'automne",1873,54 × 65,частная коллекция,,,Франция,France,,скан из каталога,https://monet.1vasiliadi.com/img/1600/w289.webp,https://commons.wikimedia.org/wiki/File:Monet_w289.jpg,,https://monet.1vasiliadi.com/#w289
290,Осень в Аржантёе,Autumn Effect at Argenteuil,Effet d'automne à Argenteuil,1873,56 × 75,музей,"Институт искусств Курто, Лондон","Courtauld Institute of Art, London",Великобритания,United Kingdom,,цветная фотография,https://monet.1vasiliadi.com/img/1600/w290.webp,https://commons.wikimedia.org/wiki/File:Monet%2C_Autumn_Effect_at_Argenteuil%2C_Courtauld_Gallery.jpg,https://www.wikidata.org/wiki/Q50435471,https://monet.1vasiliadi.com/#w290
291,Осень на Сене в Аржантёе,Autumn on the Seine at Argenteuil,"Automne sur la Seine, Argenteuil",1873,54 × 73,музей,"Художественный музей Хай, Атланта","High Museum of Art, Atlanta",США,United States,,цветная фотография,https://monet.1vasiliadi.com/img/1600/w291.webp,https://commons.wikimedia.org/wiki/File:Claude_Monet_-_Automne_sur_la_Seine_Argenteuil_(1873).jpg,https://www.wikidata.org/wiki/Q50766796,https://monet.1vasiliadi.com/#w291
292,Карнавал на бульваре Капуцинок,Carnaval Boulevard des Capucines,Le Boulevard des Capucines,1873,61 × 80,музей,"ГМИИ им. Пушкина, Москва","Pushkin Museum, Moscow",Россия,Russia,,цветная фотография,https://monet.1vasiliadi.com/img/1600/w292.webp,https://commons.wikimedia.org/wiki/File:Interior_of_Gallery_of_19th_and_20th_Century_Art_(Pushkin_museum)_-_008.jpg,https://www.wikidata.org/wiki/Q2939683,https://monet.1vasiliadi.com/#w292
293,Бульвар Капуцинок,Boulevard des Capucines,,1873,80 × 60,музей,"Художественный музей Нельсона-Аткинса, Канзас-Сити","Nelson-Atkins Museum of Art, Kansas City",США,United States,,цветная фотография,https://monet.1vasiliadi.com/img/1600/w293.webp,https://commons.wikimedia.org/wiki/File:Claude_Monet_-_Boulevard_des_Capucines_-_Google_Art_Project.jpg,https://www.wikidata.org/wiki/Q4949676,https://monet.1vasiliadi.com/#w293
294,Торговый бассейн. Гавр,"The Trade Basin, Le Havre",Le Bassin du commerce. Le Havre,1874,37 × 45,музей,"Музей современного искусства, Льеж","Musée d'Art Moderne, Liège",Бельгия,Belgium,,цветная фотография,https://monet.1vasiliadi.com/img/1600/w294.webp,https://commons.wikimedia.org/wiki/File:HavreMonet.jpg,https://www.wikidata.org/wiki/Q90913879,https://monet.1vasiliadi.com/#w294
295,Большая набережная в Гавре,Embankment in Le Havre,Le Grand Quai au Havre,1874,61 × 81,музей,"Эрмитаж, Санкт-Петербург","Hermitage Museum, St Petersburg",Россия,Russia,,цветная фотография,https://monet.1vasiliadi.com/img/1600/w295.webp,https://commons.wikimedia.org/wiki/File:'The_Grand_Quay_at_Havre'_by_Claude_Monet%2C_1874%2C_Hermitage.JPG,https://www.wikidata.org/wiki/Q27976551,https://monet.1vasiliadi.com/#w295
296,Лодки выходят из порта,Fishing Boats Leaving the Port of Le Havre,"Le Havre, bateaux de pêche sortant du port",1874,60 × 101,музей,Музей искусств округа Лос-Анджелес,Los Angeles County Museum of Art,США,United States,,цветная фотография,https://monet.1vasiliadi.com/img/1600/w296.webp,https://commons.wikimedia.org/wiki/File:Claude_Monet%2C_Fishing_Boats_Leaving_the_Harbor%2C_Le_Havre.jpg,https://www.wikidata.org/wiki/Q2891152,https://monet.1vasiliadi.com/#w296
297,Старый аванпорт Гавра,Old Outer Port of Le Havre,Port du Havre,1874,60 × 102,музей,Художественный музей Филадельфии,Philadelphia Museum of Art,США,United States,,цветная фотография,https://monet.1vasiliadi.com/img/1600/w297.webp,https://commons.wikimedia.org/wiki/File:Claude_Monet%2C_French_-_Port_of_Le_Havre_-_Google_Art_Project.jpg,https://www.wikidata.org/wiki/Q18683915,https://monet.1vasiliadi.com/#w297
297a,"Леон Моне, брат художника","Léon Monet, the Artist’s Brother",Portrait de Léon Monet,1874,64 × 54,частная коллекция,,,,,,цветная фотография,https://monet.1vasiliadi.com/img/1600/w297a.webp,https://commons.wikimedia.org/wiki/File:Portrait_de_L%C3%A9on_Monet%2C_1874%2C_Claude_Monet.jpg,,https://monet.1vasiliadi.com/#w297a
298,Морской порт в Амстердаме,The Sea Port in Amsterdam,"Marine, le port d'Amsterdam",1874,60 × 81,музей,"Художественный музей «Вилла Асахи в Ямадзаки», Оямадзаки","Asahi Group Oyamazaki Villa Museum of Art, Ōyamazaki",Япония,Japan,,цветная фотография,https://monet.1vasiliadi.com/img/1600/w298.webp,https://commons.wikimedia.org/wiki/File:Monet-ij.jpg,https://www.wikidata.org/wiki/Q95691932,https://monet.1vasiliadi.com/#w298
299,Море в Амстердаме,The Sea at Amsterdam,"Marine, Amsterdam",1874,50.5 × 75.5,частная коллекция,,,Япония,Japan,,цветная фотография,https://monet.1vasiliadi.com/img/1600/w299.webp,https://commons.wikimedia.org/wiki/File:Monet_Het_IJ_the-sea-at-amsterdam.jpg,,https://monet.1vasiliadi.com/#w299
300,"Гелдерсекаде в Амстердаме, зима","Geldersekade of Amsterdam, Winter","Le Geldersekade à Amsterdam, l'hiver",1874,55 × 62,музей,"Музей Ботеро, Богота","Botero Museum, Bogotá",Колумбия,Colombia,,цветная фотография,https://monet.1vasiliadi.com/img/1600/w300.webp,https://commons.wikimedia.org/wiki/File:Claude_Monet_-_El_Geldersekade_de_Amsterdam_en_invierno.jpg,https://www.wikidata.org/wiki/Q108333238,https://monet.1vasiliadi.com/#w300
301,Амстердам в снегу,Amsterdam in the Snow,Neige à Amsterdam,1874,56 × 73,музей,Музей коллекции Розенгарт,Rosengart Collection Museum,Швейцария,Switzerland,,цветная фотография,https://monet.1vasiliadi.com/img/1600/w301.webp,https://commons.wikimedia.org/wiki/File:Claude_Monet_-_Snow_in_Amsterdam_-_Rosengart_collection.jpg,https://www.wikidata.org/wiki/Q67959125,https://monet.1vasiliadi.com/#w301
302,Ветряная мельница на канале Онбекенде. Амстердам,"The Windmill on the Onbekende Canal, Amsterdam","Le Moulin de l'Onbekende Gracht, Amsterdam",1874,56 × 65,музей,"Музей изящных искусств, Хьюстон","Museum of Fine Arts, Houston",США,United States,,цветная фотография,https://monet.1vasiliadi.com/img/1600/w302.webp,https://commons.wikimedia.org/wiki/File:Claude_Monet_-_The_Windmill%2C_Amsterdam%2C_1871.jpg,https://www.wikidata.org/wiki/Q28039645,https://monet.1vasiliadi.com/#w302
303,Вид Амстердама,View of Amsterdam,Vue d'Amsterdam,1874,61 × 101.5,музей,"Собрание Рау для ЮНИСЕФ, Музей Арпа «Вокзал Роландсэк», Ремаген","Sammlung Rau fuer UNICEF, Arp Museum Bahnhof Rolandseck, Remagen",Германия,Germany,,цветная фотография,https://monet.1vasiliadi.com/img/1600/w303.webp,https://commons.wikimedia.org/wiki/File:Monet-schreierstoren.jpg,https://www.wikidata.org/wiki/Q78833067,https://monet.1vasiliadi.com/#w303
304,Вид набережных Принс-Хендрикаде и Кромме-Ваал в Амстердаме,View of the Prins Hendrikkade and the Kromme Waal in Amsterdam,Vue d'Amsterdam,1874,50 × 68,музей,"Музей Ван Гога, Амстердам","Van Gogh Museum, Amsterdam",Нидерланды,Netherlands,,цветная фотография,https://monet.1vasiliadi.com/img/1600/w304.webp,https://commons.wikimedia.org/wiki/File:Claude_Monet_-_View_of_the_Prins_Hendrikkade_and_the_Kromme_Waal_in_Amsterdam_-_Google_Art_Project.jpg,https://www.wikidata.org/wiki/Q28797628,https://monet.1vasiliadi.com/#w304
305,Биннен-Амстел. Амстердам,"The Binnen Amstel, Amsterdam","Le Binnen-Amstel, Amsterdam",1874,55 × 74,частная коллекция,,,,,2008,цветная фотография,https://monet.1vasiliadi.com/img/1600/w305.webp,https://commons.wikimedia.org/wiki/File:LE_BINNEN-AMSTEL%2C_AMSTERDAM_(1874)_Claude_Monet_(W_305).jpg,,https://monet.1vasiliadi.com/#w305
306,Мост. Амстердам,"The Bridge, Amsterdam",Amsterdam. Le pont,1874,53.5 × 63.5,музей,"Музей Шелберна, Шелберн","Shelburne Museum, Shelburne",США,United States,,цветная фотография,https://monet.1vasiliadi.com/img/1600/w306.webp,https://commons.wikimedia.org/wiki/File:Monet-montelbaanstoren.jpg,https://www.wikidata.org/wiki/Q95631052,https://monet.1vasiliadi.com/#w306
307,Вид башни Монтелбан. Амстердам,"View of the Montalban Tower, Amsterdam","Vue de la tour Montalban, Amsterdam",1874,60 × 81,частная коллекция,,,Швейцария,Switzerland,2024,скан из каталога,https://monet.1vasiliadi.com/img/1600/w307.webp,https://commons.wikimedia.org/wiki/File:Monet_w307_view_of_the_Montalban_Tower%2C_Amsterdam.jpg,,https://monet.1vasiliadi.com/#w307
308,Канал в Амстердаме,Canal in Amsterdam,Canal à Amsterdam,1874,55 × 65,частная коллекция,,,Япония,Japan,1998,цветная фотография,https://monet.1vasiliadi.com/img/1600/w308.webp,https://commons.wikimedia.org/wiki/File:Monet_canal-in-amsterdam.jpg,https://www.wikidata.org/wiki/Q66458983,https://monet.1vasiliadi.com/#w308
309,Зюйдеркерк. Амстердам,"The Zuiderkerk, Amsterdam","Le Zuiderkerk, Amsterdam",1874,54.5 × 65.5,музей,Художественный музей Филадельфии,Philadelphia Museum of Art,США,United States,,цветная фотография,https://monet.1vasiliadi.com/img/1600/w309.webp,https://commons.wikimedia.org/wiki/File:The_Zuiderkerk%2C_Amsterdam_by_Claude_Monet%2C_1874.jpg,https://www.wikidata.org/wiki/Q20809483,https://monet.1vasiliadi.com/#w309
310,Фруктовый сад,The Orchard,Le Verger,1874,59 × 80,частная коллекция,,,,,"Sotheby's, London, 1962",скан из каталога,https://monet.1vasiliadi.com/img/1600/w310.webp,https://commons.wikimedia.org/wiki/File:Monet_-_Wildenstein_1996%2C_310.png,https://www.wikidata.org/wiki/Q115171000,https://monet.1vasiliadi.com/#w310
311,Мост в Аржантёе,The Railway Bridge at Argenteuil,Le Pont d'Argenteuil,1874,60 × 80,музей,"Музей Орсе, Париж","Musée d'Orsay, Paris",Франция,France,,цветная фотография,https://monet.1vasiliadi.com/img/1600/w311.webp,https://commons.wikimedia.org/wiki/File:Claude_Monet_-_The_Argenteuil_Bridge_-_Google_Art_Project.jpg,https://www.wikidata.org/wiki/Q1212084,https://monet.1vasiliadi.com/#w311
312,Мост в Аржантёе,The Railway Bridge at Argenteuil,Le Pont d'Argenteuil,1874,60 × 80,музей,"Национальная галерея искусства, Вашингтон","National Gallery of Art, Washington D.C.",США,United States,,цветная фотография,https://monet.1vasiliadi.com/img/1600/w312.webp,https://commons.wikimedia.org/wiki/File:Claude_Monet_-_The_Bridge_at_Argenteuil_(1874)_-_NGA_1983.1.24.jpg,https://www.wikidata.org/wiki/Q20188770,https://monet.1vasiliadi.com/#w312
313,Мост через Сену в Аржантёе,The Road Bridge at Argenteuil,Le Pont sur la Seine à Argenteuil,1874,58 × 80,музей,"Новая пинакотека, Мюнхен","Neue Pinakothek, Munich",Германия,Germany,,цветная фотография,https://monet.1vasiliadi.com/img/1600/w313.webp,https://commons.wikimedia.org/wiki/File:Batch_Mattes_20130310_NP_(7).JPG,https://www.wikidata.org/wiki/Q30093031,https://monet.1vasiliadi.com/#w313
314,Автомобильный мост в Аржантёе,The Road Bridge at Argenteuil,Le Pont routier d'Argenteuil,1874,50 × 65,частная коллекция,,,,,,скан из каталога,https://monet.1vasiliadi.com/img/1600/w314.webp,https://commons.wikimedia.org/wiki/File:Monet_w314.jpg,,https://monet.1vasiliadi.com/#w314
315,Мост в Аржантёе в пасмурную погоду,"The Bridge at Argenteuil, Grey Weather","Le Pont routier, Argenteuil",1874,54 × 73,частная коллекция,,,США,United States,,цветная фотография,https://monet.1vasiliadi.com/img/1600/w315.webp,https://commons.wikimedia.org/wiki/File:Monet_-_the-bridge-at-argenteuil-grey-weather.jpg,https://www.wikidata.org/wiki/Q112218689,https://monet.1vasiliadi.com/#w315
316,Мост в Аржантёе в пасмурный день,Bridge at Argenteuil on a Gray Day,"Le Pont d'Argenteuil, jour gris",1876,61 × 80.5,музей,"Национальная галерея искусства, Вашингтон","National Gallery of Art, Washington D.C.",США,United States,,цветная фотография,https://monet.1vasiliadi.com/img/1600/w316.webp,https://www.nga.gov/collection/art-object-page.52188.html,https://www.wikidata.org/wiki/Q20188810,https://monet.1vasiliadi.com/#w316
317,Берега Сены у моста в Аржантёе,The Banks of the Seine at the Argenteuil Bridge,Les Bords de la Seine au pont d'Argenteuil,1874,54 × 73,частная коллекция,,,,,,скан из каталога,https://monet.1vasiliadi.com/img/1600/w317.webp,https://commons.wikimedia.org/wiki/File:Monet_w317.jpg,,https://monet.1vasiliadi.com/#w317
318,Мост в Аржантёе,The Railway Bridge at Argenteuil,Le Pont du chemin de fer à Argenteuil,1874,54.5 × 73.5,музей,Художественный музей Филадельфии,Philadelphia Museum of Art,США,United States,,цветная фотография,https://monet.1vasiliadi.com/img/1600/w318.webp,https://commons.wikimedia.org/wiki/File:Claude_Monet_-_The_Railway_Bridge_at_Argenteuil_(Philadelphia).jpg,https://www.wikidata.org/wiki/Q20809480,https://monet.1vasiliadi.com/#w318
319,Железнодорожный мост в Аржантёе,The Railway Bridge at Argenteuil,Le Pont du chemin de fer à Argenteuil,1874,55 × 72,музей,"Музей Орсе, Париж","Musée d'Orsay, Paris",Франция,France,,цветная фотография,https://monet.1vasiliadi.com/img/1600/w319.webp,https://commons.wikimedia.org/wiki/File:Claude_Monet_-_The_Railroad_bridge_in_Argenteuil_-_Google_Art_Project.jpg,https://www.wikidata.org/wiki/Q3795191,https://monet.1vasiliadi.com/#w319
320,Мост в Аржантёе,The Railway Bridge at Argenteuil,Le Pont du chemin de fer à Argenteuil,1874,14.5 × 23,музей,"Музей Мармоттан-Моне, Париж","Musée Marmottan Monet, Paris",Франция,France,,цветная фотография,https://monet.1vasiliadi.com/img/1600/w320.webp,https://commons.wikimedia.org/wiki/File:Claude_Monet_-_The_Railway_Bridge_at_Argenteuil_(Mus%C3%A9e_d'Marmottan).jpg,https://www.wikidata.org/wiki/Q47615867,https://monet.1vasiliadi.com/#w320
321,Прогулка у железнодорожного моста. Аржантёй,"The Promenade near the Railroad Bridge, Argenteuil",Le Pont du chemin de fer à Argenteuil,1874,54.5 × 78,музей,Художественный музей Сент-Луиса,Saint Louis Art Museum,США,United States,,цветная фотография,https://monet.1vasiliadi.com/img/1600/w321.webp,https://commons.wikimedia.org/wiki/File:Claude_Monet_-_The_Promenade_with_the_Railroad_Bridge%2C_Argenteuil_-_45-1973_-_Saint_Louis_Art_Museum.jpg,https://www.wikidata.org/wiki/Q47616281,https://monet.1vasiliadi.com/#w321
322,Аржантёй,Argenteuil,,1874,42 × 70,музей,"Музей Артизон, Токио","Artizon Museum, Tokyo",Япония,Japan,,цветная фотография,https://monet.1vasiliadi.com/img/1600/w322.webp,https://commons.wikimedia.org/wiki/File:Argenteuil_(1874)_de_Claude_Monet_(Artizon_Museum%2C_Tokyo).jpg,https://www.wikidata.org/wiki/Q124254550,https://monet.1vasiliadi.com/#w322
323,Лодка-мастерская,The Studio Boat,Le bateau-atelier,1874,50 × 64,музей,"Музей Крёллер-Мюллер, Оттерло","Kröller-Müller Museum, Otterlo",Нидерланды,Netherlands,,цветная фотография,https://monet.1vasiliadi.com/img/1600/w323.webp,https://commons.wikimedia.org/wiki/File:Claude_Monet_-_Le_bateau-atelier.jpg,https://www.wikidata.org/wiki/Q24018614,https://monet.1vasiliadi.com/#w323
324,Лодочники в Аржантёе,Boaters at Argenteuil,Les canotiers à Argenteuil,1874,60 × 81,частная коллекция,Собрание Нахмада,Nahmad Collection,,,,цветная фотография,https://monet.1vasiliadi.com/img/1600/w324.webp,https://commons.wikimedia.org/wiki/File:Claude_Monet_-_Les_canotiers_%C3%A0_Argenteuil_-_Nahmad_collection.jpg,https://www.wikidata.org/wiki/Q66483956,https://monet.1vasiliadi.com/#w324
325,Сена в Аржантёе,The Seine at Argenteuil,Le Bassin d'Argenteuil (1874),1874,54 × 73,музей,"Музей Школы дизайна Род-Айленда, Провиденс","Rhode Island School of Design Museum, Providence",США,United States,,цветная фотография,https://monet.1vasiliadi.com/img/1600/w325.webp,https://commons.wikimedia.org/wiki/File:Claude_Monet_-_The_Basin_at_Argenteuil_-_RISD_Museum.tif,https://www.wikidata.org/wiki/Q50771158,https://monet.1vasiliadi.com/#w325
326,Порт в Аржантёе,The Port at Argenteuil,Le bassin d'Argenteuil,1874,55 × 73,частная коллекция,,,США,United States,2021,цветная фотография,https://monet.1vasiliadi.com/img/1600/w326.webp,https://commons.wikimedia.org/wiki/File:Claude_monet_le_bassin_dargenteuil114147).jpg,https://www.wikidata.org/wiki/Q109550022,https://monet.1vasiliadi.com/#w326
327,Сена близ Аржантёя,The Seine near Argenteuil,La Seine près d'Argenteuil,1874,55 × 66,музей,"Художественный музей Берна, Берн","Kunstmuseum Bern, Bern",Швейцария,Switzerland,,скан из каталога,https://monet.1vasiliadi.com/img/1600/w327.webp,https://commons.wikimedia.org/wiki/File:Monet_w327.jpg,https://www.wikidata.org/wiki/Q92787520,https://monet.1vasiliadi.com/#w327
328,Закат на Сене,Sunset on the Seine,Marine avec coucher du soleil,1874,49.5 × 65,музей,Художественный музей Филадельфии,Philadelphia Museum of Art,США,United States,,цветная фотография,https://monet.1vasiliadi.com/img/1600/w328.webp,https://commons.wikimedia.org/wiki/File:Marine_View_with_a_Sunset%2C_by_Claude_Monet.JPG,https://www.wikidata.org/wiki/Q20809473,https://monet.1vasiliadi.com/#w328
329,Берега реки в Аржантёе,River Banks at Argenteuil,"Bord de l'eau, Argenteuil",1874,55 × 65,уничтожена,,,,,,цветная фотография,https://monet.1vasiliadi.com/img/1600/w329.webp,https://commons.wikimedia.org/wiki/File:Claude_Monet_-_Bords_de_l'eau_(1874)_(W_329).png,,https://monet.1vasiliadi.com/#w329
330,Сена в Аржантёе,The Seine at Argenteuil,La Seine à Argenteuil,1874,54 × 65,частная коллекция,,,,,"Sotheby's, New York, 1988",скан из каталога,https://monet.1vasiliadi.com/img/1600/w330.webp,https://commons.wikimedia.org/wiki/File:Monet_w330.jpg,,https://monet.1vasiliadi.com/#w330
331,Парусная лодка в Аржантёе,Argenteuil Basin with a Single Sailboat,Le Bassin d'Argenteuil avec un Voilier,1874,55 × 65,музей,"Национальная галерея Ирландии, Дублин","National Gallery of Ireland, Dublin",Ирландия,Ireland,,цветная фотография,https://monet.1vasiliadi.com/img/1600/w331.webp,https://commons.wikimedia.org/wiki/File:Monet-ArgenteuilBasinWithASingleSailboat.jpg,https://www.wikidata.org/wiki/Q19570879,https://monet.1vasiliadi.com/#w331
332,Берега Сены близ Аржантёя,The Banks of the Seine near Argenteuil,Les Bords de la Seine près d'Argenteuil,1874,54 × 73,частная коллекция,,,,,2016,скан из каталога,https://monet.1vasiliadi.com/img/1600/w332.webp,https://commons.wikimedia.org/wiki/File:Monet_w_332_the_banks_of_the_seine_ner_argenteuil.jpg,,https://monet.1vasiliadi.com/#w332
333,Берега Сены в Пти-Женвилье,The banks of the Seine at Petit-Gennevilliers,Les bords de la Seine au Petit-Gennevilliers,1874,54 × 73,частная коллекция,,,Франция,France,2017,цветная фотография,https://monet.1vasiliadi.com/img/1600/w333.webp,https://commons.wikimedia.org/wiki/File:Les_bords_de_la_Seine_au_Petit-Gennevilliers_by_Claude_Monet%2C_1874.jpg,https://www.wikidata.org/wiki/Q50772170,https://monet.1vasiliadi.com/#w333
334,"Бассейн, вид с моста. Аржантёй","The Pool seen from the Bridge, Argenteuil",Le Bassin d'Argenteuil vu depuis le pont routier,1874,62 × 81,музей,"Художественный музей префектуры Миэ, Цу","Mie Prefectural Art Museum, Tsu",Япония,Japan,,цветная фотография,https://monet.1vasiliadi.com/img/1600/w334.webp,https://commons.wikimedia.org/wiki/File:Claude_Monet_-_Le_Bassin_de_d'Argenteuil_vu_depuis_le_pont_routier.jpg,https://www.wikidata.org/wiki/Q73386712,https://monet.1vasiliadi.com/#w334
335,Порт в Аржантёе,The Port of Argenteuil,Le Bassin d'Argenteuil,1874,53 × 65,музей,"Художественный музей Индианского университета, Блумингтон","Indiana University Art Museum, Bloomington",США,United States,,цветная фотография,https://monet.1vasiliadi.com/img/1600/w335.webp,https://commons.wikimedia.org/wiki/File:Monet_-_The_Port_of_Argenteuil_(Le_bassin_de_Argenteuil)%2C_1874.jpg,https://www.wikidata.org/wiki/Q90922784,https://monet.1vasiliadi.com/#w335
336,Парусник в Пти-Женвилье,Sailboat at Le Petit-Gennevilliers,Voilier au Petit-Gennevilliers,1874,56 × 74,музей,"Фонд Люсиль Эллис Саймон, Санта-Моника","Lucille Ellis Simon Foundation, Santa Monica",США,United States,,цветная фотография,https://monet.1vasiliadi.com/img/1600/w336.webp,https://commons.wikimedia.org/wiki/File:Claude_Monet_-_Voilier_au_Petit-Gennevilliers.jpg,https://www.wikidata.org/wiki/Q66821486,https://monet.1vasiliadi.com/#w336
337,В Пти-Женвилье,At Petit-Gennevilliers,Au Petit-Gennevilliers,1874,55 × 73,частная коллекция,,,США,United States,2016,цветная фотография,https://monet.1vasiliadi.com/img/1600/w337.webp,https://commons.wikimedia.org/wiki/File:'Au_Petit-Gennevilliers'_by_Claude_Monet%2C_1874.jpg,https://www.wikidata.org/wiki/Q50765310,https://monet.1vasiliadi.com/#w337
338,"В Пти-Женвилье, закат","At Le Petit-Gennevilliers, Sunset","Au Petit-Gennevilliers, soleil couchant",1874,54 × 73,частная коллекция,,,,,,цветная фотография,https://monet.1vasiliadi.com/img/1600/w338.webp,https://commons.wikimedia.org/wiki/File:Claude_Monet_-_Petit-Gennevilliers%2C_soleil_couchant.jpg,https://www.wikidata.org/wiki/Q124172714,https://monet.1vasiliadi.com/#w338
339,Регата в Аржантёе,Regatta at Argenteuil,Régate à Argenteuil,1874,60 × 100,музей,"Музей Орсе, Париж","Musée d'Orsay, Paris",Франция,France,,цветная фотография,https://monet.1vasiliadi.com/img/1600/w339.webp,https://commons.wikimedia.org/wiki/File:Claude_Monet_047.jpg,https://www.wikidata.org/wiki/Q3828534,https://monet.1vasiliadi.com/#w339
340,Регата в Аржантёе,Regatta at Argenteuil,Régates à Argenteuil,1874,59 × 99,частная коллекция,,,,,,скан из каталога,https://monet.1vasiliadi.com/img/1600/w340.webp,https://commons.wikimedia.org/wiki/File:Monet_w340.jpg,,https://monet.1vasiliadi.com/#w340
341,Лето,Meadow at Bezons,L'Été,1874,57 × 80,музей,"Старая национальная галерея, Берлин","Alte Nationalgalerie, Berlin",Германия,Germany,,цветная фотография,https://monet.1vasiliadi.com/img/1600/w341.webp,https://commons.wikimedia.org/wiki/File:Claude_Monet_-_Summer_-_1874_8914.jpg,https://www.wikidata.org/wiki/Q18683955,https://monet.1vasiliadi.com/#w341
341a,"В полях, лето (Аржантёй)","In the Fields, Summer (Argenteuil)","À travers Champs, l'été (Argenteuil)",1874,55 × 74,частная коллекция,,,,,,цветная фотография,https://monet.1vasiliadi.com/img/1600/w341a.webp,https://commons.wikimedia.org/wiki/File:Monet%2C_Summer%2C_1874%2C_Alte_Nationalgalerie%2C_Berlin_(2)_(39281569675).jpg,,https://monet.1vasiliadi.com/#w341a
342,"Мане, пишущий в саду Моне в Аржантёе",Manet painting in Monet's Garden in Argenteuil,Manet peint le jardin de Monet à Argenteuil.,1874,,частная коллекция,,,,,,цветная фотография,https://monet.1vasiliadi.com/img/1600/w342.webp,https://commons.wikimedia.org/wiki/File:Claude_Monet_-_Manet_malt_im_Garten_Monets_in_Argenteuil.jpg,https://www.wikidata.org/wiki/Q50769758,https://monet.1vasiliadi.com/#w342
343,"Женщина, сидящая на скамье",Woman sitting on a bench,Femme assise sur un banc,1874,73.5 × 56,музей,"Лондонская национальная галерея, Лондон","National Gallery, London",Великобритания,United Kingdom,,цветная фотография,https://monet.1vasiliadi.com/img/1600/w343.webp,https://commons.wikimedia.org/wiki/File:Femme_assise_sur_un_banc.jpg,https://www.wikidata.org/wiki/Q10333082,https://monet.1vasiliadi.com/#w343
344,Главная улица в Аржантёе,The Main Street at Argenteuil,La Grande Rue à Argenteuil,1874,70 × 46,частная коллекция,,,,,,скан из каталога,https://monet.1vasiliadi.com/img/1600/w344.webp,https://commons.wikimedia.org/wiki/File:Monet_-_Wildenstein_1996%2C_344.png,,https://monet.1vasiliadi.com/#w344
345,Аллея Ярмарочного поля в Аржантёе,The Allee du Champ de Foire at Argenteuil,L'Allée du champ de foire à Argenteuil,1874,50 × 61,частная коллекция,,,,,,скан из каталога,https://monet.1vasiliadi.com/img/1600/w345.webp,https://commons.wikimedia.org/wiki/File:Monet_w345.jpg,,https://monet.1vasiliadi.com/#w345
346,Бульвар в Аржантёе. Заход солнца,"The Promenade at Argenteuil, Soleil Couchant","La Promenade d'Argenteuil, soleil couchant",1874,60 × 81,частная коллекция,,,Япония,Japan,,скан из каталога,https://monet.1vasiliadi.com/img/1600/w346.webp,https://commons.wikimedia.org/wiki/File:Monet_w346.jpg,,https://monet.1vasiliadi.com/#w346
347,Утиный пруд,The Duck Pond,Les Oies,1874,73.5 × 60,музей,"Институт искусств Кларка, Уильямстаун","Clark Art Institute, Williamstown",США,United States,,цветная фотография,https://monet.1vasiliadi.com/img/1600/w347.webp,https://commons.wikimedia.org/wiki/File:Claude_Monet_The_Duck_Pond.jpg,https://www.wikidata.org/wiki/Q50771164,https://monet.1vasiliadi.com/#w347
348,Снег в Аржантёе,Snow at Argenteuil,Neige à Argenteuil,1874,57 × 74,музей,"Музей изящных искусств, Бостон","Museum of Fine Arts, Boston",США,United States,,цветная фотография,https://monet.1vasiliadi.com/img/1600/w348.webp,https://commons.wikimedia.org/wiki/File:Monet_-_Snow_at_Argenteuil%2C_about_1874.jpg,https://www.wikidata.org/wiki/Q20538941,https://monet.1vasiliadi.com/#w348
349,Снег в Аржантёе,Snow at Argenteuil,Neige à Argenteuil,1874,50.5 × 65,музей,"Художественный музей Нельсона-Аткинса, Канзас-Сити","Nelson-Atkins Museum of Art, Kansas City",США,United States,,цветная фотография,https://monet.1vasiliadi.com/img/1600/w349.webp,https://commons.wikimedia.org/wiki/File:Claude_Monet_-_Neige_%C3%A0_Argenteuil_(1874-75).jpg,https://www.wikidata.org/wiki/Q64577786,https://monet.1vasiliadi.com/#w349
350,Пруд. Эффект снега,"The Pond, Snow Effect","La Mare, effet de neige",1875,60 × 81,музей,"Музей Барберини, Потсдам","Museum Barberini, Potsdam",Германия,Germany,,цветная фотография,https://monet.1vasiliadi.com/img/1600/w350.webp,https://commons.wikimedia.org/wiki/File:Claude_Monet_-_La_Mare%2C_effet_de_neige.jpg,https://www.wikidata.org/wiki/Q113520917,https://monet.1vasiliadi.com/#w350
351,Снег в Аржантёе,Snow at Argenteuil,Neige à Argenteuil,1875,55 × 65,музей,"Национальный музей западного искусства, Токио","National Museum of Western Art, Tokyo",Япония,Japan,,цветная фотография,https://monet.1vasiliadi.com/img/1600/w351.webp,https://commons.wikimedia.org/wiki/File:Monet_Snow_at_Argenteuil.jpg,https://www.wikidata.org/wiki/Q19013403,https://monet.1vasiliadi.com/#w351
352,Снег в Аржантёе,Snow at Argenteuil,"Rue sous la neige, Argenteuil",1875,71 × 91.5,музей,"Лондонская национальная галерея, Лондон","National Gallery, London",Великобритания,United Kingdom,,цветная фотография,https://monet.1vasiliadi.com/img/1600/w352.webp,https://commons.wikimedia.org/wiki/File:Monet_Snow_at_Argenteuil_1875.jpg,https://www.wikidata.org/wiki/Q7548371,https://monet.1vasiliadi.com/#w352
353,Зима в Аржантёе,Winter Effect in Argenteuil,Effets d'hiver à Argenteuil,1875,59 × 80,частная коллекция,,,,,2022,цветная фотография,https://monet.1vasiliadi.com/img/1600/w353.webp,https://commons.wikimedia.org/wiki/File:Effets_d'hiver_%C3%A0_Argenteuil_(1875)_Claude_Monet_(W353).jpg,,https://monet.1vasiliadi.com/#w353
353a,Зима в Аржантёе,Winter Effect in Argenteuil,Effets d'hiver à Argenteuil,1875,50 × 65,частная коллекция,,,США,United States,,скан из каталога,https://monet.1vasiliadi.com/img/1600/w353a.webp,https://commons.wikimedia.org/wiki/File:Monet_w353a.jpg,,https://monet.1vasiliadi.com/#w353a
354,Прогулка в Аржантёе зимним вечером,The Promenade at Argenteuil on a Winter Evening,"La Promenade d'Argenteuil, un soir d'hiver",1875,59 × 79,частная коллекция,,,Франция,France,,цветная фотография,https://monet.1vasiliadi.com/img/1600/w354.webp,https://commons.wikimedia.org/wiki/File:The_promenade_at_argenteuil_on_a_winter_evening_w354_monet.jpg,,https://monet.1vasiliadi.com/#w354
355,Въезд в Аржантёй по главной улице. Зима,"The Main Street Entering to Argenteuil, Winter","L'Entrée de la Grande Rue à Argenteuil, l'hiver",1875,55 × 65,музей,"Музей изящных искусств, Лион","Musée des Beaux-Arts de Lyon, Lyon",Франция,France,,скан из каталога,https://monet.1vasiliadi.com/img/1600/w355.webp,https://commons.wikimedia.org/wiki/File:Monet_w355.jpg,,https://monet.1vasiliadi.com/#w355
356,Поезд в снегу,"Train in the Snow, the Locomotive",Le Train dans la neige,1875,59 × 78,музей,"Музей Мармоттан-Моне, Париж","Musée Marmottan Monet, Paris",Франция,France,,цветная фотография,https://monet.1vasiliadi.com/img/1600/w356.webp,https://commons.wikimedia.org/wiki/File:Claude_Monet%2C_1875%2C_Train_in_the_Snow%2C_oil_on_canvas%2C_59_%C3%97_78_cm%2C_Mus%C3%A9e_Marmottan_Monet.jpg,https://www.wikidata.org/wiki/Q50415955,https://monet.1vasiliadi.com/#w356
357,Вид Аржантёя в снегу,View of Argenteuil in the Snow,La Neige à Argenteuil,1875,55 × 74,музей,"Музей искусства и истории, Женева",Museum of Art and History (Geneva),Швейцария,Switzerland,,цветная фотография,https://monet.1vasiliadi.com/img/1600/w357.webp,https://commons.wikimedia.org/wiki/File:Monet_-_La_Neige_%C3%A0_Argenteuil%2C_1875.png,https://www.wikidata.org/wiki/Q124336209,https://monet.1vasiliadi.com/#w357
357a,"Бульвар Сен-Дени в Аржантёе, снег","Boulevard St-Denis, Argenteuil, Snow Effect","Boulevard Saint-Denis, Argenteuil, en hiver",1875,66 × 81,музей,"Музей изящных искусств, Бостон","Museum of Fine Arts, Boston",США,United States,,цветная фотография,https://monet.1vasiliadi.com/img/1600/w357a.webp,https://commons.wikimedia.org/wiki/File:Monet_-_Boulvard_Saint_Denis_in_Argenteuil_im_Winter.jpg,https://www.wikidata.org/wiki/Q20538950,https://monet.1vasiliadi.com/#w357a
358,Вид Аржантёя в снегу,View of Argenteuil in the Snow,Effet de neige à Argenteuil,1875,55 × 68,музей,"Художественный музей Нельсона-Аткинса, Канзас-Сити","Nelson-Atkins Museum of Art, Kansas City",США,United States,,цветная фотография,https://monet.1vasiliadi.com/img/1600/w358.webp,https://commons.wikimedia.org/wiki/File:Claude_Monet_-_Voir_le_d'Argenteuil_(1874-75).jpg,https://www.wikidata.org/wiki/Q64577782,https://monet.1vasiliadi.com/#w358
359,Эффект снега. Бульвар Понтуаз в Аржантёе,"Snow Effect, The Boulevard de Pontoise at Argenteuil","Le Boulevard de Pontoise à Argenteuil, neige",1875,60.5 × 81.5,музей,Художественный музей Базеля,Kunstmuseum Basel,Швейцария,Switzerland,,цветная фотография,https://monet.1vasiliadi.com/img/1600/w359.webp,https://commons.wikimedia.org/wiki/File:Monet_-_Le_Boulevard_de_Pontoise_%C3%A0_Argenteuil%2C_neige%2C_1875.jpg,https://www.wikidata.org/wiki/Q94636834,https://monet.1vasiliadi.com/#w359
360,Поезд в снегу в Аржантёе,Train in the Snow at Argenteuil,Train dans la neige à Argenteuil,1875,58.5 × 80,частная коллекция,,,,,,скан из каталога,https://monet.1vasiliadi.com/img/1600/w360.webp,https://commons.wikimedia.org/wiki/File:Monet_-_Wildenstein_1996%2C_360.png,,https://monet.1vasiliadi.com/#w360
361,Иней,White Frost,Gelée blanche,1875,54.5 × 73,частная коллекция,,,,,,скан из каталога,https://monet.1vasiliadi.com/img/1600/w361.webp,https://commons.wikimedia.org/wiki/File:Monet_w361.jpg,,https://monet.1vasiliadi.com/#w361
362,Эффект снега на закате,Snow Effect with Setting Sun,"Effet de neige, soleil couchant",1875,53 × 64,музей,"Музей Мармоттан-Моне, Париж","Musée Marmottan Monet, Paris",Франция,France,,скан из каталога,https://monet.1vasiliadi.com/img/1600/w362.webp,https://commons.wikimedia.org/wiki/File:Monet_w362.jpg,https://www.wikidata.org/wiki/Q105099565,https://monet.1vasiliadi.com/#w362
363,Иней,Frost,Le givre,1875,60 × 63,музей,"Собрание Хассо Платтнера, Музей Барберини, Потсдам","Hasso Plattner Collection, Museum Barberini, Potsdam",Германия,Germany,,цветная фотография,https://monet.1vasiliadi.com/img/1600/w363.webp,https://commons.wikimedia.org/wiki/File:Claude_Monet_-_Le_Givre.jpg,https://www.wikidata.org/wiki/Q108479164,https://monet.1vasiliadi.com/#w363
364,Разгрузка угля,Coal Dockers,Les Déchargeurs de charbon,1875,55 × 66,музей,"Музей Орсе, Париж","Musée d'Orsay, Paris",Франция,France,,цветная фотография,https://monet.1vasiliadi.com/img/1600/w364.webp,https://commons.wikimedia.org/wiki/File:Claude_Monet_-_The_Coalmen_-_Google_Art_Project.jpg,https://www.wikidata.org/wiki/Q17493666,https://monet.1vasiliadi.com/#w364
365,Уголок квартиры,A Corner of the Apartment,Un coin d'appartement,1875,60 × 80,музей,"Музей Орсе, Париж","Musée d'Orsay, Paris",Франция,France,,цветная фотография,https://monet.1vasiliadi.com/img/1600/w365.webp,https://commons.wikimedia.org/wiki/File:Claude_Monet_-_Un_coin_d'appartement_(52257289689).jpg,https://www.wikidata.org/wiki/Q17495978,https://monet.1vasiliadi.com/#w365
366,Камилла за вышиванием,Camille Embroidering,Madame Monet brodant (Camille au métier),1875,65 × 55,музей,"Фонд Барнса, Филадельфия","Barnes Foundation, Philadelphia",США,United States,,цветная фотография,https://monet.1vasiliadi.com/img/1600/w366.webp,https://commons.wikimedia.org/wiki/File:Claude_Monet_Camille_au_m%C3%A9tier.jpg,https://www.wikidata.org/wiki/Q28128614,https://monet.1vasiliadi.com/#w366
367,Мост в Шату,The Bridge at Chatou,Le Pont d'Argenteuil,1875,60 × 100,музей,"Национальный музей изящных искусств, Буэнос-Айрес","Museo Nacional de Bellas Artes, Buenos Aires",Аргентина,Argentina,,цветная фотография,https://monet.1vasiliadi.com/img/1600/w367.webp,https://commons.wikimedia.org/wiki/File:Le_Pont_d%60_Argenteuil_-_Claude_Monet.jpg,https://www.wikidata.org/wiki/Q27953870,https://monet.1vasiliadi.com/#w367
368,"Прогулочные лодки, Аржантёй","Pleasure Boats, Argenteuil",Bateaux de plaisance à Argenteuil,1875,54 × 65,частная коллекция,,,,,,скан из каталога,https://monet.1vasiliadi.com/img/1600/w368.webp,https://commons.wikimedia.org/wiki/File:Monet_w368.jpg,,https://monet.1vasiliadi.com/#w368
369,"Красные лодки, Аржантёй","Red Boats, Argenteuil","Bateaux rouges, Argenteuil",1875,60 × 81,музей,"Музей Фогга, Кембридж (Массачусетс)","Fogg Museum, Cambridge",США,United States,,цветная фотография,https://monet.1vasiliadi.com/img/1600/w369.webp,https://commons.wikimedia.org/wiki/File:Monet_-_Red_Boats%2C_Argenteuil%2C_1875.jpg,https://www.wikidata.org/wiki/Q70781239,https://monet.1vasiliadi.com/#w369
370,Красные лодки в Аржантёе,Red Boats at Argenteuil,Argenteuil,1875,55 × 65,музей,"Музей Оранжери, Париж","Musée de l'Orangerie, Paris",Франция,France,,цветная фотография,https://monet.1vasiliadi.com/img/1600/w370.webp,https://commons.wikimedia.org/wiki/File:Claude_Monet's_%22Argenteuil%22_1875.jpg,https://www.wikidata.org/wiki/Q10317575,https://monet.1vasiliadi.com/#w370
371,Порт в Аржантёе,The Port of Argenteuil,Le Bassin d'Argenteuil,1875,54 × 74,частная коллекция,,,,,"Sotheby's, London, 1975",цветная фотография,https://monet.1vasiliadi.com/img/1600/w371.webp,https://commons.wikimedia.org/wiki/File:Claude_Monet_Le_bassin_d'Argenteuil_1875.jpg,,https://monet.1vasiliadi.com/#w371
372,Лодки в Аржантёе,Boats at Argenteuil,Bateaux à Argenteuil,1875,61 × 80,частная коллекция,,,,,,скан из каталога,https://monet.1vasiliadi.com/img/1600/w372.webp,https://commons.wikimedia.org/wiki/File:Monet_w372.jpg,,https://monet.1vasiliadi.com/#w372
373,Сена в Аржантёе,The Seine at Argenteuil,La Seine à Argenteuil,1875,60 × 80,музей,"Дворец Почётного легиона, Сан-Франциско","Legion of Honor, San Francisco",США,United States,2014,цветная фотография,https://monet.1vasiliadi.com/img/1600/w373.webp,https://commons.wikimedia.org/wiki/File:La_Seine_%C3%A0_Argenteuil_(1875)_Claude_Monet_(W_373).jpg,https://www.wikidata.org/wiki/Q106697989,https://monet.1vasiliadi.com/#w373
374,Берег в Пти-Женвилье. Закат,"The Riverbank at Le Petit-Gennevilliers, Sunset","La Berge du Petit-Gennevilliers, soleil couchant",1875,54 × 73,частная коллекция,,,,,2017,скан из каталога,https://monet.1vasiliadi.com/img/1600/w374.webp,https://commons.wikimedia.org/wiki/File:Monet_w374.jpg,,https://monet.1vasiliadi.com/#w374
375,Берег в Пти-Женвилье,The Riverbank at Petit-Gennevilliers,La Berge du Petit-Gennevilliers,1875,61 × 80,частная коллекция,,,,,2011,скан из каталога,https://monet.1vasiliadi.com/img/1600/w375.webp,https://commons.wikimedia.org/wiki/File:Monet_w375.jpg,,https://monet.1vasiliadi.com/#w375
376,Холмы Оржемона,Les Coteaux d'Orgemont,Les Côteaux d'Orgemont,1875,51 × 65.5,частная коллекция,,,,,,скан из каталога,https://monet.1vasiliadi.com/img/1600/w376.webp,https://commons.wikimedia.org/wiki/File:Monet_w376.jpg,,https://monet.1vasiliadi.com/#w376
377,Лето. Маковое поле,"Summer, Poppy Field",L'été. Champ de coquelicots,1875,60 × 81,частная коллекция,,,США,United States,,цветная фотография,https://monet.1vasiliadi.com/img/1600/w377.webp,https://commons.wikimedia.org/wiki/File:Claude_Monet_-_L'%C3%A9t%C3%A9_-_Champ_de_coquelicots.JPG,https://www.wikidata.org/wiki/Q50768368,https://monet.1vasiliadi.com/#w377
378,Луг с тополями (Тополя близ Аржантёя),Meadow with Poplars (also known as Poplars near Argenteuil),Champ avec peupliers,1875,54.5 × 65.5,музей,"Музей изящных искусств, Бостон","Museum of Fine Arts, Boston",США,United States,,цветная фотография,https://monet.1vasiliadi.com/img/1600/w378.webp,https://commons.wikimedia.org/wiki/File:Monet_Meadow-with-Poplars-Homepage.jpg,https://www.wikidata.org/wiki/Q20538828,https://monet.1vasiliadi.com/#w378
379,"Прогулка, Аржантёй","La Promenade, Argenteuil",La Promenade,1875,59.5 × 80,музей,"Художественный музей Пола, Хаконе","Pola Museum of Art, Hakone",Япония,Japan,,скан из каталога,https://monet.1vasiliadi.com/img/1600/w379.webp,https://commons.wikimedia.org/wiki/File:Monet_w379.jpg,https://www.wikidata.org/wiki/Q79790762,https://monet.1vasiliadi.com/#w379
379a,Прогулка. Аржантёй,"The Walk, Argenteuil",En promenade près d'Argenteuil,1875,60 × 81,музей,"Музей Мармоттан-Моне, Париж","Musée Marmottan Monet, Paris",Франция,France,,цветная фотография,https://monet.1vasiliadi.com/img/1600/w379a.webp,https://commons.wikimedia.org/wiki/File:'En_promenade_pr%C3%A8s_d'Argenteuil'_by_Claude_Monet%2C_1875.jpg,https://www.wikidata.org/wiki/Q50415942,https://monet.1vasiliadi.com/#w379a
380,"Маковое поле, Аржантёй","Poppy Field, Argenteuil","Champ de coquelicots, près d'(Argenteuil)",1875,54 × 73.5,музей,"Метрополитен-музей, Нью-Йорк","Metropolitan Museum of Art, New York",США,United States,,цветная фотография,https://monet.1vasiliadi.com/img/1600/w380.webp,https://commons.wikimedia.org/wiki/File:Poppy_Fields_near_Argenteuil_MET_DT1034.jpg,https://www.wikidata.org/wiki/Q19912538,https://monet.1vasiliadi.com/#w380
381,Прогулка. Дама с зонтиком,"The Walk, Woman with a Parasol",La Femme à l'ombrelle — Madame Monet et son fils,1875,100 × 81,музей,"Национальная галерея искусства, Вашингтон","National Gallery of Art, Washington D.C.",США,United States,,цветная фотография,https://monet.1vasiliadi.com/img/1600/w381.webp,https://www.nga.gov/collection/art-object-page.61379.html,https://www.wikidata.org/wiki/Q2395218,https://monet.1vasiliadi.com/#w381
382,Камилла Моне с ребёнком в саду художника в Аржантёе,Camille Monet and a Child in the Artist's Garden in Argenteuil,Camille Monet et un enfant dans le jardin de l'artiste à Argenteuil,1875,55 × 66,музей,"Музей изящных искусств, Бостон","Museum of Fine Arts, Boston",США,United States,,цветная фотография,https://monet.1vasiliadi.com/img/1600/w382.webp,https://commons.wikimedia.org/wiki/File:Monet_-_Camille_Monet_and_a_Child_in_the_Artist's_Garden_in_Argenteuil%2C_1875.jpg,https://www.wikidata.org/wiki/Q20538875,https://monet.1vasiliadi.com/#w382
383,Дамы в цветах,Ladies in Flowers,Femmes dans les fleurs,1875,54 × 65.5,музей,"Национальная галерея, Прага",National Gallery in Prague,Чехия,Czech Republic,,цветная фотография,https://monet.1vasiliadi.com/img/1600/w383.webp,https://commons.wikimedia.org/wiki/File:Claude_Monet_-_Ladies_in_Flowers_-_Google_Art_Project.jpg,https://www.wikidata.org/wiki/Q20724999,https://monet.1vasiliadi.com/#w383
384,В саду,In the Garden,Dans le jardin,1875,76 × 101,частная коллекция,,,,,,цветная фотография,https://monet.1vasiliadi.com/img/1600/w384.webp,https://commons.wikimedia.org/wiki/File:Claude_Monet_-_In_the_garden_(W_384).jpg,,https://monet.1vasiliadi.com/#w384
385,Женщина с зонтиком в саду в Аржантёе,Woman with a Parasol in the Garden at Argenteuil,La Femme à l'ombrelle au jardin d'Argenteuil,1875,75 × 100,частная коллекция,,,,,,цветная фотография,https://monet.1vasiliadi.com/img/1600/w385.webp,https://commons.wikimedia.org/wiki/File:Monet_-_woman-with-a-parasol-in-the-garden-in-argenteuil.jpg,,https://monet.1vasiliadi.com/#w385
386,Семья художника в саду,Artist's Family in the Garden,"Au jardin, la famille de l’artiste",1875,61 × 80,частная коллекция,,,,,2021,скан из каталога,https://monet.1vasiliadi.com/img/1600/w386.webp,https://commons.wikimedia.org/wiki/File:Monet_w386.jpg,https://www.wikidata.org/wiki/Q135815545,https://monet.1vasiliadi.com/#w386
387,Японка,Camille Monet in Japanese Costume,La Japonaise,1875,231.5 × 142,музей,"Музей изящных искусств, Бостон","Museum of Fine Arts, Boston",США,United States,,цветная фотография,https://monet.1vasiliadi.com/img/1600/w387.webp,https://commons.wikimedia.org/wiki/File:Claude_Monet-Madame_Monet_en_costume_japonais.jpg,https://www.wikidata.org/wiki/Q10322900,https://monet.1vasiliadi.com/#w387
388,Дорога в Эпине. Эффект снега,"The Lane in Epinay, Snow Effect","Le Chemin d'Épinay, effet de neige",1875,61 × 100,частная коллекция,,,,,2015,цветная фотография,https://monet.1vasiliadi.com/img/1600/w388.webp,https://commons.wikimedia.org/wiki/File:Le_Chemin_d'Epinay%2C_effet_de_neige_(1876)_Claude_Monet_(W388).jpg,,https://monet.1vasiliadi.com/#w388
389,Бечевник в Аржантёе в снегу,Towpath at Argenteuil in the Snow,"Le chemin d'Épinay, effet de neige",1875,60 × 105,музей,"Художественная галерея Олбрайт-Нокс, Буффало","Albright Knox Art Gallery, Buffalo",США,United States,,цветная фотография,https://monet.1vasiliadi.com/img/1600/w389.webp,https://commons.wikimedia.org/wiki/File:Monet_-_Chemin_de_halage_%C3%A0_Argenteuil_(Towpath_at_Argenteuil%2C_Winter)%2C_1875-1876.tif,https://www.wikidata.org/wiki/Q77467845,https://monet.1vasiliadi.com/#w389
390,Лодка-мастерская,The Studio Boat,Le Bateau-atelier,1875–76,72 × 60,музей,"Фонд Барнса, Филадельфия","Barnes Foundation, Philadelphia",США,United States,,цветная фотография,https://monet.1vasiliadi.com/img/1600/w390.webp,https://commons.wikimedia.org/wiki/File:Claude_Monet_Le_bateau_atelier.jpg,https://www.wikidata.org/wiki/Q28128626,https://monet.1vasiliadi.com/#w390
391,Лодка-мастерская,The Studio Boat,,1875,80 × 100,частная коллекция,,,,,,цветная фотография,https://monet.1vasiliadi.com/img/1600/w391.webp,https://commons.wikimedia.org/wiki/File:Monet_-_Das_Atelierboot.jpg,https://www.wikidata.org/wiki/Q50772178,https://monet.1vasiliadi.com/#w391
392,Лодка-мастерская,The Studio Boat,Le Bateau-Atelier sur la Seine,1875,55 × 74,частная коллекция,,,Швейцария,Switzerland,,скан из каталога,https://monet.1vasiliadi.com/img/1600/w392.webp,https://commons.wikimedia.org/wiki/File:Monet_w392.jpg,,https://monet.1vasiliadi.com/#w392
393,Лодка-мастерская,The Studio Boat,Le bateau-atelier,1876,54 × 65,музей,"Музей искусства и истории, Невшатель",Musée d'Art et d'Histoire (Neuchâtel),Швейцария,Switzerland,,цветная фотография,https://monet.1vasiliadi.com/img/1600/w393.webp,https://commons.wikimedia.org/wiki/File:Claude_Monet_-_Le_bateau-atelier_-1876_-_Mus%C3%A9e_Neuch%C3%A2tel.jpg,https://www.wikidata.org/wiki/Q65035057,https://monet.1vasiliadi.com/#w393
394,Бульвар в Аржантёе,The Mall at Argenteuil,Le Mail à Argenteuil,1876,55 × 65.5,частная коллекция,,,,,,скан из каталога,https://monet.1vasiliadi.com/img/1600/w394.webp,https://commons.wikimedia.org/wiki/File:Monet_-_Wildenstein_1996%2C_394.png,,https://monet.1vasiliadi.com/#w394
395,Лесная дорога,Wood Lane,Sentier sous-bois,1876,73 × 54,частная коллекция,,,,,,скан из каталога,https://monet.1vasiliadi.com/img/1600/w395.webp,https://commons.wikimedia.org/wiki/File:Monet_-_Wildenstein_1996%2C_395.png,,https://monet.1vasiliadi.com/#w395
396,Ивы на реке,Willows on the River,Le Fleuve aux saules,1876,71.5 × 60,частная коллекция,,,,,2007,скан из каталога,https://monet.1vasiliadi.com/img/1600/w396.webp,https://commons.wikimedia.org/wiki/File:Monet_w396.jpg,,https://monet.1vasiliadi.com/#w396
397,Шарообразное дерево. Аржантёй (фрагмент),"The Ball Shaped Tree, Argenteuil (detail)","L'arbre en boule, Argenteuil",1876,60 × 81,музей,"Музей Барберини, Потсдам","Museum Barberini, Potsdam",Германия,Germany,,цветная фотография,https://monet.1vasiliadi.com/img/1600/w397.webp,https://commons.wikimedia.org/wiki/File:Claude_Monet_-_L'Arbre_en_boule%2C_Argenteuil.jpg,https://www.wikidata.org/wiki/Q113519212,https://monet.1vasiliadi.com/#w397
398,Парк Монсо. Париж,"The Parc Monceau, Paris",Paysage : Le Parc Monceau,1876,60 × 81,музей,"Метрополитен-музей, Нью-Йорк","Metropolitan Museum of Art, New York",США,United States,,цветная фотография,https://monet.1vasiliadi.com/img/1600/w398.webp,https://commons.wikimedia.org/wiki/File:Claude_Monet_-_Landscape%2C_The_Parc_Monceau.jpg,https://www.wikidata.org/wiki/Q19905447,https://monet.1vasiliadi.com/#w398
399,Парк Монсо,Monceau Park,Parc Monceau,1876,59.5 × 73,музей,"Сэн-оку Хакко-кан, Киото","Sen-oku Hakuko Kan, Kyoto",Япония,Japan,,цветная фотография,https://monet.1vasiliadi.com/img/1600/w399.webp,https://commons.wikimedia.org/wiki/File:Parc_Monceau_by_Monet_(Senoku_Hakukokan).jpg,https://www.wikidata.org/wiki/Q50775657,https://monet.1vasiliadi.com/#w399
400,Парк Монсо,The Parc Monceau,Le Parc Monceau,1876,54 × 73,частная коллекция,,,,,,скан из каталога,https://monet.1vasiliadi.com/img/1600/w400.webp,https://commons.wikimedia.org/wiki/File:Monet_w400.jpg,,https://monet.1vasiliadi.com/#w400
401,Тюильри,The Tuileries,Les Tuileries,1876,54 × 73,музей,"Музей Мармоттан-Моне, Париж","Musée Marmottan Monet, Paris",Франция,France,,цветная фотография,https://monet.1vasiliadi.com/img/1600/w401.webp,https://commons.wikimedia.org/wiki/File:Monet-Tuileries-Marmottan.jpg,https://www.wikidata.org/wiki/Q19967296,https://monet.1vasiliadi.com/#w401
402,Сад Тюильри,The Tuileries Gardens,Le Jardin des Tuileries,1876,60 × 80,частная коллекция,,,,,,скан из каталога,https://monet.1vasiliadi.com/img/1600/w402.webp,https://commons.wikimedia.org/wiki/File:Monet_w402.jpg,,https://monet.1vasiliadi.com/#w402
403,Тюильри,Les Tuileries ('The Tuileries'),"Les Tuileries, étude",1876,50 × 74,музей,"Музей Орсе, Париж","Musée d'Orsay, Paris",Франция,France,,цветная фотография,https://monet.1vasiliadi.com/img/1600/w403.webp,https://commons.wikimedia.org/wiki/File:Les_Tuileries_by_Claude_Monet_(52256441005).jpg,https://www.wikidata.org/wiki/Q19967292,https://monet.1vasiliadi.com/#w403
404,Вид Тюильри (этюд),View of the Tuileries (study)(study),Vue des Tuileries (esquisse),1876,54 × 65,частная коллекция,,,Франция,France,,цветная фотография,https://monet.1vasiliadi.com/img/1600/w404.webp,https://commons.wikimedia.org/wiki/File:View_of_the_Tuileries_(study)_w._404.jpg,,https://monet.1vasiliadi.com/#w404
405,На лугу,In the Meadow,Dans la prairie,1876,60 × 82,частная коллекция,,,,,2009,цветная фотография,https://monet.1vasiliadi.com/img/1600/w405.webp,https://commons.wikimedia.org/wiki/File:Dans-la-prairie-by-Claude-001.jpg,https://www.wikidata.org/wiki/Q10264105,https://monet.1vasiliadi.com/#w405
406,Дом Моне в Аржантёе,Monet's House in Argenteuil,La Maison de Monet à Argenteuil,1876,63 × 52,частная коллекция,,,,,,скан из каталога,https://monet.1vasiliadi.com/img/1600/w406.webp,https://commons.wikimedia.org/wiki/File:Monet_w406.jpg,,https://monet.1vasiliadi.com/#w406
407,"Женщина, сидящая в саду",Woman in the Garden,Femme assise dans le jardin,1876,50 × 65,музей,"Эрмитаж, Санкт-Петербург","Hermitage Museum, St Petersburg",Россия,Russia,,цветная фотография,https://monet.1vasiliadi.com/img/1600/w407.webp,https://commons.wikimedia.org/wiki/File:'Woman_in_a_Garden'_by_Claude_Monet%2C_1876%2C_Hermitage.JPG,https://www.wikidata.org/wiki/Q27970657,https://monet.1vasiliadi.com/#w407
408,"Отдых в саду, Аржантёй","Relaxing in the Garden, Argenteuil","Le repos dans le jardin, Argenteuil",1876,81 × 60,музей,"Метрополитен-музей, Нью-Йорк","Metropolitan Museum of Art, New York",США,United States,,цветная фотография,https://monet.1vasiliadi.com/img/1600/w408.webp,https://commons.wikimedia.org/wiki/File:Claude_Monet_-_Le_repos_dans_le_jardin%2C_Argenteuil.jpg,https://www.wikidata.org/wiki/Q47617615,https://monet.1vasiliadi.com/#w408
409,Подлесок в Аржантёе,Undergrowth in Argenteuil,"Les Broussailles, la maison d'Argenteuil",1876,80 × 60,частная коллекция,,,,,,скан из каталога,https://monet.1vasiliadi.com/img/1600/w409.webp,https://commons.wikimedia.org/wiki/File:Monet_-_Wildenstein_1996%2C_409.png,,https://monet.1vasiliadi.com/#w409
410,Камилла Моне в саду дома в Аржантёе,Camille Monet in the Garden at the House in Argenteuil,Camille dans le jardin à Argenteuil,1876,81 × 59,музей,"Метрополитен-музей, Нью-Йорк","Metropolitan Museum of Art, New York",США,United States,,цветная фотография,https://monet.1vasiliadi.com/img/1600/w410.webp,https://commons.wikimedia.org/wiki/File:Claude_Monet_-_Camille_Monet_in_the_Garden_at_Argenteuil.jpg,https://www.wikidata.org/wiki/Q19905436,https://monet.1vasiliadi.com/#w410
411,Сад,The Garden,Le Jardin,1876,75 × 100,музей,"Эрмитаж, Санкт-Петербург","Hermitage Museum, St Petersburg",Россия,Russia,,цветная фотография,https://monet.1vasiliadi.com/img/1600/w411.webp,https://commons.wikimedia.org/wiki/File:Claude_Monet_%E2%80%93_Garden_(1876).jpg,https://www.wikidata.org/wiki/Q27969409,https://monet.1vasiliadi.com/#w411
412,Сад. Мальвы,"The Garden, Hollyhocks",Jardin aux roses trémières,1876,73 × 54,частная коллекция,,,Швейцария,Switzerland,,скан из каталога,https://monet.1vasiliadi.com/img/1600/w412.webp,https://commons.wikimedia.org/wiki/File:Monet_w412.jpg,,https://monet.1vasiliadi.com/#w412
413,Камилла с зелёным зонтиком,Camille with Green Parasol,Camille à l'ombrelle verte,1876,81 × 60,частная коллекция,,,,,2016,скан из каталога,https://monet.1vasiliadi.com/img/1600/w413.webp,https://commons.wikimedia.org/wiki/File:Monet_w413.jpg,,https://monet.1vasiliadi.com/#w413
414,Сад. Гладиолусы,"The Garden, Gladioli",Les glaïeuls,1876,60 × 81.5,музей,Институт искусств Детройта,Detroit Institute of Arts,США,United States,,цветная фотография,https://monet.1vasiliadi.com/img/1600/w414.webp,https://commons.wikimedia.org/wiki/File:Rounded_Flower_Bed_by_Claude_Monet%2C_1876.jpg,https://www.wikidata.org/wiki/Q64572602,https://monet.1vasiliadi.com/#w414
415,"В саду, гладиолусы","In the Garden, Gladioli",Les Glaïeuls,1876,73 × 54.5,музей,Музей современного искусства Сан-Франциско,San Francisco Museum of Modern Art,США,United States,,цветная фотография,https://monet.1vasiliadi.com/img/1600/w415.webp,https://commons.wikimedia.org/wiki/File:Monet_-_Camille_Monet_in_the_Garden_at_Argenteuil%2C_1877.jpg,,https://monet.1vasiliadi.com/#w415
416,Индюки,Turkeys,Les Dindons,1877,172 × 175,музей,"Музей Орсе, Париж","Musée d'Orsay, Paris",Франция,France,,цветная фотография,https://monet.1vasiliadi.com/img/1600/w416.webp,https://commons.wikimedia.org/wiki/File:Monet_-_Truth%C3%A4hne.jpg,https://www.wikidata.org/wiki/Q3791331,https://monet.1vasiliadi.com/#w416
417,Розовые кусты в саду в Монжероне,Rose Bushes in the Garden at Montgeron,Les rosiers dans le jardin de Montgeron,1876,60 × 81,музей,"Собрание Хассо Платтнера, Музей Барберини, Потсдам","Hasso Plattner Collection, Museum Barberini, Potsdam",Германия,Germany,,цветная фотография,https://monet.1vasiliadi.com/img/1600/w417.webp,https://commons.wikimedia.org/wiki/File:Monet_-_Rosenstraeucher_im_Garten_von_Montgeron.jpg,https://www.wikidata.org/wiki/Q106906333,https://monet.1vasiliadi.com/#w417
418,Уголок сада в Монжероне,Corner of the Garden at Montgeron,Coin de jardin à Montgeron,1877,172 × 193,музей,"Эрмитаж, Санкт-Петербург","Hermitage Museum, St Petersburg",Россия,Russia,,цветная фотография,https://monet.1vasiliadi.com/img/1600/w418.webp,https://commons.wikimedia.org/wiki/File:Monet%2C_Claude_-_Corner_of_the_Garden_at_Montgeron.jpg,https://www.wikidata.org/wiki/Q3794121,https://monet.1vasiliadi.com/#w418
419,Уголок озера в Монжероне,The Pond at Montgeron,Coin de l'étang à Montgeron,1876,60 × 81.5,частная коллекция,,,,,,скан из каталога,https://monet.1vasiliadi.com/img/1600/w419.webp,https://commons.wikimedia.org/wiki/File:Monet_w419.jpg,https://www.wikidata.org/wiki/Q133276561,https://monet.1vasiliadi.com/#w419
420,Пруд в Монжероне,The Pond at Montgeron,Étang à Montgeron,1877,172 × 193,музей,"Эрмитаж, Санкт-Петербург","Hermitage Museum, St Petersburg",Россия,Russia,,цветная фотография,https://monet.1vasiliadi.com/img/1600/w420.webp,https://commons.wikimedia.org/wiki/File:Monet%2C_Pond-at-Montgeron.jpg,https://www.wikidata.org/wiki/Q3968022,https://monet.1vasiliadi.com/#w420
421,Въезд в Монжерон,Arriving at Montgeron,L'Arrivée à Montgeron,1876,81 × 60,частная коллекция,,,США,United States,,цветная фотография,https://monet.1vasiliadi.com/img/1600/w421.webp,https://commons.wikimedia.org/wiki/File:Monet_-_arriving-at-montegeron(1).jpg,,https://monet.1vasiliadi.com/#w421
422,Дом в Йере,The House at Yerres,La Maison d'Yerres,1876,80 × 61,частная коллекция,,,,,,скан из каталога,https://monet.1vasiliadi.com/img/1600/w422.webp,https://commons.wikimedia.org/wiki/File:Monet_-_Wildenstein_1996%2C_422.png,,https://monet.1vasiliadi.com/#w422
423,Йер близ Монжерона,L'Yerres near Montgeron,L'Yerres près de Montgeron,1876,60 × 82,частная коллекция,,,,,2008,скан из каталога,https://monet.1vasiliadi.com/img/1600/w423.webp,https://commons.wikimedia.org/wiki/File:The_river_yerres_near_montgeron_monet_w_423.jpg,,https://monet.1vasiliadi.com/#w423
424,Вид Йера,View of Yerres,Vue de l'Yerres,1876,54 × 73,частная коллекция,,,США,United States,,скан из каталога,https://monet.1vasiliadi.com/img/1600/w424.webp,https://commons.wikimedia.org/wiki/File:Monet_w424.jpg,,https://monet.1vasiliadi.com/#w424
425,Ивы на берегу Йера,Willows on the Banks of the Yerres,Saules au bord de l'Yerres,1876,54 × 65.5,частная коллекция,,,,,2017,скан из каталога,https://monet.1vasiliadi.com/img/1600/w425.webp,https://commons.wikimedia.org/wiki/File:Monet_-_Wildenstein_1996%2C_425.png,,https://monet.1vasiliadi.com/#w425
426,Берега Сены осенью,The Banks of The Seine in Autumn,Bords de la Seine en automne,1876,55 × 75.5,частная коллекция,,,,,2011,цветная фотография,https://monet.1vasiliadi.com/img/1600/w426.webp,https://commons.wikimedia.org/wiki/File:Bords_de_la_Seine_en_automne_(1876)_Claude_Monet_(W_426).jpg,,https://monet.1vasiliadi.com/#w426
427,Рукав Сены в Аржантёе,The Small Arm of the Seine at Argenteuil,Le Petit Bras de la Seine à Argenteuil,1876,55 × 73.5,частная коллекция,,,,,2005,цветная фотография,https://monet.1vasiliadi.com/img/1600/w427.webp,https://commons.wikimedia.org/wiki/File:Le_Petit_Bras_de_la_Seine_%C3%A0_Argenteuil_(1876)_Claude_Monet_(W_427).jpg,,https://monet.1vasiliadi.com/#w427
428,Закат на Сене близ Аржантёя,Sunset on the Seine near Argenteuil,"Coucher de soleil sur la Seine, près d'Argenteuil",1876,54 × 70.5,частная коллекция,,,,,,скан из каталога,https://monet.1vasiliadi.com/img/1600/w428.webp,https://commons.wikimedia.org/wiki/File:Monet_-_Wildenstein_1996%2C_428.png,,https://monet.1vasiliadi.com/#w428
429,Вечер в Аржантёе,Evening at Argenteuil,Soir à Argenteuil,1876,50 × 65,частная коллекция,,,Франция,France,1999,цветная фотография,https://monet.1vasiliadi.com/img/1600/w429.webp,https://commons.wikimedia.org/wiki/File:Evening_at_Argenteuil_(1876)_Claude_Monet_(W_429).jpg,,https://monet.1vasiliadi.com/#w429
430,Этюд камыша в Аржантёе,Study of Rushes at Argenteuil,Étude de joncs,1876,54 × 65,частная коллекция,,,Франция,France,2010,цветная фотография,https://monet.1vasiliadi.com/img/1600/w430.webp,https://commons.wikimedia.org/wiki/File:%C3%89tude_de_joncs_(1876)_Claude_Monet_(W_430).jpg,,https://monet.1vasiliadi.com/#w430
431,Лесная дорога,Wood Lane,Sous-Bois,1876,73 × 54,музей,Художественный музей Филадельфии,Philadelphia Museum of Art,США,United States,,скан из каталога,https://monet.1vasiliadi.com/img/1600/w431.webp,https://commons.wikimedia.org/wiki/File:Monet_w431.jpg,,https://monet.1vasiliadi.com/#w431
432,Лесная дорога. Осень,"Wood Lane, Autumn","Sous-Bois, automne",1876,72 × 60,частная коллекция,,,,,,скан из каталога,https://monet.1vasiliadi.com/img/1600/w432.webp,https://commons.wikimedia.org/wiki/File:Monet_-_Wildenstein_1996%2C_432.png,,https://monet.1vasiliadi.com/#w432
433,Охота,Hunting,La chasse,1876,173 × 140,музей,"Музей охоты и природы, Париж","Musée de la Chasse et de la Nature, Paris",Франция,France,,цветная фотография,https://monet.1vasiliadi.com/img/1600/w433.webp,https://commons.wikimedia.org/wiki/File:Claude_Monet_-_La_Chasse.jpg,https://www.wikidata.org/wiki/Q93897271,https://monet.1vasiliadi.com/#w433
434,Портрет Жермены Ошеде с куклой,Portrait of Germaine Hoschede with a Doll,Portrait de Germaine Hoschedé avec sa poupée,1877,81 × 60,частная коллекция,,,США,United States,,скан из каталога,https://monet.1vasiliadi.com/img/1600/w434.webp,https://commons.wikimedia.org/wiki/File:Monet_w434.jpg,,https://monet.1vasiliadi.com/#w434
435,Портрет девочки,Portrait of a Young Girl,Portrait de petite fille,1877,46 × 38,частная коллекция,,,,,,скан из каталога,https://monet.1vasiliadi.com/img/1600/w435.webp,https://commons.wikimedia.org/wiki/File:Monet_-_Wildenstein_1996%2C_435.png,,https://monet.1vasiliadi.com/#w435
436,Портрет Камиллы с букетом фиалок,Portrait of Camille with a bouquet of violets,Portrait de Camille au bouquet de violettes,1877,116 × 88,частная коллекция,,,Япония,Japan,,цветная фотография,https://monet.1vasiliadi.com/img/1600/w436.webp,https://commons.wikimedia.org/wiki/File:Claude_Monet_-_Portrait_de_Camille_au_bouquet_de_violettes.jpg,,https://monet.1vasiliadi.com/#w436
437,Поле в Женвилье,A Field at Gennevilliers,La Plaine de Gennevilliers,1877,50 × 61,частная коллекция,,,Швейцария,Switzerland,2017,цветная фотография,https://monet.1vasiliadi.com/img/1600/w437.webp,https://commons.wikimedia.org/wiki/File:Claude_monet_la_plaine_de_gennevilliers.jpg,,https://monet.1vasiliadi.com/#w437
438,Вокзал Сен-Лазар,The Saint-Lazare Station,La Gare Saint-Lazare,1877,75 × 100,музей,"Музей Орсе, Париж","Musée d'Orsay, Paris",Франция,France,,цветная фотография,https://monet.1vasiliadi.com/img/1600/w438.webp,https://commons.wikimedia.org/wiki/File:Claude_Monet_-_The_Saint-Lazare_Station_-_Google_Art_Project.jpg,https://www.wikidata.org/wiki/Q2270028,https://monet.1vasiliadi.com/#w438
439,Вокзал Сен-Лазар. Прибытие поезда,The Gare Saint-Lazare: Arrival of a Train,"La gare Saint-Lazare, arrivée d’un train",1877,82 × 101,музей,"Музей Фогга, Кембридж (Массачусетс)","Fogg Museum, Cambridge",США,United States,,цветная фотография,https://monet.1vasiliadi.com/img/1600/w439.webp,https://commons.wikimedia.org/wiki/File:Claude_Monet_-_The_Gare_Saint-Lazare%3B_Arrival_of_a_Train_-_1877.jpg,https://www.wikidata.org/wiki/Q49985258,https://monet.1vasiliadi.com/#w439
440,Прибытие нормандского поезда. Вокзал Сен-Лазар,"Arrival of the Normandy Train, Gare Saint-Lazare","Arrivée du train de Normandie, gare Saint-Lazare",1877,59.5 × 80,музей,Чикагский институт искусств,Art Institute of Chicago,США,United States,,цветная фотография,https://monet.1vasiliadi.com/img/1600/w440.webp,https://www.artic.edu/artworks/16571,https://www.wikidata.org/wiki/Q20272169,https://monet.1vasiliadi.com/#w440
441,Вокзал Сен-Лазар,The Saint-Lazare Station,La Gare Saint-Lazare,1877,53.5 × 72.5,музей,"Лондонская национальная галерея, Лондон","National Gallery, London",Великобритания,United Kingdom,,цветная фотография,https://monet.1vasiliadi.com/img/1600/w441.webp,https://commons.wikimedia.org/wiki/File:Claude_Monet%2C_The_Gare_St-Lazare%2C_1877.jpg,https://www.wikidata.org/wiki/Q24953827,https://monet.1vasiliadi.com/#w441
442,Европейский мост. Вокзал Сен-Лазар,"The Pont de l'Europe, Saint-Lazare Station","Le Pont de l'Europe, gare Saint-Lazare",1877,64 × 81,музей,"Музей Мармоттан-Моне, Париж","Musée Marmottan Monet, Paris",Франция,France,,цветная фотография,https://monet.1vasiliadi.com/img/1600/w442.webp,https://commons.wikimedia.org/wiki/File:Claude_Monet%2C_1877%2C_Pont_de_l'Europe_(cropped).jpg,https://www.wikidata.org/wiki/Q6082483,https://monet.1vasiliadi.com/#w442
443,"Вокзал Сен-Лазар, вид снаружи, солнечный свет","Exterior of Saint-Lazare Station, Sunlight Effect","Extérieur de la gare Saint-Lazare, effet de soleil",1877,60 × 80,частная коллекция,,,,,,цветная фотография,https://monet.1vasiliadi.com/img/1600/w443.webp,https://commons.wikimedia.org/wiki/File:Monet_Ext%C3%A9rieur_de_la_gare_Saint-Lazare%2C_effet_de_soleil.jpg,https://www.wikidata.org/wiki/Q50006171,https://monet.1vasiliadi.com/#w443
444,"Вокзал Сен-Лазар, вид снаружи. Прибытие поезда","Exterior of the Saint-Lazare Station, Arrival of a Train","Extérieur de la gare Saint-Lazare, arrivée d'un train",1877,60 × 72,частная коллекция,,,,,,цветная фотография,https://monet.1vasiliadi.com/img/1600/w444.webp,https://commons.wikimedia.org/wiki/File:Monet_Ext%C3%A9rieur_de_la_gare_Saint-Lazare%2C_arriv%C3%A9e_d'un_train.jpg,https://www.wikidata.org/wiki/Q50014552,https://monet.1vasiliadi.com/#w444
445,Пути у вокзала Сен-Лазар,Track Coming out of Saint-Lazare Station,Les Voies à la sortie de la gare Saint-Lazare,1877,60 × 80,музей,"Художественный музей Пола, Хаконе","Pola Museum of Art, Hakone",Япония,Japan,,цветная фотография,https://monet.1vasiliadi.com/img/1600/w445.webp,https://commons.wikimedia.org/wiki/File:Claude_Monet_-_Train_Tracks_at_the_Saint-Lazare_Station.jpg,https://www.wikidata.org/wiki/Q47618043,https://monet.1vasiliadi.com/#w445
446,Вокзал Сен-Лазар. Товарные склады Западной дороги,"Saint-Lazare Station, the Western Region Goods Sheds","La Gare Saint-Lazare, vue extérieure",1877,60 × 80,частная коллекция,,,,,,цветная фотография,https://monet.1vasiliadi.com/img/1600/w446.webp,https://commons.wikimedia.org/wiki/File:Claude_Monet_-_Saint-Lazare_Station%2C_the_Western_Region_Goods_Sheds.jpg,https://www.wikidata.org/wiki/Q50007932,https://monet.1vasiliadi.com/#w446
447,"Вокзал Сен-Лазар, вид снаружи",Exterior View of the Saint-Lazare Station,"La Gare Saint-Lazare, vue extérieure",1877,64 × 81,частная коллекция,,,,,,цветная фотография,https://monet.1vasiliadi.com/img/1600/w447.webp,https://commons.wikimedia.org/wiki/File:Monet_La_Gare_Saint-Lazare%2C_vue_ext%C3%A9rieure.jpg,https://www.wikidata.org/wiki/Q50014365,https://monet.1vasiliadi.com/#w447
448,"Вокзал Сен-Лазар, вид снаружи (Семафор)",Exterior of Saint-Lazare Station (also known as The Signal),La Gare Saint-Lazare à l'extérieur (Le signal),1877,65 × 81.5,музей,"Государственный музей Нижней Саксонии, Ганновер","Lower Saxony State Museum, Hanover",Германия,Germany,,цветная фотография,https://monet.1vasiliadi.com/img/1600/w448.webp,https://commons.wikimedia.org/wiki/File:La_gare_Saint-Lazare%2C_Les_signaux_1877_Claude_Monet.jpg,https://www.wikidata.org/wiki/Q50014040,https://monet.1vasiliadi.com/#w448
449,Железнодорожная выемка в Батиньоле,The Batignolles Cutting,La Tranchée des Batignolles,1877,,частная коллекция,,,,,,цветная фотография,https://monet.1vasiliadi.com/img/1600/w449.webp,https://commons.wikimedia.org/wiki/File:Monet_La_Tranch%C3%A9e_des_Batignolles.jpg,https://www.wikidata.org/wiki/Q50013663,https://monet.1vasiliadi.com/#w449
450,"Цветущий берег, Аржантёй","Riverbank in Flower, Argenteuil","La Berge fleurie, Argenteuil",1877,54 × 66,частная коллекция,,,,,,скан из каталога,https://monet.1vasiliadi.com/img/1600/w450.webp,https://commons.wikimedia.org/wiki/File:Monet_-_Wildenstein_1996%2C_450.png,,https://monet.1vasiliadi.com/#w450
451,Берег реки в Аржантёе,Riverbank at Argenteuil,La Berge à Argenteuil,1877,60 × 73.5,частная коллекция,,,,,,скан из каталога,https://monet.1vasiliadi.com/img/1600/w451.webp,https://commons.wikimedia.org/wiki/File:Monet_w451.jpg,,https://monet.1vasiliadi.com/#w451
452,Сена в Аржантёе,The Seine at Argenteuil,La Seine à Argenteuil,1877,60 × 73,частная коллекция,,,,,2011,цветная фотография,https://monet.1vasiliadi.com/img/1600/w452.webp,https://commons.wikimedia.org/wiki/File:La_Seine_%C3%A0_Argenteuil_(1877)_Claude_Monet_(W_452).jpg,,https://monet.1vasiliadi.com/#w452
453,"Аржантёй, цветы на берегу","Argenteuil, Flowers by the Riverbank","Berge fleurie, Argenteuil",1877,54 × 65,музей,"Художественный музей Пола, Хаконе","Pola Museum of Art, Hakone",Япония,Japan,,цветная фотография,https://monet.1vasiliadi.com/img/1600/w453.webp,https://commons.wikimedia.org/wiki/File:Claude_Monet_-_Flowered_Riverbank%2C_Argenteuil.jpg,https://www.wikidata.org/wiki/Q50766851,https://monet.1vasiliadi.com/#w453
454,Берега Сены. Остров Гранд-Жатт,"The Banks of the Seine, Ile de la Grande-Jatte",La Seine à la Grande Jatte,1878,49.5 × 65,частная коллекция,,,,,"Sotheby's, New York, 1993",скан из каталога,https://monet.1vasiliadi.com/img/1600/w454.webp,https://commons.wikimedia.org/wiki/File:Monet_w454.jpg,,https://monet.1vasiliadi.com/#w454
455,"Остров Гранд-Жатт, или Весна сквозь ветви",Isle Grande Jatte or Springtime through the Branches,Le printemps à travers les branches,1878,52 × 63,музей,"Музей Мармоттан-Моне, Париж","Musée Marmottan Monet, Paris",Франция,France,,скан из каталога,https://monet.1vasiliadi.com/img/1600/w455.webp,https://commons.wikimedia.org/wiki/File:Monet_w455.jpg,https://www.wikidata.org/wiki/Q105099564,https://monet.1vasiliadi.com/#w455
456,Остров Гранд-Жатт,The Isle La Grande Jatte,"Les Bords de la Seine, île de la Grande Jatte",1878,54 × 65,музей,"Музей Мармоттан-Моне, Париж","Musée Marmottan Monet, Paris",Франция,France,,скан из каталога,https://monet.1vasiliadi.com/img/1600/w456.webp,https://commons.wikimedia.org/wiki/File:Monet_w456.jpg,,https://monet.1vasiliadi.com/#w456
457,Берега Сены в Курбевуа,The Banks of the Seine at Courbevoie,Les Bords de la Seine à Courbevoie,1878,50 × 64,музей,"Коллекция Гримальди, Монако","Collection Grimaldi, Monaco",Монако,Monaco,,скан из каталога,https://monet.1vasiliadi.com/img/1600/w457.webp,https://commons.wikimedia.org/wiki/File:Monet_w457.jpg,,https://monet.1vasiliadi.com/#w457
458,Остров Гранд-Жатт сквозь деревья,"The Isle de la Grande Jatte, through the Trees","À travers les arbres, île de la Grande Jatte",1878,54 × 65,частная коллекция,,,,,2012,цветная фотография,https://monet.1vasiliadi.com/img/1600/w458.webp,https://commons.wikimedia.org/wiki/File:%C3%80_travers_les_Arbres%2C_%C3%8Ele_de_la_Grande_Jatte_(1878)_Claude_Monet_(W458).jpg,https://www.wikidata.org/wiki/Q124051911,https://monet.1vasiliadi.com/#w458
459,Весна на Сене,Spring by the Seine,Printemps à l'île de la Grande Jatte,1878,50 × 65,музей,"Национальный музей искусства, архитектуры и дизайна, Осло","National Museum of Art, Architecture and Design, Oslo",Норвегия,Norway,,цветная фотография,https://monet.1vasiliadi.com/img/1600/w459.webp,https://commons.wikimedia.org/wiki/File:Claude_Monet_-_Spring_by_the_Seine_-_Google_Art_Project.jpg,https://www.wikidata.org/wiki/Q50699486,https://monet.1vasiliadi.com/#w459
460,Берега Сены на Гранд-Жатт,Banks of the Seine at the Grande Jatte,Les Bords de la Seine à La Grande Jatte,1878,55 × 74,частная коллекция,,,,,"Sotheby's, London, 1993",цветная фотография,https://monet.1vasiliadi.com/img/1600/w460.webp,https://commons.wikimedia.org/wiki/File:Claude-Oscar-Monet-Les-Bords-de-la-Seine-a-la-Grande-Jatte_1878.jpg,,https://monet.1vasiliadi.com/#w460
461,Остров Гранд-Жатт,L'île de la Grande Jatte,L'Île de la Grande Jatte,1878,56 × 74,музей,"Галерея Нитидо, Токио","Nichido Gallery, Tokyo",Япония,Japan,,скан из каталога,https://monet.1vasiliadi.com/img/1600/w461.webp,https://commons.wikimedia.org/wiki/File:Monet_w461.jpg,https://www.wikidata.org/wiki/Q79790739,https://monet.1vasiliadi.com/#w461
462,Лесная дорога,Wood Lane,Sous-Bois dit aussi : L'Île de la Grande Jatte,1878,56 × 46,частная коллекция,,,,,,скан из каталога,https://monet.1vasiliadi.com/img/1600/w462.webp,https://commons.wikimedia.org/wiki/File:Monet_-_Wildenstein_1996%2C_462.png,,https://monet.1vasiliadi.com/#w462
463,Под деревьями. Эффект солнца,"Under the Trees, Effect of Sunlight","Sous-Bois, effet de soleil",1878,55 × 45.5,частная коллекция,,,,,,скан из каталога,https://monet.1vasiliadi.com/img/1600/w463.webp,https://commons.wikimedia.org/wiki/File:Monet_-_Wildenstein_1996%2C_463.png,,https://monet.1vasiliadi.com/#w463
464,Аллея,The Avenue,L'Allée,1878,73 × 55,частная коллекция,,,,,,скан из каталога,https://monet.1vasiliadi.com/img/1600/w464.webp,https://commons.wikimedia.org/wiki/File:Monet_w464.jpg,,https://monet.1vasiliadi.com/#w464
465,Купа ив у воды,Clump of Willows at the Water's Edge,Bouquet de saules au bord de l'eau,1876–1878,,утрачена / местонахождение неизвестно,,,,,,нет,,,,https://monet.1vasiliadi.com/#w465
466,В парке Монсо,At the Parc Monceau,Le Parc Monceau,1878,73 × 54.5,музей,"Метрополитен-музей, Нью-Йорк","Metropolitan Museum of Art, New York",США,United States,,цветная фотография,https://monet.1vasiliadi.com/img/1600/w466.webp,https://commons.wikimedia.org/wiki/File:Claude_Monet_-_The_Parc_Monceau.jpg,https://www.wikidata.org/wiki/Q15876313,https://monet.1vasiliadi.com/#w466
467,Парк Монсо,The Parc Monceau,Au Parc Monceau,1878,65 × 54,частная коллекция,,,,,2009,цветная фотография,https://monet.1vasiliadi.com/img/1600/w467.webp,https://commons.wikimedia.org/wiki/File:Monet_claude-au_parc_monceau.jpg,,https://monet.1vasiliadi.com/#w467
468,Парк Монсо,The Parc Monceau,Le Parc Monceau,1878,54 × 65,частная коллекция,,,,,2007,цветная фотография,https://monet.1vasiliadi.com/img/1600/w468.webp,https://commons.wikimedia.org/wiki/File:Claude_Monet_-_Le_parc_Monceau.jpg,https://www.wikidata.org/wiki/Q50768427,https://monet.1vasiliadi.com/#w468
469,Улица Монторгей,The Rue Montorgueil 30th of June 1878,La Rue Montorgueil,1878,80 × 48.5,музей,"Музей Орсе, Париж","Musée d'Orsay, Paris",Франция,France,,цветная фотография,https://monet.1vasiliadi.com/img/1600/w469.webp,https://commons.wikimedia.org/wiki/File:Claude_Monet_-_The_Rue_Montorgueil_in_Paris._Celebration_of_June_30%2C_1878_-_Google_Art_Project.jpg,https://www.wikidata.org/wiki/Q3212522,https://monet.1vasiliadi.com/#w469
470,Улица Сен-Дени. Праздник 30 июня 1878 года,"The Rue Saint-Denis, 30th of June 1878","Rue Saint Denis, fête du 30 juin 1878",1878,76 × 52,музей,"Музей изящных искусств, Руан",Musée des Beaux-Arts de Rouen,Франция,France,,цветная фотография,https://monet.1vasiliadi.com/img/1600/w470.webp,https://commons.wikimedia.org/wiki/File:Rouen_(Seine-Maritime)_-_Mus%C3%A9e_des_Beaux-Arts_-_%22Rue_Saint-Denis%2C_F%C3%AAte_du_30_juin_1878%22_(Claude_Monet%2C_1840-1926)_(32758484702).jpg,https://www.wikidata.org/wiki/Q50414612,https://monet.1vasiliadi.com/#w470
471,Цветы в горшке (Розы и гипсофила),Flowers in a Pot (also known as Roses and Baby's Breath),Fleurs dans un pot (Roses et brouillard),1878,82.5 × 62,музей,"Художественный музей Дэцзи, Нанкин","Deji Art Museum, Nanjing",Китай,China,2021,цветная фотография,https://monet.1vasiliadi.com/img/1600/w471.webp,https://commons.wikimedia.org/wiki/File:Flowers_in_a_pot_by_Monet.jpg,,https://monet.1vasiliadi.com/#w471
472,"Букет гладиолусов, лилий и маргариток","Bouquet of Gladioli, Lilies and Daisies","Bouquet de glaïeuls, lis et marguerites",1878,83.5 × 65,частная коллекция,,,,,2018,цветная фотография,https://monet.1vasiliadi.com/img/1600/w472.webp,https://commons.wikimedia.org/wiki/File:Claude_Monet_-_Bouquet_de_gla%C3%AFeuls%2C_lis_et_marguerites%2C_044n09930-64y75.jpg,https://www.wikidata.org/wiki/Q123171204,https://monet.1vasiliadi.com/#w472
473,Церковь в Ветёе,The Church at Vetheuil,L'église de Vetheuil,1878,61 × 80.5,частная коллекция,,,,,2007,цветная фотография,https://monet.1vasiliadi.com/img/1600/w473.webp,https://commons.wikimedia.org/wiki/File:Claude_Monet_-_%C3%89glise_de_Vetheuil.jpg,https://www.wikidata.org/wiki/Q67196331,https://monet.1vasiliadi.com/#w473
474,Церковь в Ветёе. Снег,"The Church at Vetheuil, Snow",L'Église de Vétheuil,1878–79,65 × 55,музей,"Шотландская национальная галерея, Эдинбург","Scottish National Gallery, Edinburgh",Великобритания,United Kingdom,,цветная фотография,https://monet.1vasiliadi.com/img/1600/w474.webp,https://commons.wikimedia.org/wiki/File:Claude_Monet_-_%C3%89glise_de_Vetheuil_-_National_Galleries_of_Scotland.jpg,https://www.wikidata.org/wiki/Q27968153,https://monet.1vasiliadi.com/#w474
475,Сена в Лавакуре,The Seine at Lavacourt,La Seine à Lavacourt,1878,56 × 74.5,частная коллекция,,,США,United States,2003,цветная фотография,https://monet.1vasiliadi.com/img/1600/w475.webp,https://commons.wikimedia.org/wiki/File:LA_SEINE_A_LAVACOURT_(1878)_Claude_Monet_(W475).jpg,,https://monet.1vasiliadi.com/#w475
476,Утренний туман в Лавакуре,Morning Fog at Lavacourt,Le Brouillard du matin à Lavacourt,1878,59 × 80,частная коллекция,,,,,,скан из каталога,https://monet.1vasiliadi.com/img/1600/w476.webp,https://commons.wikimedia.org/wiki/File:Monet_-_Wildenstein_1996%2C_476.png,,https://monet.1vasiliadi.com/#w476
477,Сена близ Ветёя,The Seine near Vétheuil,La Seine près de Vétheuil,1878,62 × 83,музей,"Музей Бойманса — ван Бёнингена, Роттердам","Museum Boijmans Van Beuningen, Rotterdam",Нидерланды,Netherlands,,цветная фотография,https://monet.1vasiliadi.com/img/1600/w477.webp,https://commons.wikimedia.org/wiki/File:Monet_-_La_Seine_pr%C3%A8s_de_V%C3%A9theuil%2C_1878.jpg,https://www.wikidata.org/wiki/Q19925823,https://monet.1vasiliadi.com/#w477
478,Сена близ Ветёя. Непогода,"The Seine near Vetheuil, Stormy Weather","La Seine près de Vétheuil, temps orageux",1878,54 × 81,частная коллекция,,,,,2011,скан из каталога,https://monet.1vasiliadi.com/img/1600/w478.webp,https://commons.wikimedia.org/wiki/File:Monet_w478.jpg,,https://monet.1vasiliadi.com/#w478
479,Рукав Сены в Муссо,Small arm of the Seine at Mousseaux,Le Petit Bras de Mousseaux,1878,60 × 81,частная коллекция,,,США,United States,,скан из каталога,https://monet.1vasiliadi.com/img/1600/w479.webp,https://commons.wikimedia.org/wiki/File:Monet_w_479.jpg,,https://monet.1vasiliadi.com/#w479
480,Малый рукав Сены в Моссо. Вечер,"The Small Arm of the Seine at Mosseaux, Evening","Le' Bras de Mousseaux, le soir",1878,50 × 61,частная коллекция,,,,,,скан из каталога,https://monet.1vasiliadi.com/img/1600/w480.webp,https://commons.wikimedia.org/wiki/File:Monet_w480.jpg,,https://monet.1vasiliadi.com/#w480
481,Рукав Сены в Ветёе,Small Arm of the Seine at Vetheuil,La Seine à Vetheuil,1878,50 × 61,музей,"Музей современного искусства имени Андре Мальро (MuMa), Гавр","Museum of modern art André Malraux - MuMa, Le Havre",Франция,France,,цветная фотография,https://monet.1vasiliadi.com/img/1600/w481.webp,https://commons.wikimedia.org/wiki/File:Le_Havre_(Seine-Maritime)_-_Mus%C3%A9e_d'art_moderne_Andr%C3%A9-Malraux_(MuMa)_-_%22La_Seine_%C3%A0_V%C3%A9theuil%22_(Claude_Monet%2C_1840-1926)_(50357757163).jpg,https://www.wikidata.org/wiki/Q75661142,https://monet.1vasiliadi.com/#w481
482,Рукав Сены близ Ветёя,Arm of the Seine near Vetheuil,Bras de la Seine près de Vétheuil,1878,60 × 80,частная коллекция,,,,,"Sotheby's, London, 1995",скан из каталога,https://monet.1vasiliadi.com/img/1600/w482.webp,https://commons.wikimedia.org/wiki/File:Monet_w482.jpg,https://www.wikidata.org/wiki/Q108274731,https://monet.1vasiliadi.com/#w482
483,Рукав Сены близ Ветёя,An arm of the Seine near Vetheuil,Un Bras de la Seine près de Vétheuil,1878,46 × 73,частная коллекция,,,,,,скан из каталога,https://monet.1vasiliadi.com/img/1600/w483.webp,https://commons.wikimedia.org/wiki/File:Monet_w_483.jpg,https://www.wikidata.org/wiki/Q138881177,https://monet.1vasiliadi.com/#w483
484,Рукав Сены близ Ветёя,An arm of the Seine near Vetheuil,Un Bras de la Seine près de Vétheuil,1878,46 × 71.5,частная коллекция,,,,,,скан из каталога,https://monet.1vasiliadi.com/img/1600/w484.webp,https://commons.wikimedia.org/wiki/File:Monet_w484.jpg,,https://monet.1vasiliadi.com/#w484
485,Рукав Сены близ Ветёя. Осень,"Small arm of the Seine near Vetheuil, Autumn","Petit Bras de la Seine à Vétheuil, l'automne",1878,51 × 81,частная коллекция,,,,,,скан из каталога,https://monet.1vasiliadi.com/img/1600/w485.webp,https://commons.wikimedia.org/wiki/File:Monet_w485.jpg,,https://monet.1vasiliadi.com/#w485
486,Рукав Сены близ Ветёя,Arm of the Seine near Vetheuil,Un bras de Seine près de Vétheuil,1878,57 × 72,музей,"Музей изящных искусств, Тур","Musée des Beaux-Arts de Tours, Tours",Франция,France,,цветная фотография,https://monet.1vasiliadi.com/img/1600/w486.webp,https://commons.wikimedia.org/wiki/File:Monet_-_Un_bras_de_la_Seine_pr%C3%A8s_de_V%C3%A9theuil%2C_1878.jpg,https://www.wikidata.org/wiki/Q50772917,https://monet.1vasiliadi.com/#w486
487,"Рукав Сены близ Ветёя, туман","An arm of the Seine near Vetheuil, Fog","Un Bras de la Seine à Vétheuil, brouillard",1878,55 × 73,частная коллекция,,,,,,скан из каталога,https://monet.1vasiliadi.com/img/1600/w487.webp,https://commons.wikimedia.org/wiki/File:Monet_w487.jpg,,https://monet.1vasiliadi.com/#w487
488,Яблони близ Ветёя,Apple Trees near Vetheuil,Pommiers près de Vétheuil,1878,62 × 82.5,частная коллекция,,,,,,скан из каталога,https://monet.1vasiliadi.com/img/1600/w488.webp,https://commons.wikimedia.org/wiki/File:Monet_w488.jpg,https://www.wikidata.org/wiki/Q83811809,https://monet.1vasiliadi.com/#w488
489,Яблони,Apple trees,Pommiers,1878,54 × 73,частная коллекция,,,,,"Christie's, London, 1994",скан из каталога,https://monet.1vasiliadi.com/img/1600/w489.webp,https://commons.wikimedia.org/wiki/File:Monet_-_Wildenstein_1996%2C_489.png,,https://monet.1vasiliadi.com/#w489
490,Яблони. Ветёй,"Apple trees, Vetheuil","Pommiers, Vétheuil",1878,55 × 66,частная коллекция,,,,,,скан из каталога,https://monet.1vasiliadi.com/img/1600/w490.webp,https://commons.wikimedia.org/wiki/File:Monet_w490.jpg,,https://monet.1vasiliadi.com/#w490
491,Яблони на холме Шантмесль,Apple Trees on the Chantemesle Hill,Pommiers sur la côte de Chantemesle,1878,64 × 81,частная коллекция,,,,,,скан из каталога,https://monet.1vasiliadi.com/img/1600/w491.webp,https://commons.wikimedia.org/wiki/File:Monet_w491.jpg,,https://monet.1vasiliadi.com/#w491
492,Хризантемы,Chrysanthemums,Chrysanthèmes,1878,54.5 × 65,музей,"Музей Орсе, Париж","Musée d'Orsay, Paris",Франция,France,,цветная фотография,https://monet.1vasiliadi.com/img/1600/w492.webp,https://commons.wikimedia.org/wiki/File:Claude_Monet_051.jpg,https://www.wikidata.org/wiki/Q17491064,https://monet.1vasiliadi.com/#w492
492a,Хризантемы,Chrysanthemums,Chrysanthèmes,1878,53.5 × 61,частная коллекция,,,,,2007,цветная фотография,https://monet.1vasiliadi.com/img/1600/w492a.webp,https://commons.wikimedia.org/wiki/File:Claude_monet%2C_crisantemi%2C_1878%2C_01.JPG,,https://monet.1vasiliadi.com/#w492a
493,Ступени,The Steps,L'Escalier,1878,62 × 50,музей,"Художественный музей Дэцзи, Нанкин","Deji Art Museum, Nanjing",Китай,China,2014,цветная фотография,https://monet.1vasiliadi.com/img/1600/w493.webp,https://commons.wikimedia.org/wiki/File:The_Steps_by_Monet.jpg,,https://monet.1vasiliadi.com/#w493
494,Скотный двор,Farmyard,Cour de ferme,1878,61 × 50,частная коллекция,,,Япония,Japan,2014,цветная фотография,https://monet.1vasiliadi.com/img/1600/w494.webp,https://commons.wikimedia.org/wiki/File:Cour_de_ferme_(1878)_Claude_Monet_(W_494).jpg,,https://monet.1vasiliadi.com/#w494
495,Берега Сены. Лавакур,"The Banks of the Seine, Lavacourt",La berge à Lavacourt,1879,65 × 80,музей,"Галерея новых мастеров, Дрезден","Galerie Neue Meister, Dresden",Германия,Germany,,цветная фотография,https://monet.1vasiliadi.com/img/1600/w495.webp,https://commons.wikimedia.org/wiki/File:Monet_-_Seineb%C3%B6schung_bei_Lavacourt%2C_1879.jpg,https://www.wikidata.org/wiki/Q50330976,https://monet.1vasiliadi.com/#w495
496,Бечевник в Лавакуре,Tow Path at Lavacourt,Chemin de halage à Lavacourt,1878,60 × 74,частная коллекция,,,,,2004,цветная фотография,https://monet.1vasiliadi.com/img/1600/w496.webp,https://commons.wikimedia.org/wiki/File:CHEMIN_DE_HALAGE_A_LAVACOURT_(1878)_Claude_Monet_(W496).jpg,,https://monet.1vasiliadi.com/#w496
497,Берега Сены. Лавакур,"The Banks of the Seine, Lavacourt",La Berge à la Lavacourt,1879,60 × 90,музей,"Художественный музей Фреда Джонса-младшего, Университет Оклахомы, Норман","Fred Jones Jr. Museum of Art, University of Oklahoma, Norman",США,United States,,цветная фотография,https://monet.1vasiliadi.com/img/1600/w497.webp,https://commons.wikimedia.org/wiki/File:Riverbank_at_Lavacourt.jpg,https://www.wikidata.org/wiki/Q81571478,https://monet.1vasiliadi.com/#w497
498,Берега Сены. Лавакур,"The Banks of the Seine, Lavacourt",Les Berges de la Seine à Lavacourt,1878,60 × 80,частная коллекция,,,,,"Christie's, London, 1993",скан из каталога,https://monet.1vasiliadi.com/img/1600/w498.webp,https://commons.wikimedia.org/wiki/File:Monet_w498.jpg,,https://monet.1vasiliadi.com/#w498
499,Берега Сены. Лавакур,"Banks of the Seine, Lavacourt",Berge de la Seine à Lavacourt,1878,50 × 64,частная коллекция,,,Швейцария,Switzerland,2004,цветная фотография,https://monet.1vasiliadi.com/img/1600/w499.webp,https://commons.wikimedia.org/wiki/File:Berge_de_la_Seine_%C3%A0_Lavacourt_(1878)_Claude_Monet_(W_499).jpg,,https://monet.1vasiliadi.com/#w499
500,Берега Сены в Лавакуре,Banks of the Seine at Lavacourt,Le Bord de la Seine à Lavacourt,1878,54 × 65,частная коллекция,,,Швейцария,Switzerland,,скан из каталога,https://monet.1vasiliadi.com/img/1600/w500.webp,https://commons.wikimedia.org/wiki/File:Monet_w500.jpg,,https://monet.1vasiliadi.com/#w500
501,Деревня Лавакур,The Village of Lavacourt,Le Village de Lavacourt,1878,35.5 × 73,частная коллекция,,,,,,скан из каталога,https://monet.1vasiliadi.com/img/1600/w501.webp,https://commons.wikimedia.org/wiki/File:Monet_w501.jpg,,https://monet.1vasiliadi.com/#w501
502,Дорога в Ветёй,The Road to Vetheuil,La Route à Vétheuil,1878,49.5 × 60,частная коллекция,,,Япония,Japan,,скан из каталога,https://monet.1vasiliadi.com/img/1600/w502.webp,https://commons.wikimedia.org/wiki/File:Monet_w502.jpg,,https://monet.1vasiliadi.com/#w502
503,"Жан-Пьер Ошеде, прозванный «Малыш Жан»","Jean-Pierre Hoschede, called ""Bebe Jean""","Portrait de Jean-Pierre Hoschedé, dit ""Bébé Jean""",1878,41 × 33,частная коллекция,,,,,,скан из каталога,https://monet.1vasiliadi.com/img/1600/w503.webp,https://commons.wikimedia.org/wiki/File:Monet_w503.jpg,,https://monet.1vasiliadi.com/#w503
504,Портрет Мишеля Моне,Portrait of Michel Monet,Portrait de Michel Monet bébé,1878,46 × 37,музей,"Музей Мармоттан-Моне, Париж","Musée Marmottan Monet, Paris",Франция,France,,цветная фотография,https://monet.1vasiliadi.com/img/1600/w504.webp,https://commons.wikimedia.org/wiki/File:Claude_Monet_-_Portrait_de_Michel_Monet_b%C3%A9b%C3%A9.jpg,https://www.wikidata.org/wiki/Q105099572,https://monet.1vasiliadi.com/#w504
505,Церковь в Ветёе зимой,Vétheuil Church in Winter,Église de Vétheuil,1879,65 × 50,музей,"Музей Орсе, Париж","Musée d'Orsay, Paris",Франция,France,,цветная фотография,https://monet.1vasiliadi.com/img/1600/w505.webp,https://commons.wikimedia.org/wiki/File:Eglise_de_V%C3%A9theuil%2C_Claude_Monet%2C_1879.jpg,https://www.wikidata.org/wiki/Q10271033,https://monet.1vasiliadi.com/#w505
506,"Церковь в Ветёе, снег",Snow Effect in Vétheuil,Effet de neige à Vétheuil,1879,53 × 71,музей,"Музей Орсе, Париж","Musée d'Orsay, Paris",Франция,France,,цветная фотография,https://monet.1vasiliadi.com/img/1600/w506.webp,https://commons.wikimedia.org/wiki/File:Claude_Monet_-_Effet_de_neige_%C3%A0_V%C3%A9theul.jpg,https://www.wikidata.org/wiki/Q17491280,https://monet.1vasiliadi.com/#w506
507,Ветёй зимой,Vetheuil in Winter,Vétheuil en hiver,1879,69 × 90,музей,"Коллекция Фрика, Нью-Йорк","Frick Collection, New York",США,United States,,цветная фотография,https://monet.1vasiliadi.com/img/1600/w507.webp,https://commons.wikimedia.org/wiki/File:Claude_Monet_-_V%C3%A9theuil_en_hiver.jpg,https://www.wikidata.org/wiki/Q19857354,https://monet.1vasiliadi.com/#w507
508,Дорога в Ветёй. Эффект снега,"The Road to Vetheuil, Snow Effect","La route de Vétheuil, effet de neige",1879,61 × 81.5,музей,"Музей изящных искусств, Сент-Питерсберг (Флорида)","Museum of Fine Arts (St. Petersburg, Florida)",США,United States,2017,цветная фотография,https://monet.1vasiliadi.com/img/1600/w508.webp,https://commons.wikimedia.org/wiki/File:Claude_monet_la_route_de_vetheuil_effet_de_neige.jpg,https://www.wikidata.org/wiki/Q50772166,https://monet.1vasiliadi.com/#w508
509,Въезд в деревню Ветёй зимой,Entering the Village of Vetheuil in Winter,"L'Entrée du village de Vétheuil, l'hiver",1879,60 × 81,музей,"Музей изящных искусств, Бостон","Museum of Fine Arts, Boston",США,United States,,цветная фотография,https://monet.1vasiliadi.com/img/1600/w509.webp,https://commons.wikimedia.org/wiki/File:Monet_-_Entrance_to_the_Village_of_V%C3%A9theuil_in_Winter%2C_1879.jpg,https://www.wikidata.org/wiki/Q20538945,https://monet.1vasiliadi.com/#w509
510,Деревенская улица. Ветёй зимой,"Village Street, Vetheuil in Winter","Rue de village, Vétheuil",1879,52.5 × 71.5,музей,Художественный музей Гётеборга,Gothenburg Museum of Art,Швеция,Sweden,,цветная фотография,https://monet.1vasiliadi.com/img/1600/w510.webp,https://commons.wikimedia.org/wiki/File:Claude_Monet_053.jpg,https://www.wikidata.org/wiki/Q50771175,https://monet.1vasiliadi.com/#w510
511,Лавакур под снегом,"Lavacourt, Sun and Snow",Coucher de soleil sur la neige à Lavacourt,1879,59.5 × 81,музей,"Галерея Хью Лейна, Дублин / Лондонская национальная галерея","Hugh Lane Gallery, Dublin/National Gallery, London",Ирландия,Ireland,,цветная фотография,https://monet.1vasiliadi.com/img/1600/w511.webp,https://commons.wikimedia.org/wiki/File:Monet%2C_Lavacourt-Sunshine-and-Snow.jpg,https://www.wikidata.org/wiki/Q3827992,https://monet.1vasiliadi.com/#w511
512,Берега в Лавакуре в снегу,Riverbanks at Lavacourt in snow,La Berge de Lavacourt sous la neige,1879,55 × 74,частная коллекция,,,,,,скан из каталога,https://monet.1vasiliadi.com/img/1600/w512.webp,https://commons.wikimedia.org/wiki/File:Monet_-_Wildenstein_1996%2C_512.png,,https://monet.1vasiliadi.com/#w512
513,Сена в Лавакуре. Эффект снега,Seine at Lavacourt. Effect of Snow,"La Berge à Lavacourt, neige",1879,55 × 74,частная коллекция,,,,,2021,скан из каталога,https://monet.1vasiliadi.com/img/1600/w513.webp,https://commons.wikimedia.org/wiki/File:Monet_w513.jpg,,https://monet.1vasiliadi.com/#w513
514,Лавакур зимой,Lavacourt in winter,"Lavacourt, l'hiver",1879,49.5 × 65,частная коллекция,,,,,2022,цветная фотография,https://monet.1vasiliadi.com/img/1600/w514.webp,https://commons.wikimedia.org/wiki/File:Lavacourt%2C_l'hiver_(1879)_Claude_Monet_(W_514).jpg,https://www.wikidata.org/wiki/Q114711470,https://monet.1vasiliadi.com/#w514
515,Лавакур,Lavacourt,,1879,51 × 84,утрачена / местонахождение неизвестно,,,Аргентина,Argentina,,скан из каталога,https://monet.1vasiliadi.com/img/1600/w515.webp,https://commons.wikimedia.org/wiki/File:Monet_-_Wildenstein_1996%2C_515.png,,https://monet.1vasiliadi.com/#w515
516,Излучина Сены в Лавакуре. Зима,"The Bend of the Seine at Lavacourt, Winter","Le Tournant de la Seine à Lavacourt, l'hiver",1879,54 × 65,частная коллекция,,,Япония,Japan,,скан из каталога,https://monet.1vasiliadi.com/img/1600/w516.webp,https://commons.wikimedia.org/wiki/File:Monet_w516.jpg,,https://monet.1vasiliadi.com/#w516
517,Зима на Сене. Лавакур,"Winter on the Seine, Lavacourt",La Rivière à Lavacourt,1879–80,54 × 65,музей,"Художественный музей Портленда, Орегон","Portland Art Museum, Oregon",США,United States,,цветная фотография,https://monet.1vasiliadi.com/img/1600/w517.webp,https://commons.wikimedia.org/wiki/File:Claude_Monet%2C_River_at_Lavacourt%2C_1879%2C_Oil_on_canvas.jpg,https://www.wikidata.org/wiki/Q50771186,https://monet.1vasiliadi.com/#w517
518,Ветёй в тумане,Vetheuil in the Fog,Vetheuil dans la brume,1879,60 × 71,музей,"Музей Мармоттан-Моне, Париж","Musée Marmottan Monet, Paris",Франция,France,,цветная фотография,https://monet.1vasiliadi.com/img/1600/w518.webp,https://commons.wikimedia.org/wiki/File:Monet_-_Vetheuil_im_Nebel.jpg,https://www.wikidata.org/wiki/Q10392679,https://monet.1vasiliadi.com/#w518
519,Цветущие сливы,Plums Blossom,Pruniers en fleurs,1879,65 × 54,частная коллекция,,,,,,скан из каталога,https://monet.1vasiliadi.com/img/1600/w519.webp,https://commons.wikimedia.org/wiki/File:Monet_w519.jpg,,https://monet.1vasiliadi.com/#w519
520,Ветёй. Цветущие сливы,"Vetheuil, Flowering Plum Trees",Pruniers en fleurs à Vétheuil,1879,64.5 × 81,музей,"Музей изобразительных искусств, Будапешт","Museum of Fine Arts, Budapest",Венгрия,Hungary,,цветная фотография,https://monet.1vasiliadi.com/img/1600/w520.webp,https://commons.wikimedia.org/wiki/File:Claude_Monet_-_Flowering_Plum_Trees_-_Google_Art_Project.jpg,https://www.wikidata.org/wiki/Q28777011,https://monet.1vasiliadi.com/#w520
521,Ветёй. Цветущие сливы,"Vetheuil, Flowering Plum Trees","Vétheuil, les pruniers en fleurs",1879,73.5 × 94,частная коллекция,,,,,2002,скан из каталога,https://monet.1vasiliadi.com/img/1600/w521.webp,https://commons.wikimedia.org/wiki/File:Monet_w521.jpg,,https://monet.1vasiliadi.com/#w521
521a,Цветущий сад,Orchard in Flower,Verger en fleurs,1879,55 × 65,музей,"Национальная галерея, Прага",National Gallery in Prague,Чехия,Czech Republic,,цветная фотография,https://monet.1vasiliadi.com/img/1600/w521a.webp,https://commons.wikimedia.org/wiki/File:MonetSad.jpg,https://www.wikidata.org/wiki/Q50775636,https://monet.1vasiliadi.com/#w521a
522,Цветущие груши,Pear trees in blossom,"Poiriers en fleurs, Vétheuil",1879,60 × 100,частная коллекция,,,Швейцария,Switzerland,,скан из каталога,https://monet.1vasiliadi.com/img/1600/w522.webp,https://commons.wikimedia.org/wiki/File:Monet_w522.jpg,,https://monet.1vasiliadi.com/#w522
523,Яблоня,The apple tree,Le Pommier,1879,54 × 65,музей,"Музей Барберини, Потсдам","Museum Barberini, Potsdam",Германия,Germany,,цветная фотография,https://monet.1vasiliadi.com/img/1600/w523.webp,https://commons.wikimedia.org/wiki/File:Claude_monet_le_pommier.jpg,https://www.wikidata.org/wiki/Q113519297,https://monet.1vasiliadi.com/#w523
524,Цветущие яблони близ Ветёя,Apple treen in blossom near Vetheuil,Pommier en fleurs près de Vétheuil,1879,65 × 92,частная коллекция,,,,,"Sotheby's, London, 1985",скан из каталога,https://monet.1vasiliadi.com/img/1600/w524.webp,https://commons.wikimedia.org/wiki/File:Monet_w_524.jpg,,https://monet.1vasiliadi.com/#w524
524a,Хижина,The Cottage,La chaumière,1879,48.5 × 64.5,музей,Музей современного искусства Уэхара,Uehara Museum of Modern Art,США,United States,,скан из каталога,https://monet.1vasiliadi.com/img/1600/w524a.webp,https://commons.wikimedia.org/wiki/File:Monet_-_Wildenstein_1996%2C_524a.png,https://www.wikidata.org/wiki/Q66985830,https://monet.1vasiliadi.com/#w524a
525,"Въезд в деревню, вероятно, Ветёй","Entrance to a Village, Probably Vétheuil","Entrée de village, probablement à Vétheuil",1879,50 × 65,утрачена / местонахождение неизвестно,,,,,,нет,,,,https://monet.1vasiliadi.com/#w525
526,Пейзаж. Ветёй,Landscape. Vétheuil,Paysage. Vétheuil,1879,60 × 73,музей,"Музей Орсе, Париж","Musée d'Orsay, Paris",Франция,France,,цветная фотография,https://monet.1vasiliadi.com/img/1600/w526.webp,https://commons.wikimedia.org/wiki/File:Monet_-_Paysage%2C_Vetheuil%2C_1879.jpg,https://www.wikidata.org/wiki/Q17494910,https://monet.1vasiliadi.com/#w526
527,Ветёй,Vetheuil,Vétheuil,1879,65 × 92,частная коллекция,,,,,2018,цветная фотография,https://monet.1vasiliadi.com/img/1600/w527.webp,https://commons.wikimedia.org/wiki/File:Claude_monet_vetheuil.jpg,https://www.wikidata.org/wiki/Q83306238,https://monet.1vasiliadi.com/#w527
528,Сена в Ветёе. Солнце после дождя,"The Seine at Vétheuil, Sun Effect after Rain","La Seine à Vétheuil, effet de soleil après la pluie",1879,60 × 81,музей,"Музей Орсе, Париж","Musée d'Orsay, Paris",Франция,France,,цветная фотография,https://monet.1vasiliadi.com/img/1600/w528.webp,https://commons.wikimedia.org/wiki/File:Monet_-_Vetheuil%2C_vu_de_Lavacourt%2C_1879.jpg,https://www.wikidata.org/wiki/Q17492321,https://monet.1vasiliadi.com/#w528
529,Сена в Ветёе,The Seine at Vétheuil,La Seine à Vétheuil,1879,54 × 73,частная коллекция,,,,,,скан из каталога,https://monet.1vasiliadi.com/img/1600/w529.webp,https://commons.wikimedia.org/wiki/File:Monet_w529.jpg,,https://monet.1vasiliadi.com/#w529
530,Сена ниже Ветёя,The Seine downstream from Vetheuil,La Seine en aval de Vétheuil,1879,46 × 61.5,музей,"Музей искусства и истории, Женева","Musée d'Art et d'Histoire (Geneva), Geneva",Швейцария,Switzerland,,цветная фотография,https://monet.1vasiliadi.com/img/1600/w530.webp,https://commons.wikimedia.org/wiki/File:Monet_-_La_Seine_en_aval_de_V%C3%A9theuil_(anc._Giverny)%2C_1879.png,https://www.wikidata.org/wiki/Q124336210,https://monet.1vasiliadi.com/#w530
531,Ветёй. Церковь,"Vetheuil, The Church",L'Église de Vétheuil,1880,51 × 61,музей,Художественная галерея Саутгемптона,Southampton Art Gallery,Великобритания,United Kingdom,,цветная фотография,https://monet.1vasiliadi.com/img/1600/w531.webp,https://commons.wikimedia.org/wiki/File:Monet_-_The_Church_V%C3%A9theuil.jpg,https://www.wikidata.org/wiki/Q90598726,https://monet.1vasiliadi.com/#w531
532,Сена в Ветёе,The Seine at Vétheuil,La Seine à Vétheuil,1879,43 × 70,музей,"Музей Орсе, Париж","Musée d'Orsay, Paris",Франция,France,,цветная фотография,https://monet.1vasiliadi.com/img/1600/w532.webp,https://commons.wikimedia.org/wiki/File:Monet_-_LA_SEINE_A_VETHEUIL%2C_1879_entre_%3B_1882_et.jpg,https://www.wikidata.org/wiki/Q17492319,https://monet.1vasiliadi.com/#w532
533,Ветёй,Vétheuil,Vétheuil,1879,60 × 81,музей,"Национальная галерея Виктории, Мельбурн","National Gallery of Victoria, Melbourne",Австралия,Australia,,цветная фотография,https://monet.1vasiliadi.com/img/1600/w533.webp,https://commons.wikimedia.org/wiki/File:Claude_Monet_-_V%C3%A9theuil_-_Google_Art_Project_(427751).jpg,https://www.wikidata.org/wiki/Q20421336,https://monet.1vasiliadi.com/#w533
534,Ветёй летом,Vetheuil in Summer,Vétheuil en été,1879,68 × 90,музей,"Художественная галерея Онтарио, Торонто","Art Gallery of Ontario, Toronto",Канада,Canada,,цветная фотография,https://monet.1vasiliadi.com/img/1600/w534.webp,https://commons.wikimedia.org/wiki/File:V%C3%A9theuil_en_%C3%A9t%C3%A9).jpg,https://www.wikidata.org/wiki/Q116241579,https://monet.1vasiliadi.com/#w534
535,Луг,A Meadow,La Prairie,1879,79 × 98,музей,"Художественный музей Джослин, Омаха","Joslyn Art Museum, Omaha",США,United States,,цветная фотография,https://monet.1vasiliadi.com/img/1600/w535.webp,https://commons.wikimedia.org/wiki/File:Monet_-_Wiese_au%C3%9Ferhalb_von_Vetheuil.jpg,https://www.wikidata.org/wiki/Q67220750,https://monet.1vasiliadi.com/#w535
536,Маки в окрестностях Ветёя,Poppy Field near Vetheuil,Les Coquelicots près de Vétheuil,1879,70 × 90,музей,"Фонд Э. Г. Бюрле, Цюрих","Foundation E.G. Bührle, Zürich",Швейцария,Switzerland,,цветная фотография,https://monet.1vasiliadi.com/img/1600/w536.webp,https://commons.wikimedia.org/wiki/File:Claude_Monet_-_Champ_de_coquelicots_pr%C3%A8s_de_V%C3%A9theuil.jpg,https://www.wikidata.org/wiki/Q1114220,https://monet.1vasiliadi.com/#w536
537,Сена в Ветёе,The Seine at Vetheuil,La Seine à Vétheuil,1879,81 × 60,музей,"Музей изящных искусств, Руан",Musée des Beaux-Arts de Rouen,Франция,France,,цветная фотография,https://monet.1vasiliadi.com/img/1600/w537.webp,https://commons.wikimedia.org/wiki/File:Monet_-_La_Seine_%C3%A0_V%C3%A9theuil%2C_1879.jpg,https://www.wikidata.org/wiki/Q17492316,https://monet.1vasiliadi.com/#w537
538,Сена в Лавакуре,La Seine à Lavacourt,Bords de la Seine à Lavacourt,1879,60 × 80,музей,"Художественно-исторический центр Фрика, Питтсбург","Frick Art & Historical Center, Pittsburgh",США,United States,,цветная фотография,https://monet.1vasiliadi.com/img/1600/w538.webp,https://commons.wikimedia.org/wiki/File:Banks_of_the_Seine_at_Lavacourt_(Bords_de_la_Seine_%C3%A0_Lavacourt)_1879_-_Claude_Monet_-_The_Frick_Pittsburgh_(W_538).jpg,https://www.wikidata.org/wiki/Q73554969,https://monet.1vasiliadi.com/#w538
538a,Сена в Лавакуре,The Seine at Lavacourt,La Seine à Lavacourt,1879,44 × 59,частная коллекция,,,,,2023,цветная фотография,https://monet.1vasiliadi.com/img/1600/w538a.webp,https://commons.wikimedia.org/wiki/File:La_Seine_%C3%A0_Lavacourt_(1879)_Claude_Monet_(W538a).jpg,,https://monet.1vasiliadi.com/#w538a
539,Сена в Лавакуре,The Seine at Lavacourt,La Seine à Lavacourt,1879,55 × 74,частная коллекция,,,,,,скан из каталога,https://monet.1vasiliadi.com/img/1600/w539.webp,https://commons.wikimedia.org/wiki/File:Monet_w539_the_seine_at_lavacourt.jpg,,https://monet.1vasiliadi.com/#w539
540,Сена в Лавакуре,The Seine at Lavacourt,La Seine à Lavacourt,1880,60 × 81,музей,"Музей Фогга, Кембридж (Массачусетс)","Fogg Museum, Cambridge",США,United States,,цветная фотография,https://monet.1vasiliadi.com/img/1600/w540.webp,https://commons.wikimedia.org/wiki/File:Monet_-_View_of_the_Seine%2C_Lavacourt%2C_1880.jpg,https://www.wikidata.org/wiki/Q106875235,https://monet.1vasiliadi.com/#w540
541,Сена в Лавакуре,Seine at Lavacourt,La Seine à Lavacourt,1879,60 × 81.5,частная коллекция,,,,,2018,цветная фотография,https://monet.1vasiliadi.com/img/1600/w541.webp,https://commons.wikimedia.org/wiki/File:La_Seine_%C3%A0_Lavacourt.JPG,,https://monet.1vasiliadi.com/#w541
542,Леон Пельтье,Leon Peltier,Portrait de Léon Peltier,1879,56 × 38,частная коллекция,,,,,"Christie's, New York, 1995",скан из каталога,https://monet.1vasiliadi.com/img/1600/w542.webp,https://commons.wikimedia.org/wiki/File:Monet_w542.jpg,,https://monet.1vasiliadi.com/#w542
543,Камилла на смертном одре,Camille Monet on her Deathbed,Camille sur son lit de mort,1879,90 × 68,музей,"Музей Орсе, Париж","Musée d'Orsay, Paris",Франция,France,,цветная фотография,https://monet.1vasiliadi.com/img/1600/w543.webp,https://commons.wikimedia.org/wiki/File:Claude_Monet_-_Camille_Monet_sur_son_lit_de_mort.JPG,https://www.wikidata.org/wiki/Q2381272,https://monet.1vasiliadi.com/#w543
544,Натюрморт с испанской дыней,Still Life with Spanish Melon,Nature morte au melon d'Espagne,1879,90 × 68,музей,"Художественный музей Кимбелла, Форт-Уэрт","Kimbell Art Museum, Fort Worth",США,United States,,цветная фотография,https://monet.1vasiliadi.com/img/1600/w544.webp,https://commons.wikimedia.org/wiki/File:Claude_Monet_-_Nature_morte_au_melon_d%E2%80%99Espagne.jpg,https://www.wikidata.org/wiki/Q108479165,https://monet.1vasiliadi.com/#w544
545,Корзина с яблоками и виноградом,Fruit Basket with Apples and Grapes,Corbeille de fruits (pommes et raisin),1879,68 × 90,музей,"Метрополитен-музей, Нью-Йорк","Metropolitan Museum of Art, New York",США,United States,,цветная фотография,https://monet.1vasiliadi.com/img/1600/w545.webp,https://commons.wikimedia.org/wiki/File:Apples_and_Grapes%2C_by_Claude_Monet.jpg,https://www.wikidata.org/wiki/Q19906246,https://monet.1vasiliadi.com/#w545
546,Натюрморт. Яблоки и виноград,Still Life – Apples and Grapes,Nature morte: pommes et du raisin,1879,65 × 81.5,музей,Чикагский институт искусств,Art Institute of Chicago,США,United States,,цветная фотография,https://monet.1vasiliadi.com/img/1600/w546.webp,https://www.artic.edu/artworks/16549,https://www.wikidata.org/wiki/Q20268628,https://monet.1vasiliadi.com/#w546
547,Настурции в голубой вазе,Nasturtiums in a Blue Vase,Capucines dans un vase bleu,1879,46 × 38,музей,"Музей изобразительных искусств, Будапешт (?)","Museum of Fine Arts, Budapest (?)",Венгрия,Hungary,,скан из каталога,https://monet.1vasiliadi.com/img/1600/w547.webp,https://commons.wikimedia.org/wiki/File:Monet_w547.jpg,,https://monet.1vasiliadi.com/#w547
548,Ваза с настурциями,Vase of Nasturtiums,Vase de Capucines,1879,77.5 × 62,неизвестно,,,,,,скан из каталога,https://monet.1vasiliadi.com/img/1600/w548.webp,https://commons.wikimedia.org/wiki/File:Monet_w_548_vase_of_nasturtiums.jpg,,https://monet.1vasiliadi.com/#w548
549,Фазаны,The Pheasants,Les Faisans,1880,68 × 90,неизвестно,,,,,,скан из каталога,https://monet.1vasiliadi.com/img/1600/w549.webp,https://commons.wikimedia.org/wiki/File:Monet_-_Wildenstein_1996%2C_549.png,,https://monet.1vasiliadi.com/#w549
550,Фазаны и ржанки,Pheasants and Plovers,Nature morte avec des faisans et des pluviers,1879–80,68 × 90,музей,Институт искусств Миннеаполиса,Minneapolis Institute of Art,США,United States,,цветная фотография,https://monet.1vasiliadi.com/img/1600/w550.webp,https://commons.wikimedia.org/wiki/File:Claude_Monet_-_Still_Life_with_Pheasants_and_Plovers_-_Google_Art_Project.jpg,https://www.wikidata.org/wiki/Q20891288,https://monet.1vasiliadi.com/#w550
551,"Фазаны, вальдшнепы и куропатки","Pheasants, Woodcocks and Partridges","Faisans, bécasses et perdrix",1879,89 × 68,частная коллекция,,,,,2015,цветная фотография,https://monet.1vasiliadi.com/img/1600/w551.webp,https://commons.wikimedia.org/wiki/File:Faisans%2C_b%C3%A9casses_et_perdrix_(1879)_Claude_Monet_(W_551).jpg,,https://monet.1vasiliadi.com/#w551
552,Вид Ветёя зимой,View of Vetheuil in Winter,"Vue de Vétheuil, l'hiver,",1879,60 × 81,частная коллекция,,,,,,скан из каталога,https://monet.1vasiliadi.com/img/1600/w552.webp,https://commons.wikimedia.org/wiki/File:Monet_w552.jpg,,https://monet.1vasiliadi.com/#w552
553,"Иней, пасмурная погода","Frost, Grey Weather","Le Givre, temps gris",1880,60 × 80,частная коллекция,,,,,,скан из каталога,https://monet.1vasiliadi.com/img/1600/w553.webp,https://commons.wikimedia.org/wiki/File:Monet_w553.jpg,,https://monet.1vasiliadi.com/#w553
554,Иней в Ветёе,Hoarfrost at Vétheuil,Le Givre à Vétheuil,1881,81 × 100,частная коллекция,,,,,,скан из каталога,https://monet.1vasiliadi.com/img/1600/w554.webp,https://commons.wikimedia.org/wiki/File:Monet_-_Wildenstein_1996%2C_554.png,,https://monet.1vasiliadi.com/#w554
555,Иней,Frost,Le Givre,1880,61 × 100,музей,"Музей Орсе, Париж","Musée d'Orsay, Paris",Франция,France,,цветная фотография,https://monet.1vasiliadi.com/img/1600/w555.webp,https://commons.wikimedia.org/wiki/File:Claude_Monet%2C_Le_Givre_(1880%2C_from_C2RMF).jpg,https://www.wikidata.org/wiki/Q17492954,https://monet.1vasiliadi.com/#w555
556,"Льдины, Лавакур","Les Glacons, Lavacourt","Les Glaçons, Lavacourt",1880,50 × 81,частная коллекция,,,,,,скан из каталога,https://monet.1vasiliadi.com/img/1600/w556.webp,https://commons.wikimedia.org/wiki/File:Monet_w_556_les_glacons_lavacourt.jpg,,https://monet.1vasiliadi.com/#w556
557,Зимнее солнце. Лавакур,"Winter Sun, Lavacourt",Soleil d'hiver à Lavacourt,1879–80,55 × 81,музей,"Музей современного искусства имени Андре Мальро (MuMa), Гавр","Museum of modern art André Malraux - MuMa, Le Havre",Франция,France,,цветная фотография,https://monet.1vasiliadi.com/img/1600/w557.webp,https://commons.wikimedia.org/wiki/File:Le_Havre_-_MAM_-_Claude_Monet_-_Soleil_couchant%2C_Lavacourt.jpg,https://www.wikidata.org/wiki/Q50775646,https://monet.1vasiliadi.com/#w557
558,Зима на Сене в Лавакуре,Winter on the Seine at Lavacourt,"Hiver sur la Seine, Lavacourt",1880,60 × 100,частная коллекция,,,,,"Sotheby's, London, 1995",цветная фотография,https://monet.1vasiliadi.com/img/1600/w558.webp,https://commons.wikimedia.org/wiki/File:Monet_-_winter-on-the-seine-lavacourt-1880.jpg,,https://monet.1vasiliadi.com/#w558
559,Ветёй. Ледоход,"Vetheuil, Ice Floes",,1881,71 × 100,частная коллекция,,,Франция,France,,скан из каталога,https://monet.1vasiliadi.com/img/1600/w559.webp,https://commons.wikimedia.org/wiki/File:Monet_w559.jpg,,https://monet.1vasiliadi.com/#w559
560,"Ледоход, пасмурная погода","Breakup of Ice, Grey Weather","La Débâcle, Temps Gris",1880,68 × 90,музей,"Музей Галуста Гюльбенкяна, Лиссабон","Museu Calouste Gulbenkian, Lisbon",Португалия,Portugal,,цветная фотография,https://monet.1vasiliadi.com/img/1600/w560.webp,https://commons.wikimedia.org/wiki/File:Monet_-_The_Break-Up_of_the_Ice%2C_1880.jpg,https://www.wikidata.org/wiki/Q74260844,https://monet.1vasiliadi.com/#w560
561,Ледоход. Лавакур,"Breakup of the Ice, Lavacourt","La Débâcle à Vétheuil, avec vue sur Lavacourt",1880,72.5 × 99.5,музей,"Дворец изящных искусств, Лилль",Palais des Beaux-Arts de Lille,Франция,France,,цветная фотография,https://monet.1vasiliadi.com/img/1600/w561.webp,https://commons.wikimedia.org/wiki/File:Lille_PdBA_monet_la_debacle.JPG,https://www.wikidata.org/wiki/Q17491946,https://monet.1vasiliadi.com/#w561
562,Ледоход,Breakup of Ice,La Débâcle,1880,54 × 65,музей,"Публичная художественная галерея Данидина, Данидин","Dunedin Public Art Gallery, Dunedin",Новая Зеландия,New Zealand,,цветная фотография,https://monet.1vasiliadi.com/img/1600/w562.webp,https://commons.wikimedia.org/wiki/File:La_D%C3%A9b%C3%A2cle%2C_by_Claude_Monet%2C_1880%2C_oil_on_canvas_-_Dunedin_Public_Art_Gallery_-_Dunedin%2C_NZ_-_DSC04656.jpg,https://www.wikidata.org/wiki/Q64597083,https://monet.1vasiliadi.com/#w562
563,Ледоход в Лавакуре,Breakup of Ice at Lavacourt,,1880,46 × 81.5,частная коллекция,,,,,,скан из каталога,https://monet.1vasiliadi.com/img/1600/w563.webp,https://commons.wikimedia.org/wiki/File:Monet_w563.jpg,,https://monet.1vasiliadi.com/#w563
564,Льдины на Сене в Лавакуре,The Floes on the Seine at Lavacourt,,1880,60 × 100,частная коллекция,,,,,,скан из каталога,https://monet.1vasiliadi.com/img/1600/w564.webp,https://commons.wikimedia.org/wiki/File:Monet_-_Wildenstein_1996%2C_564.png,,https://monet.1vasiliadi.com/#w564
565,"Ледоход, пасмурная погода","Breakup of Ice, Grey Weather",La Débâcle,1880,60 × 99,музей,"Художественный музей Мичиганского университета, Анн-Арбор","University of Michigan Museum of Art, Ann Arbor",США,United States,,цветная фотография,https://monet.1vasiliadi.com/img/1600/w565.webp,https://commons.wikimedia.org/wiki/File:Claude_Monet_-_The_Break-up_of_the_Ice_(La_D%C3%A9b%C3%A2cle_or_Les_Gla%C3%A7ons)_-_Google_Art_Project.jpg,https://www.wikidata.org/wiki/Q66126523,https://monet.1vasiliadi.com/#w565
566,Оттепель в Ветёе,The Thaw at Vétheuil,La débâcle à Vétheuil,1880,60 × 100,музей,"Музей Тиссена-Борнемисы, Мадрид","Thyssen-Bornemisza Museum, Madrid",Испания,Spain,,цветная фотография,https://monet.1vasiliadi.com/img/1600/w566.webp,https://commons.wikimedia.org/wiki/File:Claude_Monet_-_The_thaw_at_Vetheuil.jpg,https://www.wikidata.org/wiki/Q21712046,https://monet.1vasiliadi.com/#w566
567,Плывущие льдины,Floating Ice,Les Glaçons,1880,61 × 100,музей,"Музей Орсе, Париж","Musée d'Orsay, Paris",Франция,France,,цветная фотография,https://monet.1vasiliadi.com/img/1600/w567.webp,https://commons.wikimedia.org/wiki/File:Claude_monet%2C_les_gla%C3%A7ons_(debacle_sulla_senna)%2C_1880%2C_02.JPG,https://www.wikidata.org/wiki/Q17493716,https://monet.1vasiliadi.com/#w567
568,Льдины,The Ice Floes,Les glaçons,1880,97 × 150.5,музей,"Музей Шелберна, Шелберн","Shelburne Museum, Shelburne",США,United States,,скан из каталога,https://monet.1vasiliadi.com/img/1600/w568.webp,https://commons.wikimedia.org/wiki/File:Monet_w568.jpg,https://www.wikidata.org/wiki/Q79868506,https://monet.1vasiliadi.com/#w568
569,Ледоход,Breakup of Ice,La débâcle,1880,59 × 98.5,музей,"Собрание «Ам Рёмерхольц», Винтертур","Am Römerholz, Winterthur",Швейцария,Switzerland,,цветная фотография,https://monet.1vasiliadi.com/img/1600/w569.webp,https://commons.wikimedia.org/wiki/File:Monet_-_The_Break-up_of_Ice_on_the_Seine%2C_1880%E2%80%9381.png,https://www.wikidata.org/wiki/Q91932199,https://monet.1vasiliadi.com/#w569
570,Ледоход,Breakup of Ice,,1880,61 × 100,частная коллекция,,,,,"Sotheby's, New York, 1993",скан из каталога,https://monet.1vasiliadi.com/img/1600/w570.webp,https://commons.wikimedia.org/wiki/File:Monet_w570.jpg,,https://monet.1vasiliadi.com/#w570
571,Ледоход,Breakup of Ice,La Débâcle,1880,61 × 100,музей,"Музей изящных искусств, Берн",Museum of Fine Arts Bern,Швейцария,Switzerland,,скан из каталога,https://monet.1vasiliadi.com/img/1600/w571.webp,https://commons.wikimedia.org/wiki/File:Monet_w571.jpg,https://www.wikidata.org/wiki/Q92787534,https://monet.1vasiliadi.com/#w571
572,Ледоход близ Ветёя,The Breaking up near Vétheuil,La Débacle près de Vétheuil,1880,65 × 91.5,музей,"Лувр, Париж","Louvre, Paris",Франция,France,,скан из каталога,https://monet.1vasiliadi.com/img/1600/w572.webp,https://commons.wikimedia.org/wiki/File:Monet_w572_ice_melting_near_vetheuil.jpg,https://www.wikidata.org/wiki/Q29654798,https://monet.1vasiliadi.com/#w572
573,Зима в Лавакуре,Winter at Lavacourt,"L'Hiver, près de Lavacourt",1880,55.5 × 72.5,частная коллекция,,,Нидерланды,Netherlands,2008,цветная фотография,https://monet.1vasiliadi.com/img/1600/w573.webp,https://commons.wikimedia.org/wiki/File:L'HIVER%2C_PR%C3%88S_DE_LAVACOURT_(1880)_Claude_Monet_(W_573).jpg,,https://monet.1vasiliadi.com/#w573
574,Закат на Сене зимой,Sunset on the Seine in Winter,"Coucher de soleil sur la Seine, l'hiver",1880,60 × 80,музей,"Художественный музей Пола, Хаконе","Pola Museum of Art, Hakone",Япония,Japan,,скан из каталога,https://monet.1vasiliadi.com/img/1600/w574.webp,https://commons.wikimedia.org/wiki/File:Monet_w574.jpg,https://www.wikidata.org/wiki/Q79790760,https://monet.1vasiliadi.com/#w574
575,Закат на Сене в Лавакуре. Зима,Sun Setting over the Seine at Lavacourt. Winter Effect,Coucher de soleil à Lavacourt,1880,53 × 80,музей,"Музей Карнавале, Париж","Musee Carnavalet, Paris",Франция,France,2008,скан из каталога,https://monet.1vasiliadi.com/img/1600/w575.webp,https://commons.wikimedia.org/wiki/File:Monet_w575_sunset_at_lavacourt.jpg,,https://monet.1vasiliadi.com/#w575
576,Закат на Сене в Лавакуре. Зима,"Sunset on the Seine at Lavacourt, Winter Effect","Soleil couchant sur la seine à Lavacourt, effet d'hiver",1880,100 × 152,музей,Пти-Пале,Petit Palais,Франция,France,,цветная фотография,https://monet.1vasiliadi.com/img/1600/w576.webp,https://commons.wikimedia.org/wiki/File:Claude_Monet_-_Soleil_couchant_sur_la_Seine_%C3%A0_Lavacourt%2C_effet_d'hiver_-_PPP439_-_Mus%C3%A9e_des_Beaux-Arts_de_la_ville_de_Paris.jpg,https://www.wikidata.org/wiki/Q50818703,https://monet.1vasiliadi.com/#w576
577,Закат,Sunset,Coucher de soleil,1880,50 × 61.5,частная коллекция,,,,,,скан из каталога,https://monet.1vasiliadi.com/img/1600/w577.webp,https://commons.wikimedia.org/wiki/File:Monet_w577.jpg,,https://monet.1vasiliadi.com/#w577
578,Сена в Лавакуре,The Seine at Lavacourt,La Seine à Lavacourt,1880,100 × 150,музей,"Художественный музей Далласа, Даллас","Dallas Museum of Art, Dallas",США,United States,,цветная фотография,https://monet.1vasiliadi.com/img/1600/w578.webp,https://commons.wikimedia.org/wiki/File:Monet_Lavacourt.jpg,https://www.wikidata.org/wiki/Q18621166,https://monet.1vasiliadi.com/#w578
579,Весна в Ветёе,Spring in Vétheuil,Printemps à Vétheuil,1880,60.5 × 80.5,музей,"Музей Бойманса — ван Бёнингена, Роттердам","Museum Boijmans Van Beuningen, Rotterdam",Нидерланды,Netherlands,,цветная фотография,https://monet.1vasiliadi.com/img/1600/w579.webp,https://commons.wikimedia.org/wiki/File:Claude_monet%2C_primavera_a_v%C3%A9theuil%2C_1880.jpg,https://www.wikidata.org/wiki/Q19925050,https://monet.1vasiliadi.com/#w579
580,Ветёй на солнце,Vétheuil in the Sun,Vétheuil au soleil,1880,60 × 100,частная коллекция,,,,,,скан из каталога,https://monet.1vasiliadi.com/img/1600/w580.webp,https://commons.wikimedia.org/wiki/File:Monet_-_Wildenstein_1996%2C_580.png,,https://monet.1vasiliadi.com/#w580
581,Дорога из Ветёя,The Road from Vétheuil,La Route de Vétheuil,1880,58.5 × 72.5,музей,"Собрание Филлипса, Вашингтон","The Phillips Collection, Washington D.C.",США,United States,,цветная фотография,https://monet.1vasiliadi.com/img/1600/w581.webp,https://commons.wikimedia.org/wiki/File:Claude_Monet_-_The_Road_to_V%C3%A9theuil_-_Google_Art_Project.jpg,https://www.wikidata.org/wiki/Q23939642,https://monet.1vasiliadi.com/#w581
582,Дорога в Ла-Рош-Гийон,Road of La Roche-Guyon,La Route de La Roche-Guyon,1880,59.5 × 72.5,музей,"Национальный музей западного искусства, Токио","National Museum of Western Art, Tokyo",Япония,Japan,,цветная фотография,https://monet.1vasiliadi.com/img/1600/w582.webp,https://commons.wikimedia.org/wiki/File:Claude_Monet_-_Road_of_La_Roche-Guyon_-_Google_Art_Project.jpg,https://www.wikidata.org/wiki/Q23948838,https://monet.1vasiliadi.com/#w582
583,Дорога в Ла-Рош-Гийон,The Road to La Roche-Guyon,La Route de La Roche-Guyon,1880,60 × 81,частная коллекция,,,,,,скан из каталога,https://monet.1vasiliadi.com/img/1600/w583.webp,https://commons.wikimedia.org/wiki/File:Monet_w583.jpg,,https://monet.1vasiliadi.com/#w583
584,Дорога в Ветёй,The Road to Vétheuil,La Route de Vétheuil,1880,68 × 90,частная коллекция,,,,,2012,нет,,,,https://monet.1vasiliadi.com/#w584
585,Цветущие яблони у воды,Apple Trees in Blossom by the Water,Pommiers en fleurs au bord de l'eau,1880,73 × 60,частная коллекция,,,Франция,France,,цветная фотография,https://monet.1vasiliadi.com/img/1600/w585.webp,https://commons.wikimedia.org/wiki/File:Pommier_en_fleurs_au_bord_de_l'eau_-_Claude_Monet.jpg,https://www.wikidata.org/wiki/Q84056391,https://monet.1vasiliadi.com/#w585
586,Весна,Springtime,Le Printemps,1880,60 × 81,музей,"Музей изящных искусств, Лион",Museum of Fine Arts of Lyon,Франция,France,,цветная фотография,https://monet.1vasiliadi.com/img/1600/w586.webp,https://commons.wikimedia.org/wiki/File:Le_Printemps_(1882)_Claude_Monet.JPG,,https://monet.1vasiliadi.com/#w586
587,"Над Ветёем, весна","Above Vetheuil, Spring Effect","Au dessus de Vétheuil, effet de printemps",1880,60 × 100,музей,"Музей Вальрафа-Рихарца и фонд Корбу, Кёльн","Wallraf-Richartz-Museum & Fondation Corboud, Cologne",Германия,Germany,,цветная фотография,https://monet.1vasiliadi.com/img/1600/w587.webp,https://commons.wikimedia.org/wiki/File:Au_dessus_de_V%C3%A9theuil%2C_effet_de_printemps%2C_Claude_Monet%3B_-_3155_(cropped).jpg,https://www.wikidata.org/wiki/Q116213360,https://monet.1vasiliadi.com/#w587
588,Деревушка Шантмель у подножия скалы,The Hamlet of Chantemesle at the Foot of the Rock,Le hameau de Chantemesle au pied du rocher,1880,60 × 80,музей,"Художественный музей Хай, Атланта","High Museum of Art, Atlanta",США,United States,,скан из каталога,https://monet.1vasiliadi.com/img/1600/w588.webp,https://commons.wikimedia.org/wiki/File:Monet_w588.jpg,https://www.wikidata.org/wiki/Q117435188,https://monet.1vasiliadi.com/#w588
589,От-Иль,Haute-Isle,Le Village de Haute-Isle,1880,60 × 73,частная коллекция,,,,,,скан из каталога,https://monet.1vasiliadi.com/img/1600/w589.webp,https://commons.wikimedia.org/wiki/File:Monet_w589.jpg,,https://monet.1vasiliadi.com/#w589
590,Предвечерний час в Ветёе,Late Afternoon in Vetheuil,"Fin d'après-midi, Vétheuil",1880,72 × 99,частная коллекция,,,,,2015,скан из каталога,https://monet.1vasiliadi.com/img/1600/w590.webp,https://commons.wikimedia.org/wiki/File:Monet_w590.jpg,,https://monet.1vasiliadi.com/#w590
591,Холмы в Ветёе,The Hills at Vetheuil,,1880,61 × 99,частная коллекция,,,,,,скан из каталога,https://monet.1vasiliadi.com/img/1600/w591.webp,https://commons.wikimedia.org/wiki/File:Monet_-_Wildenstein_1996%2C_591.png,,https://monet.1vasiliadi.com/#w591
592,Вид Ветёя,View of Vétheuil,Vue de Vétheuil,1880,80 × 60,музей,"Метрополитен-музей, Нью-Йорк","Metropolitan Museum of Art, New York",США,United States,,цветная фотография,https://monet.1vasiliadi.com/img/1600/w592.webp,https://commons.wikimedia.org/wiki/File:Claude_Monet_-_View_of_V%C3%A9theuil.jpg,https://www.wikidata.org/wiki/Q19906244,https://monet.1vasiliadi.com/#w592
593,Маковое поле,A Poppy Field,Champ de coquelicots,1880,73 × 60,музей,"Фонд Э. Г. Бюрле, Цюрих","Foundation E.G. Bührle, Zürich",Швейцария,Switzerland,,скан из каталога,https://monet.1vasiliadi.com/img/1600/w593.webp,https://commons.wikimedia.org/wiki/File:Monet_w593(1).jpg,https://www.wikidata.org/wiki/Q64174086,https://monet.1vasiliadi.com/#w593
594,Ветёй,Vétheuil,Vétheuil,1880,61 × 79,музей,"Художественная галерея и музей Келвингроув, Глазго","Kelvingrove Art Gallery and Museum, Glasgow",Великобритания,United Kingdom,,цветная фотография,https://monet.1vasiliadi.com/img/1600/w594.webp,https://commons.wikimedia.org/wiki/File:Claude_Monet_Vetheuil_01.jpg,https://www.wikidata.org/wiki/Q50818928,https://monet.1vasiliadi.com/#w594
595,"Ветёй, вид с острова Сен-Мартен",Vetheuil seen from the Ile Saint Martin,,1880,65 × 81,музей,"Художественный фонд «Ёсино Гипсум», Токио","Yoshino Gypsum Art Foundation, Tokyo",Япония,Japan,,скан из каталога,https://monet.1vasiliadi.com/img/1600/w595.webp,https://commons.wikimedia.org/wiki/File:Monet_w595.jpg,,https://monet.1vasiliadi.com/#w595
596,"Ветёй, вид с острова Сен-Мартен",Vetheuil seen from Ile Saint Martin,Vétheuil vu de l'île Saint-Martin,1880,60 × 79,музей,"Художественный музей Ямагаты, Ямагата","Yamagata Museum of Art, Yamagata",Япония,Japan,,скан из каталога,https://monet.1vasiliadi.com/img/1600/w596.webp,https://commons.wikimedia.org/wiki/File:Monet_w596.jpg,https://www.wikidata.org/wiki/Q95911200,https://monet.1vasiliadi.com/#w596
597,Берега Сены близ Ветёя,Banks of the Seine near Vetheuil,"Au Bord de la Seine, près de Vétheuil",1880,73 × 100,музей,"Национальная галерея искусства, Вашингтон","National Gallery of Art, Washington D.C.",США,United States,,цветная фотография,https://monet.1vasiliadi.com/img/1600/w597.webp,https://www.nga.gov/collection/art-object-page.46652.html,https://www.wikidata.org/wiki/Q20188857,https://monet.1vasiliadi.com/#w597
598,Остров Цветов близ Ветёя,Île aux Fleurs near Vétheuil,L'Île au Fleurs,1880,65 × 81,музей,"Метрополитен-музей, Нью-Йорк","Metropolitan Museum of Art, New York",США,United States,,цветная фотография,https://monet.1vasiliadi.com/img/1600/w598.webp,https://commons.wikimedia.org/wiki/File:Claude_Monet_-_%C3%8Ele_aux_Fleurs_near_V%C3%A9theuil.jpg,https://www.wikidata.org/wiki/Q19912128,https://monet.1vasiliadi.com/#w598
599,Сена в Ветёе,The Seine at Vétheuil,La Seine à Vétheuil,1880,60 × 105,музей,"Метрополитен-музей, Нью-Йорк","Metropolitan Museum of Art, New York",США,United States,,цветная фотография,https://monet.1vasiliadi.com/img/1600/w599.webp,https://commons.wikimedia.org/wiki/File:The_Seine_at_V%C3%A9theuil_MET_DT1886.jpg,https://www.wikidata.org/wiki/Q19912575,https://monet.1vasiliadi.com/#w599
600,Сена и холмы Шантемеля,The Seine and the Chantemesle Hills,La Seine et les coteaux de Chantemesle,1880,53 × 81,частная коллекция,,,Франция,France,2017,цветная фотография,https://monet.1vasiliadi.com/img/1600/w600.webp,https://commons.wikimedia.org/wiki/File:La_Seine_et_les_c%C3%B4teaux_de_Chantemesle_.jpg,,https://monet.1vasiliadi.com/#w600
601,Малый рукав Сены в Ветёе,The Small Arm of the Seine at Vetheuil,L'Entrée du petit bras à Vétheuil,1880,68.5 × 90,частная коллекция,,,США,United States,,скан из каталога,https://monet.1vasiliadi.com/img/1600/w601.webp,https://commons.wikimedia.org/wiki/File:Monet_w601.jpg,,https://monet.1vasiliadi.com/#w601
602,Ветёй,Vetheuil,Vue de Vétheuil,1880,50 × 76,частная коллекция,,,США,United States,2007,цветная фотография,https://monet.1vasiliadi.com/img/1600/w602.webp,https://commons.wikimedia.org/wiki/File:Vue_de_V%C3%A9theuil_(1880)_Claude_Monet_(W_602).jpg,,https://monet.1vasiliadi.com/#w602
603,Вид на Ветёй,View of Vetheuil,Vue de Vétheuil,1880,78 × 64,музей,Музей искусств округа Лос-Анджелес,Los Angeles County Museum of Art,США,United States,,цветная фотография,https://monet.1vasiliadi.com/img/1600/w603.webp,https://commons.wikimedia.org/wiki/File:Claude_Monet_-_View_of_V%C3%A9theuil_-_Google_Art_Project.jpg,https://www.wikidata.org/wiki/Q20881698,https://monet.1vasiliadi.com/#w603
604,Вид на Ветёй,View of Vetheuil,Vue de Vétheuil,1880,52 × 62,частная коллекция,,,,,,скан из каталога,https://monet.1vasiliadi.com/img/1600/w604.webp,https://commons.wikimedia.org/wiki/File:Monet_-_Wildenstein_1996%2C_604.png,,https://monet.1vasiliadi.com/#w604
605,Ветёй летом,Vetheuil in Summer,Vétheuil en été,1880,60 × 100,музей,"Метрополитен-музей, Нью-Йорк","Metropolitan Museum of Art, New York",США,United States,,цветная фотография,https://monet.1vasiliadi.com/img/1600/w605.webp,https://commons.wikimedia.org/wiki/File:V%C3%A9theuil_in_Summer_MET_DT1898.jpg,https://www.wikidata.org/wiki/Q19905448,https://monet.1vasiliadi.com/#w605
606,Сена в Ветёе,The Seine at Vetheuil,La Seine à Vétheuil,1880,54 × 73,частная коллекция,,,,,,скан из каталога,https://monet.1vasiliadi.com/img/1600/w606.webp,https://commons.wikimedia.org/wiki/File:Monet_w606.jpg,,https://monet.1vasiliadi.com/#w606
607,Ветёй,Vetheuil,Vétheuil,1880,60 × 80,музей,"Музей Фолькванг, Эссен","Museum Folkwang, Essen",Германия,Germany,2017,цветная фотография,https://monet.1vasiliadi.com/img/1600/w607.webp,https://commons.wikimedia.org/wiki/File:Claude_Monet_-_V%C3%A9theuil_(W_607).jpg,,https://monet.1vasiliadi.com/#w607
608,Ветёй,Vetheuil,Vétheuil,1880,60 × 100,музей,Государственные музеи Берлина,Berlin State Museums,Германия,Germany,2022,скан из каталога,https://monet.1vasiliadi.com/img/1600/w608.webp,https://commons.wikimedia.org/wiki/File:Monet_w608.jpg,,https://monet.1vasiliadi.com/#w608
609,Вид на Ветёй,View of Vetheuil,Vue de Vétheuil,1880,60 × 100,музей,"Старая национальная галерея, Берлин","Alte Nationalgalerie, Berlin",Германия,Germany,,цветная фотография,https://monet.1vasiliadi.com/img/1600/w609.webp,https://commons.wikimedia.org/wiki/File:1880_Monet_Vetheuil-sur-Seine_anagoria.JPG,https://www.wikidata.org/wiki/Q50115235,https://monet.1vasiliadi.com/#w609
610,Сена в Ветёе,The Seine at Vetheuil,La Seine à Vétheuil,1880,60 × 73,музей,Художественный музей Портленда (Мэн),Portland Museum of Art,США,United States,,цветная фотография,https://monet.1vasiliadi.com/img/1600/w610.webp,https://commons.wikimedia.org/wiki/File:The_Seine_at_Vetheuil%2C_by_Claude_Monet%2C_c._1880%2C_oil_on_canvas_-_Portland_Museum_of_Art_-_Portland%2C_Maine_-_DSC03977.jpg,https://www.wikidata.org/wiki/Q84260775,https://monet.1vasiliadi.com/#w610
611,Ивы,The Willows,Les Saules,1880,66 × 81.5,музей,"Национальная галерея искусства, Вашингтон","National Gallery of Art, Washington D.C.",США,United States,,цветная фотография,https://monet.1vasiliadi.com/img/1600/w611.webp,https://www.nga.gov/collection/art-object-page.178254.html,https://www.wikidata.org/wiki/Q46630809,https://monet.1vasiliadi.com/#w611
612,Ивы в Ветёе,The Willows at Vetheuil,,1880,60 × 74,частная коллекция,,,Япония,Japan,,скан из каталога,https://monet.1vasiliadi.com/img/1600/w612.webp,https://commons.wikimedia.org/wiki/File:Monet_-_Wildenstein_1996%2C_612.png,,https://monet.1vasiliadi.com/#w612
613,"Женщина, сидящая под ивами",Woman Sitting under the Willows,Femme assise sous les saules,1880,81 × 60,музей,"Национальная галерея искусства, Вашингтон","National Gallery of Art, Washington D.C.",США,United States,,цветная фотография,https://monet.1vasiliadi.com/img/1600/w613.webp,https://www.nga.gov/collection/art-object-page.46653.html,https://www.wikidata.org/wiki/Q20188876,https://monet.1vasiliadi.com/#w613
614,Дома в Ветёе,Houses at Vetheuil,Maisons à Lavacourt,1880,50 × 65,частная коллекция,,,,,,скан из каталога,https://monet.1vasiliadi.com/img/1600/w614.webp,https://commons.wikimedia.org/wiki/File:Monet_-_Wildenstein_1996%2C_614.png,,https://monet.1vasiliadi.com/#w614
615,Берег Сены,The Bank of the Seine,La berge de la Seine,1880,60 × 73,музей,"Национальный музей изящных искусств, Буэнос-Айрес","Museo Nacional de Bellas Artes, Buenos Aires",Аргентина,Argentina,,цветная фотография,https://monet.1vasiliadi.com/img/1600/w615.webp,https://commons.wikimedia.org/wiki/File:Monet_Seine.jpg,https://www.wikidata.org/wiki/Q27953819,https://monet.1vasiliadi.com/#w615
616,Ручей близ Ветёя,The Brook near Vetheuil,"Le Ruisseau, près de Vétheuil",1880,73 × 54,частная коллекция,,,,,,скан из каталога,https://monet.1vasiliadi.com/img/1600/w616.webp,https://commons.wikimedia.org/wiki/File:Monet_-_Wildenstein_1996%2C_616.png,,https://monet.1vasiliadi.com/#w616
617,Портрет Жанны Серво,Portrait of Jeanne Serveau,Portrait de Jeanne Serveau,1880,46 × 38,частная коллекция,,,Франция,France,2011,скан из каталога,https://monet.1vasiliadi.com/img/1600/w617.webp,https://commons.wikimedia.org/wiki/File:Monet_w617.jpg,,https://monet.1vasiliadi.com/#w617
618,Месье Кокре (отец),Monsieur Coqueret (Father),Portrait de Monsieur Coqueret (père),1880,51 × 40,музей,"Фонд Барнса, Филадельфия","Barnes Foundation, Philadelphia",США,United States,,цветная фотография,https://monet.1vasiliadi.com/img/1600/w618.webp,https://commons.wikimedia.org/wiki/File:Monet_-_Monsieur_Coqueret_(Father)%2C_1880.jpg,https://www.wikidata.org/wiki/Q28128639,https://monet.1vasiliadi.com/#w618
619,Бланш Ошеде в детстве,Blanche Hoschede as a child,Blanche Hoschedé enfant,1880,46 × 38,музей,"Музей изящных искусств, Руан",Musée des Beaux-Arts de Rouen,Франция,France,,цветная фотография,https://monet.1vasiliadi.com/img/1600/w619.webp,https://commons.wikimedia.org/wiki/File:Claude_Monet_-_Portrait_of_Blanche_Hoschede_(1864-1947)_as_a_Young_Girl_c1880_-_(MeisterDrucke-115698)_W619.jpg,https://www.wikidata.org/wiki/Q17490875,https://monet.1vasiliadi.com/#w619
620,Андре Лавре,Andre Lauvray,Portrait d'André Lauvray,1880,46 × 38,частная коллекция,,,Япония,Japan,2018,цветная фотография,https://monet.1vasiliadi.com/img/1600/w620.webp,https://commons.wikimedia.org/wiki/File:Portrait_d'Andr%C3%A9_Lauvray_(1880)_Claude_Monet_(W_620).jpg,https://www.wikidata.org/wiki/Q72692376,https://monet.1vasiliadi.com/#w620
621,Скалы в Пти-Даль,The Cliffs of Les Petites-Dalles,Les Falaises des Petites-Dalles,1880,59 × 71,музей,"Музей изящных искусств, Бостон","Museum of Fine Arts, Boston",США,United States,,цветная фотография,https://monet.1vasiliadi.com/img/1600/w621.webp,https://commons.wikimedia.org/wiki/File:Monet_-_Cliffs_of_the_Petites_Dalles%2C_1880.jpg,https://www.wikidata.org/wiki/Q20538887,https://monet.1vasiliadi.com/#w621
622,Море в Ле-Пти-Даль,The Sea at Les Petites-Dalles,La Mer aux Petites-Dalles,1880,60 × 80.5,частная коллекция,,,США,United States,,скан из каталога,https://monet.1vasiliadi.com/img/1600/w622.webp,https://commons.wikimedia.org/wiki/File:Monet_-_Wildenstein_1996%2C_622.png,,https://monet.1vasiliadi.com/#w622
623,Волна,The Wave,La Vague,1880,53 × 72,частная коллекция,,,,,2016,цветная фотография,https://monet.1vasiliadi.com/img/1600/w623.webp,https://commons.wikimedia.org/wiki/File:La_Vague_(1880)_Claude_Monet_(W623).jpg,,https://monet.1vasiliadi.com/#w623
624,"Открытое море, штормовая погода","Open Sea, Rough Weather","Pleine Mer, gros temps",1880,55.5 × 70.4,частная коллекция,,,,,,скан из каталога,https://monet.1vasiliadi.com/img/1600/w624.webp,https://commons.wikimedia.org/wiki/File:Monet_w624.jpg,,https://monet.1vasiliadi.com/#w624
625,Георгины,Dahlias,,1880,81 × 65,частная коллекция,,,,,,скан из каталога,https://monet.1vasiliadi.com/img/1600/w625.webp,https://commons.wikimedia.org/wiki/File:Monet_w625_dahlias.jpg,,https://monet.1vasiliadi.com/#w625
626,Букет мальв,Bouquet of Mallows,Vase de fleurs,1880,100 × 81,музей,"Галерея Института Курто, Лондон","Courtauld Gallery, London",Великобритания,United Kingdom,,цветная фотография,https://monet.1vasiliadi.com/img/1600/w626.webp,https://commons.wikimedia.org/wiki/File:Vase_of_Flowers_Claude_Monet.jpg,https://www.wikidata.org/wiki/Q50818698,https://monet.1vasiliadi.com/#w626
627,Астры,Asters,,1880,83 × 68.5,частная коллекция,,,США,United States,,скан из каталога,https://monet.1vasiliadi.com/img/1600/w627.webp,https://commons.wikimedia.org/wiki/File:Monet_w627.jpg,https://www.wikidata.org/wiki/Q126406972,https://monet.1vasiliadi.com/#w627
628,Букет подсолнухов,Bouquet of Sunflowers,Bouquet de tournesols,1880,101 × 81.5,музей,"Метрополитен-музей, Нью-Йорк","Metropolitan Museum of Art, New York",США,United States,,цветная фотография,https://monet.1vasiliadi.com/img/1600/w628.webp,https://commons.wikimedia.org/wiki/File:Claude_Monet_052.jpg,https://www.wikidata.org/wiki/Q19905274,https://monet.1vasiliadi.com/#w628
629,Топинамбур,Jerusalem Artichokes,Fleurs de topinambour,1880,100 × 73,музей,"Национальная галерея искусства, Вашингтон","National Gallery of Art, Washington D.C.",США,United States,,цветная фотография,https://monet.1vasiliadi.com/img/1600/w629.webp,https://commons.wikimedia.org/wiki/File:Jerusalem_Artichoke_Flowers_E10330.jpg,https://www.wikidata.org/wiki/Q20188861,https://monet.1vasiliadi.com/#w629
630,Корзина с яблоками,Basket of Apples,:Le Panier de pommes,1880,65 × 81,частная коллекция,,,,,2022,скан из каталога,https://monet.1vasiliadi.com/img/1600/w630.webp,https://commons.wikimedia.org/wiki/File:Monet_w630_bastek_of_apples.jpg,https://www.wikidata.org/wiki/Q138654505,https://monet.1vasiliadi.com/#w630
631,Груши и виноград,Pears and Grapes,Poires et Raisins,1880,65 × 81,музей,"Кунстхалле, Гамбург",Kunsthalle Hamburg,Германия,Germany,,цветная фотография,https://monet.1vasiliadi.com/img/1600/w631.webp,https://commons.wikimedia.org/wiki/File:Monet_-_Birnen_und_Trauben%2C_1880.jpg,https://www.wikidata.org/wiki/Q94178398,https://monet.1vasiliadi.com/#w631
632,Портрет Жана Моне,Portrait of Jean Monet,Portrait de Jean Monet,1880,46 × 37,музей,"Музей Мармоттан-Моне, Париж","Musée Marmottan Monet, Paris",Франция,France,,цветная фотография,https://monet.1vasiliadi.com/img/1600/w632.webp,https://commons.wikimedia.org/wiki/File:Monet_-_portrait-of-jean-monet.jpg,https://www.wikidata.org/wiki/Q105099575,https://monet.1vasiliadi.com/#w632
633,Мишель Моне в шапочке с помпоном,Michel Monet with a Pompom,Michel Monet au pompon,1880,46 × 38,музей,"Музей Мармоттан-Моне, Париж","Musée Marmottan Monet, Paris",Франция,France,,цветная фотография,https://monet.1vasiliadi.com/img/1600/w633.webp,https://commons.wikimedia.org/wiki/File:Claude_Monet_Portrait_Michel_Pompom_Hat.JPG,https://www.wikidata.org/wiki/Q16389932,https://monet.1vasiliadi.com/#w633
634,Хризантемы,Chrysanthemums,Chrysanthèmes,1880–81,100 × 81,музей,"Метрополитен-музей, Нью-Йорк","Metropolitan Museum of Art, New York",США,United States,,цветная фотография,https://monet.1vasiliadi.com/img/1600/w634.webp,https://commons.wikimedia.org/wiki/File:Chrysanthemums_(Monet).JPG,https://www.wikidata.org/wiki/Q19906243,https://monet.1vasiliadi.com/#w634
635,Красные хризантемы,Red Chrysanthemums,Chrysanthèmes rouges,1881,82 × 65,частная коллекция,,,Франция,France,,цветная фотография,https://monet.1vasiliadi.com/img/1600/w635.webp,https://commons.wikimedia.org/wiki/File:Claude_Monet_-_Chrysanth%C3%A8mes_rouges.jpg,https://www.wikidata.org/wiki/Q66564534,https://monet.1vasiliadi.com/#w635
636,Портрет месье Кокре (сына),Portrait of Mr Coqueret (son),Portrait de monsieur Coqueret fils,1881,45 × 38,частная коллекция,,,,,,скан из каталога,https://monet.1vasiliadi.com/img/1600/w636.webp,https://commons.wikimedia.org/wiki/File:Monet_-_Wildenstein_1996%2C_636.png,,https://monet.1vasiliadi.com/#w636
637,Портрет,Portrait,,1881,,уничтожена,,,,,,нет,,,,https://monet.1vasiliadi.com/#w637
638,Разлив Сены в Ветёе,The Flood of the Seine at Vetheuil,La Seine en crue à Vétheuil,1881,65 × 81,частная коллекция,,,,,2004,цветная фотография,https://monet.1vasiliadi.com/img/1600/w638.webp,https://commons.wikimedia.org/wiki/File:La_Seine_en_crue_%C3%A0_V%C3%A9theuil_(1881)_Claude_Monet_(W_638).jpg,,https://monet.1vasiliadi.com/#w638
639,Ветёй. Затопленный луг,"Vétheuil, Flooded Meadow","Vetheuil, Prairie inondée",1881,60 × 73.5,музей,Художественный музей Касама Нитидо,Kasama Nichido Museum of Art,Япония,Japan,,скан из каталога,https://monet.1vasiliadi.com/img/1600/w639.webp,https://commons.wikimedia.org/wiki/File:Monet_w639.jpg,https://www.wikidata.org/wiki/Q67523207,https://monet.1vasiliadi.com/#w639
640,Весна в Ветёе,Spring in Vetheuil,Printemps à Vétheuil,1881,60 × 79,частная коллекция,,,,,2012,скан из каталога,https://monet.1vasiliadi.com/img/1600/w640.webp,https://commons.wikimedia.org/wiki/File:Monet_w640.jpg,,https://monet.1vasiliadi.com/#w640
641,Наводнение в Ветёе,The Flood at Vetheuil,"L'Inondation, Vétheuil",1881,60 × 73.5,музей,"Фонд E.W.K., Берн",E.W.K. Berne,Швейцария,Switzerland,,скан из каталога,https://monet.1vasiliadi.com/img/1600/w641.webp,https://commons.wikimedia.org/wiki/File:Monet_w641.jpg,,https://monet.1vasiliadi.com/#w641
642,Наводнение,The Flood,L'Inondation,1881,60 × 100,музей,"Собрание Рау для ЮНИСЕФ, Музей Арпа «Вокзал Роландсэк», Ремаген","Sammlung Rau fuer UNICEF, Arp Museum Bahnhof Rolandseck, Remagen",Германия,Germany,,скан из каталога,https://monet.1vasiliadi.com/img/1600/w642.webp,https://commons.wikimedia.org/wiki/File:Monet_w642.jpg,https://www.wikidata.org/wiki/Q78833033,https://monet.1vasiliadi.com/#w642
643,Замок Ла-Рош-Гийон,The Chateau of Roche-Guyon,Le Château de La Roche-Guyon,1881,60 × 80,частная коллекция,,,США,United States,,скан из каталога,https://monet.1vasiliadi.com/img/1600/w643.webp,https://commons.wikimedia.org/wiki/File:Monet_w643.jpg,,https://monet.1vasiliadi.com/#w643
644,Лодка во время отлива в Фекане,Boat at Low Tide at Fecamp,Bateau couché à marée basse,1881,80 × 60,музей,"Художественный музей Фудзи, Токио",Tokyo Fuji Art Museum,Япония,Japan,,цветная фотография,https://monet.1vasiliadi.com/img/1600/w644.webp,https://commons.wikimedia.org/wiki/File:Monet_-_Boat_Lying_at_Low_Tide%2C_1881.jpg,https://www.wikidata.org/wiki/Q79889777,https://monet.1vasiliadi.com/#w644
645,Лодки на берегу во время отлива в Фекане,Boats Lying at Low Tide at Fecamp,"Bateaux échoués à Fécamp,",1881,80 × 66,частная коллекция,,,США,United States,,скан из каталога,https://monet.1vasiliadi.com/img/1600/w645.webp,https://commons.wikimedia.org/wiki/File:Monet_w645.jpg,,https://monet.1vasiliadi.com/#w645
646,Мол в Фекане в непогоду,Jetty at Fecamp in bad weather,La Jetée de Fécamp par gros temps,1881,54 × 73,частная коллекция,,,США,United States,2019,скан из каталога,https://monet.1vasiliadi.com/img/1600/w646.webp,https://commons.wikimedia.org/wiki/File:Monet_w646_jetty_at_fecamp_in_rough_weather.jpg,,https://monet.1vasiliadi.com/#w646
647,Морской пейзаж близ Фекана,Seascape near Fecamp,"Près de Fécamp, marine,",1881,60 × 81,частная коллекция,,,,,"Christie's, New York, 1989",скан из каталога,https://monet.1vasiliadi.com/img/1600/w647.webp,https://commons.wikimedia.org/wiki/File:Monet_w647.jpg,,https://monet.1vasiliadi.com/#w647
648,"Море, вид со скал Фекана",The Sea Seen from the Cliffs of Fecamp,La Mer vue des falaises,1881,60 × 75,частная коллекция,,,Япония,Japan,2007,цветная фотография,https://monet.1vasiliadi.com/img/1600/w648.webp,https://commons.wikimedia.org/wiki/File:La_Mer_vue_des_falaises_(1881)_Claude_Monet_(W_648).jpg,,https://monet.1vasiliadi.com/#w648
649,Штиль. Фекан,"Calm Weather, Fecamp","Étude de mer vue des hauteurs,",1881,60 × 81,частная коллекция,,,,,,скан из каталога,https://monet.1vasiliadi.com/img/1600/w649.webp,https://commons.wikimedia.org/wiki/File:Monet_w649.jpg,,https://monet.1vasiliadi.com/#w649
650,Штиль. Пурвиль,"Temps calme, Pourville",,1881,60 × 73.5,музей,Художественный музей Базеля,Kunstmuseum Basel,Швейцария,Switzerland,,цветная фотография,https://monet.1vasiliadi.com/img/1600/w650.webp,https://commons.wikimedia.org/wiki/File:Claude_Monet_-_Temps_calme_Pourville.jpg,https://www.wikidata.org/wiki/Q47618345,https://monet.1vasiliadi.com/#w650
651,Утро у моря,Morning by the sea,Le Matin au bord de la mer,1881,61 × 81,частная коллекция,,,,,,скан из каталога,https://monet.1vasiliadi.com/img/1600/w651.webp,https://commons.wikimedia.org/wiki/File:Monet_w651_morning_by_the_sea.jpg,,https://monet.1vasiliadi.com/#w651
652,"Фекан, у моря","Fecamp, by the Sea","Fécamp, bord de mer",1881,67 × 80,музей,"Музей современного искусства имени Андре Мальро (MuMa), Гавр","Museum of modern art André Malraux - MuMa, Le Havre",Франция,France,,цветная фотография,https://monet.1vasiliadi.com/img/1600/w652.webp,https://commons.wikimedia.org/wiki/File:Le_Havre_-_MAM_-_Claude_Monet_-_F%C3%A9camps%2C_bord_de_mer.jpg,https://www.wikidata.org/wiki/Q18918107,https://monet.1vasiliadi.com/#w652
653,Скала в Гренвале близ Фекана,Cliff at Grainval near Fécamp,Á Grainval près de Fécamp,1881,61 × 80,музей,Собрание «Исэтан»,Isetan Collection,Япония,Japan,,скан из каталога,https://monet.1vasiliadi.com/img/1600/w653.webp,https://commons.wikimedia.org/wiki/File:Monet_w653.jpg,,https://monet.1vasiliadi.com/#w653
654,Скала в Грайвале,The Cliff at Graibal,"La Falaise à Grainval,",1881,59 × 72,частная коллекция,,,Нидерланды,Netherlands,,скан из каталога,https://monet.1vasiliadi.com/img/1600/w654.webp,https://commons.wikimedia.org/wiki/File:Monet_-_Wildenstein_1996%2C_654.png,,https://monet.1vasiliadi.com/#w654
655,Вид из Гренваля,View Taken from Grainval,Vue prise à Grainval,1881,61 × 51,частная коллекция,,,,,,скан из каталога,https://monet.1vasiliadi.com/img/1600/w655.webp,https://commons.wikimedia.org/wiki/File:Monet_w655.jpg,,https://monet.1vasiliadi.com/#w655
656,Скала в Фекане,Cliff at Fecamp,La falaise à Fécamp,1881,63.5 × 80,музей,"Художественная галерея Абердина, Абердин","Aberdeen Art Gallery, Aberdeen",Великобритания,United Kingdom,,цветная фотография,https://monet.1vasiliadi.com/img/1600/w656.webp,https://commons.wikimedia.org/wiki/File:La_Falaise_%C3%A0_F%C3%A9camp_-_Claude_Monet_-_ABDAG003046.jpg,https://www.wikidata.org/wiki/Q90728676,https://monet.1vasiliadi.com/#w656
656a,Скала близ Фекана,Cliff near Fecamp,Falaise près de Fécamp,1881,61 × 79,частная коллекция,,,,,2000,скан из каталога,https://monet.1vasiliadi.com/img/1600/w656a.webp,https://commons.wikimedia.org/wiki/File:Monet_w656a_cliff_near_fecamp.jpg,,https://monet.1vasiliadi.com/#w656a
657,На скале в Фекане,On the Cliff at Fecamp,Sur la Falaise près de Fécamp,1881,65 × 81,частная коллекция,,,,,,скан из каталога,https://monet.1vasiliadi.com/img/1600/w657.webp,https://commons.wikimedia.org/wiki/File:Monet_w657.jpg,,https://monet.1vasiliadi.com/#w657
658,Пляж в Фекане,The Beach at Fecamp,La Grève à Fécamp,1881,46 × 80,частная коллекция,,,,,,скан из каталога,https://monet.1vasiliadi.com/img/1600/w658.webp,https://commons.wikimedia.org/wiki/File:Monet_w658.jpg,,https://monet.1vasiliadi.com/#w658
659,Море в Фекане,The Sea at Fecamp,La Mer à Fécamp,1881,60 × 74,частная коллекция,,,,,,скан из каталога,https://monet.1vasiliadi.com/img/1600/w659.webp,https://commons.wikimedia.org/wiki/File:Monet_-_Wildenstein_1996%2C_659.png,,https://monet.1vasiliadi.com/#w659
660,Море в Фекане,The Sea at Fecamp,La mer à Fécamp,1881,65.5 × 82,музей,"Государственная галерея Штутгарта, Штутгарт","Staatsgalerie Stuttgart, Stuttgart",Германия,Germany,,цветная фотография,https://monet.1vasiliadi.com/img/1600/w660.webp,https://commons.wikimedia.org/wiki/File:Monet_-_Das_Meer_bei_F%C3%A9camp%2C_1881.jpg,https://www.wikidata.org/wiki/Q92831783,https://monet.1vasiliadi.com/#w660
661,Разбивающиеся волны,Waves Breaking,Mer agitée (661),1881,60 × 81,музей,Музеи изящных искусств Сан-Франциско,Fine Arts Museums of San Francisco,США,United States,,цветная фотография,https://monet.1vasiliadi.com/img/1600/w661.webp,https://commons.wikimedia.org/wiki/File:Monet_-_Waves_Breaking%2C_1881.jpg,https://www.wikidata.org/wiki/Q20198468,https://monet.1vasiliadi.com/#w661
662,Этюд моря,Sea Study,"Étude de mer dit aussi : Marine, Pourville",1881,50 × 73,музей,"Собрание Михаэля Симонова (на хранении в аббатстве Фларан, Валанс-сюр-Баиз)","Michaël Simonow Collection (on loan to the Abbaye de Flaran, Valence-sur-Baïse)",Франция,France,,скан из каталога,https://monet.1vasiliadi.com/img/1600/w662.webp,https://commons.wikimedia.org/wiki/File:Monet_w662.jpg,https://www.wikidata.org/wiki/Q80210301,https://monet.1vasiliadi.com/#w662
663,Бурное море,A Stormy Sea,Mer agitée,1881,60 × 74,музей,"Национальная галерея Канады, Оттава","National Gallery of Canada, Ottawa",Канада,Canada,,скан из каталога,https://monet.1vasiliadi.com/img/1600/w663.webp,https://commons.wikimedia.org/wiki/File:Monet_w663.jpg,https://www.wikidata.org/wiki/Q59504767,https://monet.1vasiliadi.com/#w663
664,Скалы Пти-Даль,Cliffs of Les Petites-Dalles,Falaise des Petites-Dalles,1881,60 × 74,частная коллекция,,,,,"Sotheby's, New York, 1996",скан из каталога,https://monet.1vasiliadi.com/img/1600/w664.webp,https://commons.wikimedia.org/wiki/File:Monet_w664.jpg,,https://monet.1vasiliadi.com/#w664
665,Скалы в Пти-Даль,Cliffs at Les Petites-Dalles,Falaise des Petites-Dalles,1881,60 × 81,частная коллекция,,,,,,скан из каталога,https://monet.1vasiliadi.com/img/1600/w665.webp,https://commons.wikimedia.org/wiki/File:Monet_-_Wildenstein_1996%2C_665.png,,https://monet.1vasiliadi.com/#w665
665a,Скалы в Пти-Даль,Cliffs at Les Petites-Dalles,Falaise des Petites-Dalles,1881,65 × 81,частная коллекция,,,,,,скан из каталога,https://monet.1vasiliadi.com/img/1600/w665a.webp,https://commons.wikimedia.org/wiki/File:Monet_-_Wildenstein_1996%2C_665a.png,,https://monet.1vasiliadi.com/#w665a
665b,Ле-Петит-Даль,Les Petites-Dalles,Falaise des Petites-Dalles,1881,60 × 81,частная коллекция,,,,,,скан из каталога,https://monet.1vasiliadi.com/img/1600/w665b.webp,https://commons.wikimedia.org/wiki/File:Monet_-_Wildenstein_1996%2C_665b.png,,https://monet.1vasiliadi.com/#w665b
666,Сад в Ветёе,Garden at Vetheuil,Le jardin de Vétheuil,1881,60 × 73,музей,"Собрание Хассо Платтнера, Музей Барберини, Потсдам","Hasso Plattner Collection, Museum Barberini, Potsdam",Германия,Germany,,цветная фотография,https://monet.1vasiliadi.com/img/1600/w666.webp,https://commons.wikimedia.org/wiki/File:MB-Mon-08_Monet_Der-Garten-von-Vetheuil_1.jpg,https://www.wikidata.org/wiki/Q108479166,https://monet.1vasiliadi.com/#w666
667,Скалы Шантемеля,The Rocks de Chantemesle,Les Rochers de Chantemesle,1881,59.5 × 77,частная коллекция,,,,,,скан из каталога,https://monet.1vasiliadi.com/img/1600/w667.webp,https://commons.wikimedia.org/wiki/File:Monet_w667.jpg,,https://monet.1vasiliadi.com/#w667
668,Ветёй на закате,Vetheuil at Sunset,"Vétheuil, coucher de soleil",1881,52 × 62,частная коллекция,,,США,United States,,скан из каталога,https://monet.1vasiliadi.com/img/1600/w668.webp,https://commons.wikimedia.org/wiki/File:Monet_w668.jpg,,https://monet.1vasiliadi.com/#w668
669,Склоны холмов близ Ветёя,Hillsides near Vétheuil,Les Coteaux près de Vétheuil,1881,14.4 × 22.1,музей,"Музей изящных искусств, Руан",Musée des Beaux-Arts de Rouen,Франция,France,,скан из каталога,https://monet.1vasiliadi.com/img/1600/w669.webp,https://commons.wikimedia.org/wiki/File:Monet_w669.jpg,https://www.wikidata.org/wiki/Q17493652,https://monet.1vasiliadi.com/#w669
670,Ветёй,Vetheuil,Le Village de Vétheuil,1881,14.4 × 22.6,музей,"Музей изящных искусств, Руан",Musée des Beaux-Arts de Rouen,Франция,France,,скан из каталога,https://monet.1vasiliadi.com/img/1600/w670.webp,https://commons.wikimedia.org/wiki/File:Monet_w670.jpg,https://www.wikidata.org/wiki/Q17493461,https://monet.1vasiliadi.com/#w670
671,Сена с высот Шантемеля,"The Seine, from Chantemesle's Heights","La Seine, vue des hauteurs de Chantemesle",1881,14.4 × 22.3,музей,"Музей изящных искусств, Руан",Musée des Beaux-Arts de Rouen,Франция,France,,скан из каталога,https://monet.1vasiliadi.com/img/1600/w671.webp,https://commons.wikimedia.org/wiki/File:Monet_w671.jpg,https://www.wikidata.org/wiki/Q17492333,https://monet.1vasiliadi.com/#w671
672,Церковь в Ветёе,The Church at Vetheuil,L'Église à Vétheuil,1881,47 × 73,частная коллекция,,,,,2009,цветная фотография,https://monet.1vasiliadi.com/img/1600/w672.webp,https://commons.wikimedia.org/wiki/File:L'%C3%A9glise_de_V%C3%A9theuil_(1881)_Claude_Monet_(W_672).jpg,,https://monet.1vasiliadi.com/#w672
673,Сена в Ветёе,The Seine at Vetheuil,La Seine à Vétheuil,1881,73 × 100,музей,Музей морского искусства Миннесоты,Minnesota Marine Art Museum,США,United States,2006,цветная фотография,https://monet.1vasiliadi.com/img/1600/w673.webp,https://commons.wikimedia.org/wiki/File:Claude_Monet_-_La_Seine_%C3%A0_V%C3%A9theuil_(1881).jpg,https://www.wikidata.org/wiki/Q48977034,https://monet.1vasiliadi.com/#w673
674,Сена между Ветёем и Ла-Рош-Гийоном,The Seine between Vetheuil and La Roche-Guyon,La Seine entre Vétheuil et La Roche-Guyon,1881,60 × 80,частная коллекция,,,,,,скан из каталога,https://monet.1vasiliadi.com/img/1600/w674.webp,https://commons.wikimedia.org/wiki/File:Monet_-_Wildenstein_1996%2C_674.png,,https://monet.1vasiliadi.com/#w674
675,Берега Сены близ Ветёя,The Banks of the Seine near Vetheuil,Les bords de la Seine près de Vétheuil,1881,60 × 79.5,частная коллекция,,,Франция,France,2023,цветная фотография,https://monet.1vasiliadi.com/img/1600/w675.webp,https://commons.wikimedia.org/wiki/File:Les_bords_de_la_Seine_pr%C3%A8s_de_V%C3%A9theuil_(1881)_Claude_Monet_(W675).jpg,https://www.wikidata.org/wiki/Q131630313,https://monet.1vasiliadi.com/#w675
676,Пшеничное поле,Wheatfield,Champ de blé,1881,65.5 × 81.5,музей,Художественный музей Кливленда,Cleveland Museum of Art,США,United States,,цветная фотография,https://monet.1vasiliadi.com/img/1600/w676.webp,https://commons.wikimedia.org/wiki/File:MB-Mon-09_Monet_Weizenfeld_1.jpg,https://www.wikidata.org/wiki/Q50819562,https://monet.1vasiliadi.com/#w676
677,Маковое поле,Champ de coquelicots,,1881,58 × 79,музей,"Музей Бойманса — ван Бёнингена, Роттердам","Museum Boijmans Van Beuningen, Rotterdam",Нидерланды,Netherlands,,цветная фотография,https://monet.1vasiliadi.com/img/1600/w677.webp,https://commons.wikimedia.org/wiki/File:Claude_Monet_-_Poppy_Field_-_Google_Art_Project_(430231).jpg,https://www.wikidata.org/wiki/Q19926059,https://monet.1vasiliadi.com/#w677
678,"Дорога среди маковых полей, остров Сен-Мартен","Lane in the Poppy Fields, Ile Saint-Martin","Sentier sur l'île de Saint Martin, Vétheuil",1880,73 × 60,музей,Художественный музей Филадельфии,Philadelphia Museum of Art,США,United States,,скан из каталога,https://monet.1vasiliadi.com/img/1600/w678.webp,https://commons.wikimedia.org/wiki/File:Monet_w678_lane_in_ile_st_martin.jpg,https://www.wikidata.org/wiki/Q20809478,https://monet.1vasiliadi.com/#w678
679,Пейзаж на острове Сен-Мартен,Landscape on the Ile Saint Martin,Paysage dans l'île Saint-Martin,1881,73 × 60,музей,"Собрание Хассо Платтнера, Музей Барберини, Потсдам","Hasso Plattner Collection, Museum Barberini, Potsdam",Германия,Germany,,цветная фотография,https://monet.1vasiliadi.com/img/1600/w679.webp,https://commons.wikimedia.org/wiki/File:MB-Mon-10_Monet_Landschaft-auf-der-Ile-Saint-Martin_1.jpg,https://www.wikidata.org/wiki/Q108479167,https://monet.1vasiliadi.com/#w679
680,Алиса Ошеде в саду,Alice Hoschede in the Garden,Alice Hoschedé au jardin,1881,81 × 65,частная коллекция,,,,,2014,цветная фотография,https://monet.1vasiliadi.com/img/1600/w680.webp,https://commons.wikimedia.org/wiki/File:Alice_Hosched%C3%A9_au_jardin_(1881)_Claude_Monet_(W_680).jpg,https://www.wikidata.org/wiki/Q138881185,https://monet.1vasiliadi.com/#w680
681,Терраса в Ветёе,The Terrace at Vetheuil,La Terrasse à Vétheuil,1881,81 × 65,частная коллекция,,,,,,скан из каталога,https://monet.1vasiliadi.com/img/1600/w681.webp,https://commons.wikimedia.org/wiki/File:Monet_w681_the_terrace_at_vetheuil.jpg,,https://monet.1vasiliadi.com/#w681
682,Сад Моне в Ветёе,Monet's Garden at Vetheuil,L'Escalier à Vétheuil,1881,80 × 65,частная коллекция,,,,,,цветная фотография,https://monet.1vasiliadi.com/img/1600/w682.webp,https://commons.wikimedia.org/wiki/File:Monet_-_the-steps-at-vetheuil.jpg,,https://monet.1vasiliadi.com/#w682
683,Сад в Ветёе,The Garden at Vetheuil,Jardin à Vétheuil,1881,100 × 81,музей,"Музей Нортона Саймона, Пасадина","Norton Simon Museum, Pasadena",США,United States,,цветная фотография,https://monet.1vasiliadi.com/img/1600/w683.webp,https://commons.wikimedia.org/wiki/File:The_Artist's_garden_at_Vetheuil_by_Claude_Monet.jpg,https://www.wikidata.org/wiki/Q124365357,https://monet.1vasiliadi.com/#w683
684,Сад Моне в Ветёе,Monet's Garden at Vetheuil,Le Jardin de l'artiste à Vétheuil,1881,100 × 80,частная коллекция,,,,,1996,скан из каталога,https://monet.1vasiliadi.com/img/1600/w684.webp,https://commons.wikimedia.org/wiki/File:Monet_w684.jpg,https://www.wikidata.org/wiki/Q126406974,https://monet.1vasiliadi.com/#w684
685,Сад художника в Ветёе,The Artist's Garden at Vetheuil,Le Jardin de Monet à Vétheuil,1881,150 × 120,музей,"Национальная галерея искусства, Вашингтон","National Gallery of Art, Washington D.C.",США,United States,,цветная фотография,https://monet.1vasiliadi.com/img/1600/w685.webp,https://www.nga.gov/collection/art-object-page.52189.html,https://www.wikidata.org/wiki/Q20188856,https://monet.1vasiliadi.com/#w685
686,"Хижина в Трувиле, отлив","Hut in Trouville, Low Tide","La Cabane à Trouville, marée basse",1881,60 × 73.5,музей,"Музей Тиссена-Борнемисы, Мадрид","Thyssen-Bornemisza Museum, Madrid",Испания,Spain,,цветная фотография,https://monet.1vasiliadi.com/img/1600/w686.webp,https://commons.wikimedia.org/wiki/File:Monet%2C_Claude_-_Hut_in_Trouville%2C_Low_Tide%2C_the_(1881).jpg,https://www.wikidata.org/wiki/Q21712145,https://monet.1vasiliadi.com/#w686
687,Морской берег в Трувиле,Seacoast at Trouville,Sur la côte à Trouville,1881,60 × 81,музей,"Музей изящных искусств, Бостон","Museum of Fine Arts, Boston",США,United States,,цветная фотография,https://monet.1vasiliadi.com/img/1600/w687.webp,https://commons.wikimedia.org/wiki/File:Monet_-_Seacoast_at_Trouville%2C_1881.jpg,https://www.wikidata.org/wiki/Q20538898,https://monet.1vasiliadi.com/#w687
688,"Скалы Варанжвиля, порыв ветра","Cliffs of Varengeville, Gust of Wind",Coup de vent,1881,81 × 65.5,частная коллекция,,,,,2018,скан из каталога,https://monet.1vasiliadi.com/img/1600/w688.webp,https://commons.wikimedia.org/wiki/File:Monet_w688.jpg,,https://monet.1vasiliadi.com/#w688
689,"Скала в Сент-Адрессе, пасмурная погода","Falaise de Sainte-Adresse, temps gris",,1881,60 × 73.5,музей,"Ордрупгор, Копенгаген","Ordrupgaard, Copenhagen",Дания,Denmark,,цветная фотография,https://monet.1vasiliadi.com/img/1600/w689.webp,https://commons.wikimedia.org/wiki/File:Claude_Monet_-_Falaise_de_Sainte-Adresse%2C_temps_gris_-_Ordrupgaard.jpg,https://www.wikidata.org/wiki/Q66254516,https://monet.1vasiliadi.com/#w689
690,Садовая калитка в Ветёе,The Garden Gate at Vetheuil,La Porte du jardin à Vétheuil,1881,60 × 73,частная коллекция,,,,,2018,цветная фотография,https://monet.1vasiliadi.com/img/1600/w690.webp,https://commons.wikimedia.org/wiki/File:LA_PORTE_DU_JARDIN_%C3%80_V%C3%89THEUIL.PNG,,https://monet.1vasiliadi.com/#w690
691,Садовая калитка,The Garden Gate,La Porte du jardin,1881,73 × 60,частная коллекция,,,,,,скан из каталога,https://monet.1vasiliadi.com/img/1600/w691.webp,https://commons.wikimedia.org/wiki/File:Monet_w691.jpg,,https://monet.1vasiliadi.com/#w691
692,Цветы в Ветёе,Flowers at Vetheuil,Fleurs à Vétheuil,1881,60 × 75,частная коллекция,,,Швейцария,Switzerland,,скан из каталога,https://monet.1vasiliadi.com/img/1600/w692.webp,https://commons.wikimedia.org/wiki/File:Monet_w692.jpg,,https://monet.1vasiliadi.com/#w692
693,Цветы в Ветёе,Flowers at Vetheuil,Massif de fleurs à Vétheuil,1881,92 × 73,музей,"Музей изящных искусств, Бостон","Museum of Fine Arts, Boston",США,United States,,цветная фотография,https://monet.1vasiliadi.com/img/1600/w693.webp,https://commons.wikimedia.org/wiki/File:Claude_Monet_-_Flower_Beds_at_V%C3%A9theuil_-_Google_Art_Project.jpg,https://www.wikidata.org/wiki/Q20538895,https://monet.1vasiliadi.com/#w693
694,Гладиолусы,Gladiolus,Glaïeuls,1881,99 × 41,музей,"Художественный музей Пола, Хаконе","Pola Museum of Art, Hakone",Япония,Japan,,скан из каталога,https://monet.1vasiliadi.com/img/1600/w694.webp,https://commons.wikimedia.org/wiki/File:Monet_w694.jpg,https://www.wikidata.org/wiki/Q79790767,https://monet.1vasiliadi.com/#w694
695,Гладиолусы,Gladiolus,Glaïeuls,1881,99 × 41,музей,"Художественный музей Пола, Хаконе","Pola Museum of Art, Hakone",Япония,Japan,,скан из каталога,https://monet.1vasiliadi.com/img/1600/w695.webp,https://commons.wikimedia.org/wiki/File:Monet_w695.jpg,https://www.wikidata.org/wiki/Q79790764,https://monet.1vasiliadi.com/#w695
696,Вид Ветёя,View of Vétheuil,Vue de Vétheuil,1881,65 × 87,музей,"Альбертина, Вена","Albertina, Vienna",Австрия,Austria,,цветная фотография,https://monet.1vasiliadi.com/img/1600/w696.webp,https://commons.wikimedia.org/wiki/File:Monet_-_Blick_auf_V%C3%A9theuil_-_1881.jpeg,https://www.wikidata.org/wiki/Q50818701,https://monet.1vasiliadi.com/#w696
697,Церковь в Ветёе,The Church at Vétheuil,L'église à Vétheuil,1881,58.5 × 72.5,частная коллекция,,,,,Christie's 2018,цветная фотография,https://monet.1vasiliadi.com/img/1600/w697.webp,https://commons.wikimedia.org/wiki/File:L'%C3%A9glise_%C3%A0_V%C3%A9theuil_(1881)_Claude_Monet_(W_697).jpg,https://www.wikidata.org/wiki/Q111039644,https://monet.1vasiliadi.com/#w697
698,Уголок на берегу Сены,A Spot on the Banks of the Seine,"Bords de la Seine, un coin de berge",1881,81 × 60,частная коллекция,,,,,2007,цветная фотография,https://monet.1vasiliadi.com/img/1600/w698.webp,https://commons.wikimedia.org/wiki/File:Monet_-_spot-on-the-banks-of-the-seine.jpg,,https://monet.1vasiliadi.com/#w698
699,Берега Сены близ Ветёя,Banks of the Seine near Vetheuil,Berges de la Seine près de Vétheuil,1881,65 × 81.5,частная коллекция,,,,,2012,цветная фотография,https://monet.1vasiliadi.com/img/1600/w699.webp,https://commons.wikimedia.org/wiki/File:BERGES_DE_LA_SEINE_PR%C3%88S_DE_V%C3%89THEUIL_(1881)_Claude_Monet_(W_699).jpg,,https://monet.1vasiliadi.com/#w699
700,Близ Ветёя,Near Vetheuil,Près de Vétheuil,1881,65 × 81,частная коллекция,,,Япония,Japan,,скан из каталога,https://monet.1vasiliadi.com/img/1600/w700.webp,https://commons.wikimedia.org/wiki/File:Monet_w700_near_vetheuil.jpg,,https://monet.1vasiliadi.com/#w700
701,Рукава Сены в Ветёе,Arms of the Seine at Vetheuil,Bras de la Seine à Vétheuil,1881,60.5 × 99.5,частная коллекция,,,,,,скан из каталога,https://monet.1vasiliadi.com/img/1600/w701.webp,https://commons.wikimedia.org/wiki/File:Monet_-_Wildenstein_1996%2C_701.png,,https://monet.1vasiliadi.com/#w701
702,Сена вечером,Evening Effect of the Seine,Effet du soir sur la Seine,1881,60 × 80,частная коллекция,,,,,,скан из каталога,https://monet.1vasiliadi.com/img/1600/w702.webp,https://commons.wikimedia.org/wiki/File:Monet_w702.jpg,,https://monet.1vasiliadi.com/#w702
703,Река,The River,La rivière,1881,54 × 73,музей,"Собрание Хассо Платтнера, Музей Барберини, Потсдам","Hasso Plattner Collection, Museum Barberini, Potsdam",Германия,Germany,,цветная фотография,https://monet.1vasiliadi.com/img/1600/w703.webp,https://commons.wikimedia.org/wiki/File:MB-Mon-11_Monet_Der-Fluss_1.jpg,https://www.wikidata.org/wiki/Q108479168,https://monet.1vasiliadi.com/#w703
704,Сена в Ветёе,The Seine at Vetheuil,La Seine à Vétheuil,1881,66 × 81,частная коллекция,,,,,,скан из каталога,https://monet.1vasiliadi.com/img/1600/w704.webp,https://commons.wikimedia.org/wiki/File:Monet_w704.jpg,,https://monet.1vasiliadi.com/#w704
705,На лугу (Ветёй),In the Meadow (Vetheuil],Dans la Prairie (Vétheuil),1881,42 × 52,частная коллекция,,,,,,скан из каталога,https://monet.1vasiliadi.com/img/1600/w705.webp,https://commons.wikimedia.org/wiki/File:Monet_-_Wildenstein_1996%2C_705.png,,https://monet.1vasiliadi.com/#w705
706,"Порт Дьепа, вечер","Port of Dieppe, Evening","Port de Dieppe, le soir",1882,69 × 73,музей,"Галерея и сады Диксона, Мемфис","Dixon Gallery and Gardens, Memphis",США,United States,,скан из каталога,https://monet.1vasiliadi.com/img/1600/w706.webp,https://commons.wikimedia.org/wiki/File:Monet_w706.jpg,https://www.wikidata.org/wiki/Q74454113,https://monet.1vasiliadi.com/#w706
707,Дьеп,Dieppe,Dieppe dit aussi : La Ville de Dieppe,1882,60 × 73,музей,"Музей изящных искусств, Тур","Musée des Beaux-Arts de Tours, Tours",Франция,France,,скан из каталога,https://monet.1vasiliadi.com/img/1600/w707.webp,https://commons.wikimedia.org/wiki/File:Monet_w707.jpg,,https://monet.1vasiliadi.com/#w707
708,Скала близ Дьепа,Cliff near Dieppe,Falaise près de Dieppe,1882,58.5 × 78.7,частная коллекция,,,,,,скан из каталога,https://monet.1vasiliadi.com/img/1600/w708.webp,https://commons.wikimedia.org/wiki/File:Monet_w708.jpg,,https://monet.1vasiliadi.com/#w708
709,"Лодки на пляже в Пурвиле, отлив","Boats on the Beach at Pourville, Low Tide","Barques sur la plage de Pourville, marée basse",1882,60.5 × 79.5,музей,"Музей Кригера, Вашингтон","Kreeger Museum, Washington D.C.",США,United States,,скан из каталога,https://monet.1vasiliadi.com/img/1600/w709.webp,https://commons.wikimedia.org/wiki/File:Monet_-_Wildenstein_1996%2C_709.png,https://www.wikidata.org/wiki/Q68041436,https://monet.1vasiliadi.com/#w709
710,Пляж и скалы в Пурвиле,Beach and Cliffs at Pourville,Plage et falaises de Pourville,1882,60 × 73,частная коллекция,,,Нидерланды,Netherlands,,скан из каталога,https://monet.1vasiliadi.com/img/1600/w710.webp,https://commons.wikimedia.org/wiki/File:Monet_-_Wildenstein_1996%2C_710.png,,https://monet.1vasiliadi.com/#w710
711,Туманное утро в Пурвиле,Foggy Morning at Pourville,"Le Matin, temps brumeux, Pourville",1882,60 × 73,музей,Художественный музей Бирмингема,Birmingham Museum of Art,США,United States,,цветная фотография,https://monet.1vasiliadi.com/img/1600/w711.webp,https://commons.wikimedia.org/wiki/File:Le_Matin_temps_brumeux_Pourville_(1882)_Claude_Monet_-_Birmingham_Museum_of_Art_(W_711).jpg,https://www.wikidata.org/wiki/Q18545708,https://monet.1vasiliadi.com/#w711
712,Отлив в Пурвиле,Low Tide at Pourville,Marée basse à Pourville,1882,60 × 81,частная коллекция,,,,,,скан из каталога,https://monet.1vasiliadi.com/img/1600/w712.webp,https://commons.wikimedia.org/wiki/File:Monet_w712_low_tide_at_pourville.jpg,,https://monet.1vasiliadi.com/#w712
713,Морской пейзаж. Пурвиль,"Seascape, Pourville","Marine, Pourville",1882,50 × 61,частная коллекция,,,,,,скан из каталога,https://monet.1vasiliadi.com/img/1600/w713.webp,https://commons.wikimedia.org/wiki/File:Monet_-_Wildenstein_1996%2C_713.png,,https://monet.1vasiliadi.com/#w713
714,Рыбацкие лодки у Пурвиля,Fishing boats off Pourville,Bateaux de pêche au large de Pourville,1882,54 × 65,частная коллекция,,,,,"Christie's, New York, 1996",скан из каталога,https://monet.1vasiliadi.com/img/1600/w714.webp,https://commons.wikimedia.org/wiki/File:Monet_w714.jpg,,https://monet.1vasiliadi.com/#w714
715,Рыбацкие лодки в Пурвиле,Fishing Boats at Pourville,Bateaux de pêche à Pourville,1882,57 × 71,частная коллекция,,,,,,скан из каталога,https://monet.1vasiliadi.com/img/1600/w715.webp,https://commons.wikimedia.org/wiki/File:Monet_-_Wildenstein_1996%2C_715.png,,https://monet.1vasiliadi.com/#w715
716,Отлив в Пурвиле,Low Tide at Pourville,Marée basse devant Pourville,1882,60 × 81,музей,Художественный музей Кливленда,Cleveland Museum of Art,США,United States,,цветная фотография,https://monet.1vasiliadi.com/img/1600/w716.webp,https://commons.wikimedia.org/wiki/File:Low_Tide_at_Pourville%2C_by_Claude_Monet%2C_Cleveland_Museum_of_Art%2C_1947.196.jpg,https://www.wikidata.org/wiki/Q60515388,https://monet.1vasiliadi.com/#w716
717,Пурвиль близ Дьепа,"Pourville, near Dieppe",Pourville près Dieppe,1882,60 × 81,частная коллекция,,,,,,скан из каталога,https://monet.1vasiliadi.com/img/1600/w717.webp,https://commons.wikimedia.org/wiki/File:Monet_w717.jpg,,https://monet.1vasiliadi.com/#w717
718,Бурное море в Пурвиле,Rough Sea at Pourville,Mer agitée à Pourville,1882,60 × 73,частная коллекция,,,,,,скан из каталога,https://monet.1vasiliadi.com/img/1600/w718.webp,https://commons.wikimedia.org/wiki/File:Monet_w718.jpg,https://www.wikidata.org/wiki/Q131841251,https://monet.1vasiliadi.com/#w718
719,Скала близ Дьепа,Cliff near Dieppe,Falaises près de Dieppe,1882,60 × 81,музей,"Музей искусств Карнеги, Питтсбург","Carnegie Museum of Art, Pittsburgh",США,United States,,цветная фотография,https://monet.1vasiliadi.com/img/1600/w719.webp,https://commons.wikimedia.org/wiki/File:Monet_-_Cliffs_near_Dieppe%2C_1882.jpg,https://www.wikidata.org/wiki/Q42882621,https://monet.1vasiliadi.com/#w719
720,"Скалы, пасмурная погода","Cliffs, Grey Weather","Falaises, temps gris",1882,54 × 73,частная коллекция,,,,,,скан из каталога,https://monet.1vasiliadi.com/img/1600/w720.webp,https://commons.wikimedia.org/wiki/File:Monet_w720.jpg,,https://monet.1vasiliadi.com/#w720
721,Скалы в Пурвиле в тумане,Cliffs at Pourville in the Fog,Falaises à Pourville,1882,60 × 73,частная коллекция,,,,,"Christie's, London, 1978",скан из каталога,https://monet.1vasiliadi.com/img/1600/w721.webp,https://commons.wikimedia.org/wiki/File:Monet_w721.jpg,,https://monet.1vasiliadi.com/#w721
722,Отлив в Варанжвиле,Low Tide at Varengeville,Marée basse devant Varengeville,1882,60 × 81,музей,"Музей Тиссена-Борнемисы, Мадрид","Thyssen-Bornemisza Museum, Madrid",Испания,Spain,,цветная фотография,https://monet.1vasiliadi.com/img/1600/w722.webp,https://commons.wikimedia.org/wiki/File:Claude_Monet_img_568.jpg,https://www.wikidata.org/wiki/Q21712146,https://monet.1vasiliadi.com/#w722
723,Варанжвиль. Отлив,"Varengeville, Low Tide","Varengeville, marée basse",1882,60 × 70,музей,Художественный музей Винтертура,Winterthur Museum of Art,Швейцария,Switzerland,,цветная фотография,https://monet.1vasiliadi.com/img/1600/w723.webp,https://commons.wikimedia.org/wiki/File:Monet_-_Varengeville%2C_Ebbe.jpeg,https://www.wikidata.org/wiki/Q50818932,https://monet.1vasiliadi.com/#w723
724,Туман близ Дьепа,The Effect of Fog near Dieppe,Effet de brouillard près de Dieppe,1882,60 × 81,частная коллекция,,,,,"Sotheby's, New York, 1990",скан из каталога,https://monet.1vasiliadi.com/img/1600/w724.webp,https://commons.wikimedia.org/wiki/File:Monet_w724.jpg,,https://monet.1vasiliadi.com/#w724
725,Церковь в Варанжвиле в пасмурную погоду,"The Church at Varengeville, Grey Weather","Église de Varengeville, temps gris",1882,65 × 81,музей,"Художественный музей Спид, Луисвилл","Speed Art Museum, Louisville",США,United States,,цветная фотография,https://monet.1vasiliadi.com/img/1600/w725.webp,https://commons.wikimedia.org/wiki/File:Claude_Monet_-_The_Church_at_Varengeville%2C_Grey_Weather_(1882).jpg,https://www.wikidata.org/wiki/Q50819565,https://monet.1vasiliadi.com/#w725
726,Церковь в Варанжвиле. Закат,"The Church at Varengeville, Sunset","Église de Varengeville, soleil couchant",1882,65 × 81,частная коллекция,,,Франция,France,,цветная фотография,https://monet.1vasiliadi.com/img/1600/w726.webp,https://commons.wikimedia.org/wiki/File:Claude_Monet_-_L'%C3%89glise_de_Varengeville%2C_soleil_couchant_(1882).jpg,,https://monet.1vasiliadi.com/#w726
727,Церковь в Варанжвиле на фоне заката,"The Church at Varengeville, against the Sunset",L'église de Varengeville à contre-jour,1882,65 × 81,музей,"Институт изящных искусств Барбера, Бирмингем","Barber Institute of Fine Arts, Birmingham",Великобритания,United Kingdom,,цветная фотография,https://monet.1vasiliadi.com/img/1600/w727.webp,https://commons.wikimedia.org/wiki/File:The_Church_at_Varengeville_by_Claude_Monet%2C_1882%2C_Barber_Institute_of_Fine_Arts_01.jpg,https://www.wikidata.org/wiki/Q67184553,https://monet.1vasiliadi.com/#w727
728,Церковь в Варанжвиле и ущелье Ле-Мутье,The Church at Varengeville and the Gorge of Les Moutiers,L'Église de Varengeville et la gorge de Moutiers,1882,60 × 81,музей,Художественный музей Колумбуса,Columbus Museum of Art,США,United States,,цветная фотография,https://monet.1vasiliadi.com/img/1600/w728.webp,https://commons.wikimedia.org/wiki/File:The_Church_of_Varengeville_and_the_Gorge_of_Moutiers_Pass_by_Claude_Monet.JPG,https://www.wikidata.org/wiki/Q50532792,https://monet.1vasiliadi.com/#w728
729,Побережье в Варанжвиле,The Coast of Varengeville,La Côte de Varengeville,1882,65 × 81,частная коллекция,,,,,2014,скан из каталога,https://monet.1vasiliadi.com/img/1600/w729.webp,https://commons.wikimedia.org/wiki/File:Monet_w729.jpg,,https://monet.1vasiliadi.com/#w729
730,Ущелье в Варанжвиле,The Gorge at Varengeville,,1882,65 × 81,музей,"Дворец Почётного легиона, Сан-Франциско","Legion of Honor, San Francisco",США,United States,,цветная фотография,https://monet.1vasiliadi.com/img/1600/w730.webp,https://commons.wikimedia.org/wiki/File:The_Gorge_at_Varengeville_by_Claude_Monet%2C_1882.JPG,https://www.wikidata.org/wiki/Q50819571,https://monet.1vasiliadi.com/#w730
731,Таможня. Утро,"The Customs House, Morning Effect",,1882,60 × 81,музей,"Метрополитен-музей, Нью-Йорк","Metropolitan Museum of Art, New York",США,United States,,цветная фотография,https://monet.1vasiliadi.com/img/1600/w731.webp,https://commons.wikimedia.org/wiki/File:Cabin_of_the_Customs_Watch_MET_DT1905.jpg,https://www.wikidata.org/wiki/Q19914259,https://monet.1vasiliadi.com/#w731
732,Рыбацкий домик в Варанжвиле,Fisherman's Cottage at Varengeville,"La maison du pêcheur, Varengeville",1882,60 × 78,музей,"Музей Бойманса — ван Бёнингена, Роттердам","Museum Boijmans Van Beuningen, Rotterdam",Нидерланды,Netherlands,,цветная фотография,https://monet.1vasiliadi.com/img/1600/w732.webp,https://commons.wikimedia.org/wiki/File:Claude_Monet_029.jpg,https://www.wikidata.org/wiki/Q19925565,https://monet.1vasiliadi.com/#w732
733,Домик таможенника,Custom Officer's Cabin,Cabane des douaniers,1882,60 × 71,музей,Музей Ньюарка,Newark Museum,США,United States,,скан из каталога,https://monet.1vasiliadi.com/img/1600/w733.webp,https://commons.wikimedia.org/wiki/File:Monet_w733.jpg,https://www.wikidata.org/wiki/Q91027619,https://monet.1vasiliadi.com/#w733
734,Дом рыбака в Варанжвиле в облачную погоду,"The Fisherman's House at Varengeville, cloudy weather","La Maison du pêcheur, temps couvert",1882,60 × 73,частная коллекция,,,,,,цветная фотография,https://monet.1vasiliadi.com/img/1600/w734.webp,https://commons.wikimedia.org/wiki/File:Claude_Monet_-_La_Cabane_des_Douaniers_a_Pourville_(1882).jpg,https://www.wikidata.org/wiki/Q3656735,https://monet.1vasiliadi.com/#w734
735,Таможенный пост в Дьепе,Custom's Post at Dieppe,,1882,58.4 × 69.8,музей,"Метрополитен-музей, Нью-Йорк","Metropolitan Museum of Art, New York",США,United States,,скан из каталога,https://monet.1vasiliadi.com/img/1600/w735.webp,https://commons.wikimedia.org/wiki/File:Monet_w735.jpg,,https://monet.1vasiliadi.com/#w735
736,"Домик таможенника, утро","Custom's House, Morning Effect",,1882,54 × 65,частная коллекция,,,,,,скан из каталога,https://monet.1vasiliadi.com/img/1600/w736.webp,https://commons.wikimedia.org/wiki/File:Monet_w736.jpg,,https://monet.1vasiliadi.com/#w736
737,"Домик таможенника, после полудня",Customs House. Afternoon Effect,La Cabane des douaniers. Effet d'après-midi,1882,58 × 81,музей,"Музей Орсе, Париж","Musée d'Orsay, Paris",Франция,France,,цветная фотография,https://monet.1vasiliadi.com/img/1600/w737.webp,https://commons.wikimedia.org/wiki/File:Claude_Monet%2C_Cabane_des_douaniers_(1882)_%C2%A9Alban_Gilbert.jpg,https://www.wikidata.org/wiki/Q17491869,https://monet.1vasiliadi.com/#w737
738,"Домик таможенника, бурное море","Custom's House, Rough Sea",,1882,58 × 81,частная коллекция,,,,,,скан из каталога,https://monet.1vasiliadi.com/img/1600/w738.webp,https://commons.wikimedia.org/wiki/File:Monet_w738.jpg,,https://monet.1vasiliadi.com/#w738
739,"Дом таможенника, Варанжвиль","House of the Customs Officer, Varengeville",,1882,62 × 76,музей,"Музей Фогга, Кембридж (Массачусетс)","Fogg Museum, Cambridge",США,United States,,цветная фотография,https://monet.1vasiliadi.com/img/1600/w739.webp,https://commons.wikimedia.org/wiki/File:Monet_-_House_of_the_Customs_Officer%2C_Varengeville%2C_1882.jpg,https://www.wikidata.org/wiki/Q70781259,https://monet.1vasiliadi.com/#w739
740,Прилив в Пурвиле,Rising Tide in Pourville,,1882,65 × 81,музей,"Бруклинский музей, Нью-Йорк","Brooklyn Museum, New York",США,United States,,цветная фотография,https://monet.1vasiliadi.com/img/1600/w740.webp,https://commons.wikimedia.org/wiki/File:Monet_-_Rising_Tide_at_Pourville_(Mar%C3%A9e_montante_%C3%A0_Pourville)%2C_1882.jpg,https://www.wikidata.org/wiki/Q104772156,https://monet.1vasiliadi.com/#w740
741,Рыбацкий домик в Пти-Айи,Fisherman's House at Petit Ailly,,1882,65 × 81,частная коллекция,,,Германия,Germany,,скан из каталога,https://monet.1vasiliadi.com/img/1600/w741.webp,https://commons.wikimedia.org/wiki/File:Monet_-_Wildenstein_1996%2C_741.png,,https://monet.1vasiliadi.com/#w741
742,Таможня в Пурвиле,The Customs House at Pourville,,1882,60 × 73,частная коллекция,,,,,,скан из каталога,https://monet.1vasiliadi.com/img/1600/w742.webp,https://commons.wikimedia.org/wiki/File:Monet_-_Wildenstein_1996%2C_742.png,,https://monet.1vasiliadi.com/#w742
743,Домик таможенника,Customs House,Poste de douaniers,1882,60 × 81,музей,Художественный музей Филадельфии,Philadelphia Museum of Art,США,United States,,цветная фотография,https://monet.1vasiliadi.com/img/1600/w743.webp,https://commons.wikimedia.org/wiki/File:Monet_-_The_Customs_House%2C_Varengeville%2C_1882.jpg,https://www.wikidata.org/wiki/Q20809467,https://monet.1vasiliadi.com/#w743
744,Портрет папаши Поля,"The Chef, Pere Paul",Le Chef Père Paul,1882,64 × 51,музей,Австрийская галерея Бельведер,Österreichische Galerie Belvedere,Австрия,Austria,,цветная фотография,https://monet.1vasiliadi.com/img/1600/w744.webp,https://commons.wikimedia.org/wiki/File:Claude_Monet_-_Der_Koch_(Le_P%C3%A8re_Paul)_-_540_-_%C3%96sterreichische_Galerie_Belvedere.jpg,https://www.wikidata.org/wiki/Q27665416,https://monet.1vasiliadi.com/#w744
745,Эжени Графф (мадам Поль),Eugenie Graff (Madame Paul),Eugénie Graff (Madame Paul),1882,65 × 54,музей,"Музей Фогга, Кембридж (Массачусетс)","Fogg Museum, Cambridge",США,United States,,цветная фотография,https://monet.1vasiliadi.com/img/1600/w745.webp,https://commons.wikimedia.org/wiki/File:Monet_-_Eug%C3%A9nie_Graff_(Madame_Paul)%2C_1882.jpg,https://www.wikidata.org/wiki/Q70781263,https://monet.1vasiliadi.com/#w745
745a,Голова собаки,Head of the Dog,"Tête de chien griffon, ""Follette""",1882,36 × 29,частная коллекция,,,,,,скан из каталога,https://monet.1vasiliadi.com/img/1600/w745a.webp,https://commons.wikimedia.org/wiki/File:Monet_w745a.jpg,,https://monet.1vasiliadi.com/#w745a
746,Галеты,The Galettes,Les galettes,1882,65 × 81,частная коллекция,,,,,,цветная фотография,https://monet.1vasiliadi.com/img/1600/w746.webp,https://commons.wikimedia.org/wiki/File:Claude_Monet_-_Les_Galettes.jpg,https://www.wikidata.org/wiki/Q66566272,https://monet.1vasiliadi.com/#w746
747,Липы в Пуасси,The Lime Trees at Poissy,Les Tilleuls à Poissy,1882,81 × 65,частная коллекция,,,,,2008,цветная фотография,https://monet.1vasiliadi.com/img/1600/w747.webp,https://commons.wikimedia.org/wiki/File:Les_Tilleuls_%C3%A0_Poissy.png,https://www.wikidata.org/wiki/Q3235752,https://monet.1vasiliadi.com/#w747
748,Рыбаки в Пуасси,Anglers on the Seine at Poissy,Les Pêcheurs de Poissy,1882,60 × 81,музей,Австрийская галерея Бельведер,Österreichische Galerie Belvedere,Австрия,Austria,,цветная фотография,https://monet.1vasiliadi.com/img/1600/w748.webp,https://commons.wikimedia.org/wiki/File:Claude_Monet_021.jpg,https://www.wikidata.org/wiki/Q3234987,https://monet.1vasiliadi.com/#w748
749,Два рыболова,Two Anglers,Les Deux Pêcheurs,1882,38 × 52,частная коллекция,,,США,United States,,цветная фотография,https://monet.1vasiliadi.com/img/1600/w749.webp,https://commons.wikimedia.org/wiki/File:Claude_Monet_Les_Deux_P%C3%AAcheurs_(W_749).jpg,,https://monet.1vasiliadi.com/#w749
750,Подлесок в лесу Сен-Жермен,Undergrowth in the Forest of Saint-Germain,Sous-bois dans la forêt de Saint-Germain,1882,81 × 65,музей,"Художественный музей Ямагаты, Ямагата","Yamagata Museum of Art, Yamagata",Япония,Japan,,цветная фотография,https://monet.1vasiliadi.com/img/1600/w750.webp,https://commons.wikimedia.org/wiki/File:Sous-bois_dans_la_for%C3%AAt_de_Saint-Germain_by_Monet_(Yamagata_Museum_of_Art).jpg,https://www.wikidata.org/wiki/Q95911185,https://monet.1vasiliadi.com/#w750
751,Край скал в Пурвиле,Edge of the Cliffs at Pourville,Bord des falaises à Pourville,1882,61 × 100,частная коллекция,,,,,,скан из каталога,https://monet.1vasiliadi.com/img/1600/w751.webp,https://commons.wikimedia.org/wiki/File:Monet_w751.jpg,https://www.wikidata.org/wiki/Q115170999,https://monet.1vasiliadi.com/#w751
752,Край скалы в Пурвиле,Edge of the Cliff at Pourville,Bord de la falaise à Pourville,1882,60 × 81,музей,"Собрание Хассо Платтнера, Музей Барберини, Потсдам","Hasso Plattner Collection, Museum Barberini, Potsdam",Германия,Germany,,цветная фотография,https://monet.1vasiliadi.com/img/1600/w752.webp,https://commons.wikimedia.org/wiki/File:Barberini_August_2023-Claude_Monet_-_Kante_der_Steilk%C3%BCste_bei_Pourville%2C_1882_-_Sammlung_Hasso_Plattner.jpg,https://www.wikidata.org/wiki/Q108479169,https://monet.1vasiliadi.com/#w752
753,Тропа среди пшеницы в Пурвиле,Path in the Wheat in Pourville,Chemin dans les blés à Pourville,1882,58.2 × 78,музей,"Художественный музей Денвера, Денвер","Denver Art Museum, Denver",США,United States,,цветная фотография,https://monet.1vasiliadi.com/img/1600/w753.webp,https://commons.wikimedia.org/wiki/File:Claude_Monet_-_Chemin_dans_les_bl%C3%A9s_%C3%A0_Pourville_(1882).jpg,https://www.wikidata.org/wiki/Q50819933,https://monet.1vasiliadi.com/#w753
754,Скала в Пурвиле,Cliff at Pourville,Sur la Falaise à Dieppe,1882,60 × 100,музей,"Национальная галерея искусства, Вашингтон","National Gallery of Art, Washington D.C.",США,United States,,цветная фотография,https://monet.1vasiliadi.com/img/1600/w754.webp,https://www.nga.gov/collection/art-object-page.66425.html,https://www.wikidata.org/wiki/Q20189481,https://monet.1vasiliadi.com/#w754
755,Вид на море,View over the Sea,Vue sur la mer,1882,65 × 81,музей,"Национальный музей, Стокгольм","Nationalmuseum, Stockholm",Швеция,Sweden,,цветная фотография,https://monet.1vasiliadi.com/img/1600/w755.webp,https://commons.wikimedia.org/wiki/File:View_over_the_Sea_(Claude_Monet)_-_Nationalmuseum_-_19182.tif,https://www.wikidata.org/wiki/Q18599157,https://monet.1vasiliadi.com/#w755
756,"На скале в Пурвиле, ясная погода",On the Cliff at Pourville Clear Weather,"Sur la falaise de Pourville, temps clair",1882,65 × 81,музей,"Музей современного искусства (МоМА), Нью-Йорк","Museum of Modern Art, New York",США,United States,,цветная фотография,https://monet.1vasiliadi.com/img/1600/w756.webp,https://commons.wikimedia.org/wiki/File:Claude_Monet_-_On_the_Cliff_at_Pourville%2C_Clear_Weather%2C_1882.jpg,https://www.wikidata.org/wiki/Q19883415,https://monet.1vasiliadi.com/#w756
757,Край скалы в Пурвиле,Edges of the cliff at Pourville,Bord ded falaised de Pourville,1882,60 × 73,музей,"Государственная галерея Штутгарта, Штутгарт","Staatsgalerie Stuttgart, Stuttgart",Германия,Germany,,цветная фотография,https://monet.1vasiliadi.com/img/1600/w757.webp,https://commons.wikimedia.org/wiki/File:%22Rand_der_Steilk%C3%BCste_bei_Pourville%22_(1882)_von_Claude_Monet_-_Staatsgalerie_Stuttgart.jpg,,https://monet.1vasiliadi.com/#w757
758,Прогулка к утёсу в Пурвиле,"The Cliff Walk, Pourville","Promenade sur la falaise, Pourville",1882,65 × 81,музей,Чикагский институт искусств,Art Institute of Chicago,США,United States,,цветная фотография,https://monet.1vasiliadi.com/img/1600/w758.webp,https://www.artic.edu/artworks/81537,https://www.wikidata.org/wiki/Q7723379,https://monet.1vasiliadi.com/#w758
759,Скала в Дьепе,The Cliff at Dieppe,La Falaise à Dieppe,1882,65 × 81,музей,"Кунстхаус, Цюрих","Kunsthaus Zürich, Zurich",Швейцария,Switzerland,,скан из каталога,https://monet.1vasiliadi.com/img/1600/w759.webp,https://commons.wikimedia.org/wiki/File:Monet_w759.jpg,https://www.wikidata.org/wiki/Q124252683,https://monet.1vasiliadi.com/#w759
760,Тропа в Ла-Каве в Пурвиле,Path at La Cavée at Pourville,Le Chemin de la Cavée à Pourville,1882,73 × 60,частная коллекция,,,Франция,France,,скан из каталога,https://monet.1vasiliadi.com/img/1600/w760.webp,https://commons.wikimedia.org/wiki/File:Monet_w760.jpg,,https://monet.1vasiliadi.com/#w760
761,Тропа в Пурвиле,Path at Pourville,Chemin creux à Pourville,1882,73 × 60,частная коллекция,,,,,"Sotheby's, New York, 1984",скан из каталога,https://monet.1vasiliadi.com/img/1600/w761.webp,https://commons.wikimedia.org/wiki/File:Monet_w761.jpg,,https://monet.1vasiliadi.com/#w761
762,Дорога в Ла-Каве. Пурвиль,"The Path at La Cavee, Pourville","Le Chemin de La Cavée, Pourville",1882,60 × 81,музей,"Музей изящных искусств, Бостон","Museum of Fine Arts, Boston",США,United States,,цветная фотография,https://monet.1vasiliadi.com/img/1600/w762.webp,https://commons.wikimedia.org/wiki/File:Claude_Monet_-_Road_at_La_Cav%C3%A9e%2C_Pourville_-_Google_Art_Project.jpg,https://www.wikidata.org/wiki/Q20538835,https://monet.1vasiliadi.com/#w762
763,Тропинка,The Path,Le Chemin creux,1882,60 × 73,частная коллекция,,,,,2017,скан из каталога,https://monet.1vasiliadi.com/img/1600/w763.webp,https://commons.wikimedia.org/wiki/File:Monet_w_763_the_path.jpg,,https://monet.1vasiliadi.com/#w763
764,Пурвиль,Pourville,,1882,54 × 65,частная коллекция,,,,,2011,скан из каталога,https://monet.1vasiliadi.com/img/1600/w764.webp,https://commons.wikimedia.org/wiki/File:Monet_w764.jpg,,https://monet.1vasiliadi.com/#w764
765,Долина Си в Пурвиле,The Valley of the Scie at Pourville,"Vallée de la Cavée, Pourville",1882,60 × 81,частная коллекция,,,,,,скан из каталога,https://monet.1vasiliadi.com/img/1600/w765.webp,https://commons.wikimedia.org/wiki/File:Monet_w765.jpg,,https://monet.1vasiliadi.com/#w765
766,"Река в Пурвиле, отлив","The River at Pourville, Low Tide","Rivière de Pourville, marée basse",1882,65 × 81,частная коллекция,,,США,United States,2007,скан из каталога,https://monet.1vasiliadi.com/img/1600/w766.webp,https://commons.wikimedia.org/wiki/File:Monet_-_Wildenstein_1996%2C_766.png,,https://monet.1vasiliadi.com/#w766
767,Скалы в Пурвиле. Отлив,"The Rocks at Pourville, Low Tide","Les Rochers à Pourville, marée basse.",1882,64.3 × 78.7,музей,"Мемориальная художественная галерея, Рочестер","Memorial Art Gallery, Rochester",США,United States,,цветная фотография,https://monet.1vasiliadi.com/img/1600/w767.webp,https://commons.wikimedia.org/wiki/File:Monet_-_The_Rocks_at_Pourville%2C_Low_Tide%2C_1882.jpg,https://www.wikidata.org/wiki/Q89373137,https://monet.1vasiliadi.com/#w767
768,Рыбацкие сети в Пурвиле,Fishing Nets at Pourville,Les Filets à Pourville,1882,60 × 81,музей,Художественный музей Гааги,Kunstmuseum Den Haag,Нидерланды,Netherlands,,цветная фотография,https://monet.1vasiliadi.com/img/1600/w768.webp,https://commons.wikimedia.org/wiki/File:Claude_Monet_-_Fishing_nets_at_Pourville_-_Google_Art_Project.jpg,https://www.wikidata.org/wiki/Q24046541,https://monet.1vasiliadi.com/#w768
769,Рыбацкие сети в Пурвиле,Fishing Nets at Pourville,Les Filets à Pourville,1882,60 × 73,частная коллекция,,,США,United States,,скан из каталога,https://monet.1vasiliadi.com/img/1600/w769.webp,https://commons.wikimedia.org/wiki/File:Monet_w_769_fishing_nets_at_pourville.jpg,,https://monet.1vasiliadi.com/#w769
770,Парк в Пурвиле,A Park at Pourville,Un Parc à Pourville,1882,65 × 81,частная коллекция,,,Швейцария,Switzerland,,скан из каталога,https://monet.1vasiliadi.com/img/1600/w770.webp,https://commons.wikimedia.org/wiki/File:Monet_-_Wildenstein_1996%2C_770.png,,https://monet.1vasiliadi.com/#w770
771,Закат в Пурвиле. Открытое море,"Sunset at Pourville, Open Sea","Coucher de soleil à Pourville, pleine mer",1882,54 × 73,частная коллекция,,,,,2013,скан из каталога,https://monet.1vasiliadi.com/img/1600/w771.webp,https://commons.wikimedia.org/wiki/File:Monet_w771.jpg,,https://monet.1vasiliadi.com/#w771
772,Марина близ Этрета,Marine near Étretat,Marine près d'Étretat,1882,54 × 73,музей,Художественный музей Филадельфии,Philadelphia Museum of Art,США,United States,,цветная фотография,https://monet.1vasiliadi.com/img/1600/w772.webp,https://commons.wikimedia.org/wiki/File:Marine_near_%C3%89tretat.JPG,https://www.wikidata.org/wiki/Q20809472,https://monet.1vasiliadi.com/#w772
773,Море в Пурвиле,The Sea at Pourville,La Mer devant Pourville,1882,54 × 65,частная коллекция,,,,,,скан из каталога,https://monet.1vasiliadi.com/img/1600/w773.webp,https://commons.wikimedia.org/wiki/File:Monet_-_Wildenstein_1996%2C_773.png,,https://monet.1vasiliadi.com/#w773
774,Марина,Marine,,1882,54 × 65,частная коллекция,,,Люксембург,Luxembourg,2023,скан из каталога,https://monet.1vasiliadi.com/img/1600/w774.webp,https://commons.wikimedia.org/wiki/File:Monet_w_774_seascape.jpg,,https://monet.1vasiliadi.com/#w774
775,Морской пейзаж в Пурвиле,Seascape at Pourville,Marine à Pourville,1882,60 × 100,музей,Художественный музей Колумбуса,Columbus Museum of Art,США,United States,,цветная фотография,https://monet.1vasiliadi.com/img/1600/w775.webp,https://commons.wikimedia.org/wiki/File:Seascape_at_Pourville_by_Claude_Monet%2C_Columbus_Museum_of_Art_.jpg,https://www.wikidata.org/wiki/Q50532788,https://monet.1vasiliadi.com/#w775
776,Отлив в Пурвиле,Low Tide at Pourville,Marée basse à Pourville,1882,65 × 100,частная коллекция,,,Швейцария,Switzerland,,скан из каталога,https://monet.1vasiliadi.com/img/1600/w776.webp,https://commons.wikimedia.org/wiki/File:Monet_w776.jpg,https://www.wikidata.org/wiki/Q138881181,https://monet.1vasiliadi.com/#w776
776a,Отлив в Пурвиле,Low Tide at Pourville,Marée basse à Pourville,1882,65 × 100,частная коллекция,,,,,,скан из каталога,https://monet.1vasiliadi.com/img/1600/w776a.webp,https://commons.wikimedia.org/wiki/File:Monet_-_Wildenstein_1996%2C_776a.png,,https://monet.1vasiliadi.com/#w776a
777,Пляж в Пурвиле. Закат,"The Beach at Pourville, Sunset","La plage à Pourville, soleil couchant",1882,60 × 73,музей,"Музей Мармоттан, Париж","Musée Marmottan, Paris",Франция,France,,скан из каталога,https://monet.1vasiliadi.com/img/1600/w777.webp,https://commons.wikimedia.org/wiki/File:Monet_w777.jpg,https://www.wikidata.org/wiki/Q105099568,https://monet.1vasiliadi.com/#w777
778,"Мыс Айи, отлив","L'Ally Point, Low Tide","Pointe de l'Ailly, marée basse",1882,60 × 100,частная коллекция,,,,,,скан из каталога,https://monet.1vasiliadi.com/img/1600/w778.webp,https://commons.wikimedia.org/wiki/File:Monet_w778.jpg,https://www.wikidata.org/wiki/Q132151459,https://monet.1vasiliadi.com/#w778
778a,Скалы в Пурвиле,The Cliffs at Pourville,Les Falaises à Pourville,1882,46 × 61,частная коллекция,,,,,"Sotheby's, London, 1986",скан из каталога,https://monet.1vasiliadi.com/img/1600/w778a.webp,https://commons.wikimedia.org/wiki/File:Monet_w778a.jpg,,https://monet.1vasiliadi.com/#w778a
779,"Отлив в Пурвиле, туманная погода","Low Tide at Pourville, Misty Weather","Marée basse à Pourville, temps brumeux",1882,60 × 81,частная коллекция,,,,,,скан из каталога,https://monet.1vasiliadi.com/img/1600/w779.webp,https://commons.wikimedia.org/wiki/File:Monet_w779.jpg,,https://monet.1vasiliadi.com/#w779
780,Пляж в Пурвиле,The Beach at Pourville,La Plage de Pourville,1882,60 × 81,уничтожена,,,,,,скан из каталога,https://monet.1vasiliadi.com/img/1600/w780.webp,https://commons.wikimedia.org/wiki/File:Monet_-_Wildenstein_1996%2C_780.png,,https://monet.1vasiliadi.com/#w780
781,Закат в Пурвиле,Sunset at Pourville,Coucher de soleil à Pourville,1882,60 × 81,музей,"Музей Кригера, Вашингтон","Kreeger Museum, Washington D.C.",США,United States,,скан из каталога,https://monet.1vasiliadi.com/img/1600/w781.webp,https://commons.wikimedia.org/wiki/File:Monet_w781.jpg,https://www.wikidata.org/wiki/Q68041438,https://monet.1vasiliadi.com/#w781
782,Закат в туманную погоду. Пурвиль,"Soleil couchant, temps brumeux, Pourville",,1882,60 × 73,частная коллекция,,,,,2022,цветная фотография,https://monet.1vasiliadi.com/img/1600/w782.webp,https://commons.wikimedia.org/wiki/File:'Soleil_couchant%2C_temp_brumeux%2C_Pourville'_by_Claude_Monet%2C_1882._Oil_on_canvas.jpg,https://www.wikidata.org/wiki/Q104696638,https://monet.1vasiliadi.com/#w782
783,Парусники в море. Пурвиль,"Sailboats at Sea, Pourville",Bateaux devant les falaises de Pourville,1882,60 × 81,частная коллекция,,,,,2012,цветная фотография,https://monet.1vasiliadi.com/img/1600/w783.webp,https://commons.wikimedia.org/wiki/File:Bateaux_devant_les_falaises_de_Pourville_(1882)_Claude_Monet_(W783).jpg,,https://monet.1vasiliadi.com/#w783
784,Парусники в море. Пурвиль,"Sailboats at Sea, Pourville","Voiliers en mer, Pourville",1882,18 × 38,частная коллекция,,,,,,скан из каталога,https://monet.1vasiliadi.com/img/1600/w784.webp,https://commons.wikimedia.org/wiki/File:Monet_w784.jpg,,https://monet.1vasiliadi.com/#w784
785,Скалы и парусники в Пурвиле,Cliffs and Sailboats at Pourville,Falaises et voiliers à Pourville,1882,54 × 81,частная коллекция,,,,,,скан из каталога,https://monet.1vasiliadi.com/img/1600/w785.webp,https://commons.wikimedia.org/wiki/File:Monet_w785.jpg,,https://monet.1vasiliadi.com/#w785
786,Рыбацкие лодки у пляжа и скал Пурвиля,Fishing Boats by the Beach and the Cliffs of Pourville,Barques de pêche devant la plage et les falaises de Pourville,1882,60 × 81,частная коллекция,,,,,,скан из каталога,https://monet.1vasiliadi.com/img/1600/w786.webp,https://commons.wikimedia.org/wiki/File:Monet_w786.jpg,https://www.wikidata.org/wiki/Q97015276,https://monet.1vasiliadi.com/#w786
787,"Пляж и скалы в Пурвиле, утро","Beach and Cliffs at Pourville, Morning Effect",Bord de mer et falaises de Pourville le matin,1882,60 × 73,музей,"Художественный музей Фудзи, Токио",Tokyo Fuji Art Museum,Япония,Japan,,цветная фотография,https://monet.1vasiliadi.com/img/1600/w787.webp,https://commons.wikimedia.org/wiki/File:Claude_Monet_-_Bord_de_mer_et_falaises_de_Pourville_le_matin_(1882).jpg,https://www.wikidata.org/wiki/Q79889776,https://monet.1vasiliadi.com/#w787
788,Скалы близ Пурвиля,Cliffs near Pourville,Falaises près de Pourville,1882,60 × 81,музей,"Рейксмузеум Твенте, Энсхеде","Rijksmuseum Twenthe, Enschede",Нидерланды,Netherlands,,цветная фотография,https://monet.1vasiliadi.com/img/1600/w788.webp,https://commons.wikimedia.org/wiki/File:WLANL_-_adagio808_-_Cloude_Monet%2C_Falaises_pr%C3%A8s_de_Pourville_(1882).jpg,https://www.wikidata.org/wiki/Q43083231,https://monet.1vasiliadi.com/#w788
789,Скала,Cliff,Falaise,1882,54 × 65,частная коллекция,,,,,2003,цветная фотография,https://monet.1vasiliadi.com/img/1600/w789.webp,https://commons.wikimedia.org/wiki/File:Falaise_(1882)_CLAUDE_MONET_(W789).jpg,,https://monet.1vasiliadi.com/#w789
790,Марина,Marine,,1882,54 × 65,частная коллекция,,,,,"Christie's, New York, 1991",скан из каталога,https://monet.1vasiliadi.com/img/1600/w790.webp,https://commons.wikimedia.org/wiki/File:Monet_w790.jpg,,https://monet.1vasiliadi.com/#w790
791,Скалы в Варанжвиле,The Cliffs at Varengeville,Falaise de Varengeville,1882,60 × 81,частная коллекция,,,,,,скан из каталога,https://monet.1vasiliadi.com/img/1600/w791.webp,https://commons.wikimedia.org/wiki/File:Monet_-_Wildenstein_1996%2C_791.png,,https://monet.1vasiliadi.com/#w791
792,Тени на море. Скалы в Пурвиле,Shadows on the Sea. The Cliffs at Pourville,"Ombres sur la mer, les falaises à Pourville",1882,57 × 80,музей,"Новая глиптотека Карлсберга, Копенгаген","Ny Carlsberg Glyptotek, Copenhagen",Дания,Denmark,,цветная фотография,https://monet.1vasiliadi.com/img/1600/w792.webp,https://commons.wikimedia.org/wiki/File:Claude_Monet_-_Shadows_on_the_Sea._The_Cliffs_at_Pourville_-_Google_Art_Project.jpg,https://www.wikidata.org/wiki/Q50697726,https://monet.1vasiliadi.com/#w792
793,Отлив в Варанжвиле,Low Tide at Varengeville,Marée basse à Varengeville,1882,60 × 81,частная коллекция,,,,,,скан из каталога,https://monet.1vasiliadi.com/img/1600/w793.webp,https://commons.wikimedia.org/wiki/File:Monet_w793.jpg,,https://monet.1vasiliadi.com/#w793
794,Церковь в Варанжвиле. Утро,"The Church at Varengeville, morning effect","Église de Varengeville, effet du matin",1882,60 × 73,частная коллекция,,,,,,скан из каталога,https://monet.1vasiliadi.com/img/1600/w794.webp,https://commons.wikimedia.org/wiki/File:Monet_w794.jpg,https://www.wikidata.org/wiki/Q84859469,https://monet.1vasiliadi.com/#w794
795,Церковь в Варанжвиле. Утро,"The Church at Varengeville, morning effect","L'église de Varengeville, effet matinal",1882,60 × 73,частная коллекция,,,,,2011,цветная фотография,https://monet.1vasiliadi.com/img/1600/w795.webp,https://commons.wikimedia.org/wiki/File:Claude_Monet_-_%C3%89glise_de_Varengeville%2C_effet_matinal.jpg,https://www.wikidata.org/wiki/Q67195466,https://monet.1vasiliadi.com/#w795
796,Церковь в Варанжвиле,The Church at Varengeville,Les Falaises et l'église de Varengeville,1882,60 × 81,частная коллекция,,,,,,скан из каталога,https://monet.1vasiliadi.com/img/1600/w796.webp,https://commons.wikimedia.org/wiki/File:Monet_w796.jpg,,https://monet.1vasiliadi.com/#w796
797,Лощина в Варанжвиле,"The ""Fonds"" at Varengeville","Paysage, Varengeville",1882,65 × 81,музей,"Художественный музей Пола, Хаконе","Pola Museum of Art, Hakone",Япония,Japan,,скан из каталога,https://monet.1vasiliadi.com/img/1600/w797.webp,https://commons.wikimedia.org/wiki/File:Monet_w797.jpg,https://www.wikidata.org/wiki/Q79790741,https://monet.1vasiliadi.com/#w797
798,Ели в Варанжвиле,The Fir Trees at Varengeville,Les Sapins à Varengeville,1882,60 × 73,частная коллекция,,,Швейцария,Switzerland,2008,скан из каталога,https://monet.1vasiliadi.com/img/1600/w798.webp,https://commons.wikimedia.org/wiki/File:Monet_w798.jpg,,https://monet.1vasiliadi.com/#w798
799,Еловая аллея в Варанжвиле,An Avenue of Fir Trees Varengeville,Allée de sapins à Varengeville,1882,73 × 60,частная коллекция,,,США,United States,,цветная фотография,https://monet.1vasiliadi.com/img/1600/w799.webp,https://commons.wikimedia.org/wiki/File:Claude_Monet_-_All%C3%A9e_de_sapins_%C3%A0_Varengeville_.jpg,https://www.wikidata.org/wiki/Q66568153,https://monet.1vasiliadi.com/#w799
800,Ели в Варанжвиле,Fir Trees at Varengeville,Sapins à Varengeville,1882,60 × 81,частная коллекция,,,,,,скан из каталога,https://monet.1vasiliadi.com/img/1600/w800.webp,https://commons.wikimedia.org/wiki/File:Monet_w800_fir_trees_at_varengeville.jpg,,https://monet.1vasiliadi.com/#w800
800a,Сосны в Варанжвиле,Pine Trees at Varengeville,Les Pins à Varengeville,1882,,утрачена / местонахождение неизвестно,,,,,,скан из каталога,https://monet.1vasiliadi.com/img/1600/w800a.webp,https://commons.wikimedia.org/wiki/File:Monet_-_Wildenstein_1996%2C_800a.png,,https://monet.1vasiliadi.com/#w800a
801,Сосны в Варанжвиле,Pine Trees at Varengeville,Pins à Varengeville,1882,65 × 81,частная коллекция,,,Франция,France,,скан из каталога,https://monet.1vasiliadi.com/img/1600/w801.webp,https://commons.wikimedia.org/wiki/File:Monet_w801_pine_trees_at_varengeville.jpg,,https://monet.1vasiliadi.com/#w801
802,Скалы в Варанжвиле. Порыв ветра,"The Cliffs of Varengeville, Gust of Wind","Falaise de Varengeville, coup de vent",1882,60 × 73,частная коллекция,,,,,,скан из каталога,https://monet.1vasiliadi.com/img/1600/w802.webp,https://commons.wikimedia.org/wiki/File:Monet_w802.jpg,,https://monet.1vasiliadi.com/#w802
803,Тропа в Пти-Айи. Варанжвиль,The Path of Petit Ailly at Varengeville,Le Chemin du Petit Ailly à Varengeville,1882,60 × 73,частная коллекция,,,Франция,France,,скан из каталога,https://monet.1vasiliadi.com/img/1600/w803.webp,https://commons.wikimedia.org/wiki/File:Monet_w803.jpg,,https://monet.1vasiliadi.com/#w803
804,Дорога в ущелье в Варанжвиле,The Sunken Road in the Cliff at Varangeville,Le Chemin Creux dans la Falaise a Varangéville,1882,60 × 73,музей,"Новая художественная галерея, Уолсолл",The New Art Gallery Walsall,Великобритания,United Kingdom,,цветная фотография,https://monet.1vasiliadi.com/img/1600/w804.webp,https://commons.wikimedia.org/wiki/File:The_Sunken_Road_in_the_Cliff_at_Varangeville_-_Monet.tif,https://www.wikidata.org/wiki/Q50818695,https://monet.1vasiliadi.com/#w804
805,Рыбацкий домик на скалах в Варанжвиле,Fisherman's Cottage on the Cliffs at Varengeville,,1882,61 × 88.3,музей,"Музей изящных искусств, Бостон","Museum of Fine Arts, Boston",США,United States,,цветная фотография,https://monet.1vasiliadi.com/img/1600/w805.webp,https://commons.wikimedia.org/wiki/File:Claude_Monet_-_The_Fisherman's_House_at_Varengeville_(1882).jpg,https://www.wikidata.org/wiki/Q20538904,https://monet.1vasiliadi.com/#w805
806,Скала в Гренвале,Cliff at Grainval,Falaise de Varengeville,1882,65 × 81,частная коллекция,,,,,,скан из каталога,https://monet.1vasiliadi.com/img/1600/w806.webp,https://commons.wikimedia.org/wiki/File:Monet_w806.jpg,,https://monet.1vasiliadi.com/#w806
807,Пляж в Пурвиле,Beach in Pourville,La Plage de Pourville,1882,60 × 73,музей,"Национальный музей, Познань","National Museum, Poznań",Польша,Poland,,цветная фотография,https://monet.1vasiliadi.com/img/1600/w807.webp,https://commons.wikimedia.org/wiki/File:Sygnatura_Claude_Monet_z_obrazu_%2C%2CPla%C5%BCa_w_Pourville%22.jpg,https://www.wikidata.org/wiki/Q2070487,https://monet.1vasiliadi.com/#w807
808,Волны и скалы в Пурвиле,Waves and Rocks at Pourville,Vagues et rochers à Pourville,1882,60 × 73,частная коллекция,,,,,,скан из каталога,https://monet.1vasiliadi.com/img/1600/w808.webp,https://commons.wikimedia.org/wiki/File:Monet_w808.jpg,,https://monet.1vasiliadi.com/#w808
809,Ваза с пионами,Vase of Peonies,Vase de pivoines,1882,100 × 81,частная коллекция,,,,,2015,цветная фотография,https://monet.1vasiliadi.com/img/1600/w809.webp,https://commons.wikimedia.org/wiki/File:Vase_de_pivoines_(1882)_Claude_Monet_(W809).jpg,,https://monet.1vasiliadi.com/#w809
810,Цветы в вазе,Flowers in a Vase,Fleurs dans un vase,1882,80 × 45,музей,Художественный музей Филадельфии,Philadelphia Museum of Art,США,United States,,цветная фотография,https://monet.1vasiliadi.com/img/1600/w810.webp,https://commons.wikimedia.org/wiki/File:Monet_-_Flowers_in_a_Vase%2C_1888%2C_1978-1-23.jpg,https://www.wikidata.org/wiki/Q20809468,https://monet.1vasiliadi.com/#w810
811,Розы в синем кувшине,Roses in a Blue Pitcher,Roses dans un pichet bleu,1882,52 × 38,частная коллекция,,,,,,скан из каталога,https://monet.1vasiliadi.com/img/1600/w811.webp,https://commons.wikimedia.org/wiki/File:Monet_-_Wildenstein_1996%2C_811.png,,https://monet.1vasiliadi.com/#w811
812,Ваза с хризантемами,Vase of Chrysanthemums,Vase de chrysanthèmes,1882,95 × 70,частная коллекция,,,США,United States,2010,цветная фотография,https://monet.1vasiliadi.com/img/1600/w812.webp,https://commons.wikimedia.org/wiki/File:Vase_de_chrysanth%C3%A8mes_(1882)_Claude_Monet_(W_812).jpg,,https://monet.1vasiliadi.com/#w812
813,Мальвы,Mallows,Mauves,1882,113 × 38,частная коллекция,,,,,2018,скан из каталога,https://monet.1vasiliadi.com/img/1600/w813.webp,https://commons.wikimedia.org/wiki/File:Monet_w813_mallows.jpg,,https://monet.1vasiliadi.com/#w813
814,Подвешенные фазаны,Hanging Pheasants,Faisans suspendus,1882,113 × 38,частная коллекция,,,,,2014,скан из каталога,https://monet.1vasiliadi.com/img/1600/w814.webp,https://commons.wikimedia.org/wiki/File:Monet_-_Wildenstein_1996%2C_814.png,,https://monet.1vasiliadi.com/#w814
815,Лодки в порту Гавра,Boats in the Port of Le Havre,Bateaux dans le port du Havre,1883,65 × 81,частная коллекция,,,,,,скан из каталога,https://monet.1vasiliadi.com/img/1600/w815.webp,https://commons.wikimedia.org/wiki/File:Monet_-_Wildenstein_1996%2C_815.png,,https://monet.1vasiliadi.com/#w815
816,"Этрета, скала Аваль на закате","Etretat, the cliff of Aval at sunset",,1883,60 × 81,частная коллекция,,,Франция,France,,скан из каталога,https://monet.1vasiliadi.com/img/1600/w816.webp,https://commons.wikimedia.org/wiki/File:Monet_w816.jpg,,https://monet.1vasiliadi.com/#w816
817,"Скала. Этрета, закат","The Cliff, Étretat, Sunset",Soleil couchant à Étretat,1883,55 × 81,музей,"Художественный музей Северной Каролины, Роли","North Carolina Museum of Art, Raleigh",США,United States,,цветная фотография,https://monet.1vasiliadi.com/img/1600/w817.webp,https://commons.wikimedia.org/wiki/File:Monet_-_Sonnenaufgang_bei_Etretat.jpg,https://www.wikidata.org/wiki/Q22205300,https://monet.1vasiliadi.com/#w817
818,Закат в Этрета,Sunset at Étretat,Soleil couchant à Etretat,1883,60 × 73,музей,"Музей изящных искусств, Нанси",Museum of Fine Arts of Nancy,Франция,France,,цветная фотография,https://monet.1vasiliadi.com/img/1600/w818.webp,https://commons.wikimedia.org/wiki/File:Claude_Monet-Soleil_couchant_%C3%A0_Etretat.jpg,https://www.wikidata.org/wiki/Q22205317,https://monet.1vasiliadi.com/#w818
818a,Этрета. Закат,"Étretrat, Sunset",,1883,60 × 73,частная коллекция,,,,,"Sotheby's, London, 1991",цветная фотография,https://monet.1vasiliadi.com/img/1600/w818a.webp,https://commons.wikimedia.org/wiki/File:Claude_Monet_-_%C3%89tretat%2C_Coucher_de_Soleil.jpg,,https://monet.1vasiliadi.com/#w818a
819,Скала и Порт-д'Аваль,Cliff and Porte d'Aval,,1883,60 × 81,частная коллекция,,,,,,скан из каталога,https://monet.1vasiliadi.com/img/1600/w819.webp,https://commons.wikimedia.org/wiki/File:Monet_w819.jpg,,https://monet.1vasiliadi.com/#w819
820,Скала и Порт-д'Аваль в шторм,Cliff and Porte d'Aval in Stormy Weather,Falaise et Porte d'Aval par gros temps,1883,73 × 100,музей,Музей Монтсеррата,Museum of Montserrat,Испания,Spain,,цветная фотография,https://monet.1vasiliadi.com/img/1600/w820.webp,https://commons.wikimedia.org/wiki/File:La_Porte_d'Aval_by_Claude_Monet.jpg,https://www.wikidata.org/wiki/Q22205296,https://monet.1vasiliadi.com/#w820
821,Штормящее море в Этрета,Stormy Sea in Étretat,"Étretat, mer agitée",1883,81 × 100,музей,"Музей изящных искусств, Лион",Museum of Fine Arts of Lyon,Франция,France,,цветная фотография,https://monet.1vasiliadi.com/img/1600/w821.webp,https://commons.wikimedia.org/wiki/File:Monet_-_Mer_agit%C3%A9e_%C3%A0_Etretat.jpg,https://www.wikidata.org/wiki/Q7620298,https://monet.1vasiliadi.com/#w821
822,Грот в скалах близ Этрета,Hollowed Cliff near Étretat,Falaises et barques à Étretat,1883,73 × 100,музей,"Музей Вальрафа-Рихарца, Кёльн",Wallraf–Richartz Museum,Германия,Germany,,цветная фотография,https://monet.1vasiliadi.com/img/1600/w822.webp,https://commons.wikimedia.org/wiki/File:Claude_Monet_019.jpg,https://www.wikidata.org/wiki/Q22205288,https://monet.1vasiliadi.com/#w822
823,Рыбацкие лодки,Fishing Boats,Bateaux de pêche,1883,65 × 92,музей,"Художественный музей Денвера, Денвер","Denver Art Museum, Denver",США,United States,,цветная фотография,https://monet.1vasiliadi.com/img/1600/w823.webp,https://commons.wikimedia.org/wiki/File:Claude_Monet_-_Fishing_Boats.jpg,https://www.wikidata.org/wiki/Q106925245,https://monet.1vasiliadi.com/#w823
824,Лодки на пляже,Boats on the Beach,Bateaux sur la plage à Étretat,1883,65 × 92,частная коллекция,,,,,"Christie's, New York, 1987",скан из каталога,https://monet.1vasiliadi.com/img/1600/w824.webp,https://commons.wikimedia.org/wiki/File:Monet_w824.jpg,https://www.wikidata.org/wiki/Q93456852,https://monet.1vasiliadi.com/#w824
825,Рыбацкие лодки в Этрета,Fishing Boats at Etretat,Bateaux de pêche à Étretat,1883,60 × 73,частная коллекция,,,США,United States,,скан из каталога,https://monet.1vasiliadi.com/img/1600/w825.webp,https://commons.wikimedia.org/wiki/File:Monet_w825.jpg,,https://monet.1vasiliadi.com/#w825
826,Непогода в Этрета,Rough weather at Étretat,,1883,65 × 81,музей,"Национальная галерея Виктории, Мельбурн","National Gallery of Victoria, Melbourne",Австралия,Australia,,цветная фотография,https://monet.1vasiliadi.com/img/1600/w826.webp,https://commons.wikimedia.org/wiki/File:Claude_Monet_-_Rough_weather_at_%C3%89tretat_-_Google_Art_Project.jpg,https://www.wikidata.org/wiki/Q20414899,https://monet.1vasiliadi.com/#w826
827,"Этрета. Западные скалы у Порт-д’Амон, бурное море","Étretat, the Western Cliffs at Porte d'Amont, Rough Seas",,1883,65 × 81,частная коллекция,,,,,,скан из каталога,https://monet.1vasiliadi.com/img/1600/w827.webp,https://commons.wikimedia.org/wiki/File:Monet_-_Wildenstein_1996%2C_827.png,,https://monet.1vasiliadi.com/#w827
827a,Волны в Этрета,Effect of Waves at Etretat,Effet de vagues à Étretat,1883,60 × 73,музей,"Художественный музей Мацуоки, Токио","Matsuoka Museum of Art, Tokyo",Япония,Japan,,скан из каталога,https://monet.1vasiliadi.com/img/1600/w827a.webp,https://commons.wikimedia.org/wiki/File:Monet_w827a.jpg,https://www.wikidata.org/wiki/Q96115249,https://monet.1vasiliadi.com/#w827a
828,Пляж в Этрета,Beach at Etretat,Étretat : la plage et la porte d'Amont,1883,65 × 81,музей,"Музей Орсе, Париж","Musée d'Orsay, Paris",Франция,France,,цветная фотография,https://monet.1vasiliadi.com/img/1600/w828.webp,https://commons.wikimedia.org/wiki/File:Claude_Monet_020.jpg,https://www.wikidata.org/wiki/Q17491354,https://monet.1vasiliadi.com/#w828
829,Лодки на пляже в Этрета,Boats on the Beach at Etretat,Bateaux sur la plage à Étretat,1883,65 × 81,музей,"Фонд Бемберга, Тулуза","Fondation Bemberg, Toulouse",Франция,France,,цветная фотография,https://monet.1vasiliadi.com/img/1600/w829.webp,https://commons.wikimedia.org/wiki/File:Bemberg_Fondation_Toulouse_-_Bateaux_sur_la_plage_%C3%A0_Etretat_-_Claude_Monet_-_1883_65x81_Inv.2077.jpg,https://www.wikidata.org/wiki/Q72691311,https://monet.1vasiliadi.com/#w829
830,Утро в Этрета,Morning at Etretat,Matin à Étretat,1883,65 × 81,музей,"Художественный музей «Вилла Ямадзаки», Киото","Oyamazaki Villa Museum of Art, Kyoto",Япония,Japan,,скан из каталога,https://monet.1vasiliadi.com/img/1600/w830.webp,https://commons.wikimedia.org/wiki/File:Monet_w830.jpg,https://www.wikidata.org/wiki/Q95689719,https://monet.1vasiliadi.com/#w830
831,Игла в Этрета. Отлив,"The Needle of Etretat, Low Tide",,1883,60 × 81,частная коллекция,,,,,,скан из каталога,https://monet.1vasiliadi.com/img/1600/w831.webp,https://commons.wikimedia.org/wiki/File:Monet_w831.jpg,,https://monet.1vasiliadi.com/#w831
832,Маннпорт,The Manneporte,La Manneporte,1883,65 × 81,музей,"Метрополитен-музей, Нью-Йорк","Metropolitan Museum of Art, New York",США,United States,,цветная фотография,https://monet.1vasiliadi.com/img/1600/w832.webp,https://commons.wikimedia.org/wiki/File:Claude_Monet_-_La_Manneporte_(%C3%89tretat).jpg,https://www.wikidata.org/wiki/Q19912434,https://monet.1vasiliadi.com/#w832
833,"Маннпорт, вид снизу","The Manneport, seen from below",,1883,73 × 92,частная коллекция,,,,,,скан из каталога,https://monet.1vasiliadi.com/img/1600/w833.webp,https://commons.wikimedia.org/wiki/File:Monet_w833.jpg,,https://monet.1vasiliadi.com/#w833
834,Сена в Пор-Вийе,The Seine at Port-Villez,La Seine a Port-Villez,1883,60 × 100,частная коллекция,,,,,"Christie's, New York, 1985",скан из каталога,https://monet.1vasiliadi.com/img/1600/w834.webp,https://commons.wikimedia.org/wiki/File:Monet_-_Wildenstein_1996%2C_834.png,,https://monet.1vasiliadi.com/#w834
835,Островки в Пор-Вийе,Islets at Port-Villez,,1883,65 × 92,частная коллекция,,,,,"Christie's, New York, 1990",скан из каталога,https://monet.1vasiliadi.com/img/1600/w835.webp,https://commons.wikimedia.org/wiki/File:Monet_w835.jpg,,https://monet.1vasiliadi.com/#w835
836,Пейзаж в Пор-Вийе,Landscape at Port-Villez,Paysage à Port-Villez,1883,65 × 81,музей,"Музей Сумайя, Мехико","Museo Soumaya, Mexico City",Мексика,Mexico,,цветная фотография,https://monet.1vasiliadi.com/img/1600/w836.webp,https://commons.wikimedia.org/wiki/File:Exposici%C3%B3n_Monet._Luces_del_Impresionismo_en_el_MUNAL_19.jpg,https://www.wikidata.org/wiki/Q28131286,https://monet.1vasiliadi.com/#w836
837,Пейзаж в Вийе близ Вернона,Landscape at Villez near Vernon,,1883,73 × 92,частная коллекция,,,Швейцария,Switzerland,,скан из каталога,https://monet.1vasiliadi.com/img/1600/w837.webp,https://commons.wikimedia.org/wiki/File:Monet_-_Wildenstein_1996%2C_837.png,,https://monet.1vasiliadi.com/#w837
838,Лето на Сене в Пор-Вилле,Summer Effect on the Seine at Port-Villez,Effet de soleil couchant sur la Seine à Port-Villez,1883,73 × 92,музей,Муниципальный музей Хатиодзи,Hachioji Municipal Museum,Япония,Japan,,скан из каталога,https://monet.1vasiliadi.com/img/1600/w838.webp,https://commons.wikimedia.org/wiki/File:Monet_-_Wildenstein_1996%2C_838.png,https://www.wikidata.org/wiki/Q83811806,https://monet.1vasiliadi.com/#w838
839,Холм Нотр-Дам-де-ла-Мер на Сене,The Hill at Notre-Dame-de-la-Mer on the Seine,"Côte de Notre-Dame-de-la-Mer, bord de la Seine",1883,65 × 81,частная коллекция,,,,,,скан из каталога,https://monet.1vasiliadi.com/img/1600/w839.webp,https://commons.wikimedia.org/wiki/File:Monet_-_Wildenstein_1996%2C_839.png,,https://monet.1vasiliadi.com/#w839
840,Бечевник в Гренвале,The Towpath at Grainval,Le Chemin de halage à Granval,1883,65 × 81,частная коллекция,,,,,2011,скан из каталога,https://monet.1vasiliadi.com/img/1600/w840.webp,https://commons.wikimedia.org/wiki/File:Monet_w840.jpg,,https://monet.1vasiliadi.com/#w840
841,Островки в Пор-Вийе,Islets at Port-Villez,Les Îles de Port-Villez,1883,65 × 81,частная коллекция,,,,,"Sotheby's, Paris, 2026 (€6.4M)",скан из каталога,https://monet.1vasiliadi.com/img/1600/w841.webp,https://commons.wikimedia.org/wiki/File:Monet_-_Wildenstein_1996%2C_841.png,https://www.wikidata.org/wiki/Q139401885,https://monet.1vasiliadi.com/#w841
842,Церковь в Верноне,The Church at Vernon,L'Église de Vernon,1883,65 × 81,музей,"Художественный музей «Уодсворт Атенеум», Хартфорд","Wadsworth Atheneum Museum of Art, Hartford",США,United States,2020,скан из каталога,https://monet.1vasiliadi.com/img/1600/w842.webp,https://commons.wikimedia.org/wiki/File:Monet_w842_the_church_at_vernon.jpg,https://www.wikidata.org/wiki/Q87367853,https://monet.1vasiliadi.com/#w842
843,Вид церкви в Верноне,View of the Church at Vernon,Vue de l'église de Vernon,1883,65 × 81,музей,"Художественный музей Ямагаты, Ямагата","Yamagata Museum of Art, Yamagata",Япония,Japan,,скан из каталога,https://monet.1vasiliadi.com/img/1600/w843.webp,https://commons.wikimedia.org/wiki/File:Monet_w843.jpg,https://www.wikidata.org/wiki/Q95911190,https://monet.1vasiliadi.com/#w843
844,У реки в Верноне,By the River at Vernon,Le Bord de l'eau à Vernon,1883,60 × 73,частная коллекция,,,,,"Christie's, London, 1988",скан из каталога,https://monet.1vasiliadi.com/img/1600/w844.webp,https://commons.wikimedia.org/wiki/File:Monet_w844.jpg,,https://monet.1vasiliadi.com/#w844
845,Дома на Старом мосту в Верноне,Houses on the Old Bridge at Vernon,Maisons sur le Vieux-Pont à Vernon,1883,60 × 81,музей,Художественный музей Нового Орлеана,New Orleans Museum of Art,США,United States,,цветная фотография,https://monet.1vasiliadi.com/img/1600/w845.webp,https://commons.wikimedia.org/wiki/File:Art_at_the_New_Orleans_Museum_of_Art_-_Houses_on_the_Old_Bridge_at_Vernon_circa_1883_by_Monet.jpg,https://www.wikidata.org/wiki/Q50699129,https://monet.1vasiliadi.com/#w845
846,Завтрак под навесом,Luncheon under the Canopy,Le Déjeuner sous la tente,1883,116 × 136,частная коллекция,,,,,,скан из каталога,https://monet.1vasiliadi.com/img/1600/w846.webp,https://commons.wikimedia.org/wiki/File:Monet_w846.jpg,,https://monet.1vasiliadi.com/#w846
847,Мишель Моне в синем свитере,Michel Monet in a Blue Sweater,Michel Monet au chandail bleu,1883,46 × 38,музей,"Музей Мармоттан, Париж","Musée Marmottan, Paris",Франция,France,,цветная фотография,https://monet.1vasiliadi.com/img/1600/w847.webp,https://commons.wikimedia.org/wiki/File:Claude_Monet_-_Michel_Monet_au_chandail_bleu.jpg,https://www.wikidata.org/wiki/Q105099573,https://monet.1vasiliadi.com/#w847
848,Ваза с маками,Vase of Poppies,Vase de pavots,1883,100 × 60,музей,"Музей Бойманса — ван Бёнингена, Роттердам","Museum Boijmans Van Beuningen, Rotterdam",Нидерланды,Netherlands,,цветная фотография,https://monet.1vasiliadi.com/img/1600/w848.webp,https://commons.wikimedia.org/wiki/File:Claude_Monet_057.jpg,https://www.wikidata.org/wiki/Q19928687,https://monet.1vasiliadi.com/#w848
849,Маки в фарфоровой вазе,Poppies in a China Vase,Pavots dans un vase de Chine,1883,100 × 61,частная коллекция,,,,,2021,скан из каталога,https://monet.1vasiliadi.com/img/1600/w849.webp,https://commons.wikimedia.org/wiki/File:Monet_w849.jpg,,https://monet.1vasiliadi.com/#w849
850,Дорога в Монте-Карло,Road to Monte Carlo,Route de Monte-Carlo,1883,65 × 81,частная коллекция,,,,,2024,скан из каталога,https://monet.1vasiliadi.com/img/1600/w850.webp,https://commons.wikimedia.org/wiki/File:Monet_w850.jpg,,https://monet.1vasiliadi.com/#w850
851,Близ Монте-Карло,Near Monte Carlo,Près Monte-Carlo,1883,65 × 81,частная коллекция,,,,,2006,скан из каталога,https://monet.1vasiliadi.com/img/1600/w851.webp,https://commons.wikimedia.org/wiki/File:Monet_w851.jpg,,https://monet.1vasiliadi.com/#w851
852,"Бордигера, Италия","Bordighera, Italy","Bordighera, Italie",1884,60 × 73,музей,"Музей Барберини, Потсдам","Museum Barberini, Potsdam",Германия,Germany,,цветная фотография,https://monet.1vasiliadi.com/img/1600/w852.webp,https://commons.wikimedia.org/wiki/File:Monet_-_Bordighera_1884.jpg,https://www.wikidata.org/wiki/Q107529468,https://monet.1vasiliadi.com/#w852
853,Вид Бордигеры,View of Bordighera,Vue de Bordighera,1884,65 × 81,музей,"Музей Хаммера, Лос-Анджелес","Hammer Museum, Los Angeles",США,United States,,цветная фотография,https://monet.1vasiliadi.com/img/1600/w853.webp,https://commons.wikimedia.org/wiki/File:Monet_View_of_Bordighiera_31db607334.jpg,https://www.wikidata.org/wiki/Q28758117,https://monet.1vasiliadi.com/#w853
854,Виллы Бордигеры,Villas in Bordighera,Bordighera,1884,65 × 81,музей,Чикагский институт искусств,Art Institute of Chicago,США,United States,,цветная фотография,https://monet.1vasiliadi.com/img/1600/w854.webp,https://commons.wikimedia.org/wiki/File:Monet_-_Bordighera_-_Art_Institute_of_Chicago_1922.426.jpg,https://www.wikidata.org/wiki/Q3236083,https://monet.1vasiliadi.com/#w854
855,Страда Романа. Бордигера,"Strada Romana, Bordighera",Strada Romana à Bordighera,1884,65 × 81,музей,"Музей Барберини, Потсдам","Museum Barberini, Potsdam",Германия,Germany,,цветная фотография,https://monet.1vasiliadi.com/img/1600/w855.webp,https://commons.wikimedia.org/wiki/File:Claude_Monet_Strada_Romana_in_Bordighera.jpg,https://www.wikidata.org/wiki/Q108479170,https://monet.1vasiliadi.com/#w855
856,Виллы в Бордигере,Villas at Bordighera,Villas à Bordighera,1884,73 × 92,музей,Художественный музей Санта-Барбары,Santa Barbara Museum of Art,США,United States,,цветная фотография,https://monet.1vasiliadi.com/img/1600/w856.webp,https://commons.wikimedia.org/wiki/File:Monet_-_Villas_in_Bordighera%2C_1884.jpg,https://www.wikidata.org/wiki/Q70140611,https://monet.1vasiliadi.com/#w856
857,Виллы Бордигеры,Villas in Bordighera,Les Villas à Bordighera,1884,115 × 130,музей,"Музей Орсе, Париж","Musée d'Orsay, Paris",Франция,France,,цветная фотография,https://monet.1vasiliadi.com/img/1600/w857.webp,https://commons.wikimedia.org/wiki/File:Claude_Monet_-_Villas_at_Bordighera_-_Google_Art_Project.jpg,https://www.wikidata.org/wiki/Q17493809,https://monet.1vasiliadi.com/#w857
857a,Виллы в Бордигере,Villas at Bordighera,Villas à Bordighera,1884,60 × 73,музей,"Собрание Хассо Платтнера, Музей Барберини, Потсдам","Hasso Plattner Collection, Museum Barberini, Potsdam",Германия,Germany,,нет,,,https://www.wikidata.org/wiki/Q66502276,https://monet.1vasiliadi.com/#w857a
858,Валле-Буона близ Бордигеры,Valle Buona near Bordighera,Valle Buona près de Bordighera),1884,65 × 92,музей,"Художественный музей Далласа, Даллас","Dallas Museum of Art, Dallas",США,United States,,цветная фотография,https://monet.1vasiliadi.com/img/1600/w858.webp,https://commons.wikimedia.org/wiki/File:Monet_-_Valle_Buona%2C_Near_Bordighera%2C_1884.jpg,https://www.wikidata.org/wiki/Q79132471,https://monet.1vasiliadi.com/#w858
859,Долина Сассо. Голубой эффект,"The Valley of Sasso, Blue Effect","La Vallée de Sasso, effet bleu",1884,65 × 92,частная коллекция,,,,,,скан из каталога,https://monet.1vasiliadi.com/img/1600/w859.webp,https://commons.wikimedia.org/wiki/File:Monet_w859.jpg,,https://monet.1vasiliadi.com/#w859
860,"Оливы и пальмы, долина Сассо","Olive and Palm Trees, Valley of Sasso","Oliviers et palmiers, vallée de Sasso",1884,65 × 81,частная коллекция,,,Швейцария,Switzerland,Christie's 2006,скан из каталога,https://monet.1vasiliadi.com/img/1600/w860.webp,https://commons.wikimedia.org/wiki/File:Monet_w860_olive_trees_and_palm_trees_in_the_valley_of_sasso.jpg,,https://monet.1vasiliadi.com/#w860
861,Долина Сассо,The Valley of Sasso,Vallée de Sasso,1884,65 × 81,музей,Музей современного искусства Сан-Франциско,San Francisco Museum of Modern Art,США,United States,2007,скан из каталога,https://monet.1vasiliadi.com/img/1600/w861.webp,https://commons.wikimedia.org/wiki/File:Monet_w861.jpg,,https://monet.1vasiliadi.com/#w861
862,Долина Сассо. Эффект солнца,"The Valley of Sasso, Sunlight effect",Vallée de Sasso. Effet de soleil,1884,65 × 81,музей,"Музей Мармоттан-Моне, Париж","Musée Marmottan Monet, Paris",Франция,France,,цветная фотография,https://monet.1vasiliadi.com/img/1600/w862.webp,https://commons.wikimedia.org/wiki/File:Monet-Sasso-Marmottan.jpg,https://www.wikidata.org/wiki/Q50415983,https://monet.1vasiliadi.com/#w862
863,Долина Сассо. Бордигера,"The Valley of Sasso, Bordighera","Bordighera, vallée de Sasso",1884,65 × 81,частная коллекция,,,США,United States,,скан из каталога,https://monet.1vasiliadi.com/img/1600/w863.webp,https://commons.wikimedia.org/wiki/File:Monet_w863.jpg,,https://monet.1vasiliadi.com/#w863
864,Бурго-Марина в Бордигере,Burgo Marina at Bordighera,La Marine à Bordighera,1884,65 × 81,частная коллекция,,,,,,скан из каталога,https://monet.1vasiliadi.com/img/1600/w864.webp,https://commons.wikimedia.org/wiki/File:Monet_w864.jpg,,https://monet.1vasiliadi.com/#w864
865,Сад Морено в Бордигере,The Moreno Garden at Bordighera,Jardin Moreno à Bordighera,1884,73 × 92,музей,"Художественный музей Нортона, Уэст-Палм-Бич","Norton Museum of Art, West Palm Beach",США,United States,,цветная фотография,https://monet.1vasiliadi.com/img/1600/w865.webp,https://commons.wikimedia.org/wiki/File:The-moreno-garden-at-bordighera.jpg,https://www.wikidata.org/wiki/Q67504987,https://monet.1vasiliadi.com/#w865
866,Сад в Бордигере,"Garden at Bordighera, Impression of Morning",Jardin à Bordighera,1884,65 × 81,музей,"Эрмитаж, Санкт-Петербург","Hermitage Museum, St Petersburg",Россия,Russia,,цветная фотография,https://monet.1vasiliadi.com/img/1600/w866.webp,https://commons.wikimedia.org/wiki/File:'Garden_at_Bordighera%2C_Impression_of_Morning'_by_Claude_Monet%2C_1884%2C_Hermitage.JPG,https://www.wikidata.org/wiki/Q19869126,https://monet.1vasiliadi.com/#w866
867,"Бордигера, дом садовника","Bordighera, the House of the Gardener",Maison du jardinier,1884,60 × 73,частная коллекция,,,,,2007,цветная фотография,https://monet.1vasiliadi.com/img/1600/w867.webp,https://commons.wikimedia.org/wiki/File:Claude_Monet_-_Maison_de_jardinier_1884_(W867).jpg,,https://monet.1vasiliadi.com/#w867
868,Этюд оливковых деревьев,Study of Olive Trees,Étude d'oliviers,1884,73 × 60,музей,"Вилла Мариани, Бордигера","Villa Mariani, Bordighera",Италия,Italy,,цветная фотография,https://monet.1vasiliadi.com/img/1600/w868.webp,https://commons.wikimedia.org/wiki/File:Monet-olivi.jpg,,https://monet.1vasiliadi.com/#w868
869,Оливковые деревья в Бордигере,Olive Trees in Bordighera,Bois d'oliviers au jardin Moreno,1884,65 × 81,частная коллекция,,,США,United States,2010,скан из каталога,https://monet.1vasiliadi.com/img/1600/w869.webp,https://commons.wikimedia.org/wiki/File:Monet_w869.jpg,,https://monet.1vasiliadi.com/#w869
870,Оливковая роща в саду Морено,The Olive Tree Wood in the Moreno Garden,Les Oliviers à Bordighera,1884,60 × 73,частная коллекция,,,Швейцария,Switzerland,,скан из каталога,https://monet.1vasiliadi.com/img/1600/w870.webp,https://commons.wikimedia.org/wiki/File:Monet_w870.jpg,,https://monet.1vasiliadi.com/#w870
871,Этюд оливковых деревьев в Бордигере,Study of Olive Trees at Bordighera,"Étude d'oliviers, Bordighera",1884,60 × 73,частная коллекция,,,,,,скан из каталога,https://monet.1vasiliadi.com/img/1600/w871.webp,https://commons.wikimedia.org/wiki/File:Monet_w871.jpg,,https://monet.1vasiliadi.com/#w871
872,Оливковая роща в Бордигере,Grove of Olive Trees in Bordighera,Bois d'oliviers à Bordighera,1884,65 × 81,частная коллекция,,,,,"Sotheby's, London, 1967",скан из каталога,https://monet.1vasiliadi.com/img/1600/w872.webp,https://commons.wikimedia.org/wiki/File:Monet_w872.jpg,,https://monet.1vasiliadi.com/#w872
873,Под лимонными деревьями,Under the Lemon Trees,Sous les Citronniers,1884,73 × 60,музей,"Новая глиптотека Карлсберга, Копенгаген","Ny Carlsberg Glyptotek, Copenhagen",Дания,Denmark,,цветная фотография,https://monet.1vasiliadi.com/img/1600/w873.webp,https://commons.wikimedia.org/wiki/File:Monet_-_The_Lemon_Grove_in_Bordighera.jpg,https://www.wikidata.org/wiki/Q50697752,https://monet.1vasiliadi.com/#w873
874,Небольшая ферма в Бордигере,Small Country Farm in Bordighera,Un coin de ferme à Bordighera,1884,73 × 92,музей,"Художественный музей Джослин, Омаха","Joslyn Art Museum, Omaha",США,United States,,цветная фотография,https://monet.1vasiliadi.com/img/1600/w874.webp,https://commons.wikimedia.org/wiki/File:Monet_-_Palmen_in_Bordighera.jpg,https://www.wikidata.org/wiki/Q67220780,https://monet.1vasiliadi.com/#w874
875,"Пальмы, Бордигера","Palm Trees, Bordighera","Les Palmiers, Bordighera",1884,92 × 73,частная коллекция,,,Швейцария,Switzerland,,скан из каталога,https://monet.1vasiliadi.com/img/1600/w875.webp,https://commons.wikimedia.org/wiki/File:Monet_w875.jpg,,https://monet.1vasiliadi.com/#w875
876,Пальма в Бордигере,A Palm Tree at Bordighera,Palmier à Bordighera,1884,60 × 73,частная коллекция,,,США,United States,2023,скан из каталога,https://monet.1vasiliadi.com/img/1600/w876.webp,https://commons.wikimedia.org/wiki/File:Monet_w876.jpg,,https://monet.1vasiliadi.com/#w876
877,Пальмы в Бордигере,Palm Trees at Bordighera,Palmiers à Bordighera,1884,65 × 81,музей,"Метрополитен-музей, Нью-Йорк","Metropolitan Museum of Art, New York",США,United States,,цветная фотография,https://monet.1vasiliadi.com/img/1600/w877.webp,https://commons.wikimedia.org/wiki/File:Claude_Monet_-_Palm_Trees_at_Bordighera.jpg,https://www.wikidata.org/wiki/Q19912382,https://monet.1vasiliadi.com/#w877
878,Вид Вентимильи,View of Ventimiglia,Vue de Ventimiglia,1884,65 × 92,музей,"Художественная галерея и музей Келвингроув, Глазго","Kelvingrove Art Gallery and Museum, Glasgow",Великобритания,United Kingdom,,цветная фотография,https://monet.1vasiliadi.com/img/1600/w878.webp,https://commons.wikimedia.org/wiki/File:Monet_-_View_of_Ventimiglia%2C_1884.jpg,https://www.wikidata.org/wiki/Q87842343,https://monet.1vasiliadi.com/#w878
879,Вид близ Вентимильи,View taken near Ventimiglia,Vue prise près Vintimille,1884,65 × 81,частная коллекция,,,США,United States,,скан из каталога,https://monet.1vasiliadi.com/img/1600/w879.webp,https://commons.wikimedia.org/wiki/File:Monet_w879.jpg,,https://monet.1vasiliadi.com/#w879
880,Вид на французское побережье из Бордигеры,The French Coast Seen from Bordighera,La Côte française vue de Bordighera,1884,,частная коллекция,,,,,,скан из каталога,https://monet.1vasiliadi.com/img/1600/w880.webp,https://commons.wikimedia.org/wiki/File:Monet_-_Wildenstein_1996%2C_880.png,,https://monet.1vasiliadi.com/#w880
881,Долина Нервии,The Valley of the Nervia,La Vallée de la Nervia,1884,65 × 81,музей,"Метрополитен-музей, Нью-Йорк","Metropolitan Museum of Art, New York",США,United States,,цветная фотография,https://monet.1vasiliadi.com/img/1600/w881.webp,https://commons.wikimedia.org/wiki/File:Claude_Monet_-_The_Valley_of_the_Nervia.jpg,https://www.wikidata.org/wiki/Q19912578,https://monet.1vasiliadi.com/#w881
882,Дольчеаква,Dolceacqua,,1884,73 × 92,частная коллекция,,,,,,скан из каталога,https://monet.1vasiliadi.com/img/1600/w882.webp,https://commons.wikimedia.org/wiki/File:Monet_w882.jpg,,https://monet.1vasiliadi.com/#w882
883,Замок в Дольчеакве,The Castle at Dolceacqua,Le château de Dolceacqua,1884,92 × 73,музей,"Музей Мармоттан-Моне, Париж","Musée Marmottan Monet, Paris",Франция,France,,скан из каталога,https://monet.1vasiliadi.com/img/1600/w883.webp,https://commons.wikimedia.org/wiki/File:Monet_w883.jpg,https://www.wikidata.org/wiki/Q105099571,https://monet.1vasiliadi.com/#w883
884,Мост в Дольчеакве,Bridge at Dolceacqua,"Dolceacqua, le vieux pont sur la Nervia",1884,65 × 81,музей,"Институт искусств Кларка, Уильямстаун","Clark Art Institute, Williamstown",США,United States,,цветная фотография,https://monet.1vasiliadi.com/img/1600/w884.webp,https://commons.wikimedia.org/wiki/File:Monet_-_Bridge_at_Dolceacqua%2C_1884.jpg,https://www.wikidata.org/wiki/Q67183649,https://monet.1vasiliadi.com/#w884
885,Долина Нервии с Дольчеаквой,The Valley of the Nervia with Dolceacqua,La Vallée de la Nervia avec Dolceacqua,1884,65 × 81,частная коллекция,,,,,,скан из каталога,https://monet.1vasiliadi.com/img/1600/w885.webp,https://commons.wikimedia.org/wiki/File:Monet_w885.jpg,,https://monet.1vasiliadi.com/#w885
886,"Портрет английского художника, Бордигера","Portrait of an English Painter, Bordighera","Portrait d'un peintre anglais, Bordighera",1884,52 × 41,музей,Тель-Авивский музей искусств,Tel Aviv Museum of Art,Израиль,Israel,,скан из каталога,https://monet.1vasiliadi.com/img/1600/w886.webp,https://commons.wikimedia.org/wiki/File:Monet_-_Wildenstein_1996%2C_886.png,https://www.wikidata.org/wiki/Q105416238,https://monet.1vasiliadi.com/#w886
887,Апельсиновая ветка с плодами,Orange Branch Bearing Fruit,Oranges sur une branche,1884,53 × 38,музей,"Музей изящных искусств, Хьюстон","Museum of Fine Arts, Houston",США,United States,,цветная фотография,https://monet.1vasiliadi.com/img/1600/w887.webp,https://commons.wikimedia.org/wiki/File:Monet_-_branch-of-orange-bearing-fruit.jpg,,https://monet.1vasiliadi.com/#w887
888,Лимоны на ветке,Lemons on a Branch,Citrons sur une branche,1884,65 × 54,частная коллекция,,,,,2018,цветная фотография,https://monet.1vasiliadi.com/img/1600/w888.webp,https://commons.wikimedia.org/wiki/File:Citrons_sur_une_branche_(1884)_Claude_Monet_(W_888).jpg,,https://monet.1vasiliadi.com/#w888
889,Красная дорога близ Ментоны,The Red Road near Menton,La Route rouge près de Menton,1884,65 × 81,музей,"Городской музей (Стеделейк), Амстердам","Stedelijk Museum, Amsterdam",Нидерланды,Netherlands,2010,цветная фотография,https://monet.1vasiliadi.com/img/1600/w889.webp,https://commons.wikimedia.org/wiki/File:LA_ROUTE_ROUGE_PR%C3%88S_DE_MENTON_(1884)_Claude_Monet_(W_889).jpg,,https://monet.1vasiliadi.com/#w889
890,Карниз близ Монако,The Corniche of Monaco,La Corniche near Monaco,1884,74 × 92,музей,"Рейксмузеум, Амстердам","Rijksmuseum, Amsterdam",Нидерланды,Netherlands,,цветная фотография,https://monet.1vasiliadi.com/img/1600/w890.webp,https://commons.wikimedia.org/wiki/File:Claude_Monet_-_La_Corniche_near_Monaco_-_Google_Art_Project.jpg,https://www.wikidata.org/wiki/Q17324913,https://monet.1vasiliadi.com/#w890
891,Дорога в Ментону,The Path to Menton,Sentier au cap Martin,1884,139 × 180,частная коллекция,,,,,,скан из каталога,https://monet.1vasiliadi.com/img/1600/w891.webp,https://commons.wikimedia.org/wiki/File:Monet_w891.jpg,,https://monet.1vasiliadi.com/#w891
891a,Автопортрет в мастерской,Self Portrait in his Studio,Portrait de l'artiste dans son atelier,1884,,музей,"Музей Мармоттан-Моне, Париж","Musée Marmottan Monet, Paris",Франция,France,,скан из каталога,https://monet.1vasiliadi.com/img/1600/w891a.webp,https://commons.wikimedia.org/wiki/File:Monet_w891a.jpg,,https://monet.1vasiliadi.com/#w891a
891b,Залив Монако,The Bay of Monaco,La Baie de Monaco,1884,60 × 73,музей,"Новый национальный музей Монако, Монако","Nouveau Musée National de Monaco, Monaco",Монако,Monaco,,цветная фотография,https://monet.1vasiliadi.com/img/1600/w891b.webp,https://commons.wikimedia.org/wiki/File:Claude_Monet_-_La_Baie_de_Monaco_-_NMNM.jpg,https://www.wikidata.org/wiki/Q96097589,https://monet.1vasiliadi.com/#w891b
892,"Монте-Карло, вид из Рокбрюна",Monte Carlo seen from Roquebrune,Monte-Carlo vu de Roquebrune,1884,65 × 81,музей,Художественный музей Портленда (Мэн),Portland Museum of Art,США,United States,,цветная фотография,https://monet.1vasiliadi.com/img/1600/w892.webp,https://commons.wikimedia.org/wiki/File:Claude_Monet_-_Monte_Carlo_vu_de_Roquebrune.jpg,https://www.wikidata.org/wiki/Q66821485,https://monet.1vasiliadi.com/#w892
892a,"Монте-Карло, вид из Рокбрюна",Monte Carlo seen from Roquebrune,"Monte-Carlo vu de Roquebrune, esquisse",1884,65 × 81,музей,Собрание Его Светлости князя Монако,Collection of H.S.H. the Prince of Monaco,Монако,Monaco,,скан из каталога,https://monet.1vasiliadi.com/img/1600/w892a.webp,https://commons.wikimedia.org/wiki/File:Monet_w892a.jpg,,https://monet.1vasiliadi.com/#w892a
893,Мыс Мартен,Cap Martin,La pointe du cap Martin,1884,65 × 81,музей,"Музей изящных искусств, Турне",Musée des Beaux-Arts Tournai,Бельгия,Belgium,,цветная фотография,https://monet.1vasiliadi.com/img/1600/w893.webp,https://commons.wikimedia.org/wiki/File:PM_147978_B_Tournai.jpg,https://www.wikidata.org/wiki/Q91018215,https://monet.1vasiliadi.com/#w893
894,Мыс Мартен,Cap Martin,,1884,73 × 92,частная коллекция,,,Швейцария,Switzerland,,скан из каталога,https://monet.1vasiliadi.com/img/1600/w894.webp,https://commons.wikimedia.org/wiki/File:Monet_w894.jpg,,https://monet.1vasiliadi.com/#w894
895,Скалы и море,Rocks and Sea,Rochers et mer,1884,63 × 81,частная коллекция,,,,,,скан из каталога,https://monet.1vasiliadi.com/img/1600/w895.webp,https://commons.wikimedia.org/wiki/File:Monet_-_Wildenstein_1996%2C_895.png,,https://monet.1vasiliadi.com/#w895
896,Мыс Мартен,Cap Martin,Au Cap Martin,1884,65 × 81,частная коллекция,,,Франция,France,2023,цветная фотография,https://monet.1vasiliadi.com/img/1600/w896.webp,https://commons.wikimedia.org/wiki/File:Au_Cap_Martin_(1884)_Claude_Monet_(W896).jpg,,https://monet.1vasiliadi.com/#w896
897,Прибрежная дорога на мысе Мартен близ Ментоны,"Coastal Road at Cap Martin, near Menton",Menton vu du cap Martin,1884,68 × 84,музей,"Музей изящных искусств, Бостон","Museum of Fine Arts, Boston",США,United States,,цветная фотография,https://monet.1vasiliadi.com/img/1600/w897.webp,https://commons.wikimedia.org/wiki/File:Monet_-_Cap_Martin%2C_near_Menton%2C_1884.jpg,https://www.wikidata.org/wiki/Q20538843,https://monet.1vasiliadi.com/#w897
898,Река Эпт в Живерни,The Epte at Giverny,L'Epte à Giverny,1884,60 × 73,частная коллекция,,,,,,скан из каталога,https://monet.1vasiliadi.com/img/1600/w898.webp,https://commons.wikimedia.org/wiki/File:Monet_-_Wildenstein_1996%2C_898.png,,https://monet.1vasiliadi.com/#w898
899,Река Эпт в Живерни,The River Epte at Giverny,"La Rivière de l'Epte à Giverny, l'été",1884,60 × 73,частная коллекция,,,,,2010,скан из каталога,https://monet.1vasiliadi.com/img/1600/w899.webp,https://commons.wikimedia.org/wiki/File:Monet_w899.jpg,,https://monet.1vasiliadi.com/#w899
900,Стог сена в Живерни,Haystacks at Giverny,Meule près de Giverny,1884,65 × 81,музей,"ГМИИ им. Пушкина, Москва","Pushkin Museum, Moscow",Россия,Russia,,цветная фотография,https://monet.1vasiliadi.com/img/1600/w900.webp,https://commons.wikimedia.org/wiki/File:Claude_Monet_-_Meule_pr%C3%A8s_de_Giverny_(1889)_-_Pushkin_Museum_%D0%96-3398.jpg,https://www.wikidata.org/wiki/Q3696344,https://monet.1vasiliadi.com/#w900
901,"Стога, пасмурный день","Haystacks, Overcast Day",Meules à Giverny,1884,65 × 81,музей,"Художественный музей Пола, Хаконэ","Pola Museum of Art, Hakone",Япония,Japan,,цветная фотография,https://monet.1vasiliadi.com/img/1600/w901.webp,https://commons.wikimedia.org/wiki/File:Claude_Monet%2C_1884_-_Haystacks_at_Giverny.jpg,,https://monet.1vasiliadi.com/#w901
902,Стог сена в Живерни,Haystacks at Giverny,Meules à Giverny,1884,65 × 81,музей,"Художественный музей Пола, Хаконэ","Pola Museum of Art, Hakone",Япония,Japan,,скан из каталога,https://monet.1vasiliadi.com/img/1600/w902.webp,https://commons.wikimedia.org/wiki/File:Monet_w902.jpg,https://www.wikidata.org/wiki/Q79790733,https://monet.1vasiliadi.com/#w902
903,Скалы в Пти-Даль,Cliffs at Les Petites-Dalles,Falaises aux Petites-Dalles,1884,60 × 73,музей,"Музей Кригера, Вашингтон","Kreeger Museum, Washington D.C.",США,United States,,цветная фотография,https://monet.1vasiliadi.com/img/1600/w903.webp,https://commons.wikimedia.org/wiki/File:Monet_-_Cliffs_at_Les_Petites-Dalles%2C_1884.jpg,https://www.wikidata.org/wiki/Q68041441,https://monet.1vasiliadi.com/#w903
904,Скалы в Пти-Даль,Cliffs at Les Petites-Dalles,Falaises des Petites-Dalles,1884,60 × 73,частная коллекция,,,,,2017,скан из каталога,https://monet.1vasiliadi.com/img/1600/w904.webp,https://commons.wikimedia.org/wiki/File:Monet_w904.jpg,,https://monet.1vasiliadi.com/#w904
905,Отлив в Ле-Петит-Даль,Low Tide at Les Petites-Dalles,Marée basse aux Petites-Dalles,1884,60 × 73,музей,"Собрание Хассо Платтнера, Музей Барберини, Потсдам","Hasso Plattner Collection, Museum Barberini, Potsdam",Германия,Germany,,цветная фотография,https://monet.1vasiliadi.com/img/1600/w905.webp,https://commons.wikimedia.org/wiki/File:Claude_Monet_1.JPG,https://www.wikidata.org/wiki/Q106862060,https://monet.1vasiliadi.com/#w905
906,В Пти-Даль,At Les Petites-Dalles,Aux Petites-Dalles,1884,65 × 81,частная коллекция,,,Япония,Japan,,скан из каталога,https://monet.1vasiliadi.com/img/1600/w906.webp,https://commons.wikimedia.org/wiki/File:Monet_w906.jpg,,https://monet.1vasiliadi.com/#w906
907,"Этрета, пляж и Порт-д'Аваль","Etretat, the Beach and the Porte d'Aval",,1884,60 × 73,музей,"Художественный музей Мураути, Токио","Marauchi Art Museum, Tokyo",Япония,Japan,,скан из каталога,https://monet.1vasiliadi.com/img/1600/w907.webp,https://commons.wikimedia.org/wiki/File:Monet_w907.jpg,,https://monet.1vasiliadi.com/#w907
908,Скала Игла и Порт-д’Аваль,The Rock Needle and the Porte-d'Aval,La falaise d'Aval avec la porte et l'aiguille,1884,60 × 81,музей,Художественный музей Базеля,Kunstmuseum Basel,Швейцария,Switzerland,,цветная фотография,https://monet.1vasiliadi.com/img/1600/w908.webp,https://commons.wikimedia.org/wiki/File:Monet_-_Les_falaises_d'Aval_avec_la_Porte_et_l'Aiguille%2C_1884.jpg,https://www.wikidata.org/wiki/Q94636831,https://monet.1vasiliadi.com/#w908
909,Рукав Сены в Жёфоссе. После полудня,"The Arm of the Siene at Jeufosse, Afternoon",,1884,60 × 73,частная коллекция,,,,,,скан из каталога,https://monet.1vasiliadi.com/img/1600/w909.webp,https://commons.wikimedia.org/wiki/File:Monet_w909.jpg,,https://monet.1vasiliadi.com/#w909
910,"Жёфосс, эффект позднего вечера","Jeufosse, the Effect in the Late Afternoon","Le Bras de Jeufosse, effet de fin d'après-midi",1884,60 × 81,музей,"Музей современного искусства, Гумма","The Museum of Modern Art, Gunma",Япония,Japan,,скан из каталога,https://monet.1vasiliadi.com/img/1600/w910.webp,https://commons.wikimedia.org/wiki/File:Monet_w910.jpg,https://www.wikidata.org/wiki/Q66991868,https://monet.1vasiliadi.com/#w910
911,Осень в Жёфоссе,Autumn at Jeufosse,Automne à Jeufosse,1884,60 × 73,частная коллекция,,,,,,скан из каталога,https://monet.1vasiliadi.com/img/1600/w911.webp,https://commons.wikimedia.org/wiki/File:Monet_w911.jpg,https://www.wikidata.org/wiki/Q98910166,https://monet.1vasiliadi.com/#w911
912,Поезд в Жёфоссе,The Train at Jeufosse,,1884,60 × 81,частная коллекция,,,,,,скан из каталога,https://monet.1vasiliadi.com/img/1600/w912.webp,https://commons.wikimedia.org/wiki/File:Monet_w912.jpg,,https://monet.1vasiliadi.com/#w912
912a,Поезд в Жёфоссе,The Train at Jeufosse,,1884,60 × 85,частная коллекция,,,США,United States,,скан из каталога,https://monet.1vasiliadi.com/img/1600/w912a.webp,https://commons.wikimedia.org/wiki/File:Monet_-_Wildenstein_1996%2C_912a.png,,https://monet.1vasiliadi.com/#w912a
913,"Берега Сены в Жёфоссе, осень","Banks of the Seine at Jeufosse, Autumn",,1884,54.6 × 73.6,частная коллекция,,,,,,скан из каталога,https://monet.1vasiliadi.com/img/1600/w913.webp,https://commons.wikimedia.org/wiki/File:Monet_w913.jpg,,https://monet.1vasiliadi.com/#w913
914,"Берега Сены в Жёфоссе, ясная погода",Banks of the Seine at Jeufosse: Clear Weather,,1884,60 × 81,частная коллекция,,,,,,скан из каталога,https://monet.1vasiliadi.com/img/1600/w914.webp,https://commons.wikimedia.org/wiki/File:Monet_w914.jpg,,https://monet.1vasiliadi.com/#w914
915,Лодка на Сене в Жёфоссе,Rowboat on the Seine at Jeufosse,,1884,60 × 73,частная коллекция,,,,,,скан из каталога,https://monet.1vasiliadi.com/img/1600/w915.webp,https://commons.wikimedia.org/wiki/File:Monet_w915.jpg,,https://monet.1vasiliadi.com/#w915
916,Осень в Жёфоссе,Autumn at Jeufosse,Automne à Jeufosse,1884,60 × 73,музей,"Собрание Хассо Платтнера, Музей Барберини, Потсдам","Hasso Plattner Collection, Museum Barberini, Potsdam",Германия,Germany,,цветная фотография,https://monet.1vasiliadi.com/img/1600/w916.webp,https://commons.wikimedia.org/wiki/File:MB-Mon-17_Monet_Herbst-in-Jeufosse_1.jpg,https://www.wikidata.org/wiki/Q108479172,https://monet.1vasiliadi.com/#w916
917,"Рукав Сены у Жёфосса, осень","Arm of the Jeufosse, Autumn",,1884,610 × 73,частная коллекция,,,,,,скан из каталога,https://monet.1vasiliadi.com/img/1600/w917.webp,https://commons.wikimedia.org/wiki/File:Monet_w917.jpg,,https://monet.1vasiliadi.com/#w917
918,Крестьянский дом в Живерни,Peasants House at Giverny,Maisons de paysans à Giverny,1884,65 × 81,частная коллекция,,,США,United States,,скан из каталога,https://monet.1vasiliadi.com/img/1600/w918.webp,https://commons.wikimedia.org/wiki/File:Monet_-_Wildenstein_1996%2C_918.png,,https://monet.1vasiliadi.com/#w918
919,Красные и розовые маки,Red and Pink Poppies,,1884,119.5 × 37,частная коллекция,,,,,,цветная фотография,https://monet.1vasiliadi.com/img/1600/w919.webp,https://commons.wikimedia.org/wiki/File:Claude_Monet_-_Red_and_Pink_Poppies_(11538159396).jpg,,https://monet.1vasiliadi.com/#w919
920,Белый мак,White Poppy,,1883,128.5 × 37,частная коллекция,,,Япония,Japan,,скан из каталога,https://monet.1vasiliadi.com/img/1600/w920.webp,https://commons.wikimedia.org/wiki/File:Monet_w920.jpg,,https://monet.1vasiliadi.com/#w920
921,Анемоны,Anemones,,1885,16 × 40,частная коллекция,,,,,,скан из каталога,https://monet.1vasiliadi.com/img/1600/w921.webp,https://commons.wikimedia.org/wiki/File:Monet_-_Wildenstein_1996%2C_921.png,,https://monet.1vasiliadi.com/#w921
922,Нарциссы,Daffodils,,1882–85,16 × 40,частная коллекция,,,,,,скан из каталога,https://monet.1vasiliadi.com/img/1600/w922.webp,https://commons.wikimedia.org/wiki/File:Monet_w922.jpg,,https://monet.1vasiliadi.com/#w922
923,Ветка лимонов,Branch of Lemons,Branche de citronnier,1884,50.5 × 37,частная коллекция,,,,,,цветная фотография,https://monet.1vasiliadi.com/img/1600/w923.webp,https://commons.wikimedia.org/wiki/File:Branche_de_citronnier_(1884)_Claude_Monet_(W_923).jpg,,https://monet.1vasiliadi.com/#w923
924,Ветка апельсинов,Branch of Oranges,Oranges sur une branche,1882–85,50.5 × 37,музей,"Музей изящных искусств, Хьюстон","Museum of Fine Arts, Houston",США,United States,,скан из каталога,https://monet.1vasiliadi.com/img/1600/w924.webp,https://commons.wikimedia.org/wiki/File:Monet_w924.jpg,,https://monet.1vasiliadi.com/#w924
925,Ваза с хризантемами,Vase of Chrysanthemums,,1882–85,,частная коллекция,,,,,,скан из каталога,https://monet.1vasiliadi.com/img/1600/w925.webp,https://commons.wikimedia.org/wiki/File:Monet_w925.jpg,,https://monet.1vasiliadi.com/#w925
926,Подсолнухи,Sunflowers,,1882–85,128.5 × 37,частная коллекция,,,,,,скан из каталога,https://monet.1vasiliadi.com/img/1600/w926.webp,https://commons.wikimedia.org/wiki/File:Monet_w926.jpg,,https://monet.1vasiliadi.com/#w926
927,Хризантемы,Chrysanthemums,,1883,16 × 40,частная коллекция,,,Франция,France,,скан из каталога,https://monet.1vasiliadi.com/img/1600/w927.webp,https://commons.wikimedia.org/wiki/File:Monet_-_Wildenstein_1996%2C_927.png,,https://monet.1vasiliadi.com/#w927
928,Нарциссы,Daffodils,,1885,16 × 40,частная коллекция,,,Франция,France,,скан из каталога,https://monet.1vasiliadi.com/img/1600/w928.webp,https://commons.wikimedia.org/wiki/File:Monet_w928.jpg,,https://monet.1vasiliadi.com/#w928
929,Белые азалии в горшке,White Azaleas in a Pot,,1885,50.5 × 37,частная коллекция,,,Франция,France,,скан из каталога,https://monet.1vasiliadi.com/img/1600/w929.webp,https://commons.wikimedia.org/wiki/File:Monet_w929.jpg,,https://monet.1vasiliadi.com/#w929
930,Натюрморт с анемонами,Still Life with Anemones,,1885,50.5 × 37,частная коллекция,,,,,,скан из каталога,https://monet.1vasiliadi.com/img/1600/w930.webp,https://commons.wikimedia.org/wiki/File:Monet_w930.jpg,,https://monet.1vasiliadi.com/#w930
931,Ваза с георгинами,Vase of Dahlias,,1883,128.5 × 37,частная коллекция,,,США,United States,,цветная фотография,https://monet.1vasiliadi.com/img/1600/w931.webp,https://commons.wikimedia.org/wiki/File:Monet_-_vase-of-dahlias.jpg,,https://monet.1vasiliadi.com/#w931
932,Георгины,Dahlias,,1883,128.5 × 37,частная коллекция,,,,,,цветная фотография,https://monet.1vasiliadi.com/img/1600/w932.webp,https://commons.wikimedia.org/wiki/File:Claude_Monet_-_Dahlias_(16035439250).jpg,,https://monet.1vasiliadi.com/#w932
933,Жёлтые маргаритки,Yellow Daisies,,1883,16 × 40,частная коллекция,,,Франция,France,,скан из каталога,https://monet.1vasiliadi.com/img/1600/w933.webp,https://commons.wikimedia.org/wiki/File:Monet_-_Wildenstein_1996%2C_933.png,,https://monet.1vasiliadi.com/#w933
934,Белые маргаритки,White Daisies,,1883,16 × 40,частная коллекция,,,Франция,France,,скан из каталога,https://monet.1vasiliadi.com/img/1600/w934.webp,https://commons.wikimedia.org/wiki/File:Monet_-_Wildenstein_1996%2C_934.png,,https://monet.1vasiliadi.com/#w934
935,Персики,Peaches,,1883,50.5 × 37,частная коллекция,,,,,,скан из каталога,https://monet.1vasiliadi.com/img/1600/w935.webp,https://commons.wikimedia.org/wiki/File:Monet_w935.jpg,,https://monet.1vasiliadi.com/#w935
936,Корзина с яблоками,Basket of Apples,,1885,50.5 × 37,частная коллекция,,,,,,скан из каталога,https://monet.1vasiliadi.com/img/1600/w936.webp,https://commons.wikimedia.org/wiki/File:Monet_w936.jpg,,https://monet.1vasiliadi.com/#w936
937,Георгины,Dahlias,,1883,128.5 × 37,частная коллекция,,,,,,цветная фотография,https://monet.1vasiliadi.com/img/1600/w937.webp,https://commons.wikimedia.org/wiki/File:Monet_-_dahlias.jpg,,https://monet.1vasiliadi.com/#w937
938,Гладиолусы,Gladioli,,1882–85,128.5 × 37,частная коллекция,,,,,,скан из каталога,https://monet.1vasiliadi.com/img/1600/w938.webp,https://commons.wikimedia.org/wiki/File:Monet_w938.jpg,,https://monet.1vasiliadi.com/#w938
939,Анемоны,Anemonies,,1885,16 × 40,частная коллекция,,,,,,скан из каталога,https://monet.1vasiliadi.com/img/1600/w939.webp,https://commons.wikimedia.org/wiki/File:Monet_w939.jpg,,https://monet.1vasiliadi.com/#w939
940,Жёлтые маргаритки,Yellow Daisies,,1885,16 × 40,частная коллекция,,,,,,скан из каталога,https://monet.1vasiliadi.com/img/1600/w940.webp,https://commons.wikimedia.org/wiki/File:Monet_w940.jpg,,https://monet.1vasiliadi.com/#w940
941,Три горшка с тюльпанами,Three Pots of Tulips,,1885,50.5 × 37,частная коллекция,,,,,"Sotheby's, London, 1996",скан из каталога,https://monet.1vasiliadi.com/img/1600/w941.webp,https://commons.wikimedia.org/wiki/File:Monet_w941.jpg,,https://monet.1vasiliadi.com/#w941
942,Ваза с тюльпанами,Vase of Tulips,,1885,50.5 × 37,частная коллекция,,,Франция,France,,цветная фотография,https://monet.1vasiliadi.com/img/1600/w942.webp,https://commons.wikimedia.org/wiki/File:Claude_Monet_-_Vase_of_Tulips_(14300279725).jpg,,https://monet.1vasiliadi.com/#w942
943,Красные азалии в горшке,Red Azalias in a Pot,,1883,127 × 37,частная коллекция,,,Япония,Japan,,цветная фотография,https://monet.1vasiliadi.com/img/1600/w943.webp,https://commons.wikimedia.org/wiki/File:Monet_-_red-azaleas-in-a-pot.jpg,,https://monet.1vasiliadi.com/#w943
944,Кобеи,Cobeas,,1883,119.5 × 37,частная коллекция,,,,,,цветная фотография,https://monet.1vasiliadi.com/img/1600/w944.webp,https://commons.wikimedia.org/wiki/File:Monet_-_cobeas.jpg,,https://monet.1vasiliadi.com/#w944
945,Ветка белых и розовых азалий,Branch of White and Pink Azaleas,,1885,16 × 40,частная коллекция,,,,,,скан из каталога,https://monet.1vasiliadi.com/img/1600/w945.webp,https://commons.wikimedia.org/wiki/File:Monet_-_Wildenstein_1996%2C_945.png,,https://monet.1vasiliadi.com/#w945
946,Ветка белых и розовых азалий,Branch of White and Pink Azaleas,,1885,16 × 40,частная коллекция,,,Франция,France,,скан из каталога,https://monet.1vasiliadi.com/img/1600/w946.webp,https://commons.wikimedia.org/wiki/File:Monet_-_Wildenstein_1996%2C_946.png,,https://monet.1vasiliadi.com/#w946
947,Ваза с хризантемами,Vase of Chrysanthemums,Chrysanthèmes,1883,50.5 × 37,частная коллекция,,,,,,скан из каталога,https://monet.1vasiliadi.com/img/1600/w947.webp,https://commons.wikimedia.org/wiki/File:Monet_w947.jpg,https://www.wikidata.org/wiki/Q96406174,https://monet.1vasiliadi.com/#w947
948,Горшок с белыми азалиями,Pot of White Azaleas,,1885,50.5 × 37,частная коллекция,,,,,,скан из каталога,https://monet.1vasiliadi.com/img/1600/w948.webp,https://commons.wikimedia.org/wiki/File:Monet_w948.jpg,,https://monet.1vasiliadi.com/#w948
949,Красные лилии,Red Lilies,,1883,128 × 37,частная коллекция,,,Франция,France,,скан из каталога,https://monet.1vasiliadi.com/img/1600/w949.webp,https://commons.wikimedia.org/wiki/File:Monet_-_Wildenstein_1996%2C_949-954.png,,https://monet.1vasiliadi.com/#w949
950,Восточная лилия,Oriental Lily,,1883,128 × 37,частная коллекция,,,Франция,France,,скан из каталога,https://monet.1vasiliadi.com/img/1600/w950.webp,https://commons.wikimedia.org/wiki/File:Monet_-_Wildenstein_1996%2C_950.png,,https://monet.1vasiliadi.com/#w950
951,Персики,Peaches,,1882,16 × 40,частная коллекция,,,Швейцария,Switzerland,,скан из каталога,https://monet.1vasiliadi.com/img/1600/w951.webp,https://commons.wikimedia.org/wiki/File:Monet_-_Wildenstein_1996%2C_951.png,,https://monet.1vasiliadi.com/#w951
952,Персики,Peaches,,1885,16 × 40,частная коллекция,,,Франция,France,,цветная фотография,https://monet.1vasiliadi.com/img/1600/w952.webp,https://commons.wikimedia.org/wiki/File:2022-06-24_at_13-35-16_P%C3%AAches_(C_Monet_-_W_952).png,,https://monet.1vasiliadi.com/#w952
953,Морозники,Christmas Roses,,1883,50.5 × 37,частная коллекция,,,Франция,France,,скан из каталога,https://monet.1vasiliadi.com/img/1600/w953.webp,https://commons.wikimedia.org/wiki/File:Monet_w953.jpg,,https://monet.1vasiliadi.com/#w953
954,"Корзина с виноградом, айвой и грушами","Basket of Grapes, Quinces and Pears",,1882–85,50.5 × 37,музей,Художественный музей Колумбуса,Columbus Museum of Art,США,United States,,цветная фотография,https://monet.1vasiliadi.com/img/1600/w954.webp,https://commons.wikimedia.org/wiki/File:Basket_of_Grapes_by_Claude_Monet%2C_Columbus_Museum_of_Art_.JPG,https://www.wikidata.org/wiki/Q50532761,https://monet.1vasiliadi.com/#w954
955,Сливы и абрикосы,Plums and Apricots,,1885,19 × 38,частная коллекция,,,,,,скан из каталога,https://monet.1vasiliadi.com/img/1600/w955.webp,https://commons.wikimedia.org/wiki/File:Monet_w955.jpg,,https://monet.1vasiliadi.com/#w955
956,Ваза с тюльпанами,Vase of Tulips,Tulipes dans un vase,1885,52 × 38,частная коллекция,,,,,,скан из каталога,https://monet.1vasiliadi.com/img/1600/w956.webp,https://commons.wikimedia.org/wiki/File:Monet_-_Wildenstein_1996%2C_956.png,,https://monet.1vasiliadi.com/#w956
957,Ваза с тюльпанами,Vase of Tulips,Tulipes en pot,1885,52 × 38,частная коллекция,,,Франция,France,,скан из каталога,https://monet.1vasiliadi.com/img/1600/w957.webp,https://commons.wikimedia.org/wiki/File:Monet_-_Wildenstein_1996%2C_957.png,,https://monet.1vasiliadi.com/#w957
958,Горшки с тюльпанами,Pots of Tulips,Pots de tulipes,1885,51 × 38,частная коллекция,,,,,,цветная фотография,https://monet.1vasiliadi.com/img/1600/w958.webp,https://commons.wikimedia.org/wiki/File:Monet_pots_of_tulips_w958.jpg,,https://monet.1vasiliadi.com/#w958
959,Анемоны,Anemones,Anémones,1885,16 × 39.5,частная коллекция,,,,,,скан из каталога,https://monet.1vasiliadi.com/img/1600/w959.webp,https://commons.wikimedia.org/wiki/File:Monet_-_Wildenstein_1996%2C_959.png,,https://monet.1vasiliadi.com/#w959
960,Цветы,Flowers,Fleurs,1885,17.5 × 37.5,частная коллекция,,,,,"Christie's, London, 1964",скан из каталога,https://monet.1vasiliadi.com/img/1600/w960.webp,https://commons.wikimedia.org/wiki/File:Monet_-_Wildenstein_1996%2C_960.png,,https://monet.1vasiliadi.com/#w960
961,Зима в Живерни,Winter at Giverny,L'Hiver à Giverny,1885,65 × 81,музей,"Художественный музей Пола, Хаконе","Pola Museum of Art, Hakone",Япония,Japan,,цветная фотография,https://monet.1vasiliadi.com/img/1600/w961.webp,https://commons.wikimedia.org/wiki/File:ClaudeMonet-1885-Winter_in_Giverny.png,https://www.wikidata.org/wiki/Q79790751,https://monet.1vasiliadi.com/#w961
962,Сена в Пор-Вийе. Эффект снега,The Seine at Port-Villez. Snow Effect,,1885,,частная коллекция,,,,,,скан из каталога,https://monet.1vasiliadi.com/img/1600/w962.webp,https://commons.wikimedia.org/wiki/File:Monet_w962.jpg,,https://monet.1vasiliadi.com/#w962
963,Иней в Живерни,Frost at Giverny,Le givre à Giverny,1885,54 × 71,музей,"Собрание Хассо Платтнера, Музей Барберини, Потсдам","Hasso Plattner Collection, Museum Barberini, Potsdam",Германия,Germany,,цветная фотография,https://monet.1vasiliadi.com/img/1600/w963.webp,https://commons.wikimedia.org/wiki/File:MB-Mon-18_Monet_Raureif-in-Giverny.jpg,https://www.wikidata.org/wiki/Q108479173,https://monet.1vasiliadi.com/#w963
964,Иней,Frost,Le Givre,1885,60 × 80,частная коллекция,,,,,,скан из каталога,https://monet.1vasiliadi.com/img/1600/w964.webp,https://commons.wikimedia.org/wiki/File:Monet_-_Wildenstein_1996%2C_964.png,,https://monet.1vasiliadi.com/#w964
965,Въезд в Живерни под снегом,Entrance to Giverny under the snow,L'Entrée de Giverny sous la neige,1885,65 × 81,частная коллекция,,,Франция,France,2006,скан из каталога,https://monet.1vasiliadi.com/img/1600/w965.webp,https://commons.wikimedia.org/wiki/File:Monet_w965.jpg,,https://monet.1vasiliadi.com/#w965
966,"Дорога в Живерни зимой, закат","Road to Giverny in Winter, Sunset","Entrée de Giverny en hiver, soleil couchant",1885,65 × 81,частная коллекция,,,Франция,France,2013,цветная фотография,https://monet.1vasiliadi.com/img/1600/w966.webp,https://commons.wikimedia.org/wiki/File:Claude_Monet_-_Entr%C3%A9e_de_Giverny_en_hiver%2C_soleil_couchant.jpg,https://www.wikidata.org/wiki/Q50819939,https://monet.1vasiliadi.com/#w966
967,Дорога в Живерни зимой,Road to Giverny in Winter,L'entrée de Giverny en hiver,1885,67 × 98,музей,"Собрание Хассо Платтнера, Музей Барберини, Потсдам","Hasso Plattner Collection, Museum Barberini, Potsdam",Германия,Germany,,цветная фотография,https://monet.1vasiliadi.com/img/1600/w967.webp,https://commons.wikimedia.org/wiki/File:MB-Mon-19_Monet_Ortseingang-von-Giverny-im-Winter_1.jpg,https://www.wikidata.org/wiki/Q108479175,https://monet.1vasiliadi.com/#w967
968,Дорога в Живерни зимой,Road to Giverny in Winter,Route de Giverny en hiver,1885,60 × 81,частная коллекция,,,,,2009,цветная фотография,https://monet.1vasiliadi.com/img/1600/w968.webp,https://commons.wikimedia.org/wiki/File:ROUTE_DE_GIVERNY_EN_HIVER_(1885)_Claude_Monet_(W_968).jpg,,https://monet.1vasiliadi.com/#w968
969,Дорога в низине в Живерни,Sunken Path at Giverny,Chemin creux à Giverny,1885,60 × 81,частная коллекция,,,,,,скан из каталога,https://monet.1vasiliadi.com/img/1600/w969.webp,https://commons.wikimedia.org/wiki/File:Monet_-_Wildenstein_1996%2C_969.png,,https://monet.1vasiliadi.com/#w969
970,Дорога в Живерни,Road to Giverny,La Route de Giverny,1885,60 × 81,частная коллекция,,,,,"Sotheby's, New York, 1996",скан из каталога,https://monet.1vasiliadi.com/img/1600/w970.webp,https://commons.wikimedia.org/wiki/File:Monet_w970.jpg,,https://monet.1vasiliadi.com/#w970
971,Скалы в Фалезе близ Живерни,Les Roches at Falaise near Giverny,"Les Roches à Falaise, près Giverny",1885,65 × 81,частная коллекция,,,,,,скан из каталога,https://monet.1vasiliadi.com/img/1600/w971.webp,https://commons.wikimedia.org/wiki/File:Monet_w971.jpg,,https://monet.1vasiliadi.com/#w971
972,Дома у дороги,Houses on the side of the Road,Maisons au bord de la route,1885,65 × 81,музей,"Художественный музей Хай, Атланта","High Museum of Art, Atlanta",США,United States,,скан из каталога,https://monet.1vasiliadi.com/img/1600/w972.webp,https://commons.wikimedia.org/wiki/File:Monet_w972.jpg,https://www.wikidata.org/wiki/Q117435200,https://monet.1vasiliadi.com/#w972
973,"Деревушка Фалез, зимний пейзаж","Hamlet of Falaise, Winter countryside","Le Hameau de Falaise, paysage d’hiver",1885,60 × 73,частная коллекция,,,США,United States,,скан из каталога,https://monet.1vasiliadi.com/img/1600/w973.webp,https://commons.wikimedia.org/wiki/File:Monet_-_Wildenstein_1996%2C_973.png,,https://monet.1vasiliadi.com/#w973
974,Скала близ Живерни,"Falaise, near Giverny","Hameau de Falaise, près Giverny",1885,60 × 81,частная коллекция,,,,,"Christie's, New York, 1995",скан из каталога,https://monet.1vasiliadi.com/img/1600/w974.webp,https://commons.wikimedia.org/wiki/File:Monet_w974.jpg,,https://monet.1vasiliadi.com/#w974
975,Зимний пейзаж в Валь-де-Фалез,Winter Landscape at the Val de Falaise,Paysage d'hiver au val de Falaise (Giverny),1885,65 × 81,музей,"Кунстхаус, Цюрих","Kunsthaus Zürich, Zurich",Швейцария,Switzerland,,цветная фотография,https://monet.1vasiliadi.com/img/1600/w975.webp,https://commons.wikimedia.org/wiki/File:Monet_-_Val_de_Falaise_(Giverny)_-_1885.jpg,https://www.wikidata.org/wiki/Q19869121,https://monet.1vasiliadi.com/#w975
976,Долина Фалез зимой,Valley of Falaise in Winter,Val de Falaise en hiver,1885,63.5 × 79,частная коллекция,,,,,2005,цветная фотография,https://monet.1vasiliadi.com/img/1600/w976.webp,https://commons.wikimedia.org/wiki/File:VAL_DE_FALAISE_EN_HIVER_(1885)_Claude_Monet_(W976).jpg,,https://monet.1vasiliadi.com/#w976
977,Дома в Фалезе в тумане,Houses at Falaise in the Fog,"Maisons à Falaise, brouillard",1885,73 × 92,музей,"Музей Вальрафа-Рихарца и фонд Корбу, Кёльн","Wallraf-Richartz-Museum & Fondation Corboud, Cologne",Германия,Germany,,цветная фотография,https://monet.1vasiliadi.com/img/1600/w977.webp,https://commons.wikimedia.org/wiki/File:Monet_-_Maisons_%C3%A0_Falaise%2C_brouillard.jpg,https://www.wikidata.org/wiki/Q116143411,https://monet.1vasiliadi.com/#w977
978,Долина Фалез,The Valley of Falaise,Le Val de Falaise,1885,73 × 92,частная коллекция,,,,,,цветная фотография,https://monet.1vasiliadi.com/img/1600/w978.webp,https://commons.wikimedia.org/wiki/File:Monet_-_the-valley-of-falaise.jpg,,https://monet.1vasiliadi.com/#w978
979,Валь-де-Фалез,Val de Falaise,,1885,73.5 × 73.5,частная коллекция,,,,,2007,цветная фотография,https://monet.1vasiliadi.com/img/1600/w979.webp,https://commons.wikimedia.org/wiki/File:Val_de_Falaise_(1885)_Claude_Monet_(W_979).jpg,,https://monet.1vasiliadi.com/#w979
980,Весна на берегах Эпта,Spring on the Banks of the Epte,"Printemps, bord de l'Epte",1885,65 × 81,частная коллекция,,,,,,скан из каталога,https://monet.1vasiliadi.com/img/1600/w980.webp,https://commons.wikimedia.org/wiki/File:Monet_w980.jpg,,https://monet.1vasiliadi.com/#w980
981,Ивы весной,Willows in Springtime,"Printemps, saules",1885,65 × 81,частная коллекция,,,,,,цветная фотография,https://monet.1vasiliadi.com/img/1600/w981.webp,https://commons.wikimedia.org/wiki/File:Monet_-_willows-in-springtime.jpg,,https://monet.1vasiliadi.com/#w981
982,Деревья у реки. Весна в Живерни,"Trees by the River, Springtime in Giverny","Arbres au bord de l'eau, printemps à Giverny",1885,81 × 100,частная коллекция,,,Япония,Japan,2024,скан из каталога,https://monet.1vasiliadi.com/img/1600/w982.webp,https://commons.wikimedia.org/wiki/File:Monet_w982.jpg,,https://monet.1vasiliadi.com/#w982
983,Ива (Весна на Эпте),The Willow (also known as Spring on the Epte),Le Saule,1885,65 × 92,частная коллекция,,,,,2010,цветная фотография,https://monet.1vasiliadi.com/img/1600/w983.webp,https://commons.wikimedia.org/wiki/File:Le_Saule_(1885)_Claude_Monet_(W_983).jpg,,https://monet.1vasiliadi.com/#w983
984,Река Эпт,The River Epte,L'Epte,1885,81 × 65,частная коллекция,,,,,,цветная фотография,https://monet.1vasiliadi.com/img/1600/w984.webp,https://commons.wikimedia.org/wiki/File:Monet_-_the-river-epte.jpg,,https://monet.1vasiliadi.com/#w984
985,Река и мельница близ Живерни,River and Mill near Giverny,Rivière et moulin près de Giverny,1885,72 × 51,частная коллекция,,,США,United States,,скан из каталога,https://monet.1vasiliadi.com/img/1600/w985.webp,https://commons.wikimedia.org/wiki/File:Monet_w985.jpg,,https://monet.1vasiliadi.com/#w985
986,Весна в Живерни. Утро,"Spring in Giverny, Morning Effect","Printemps à Giverny, effet du matin",1885,60 × 81,частная коллекция,,,,,2019,скан из каталога,https://monet.1vasiliadi.com/img/1600/w986.webp,https://commons.wikimedia.org/wiki/File:Monet_w986.jpg,,https://monet.1vasiliadi.com/#w986
987,Весна в Живерни. После полудня,"Spring in Giverny, Afternoon Effect","Printemps à Giverny, effet d'après-midi",1885,60 × 81,музей,"Музей изящных искусств, Сент-Питерсберг (Флорида)","Museum of Fine Arts (St. Petersburg, Florida)",США,United States,2017,скан из каталога,https://monet.1vasiliadi.com/img/1600/w987.webp,https://commons.wikimedia.org/wiki/File:Monet_w987.jpg,,https://monet.1vasiliadi.com/#w987
988,Цветущие груши,Pear Trees in Flower,Poirier en fleurs,1885,65 × 81,частная коллекция,,,США,United States,2013,цветная фотография,https://monet.1vasiliadi.com/img/1600/w988.webp,https://commons.wikimedia.org/wiki/File:Poirier_en_fleurs_(1885)_Claude_Monet_(W_988).jpg,,https://monet.1vasiliadi.com/#w988
989,Беннекур,Bennecourt,,1885,74 × 74,частная коллекция,,,,,2000,скан из каталога,https://monet.1vasiliadi.com/img/1600/w989.webp,https://commons.wikimedia.org/wiki/File:Monet_-_Wildenstein_1996%2C_989.png,,https://monet.1vasiliadi.com/#w989
990,Церковь в Беннекуре,The Church at Bennecourt,L'Église de Bennecourt,1885,80 × 73,частная коллекция,,,,,,скан из каталога,https://monet.1vasiliadi.com/img/1600/w990.webp,https://commons.wikimedia.org/wiki/File:Monet_-_Wildenstein_1996%2C_990.png,,https://monet.1vasiliadi.com/#w990
991,Луг в Живерни,Meadow at Giverny,Le Pré à Giverny,1885,60 × 73,частная коллекция,,,,,,скан из каталога,https://monet.1vasiliadi.com/img/1600/w991.webp,https://commons.wikimedia.org/wiki/File:Monet_-_Wildenstein_1996%2C_991.png,,https://monet.1vasiliadi.com/#w991
992,Луг в Живерни,Meadow at Giverny,Prairie à Giverny,1885,65 × 81,частная коллекция,,,,,2018,скан из каталога,https://monet.1vasiliadi.com/img/1600/w992.webp,https://commons.wikimedia.org/wiki/File:Monet_w992.jpg,,https://monet.1vasiliadi.com/#w992
993,Стог сена в Живерни,Haystacks at Giverny,Les meules à Giverny,1885,65 × 81,частная коллекция,,,,,2015,цветная фотография,https://monet.1vasiliadi.com/img/1600/w993.webp,https://commons.wikimedia.org/wiki/File:Claude_Monet%2C_1885_-_Haystacks_at_Giverny.jpg,https://www.wikidata.org/wiki/Q138911799,https://monet.1vasiliadi.com/#w993
994,Стога,Haystacks,Meule de foin,1885,65 × 81,музей,"Художественный музей Охара, Курасики","Ohara Museum of Art, Kurashiki",Япония,Japan,,цветная фотография,https://monet.1vasiliadi.com/img/1600/w994.webp,https://commons.wikimedia.org/wiki/File:Claude_Monet_-_Haystacks_-_Google_Art_Project.jpg,https://www.wikidata.org/wiki/Q28777012,https://monet.1vasiliadi.com/#w994
995,Луг со стогами близ Живерни,Meadow with Haystacks near Giverny,Prairie aux meules près de Giverny,1885,73.6 × 93.4,музей,"Музей изящных искусств, Бостон","Museum of Fine Arts, Boston",США,United States,,цветная фотография,https://monet.1vasiliadi.com/img/1600/w995.webp,https://commons.wikimedia.org/wiki/File:Monet_-_Meadow_with_Haystacks_near_Giverny%2C_1885.jpg,https://www.wikidata.org/wiki/Q20538957,https://monet.1vasiliadi.com/#w995
996,Цветущий луг,Flowery Meadow,La Prairie fleurie,1885,65 × 81,музей,"Собрание Хассо Платтнера, Музей Барберини, Потсдам","Hasso Plattner Collection, Museum Barberini, Potsdam",Германия,Germany,,цветная фотография,https://monet.1vasiliadi.com/img/1600/w996.webp,https://commons.wikimedia.org/wiki/File:MB-Mon-20_Monet_Die-bluehende-Wiese_1.jpg,https://www.wikidata.org/wiki/Q108479176,https://monet.1vasiliadi.com/#w996
997,Маковое поле в Живерни,Poppy Field at Giverny,Champs de coquelicots à Giverny,1885,60 × 73,музей,"Музей изящных искусств Вирджинии, Ричмонд","Virginia Museum of Fine Arts, Richmond",США,United States,,цветная фотография,https://monet.1vasiliadi.com/img/1600/w997.webp,https://commons.wikimedia.org/wiki/File:Monet_-_Field_of_Poppies%2C_Giverny%2C_1885.jpg,https://www.wikidata.org/wiki/Q85224931,https://monet.1vasiliadi.com/#w997
998,Поле маков,Poppy Field,Champ de coquelicots,1885,65 × 81,частная коллекция,,,США,United States,,скан из каталога,https://monet.1vasiliadi.com/img/1600/w998.webp,https://commons.wikimedia.org/wiki/File:Monet_-_Wildenstein_1996%2C_998.png,,https://monet.1vasiliadi.com/#w998
999,Маковое поле в Живерни,Poppy Field at Giverny,"Champ de coquelicots, environs de Giverny",1885,65 × 81,музей,"Музей Орсе, Париж","Musée d'Orsay, Paris",Франция,France,,цветная фотография,https://monet.1vasiliadi.com/img/1600/w999.webp,https://commons.wikimedia.org/wiki/File:Monet_-_Champ_de_coquelicots_%3B_environs_de_Giverny%2C_1885.jpg,https://www.wikidata.org/wiki/Q17490991,https://monet.1vasiliadi.com/#w999
1000,Маковое поле в низине близ Живерни,Poppy Field in a Hollow near Giverny,Champ de coquelicots dans un creux près de Giverny,1885,65 × 81,музей,"Музей изящных искусств, Бостон","Museum of Fine Arts, Boston",США,United States,,цветная фотография,https://monet.1vasiliadi.com/img/1600/w1000.webp,https://commons.wikimedia.org/wiki/File:Claude_Monet_-_Poppy_Field_in_a_Hollow_near_Giverny_-_Google_Art_Project.jpg,https://www.wikidata.org/wiki/Q20538915,https://monet.1vasiliadi.com/#w1000
1001,Дорога близ Живерни,Road near Giverny,Route près de Giverny,1885,65 × 81,частная коллекция,,,,,,скан из каталога,https://monet.1vasiliadi.com/img/1600/w1001.webp,https://commons.wikimedia.org/wiki/File:Monet_w1001.jpg,,https://monet.1vasiliadi.com/#w1001
1002,Дорога близ Живерни,Road near Giverny,Chemin,1885,65 × 81,частная коллекция,,,,,2013,цветная фотография,https://monet.1vasiliadi.com/img/1600/w1002.webp,https://commons.wikimedia.org/wiki/File:Chemin_(1885)_Claude_Monet_(W1002).jpg,,https://monet.1vasiliadi.com/#w1002
1003,Пейзаж в Пор-Вийе,Landscape at Port-Villez,,1885,65 × 92,частная коллекция,,,,,,скан из каталога,https://monet.1vasiliadi.com/img/1600/w1003.webp,https://commons.wikimedia.org/wiki/File:Monet_w1003.jpg,,https://monet.1vasiliadi.com/#w1003
1004,Берега Сены в Пор-Вилле,The Banks of the Seine at Port-Villez,,1885,65 × 81,частная коллекция,,,,,"Sotheby's, London, 1995",скан из каталога,https://monet.1vasiliadi.com/img/1600/w1004.webp,https://commons.wikimedia.org/wiki/File:Monet_w1004.jpg,,https://monet.1vasiliadi.com/#w1004
1005,Берега Сены в Пор-Вилле,Banks of the Seine at Port-Villez,Bords de la Seine à Port-Villez,1885,67 × 82.5,музей,"Музей Вальрафа-Рихарца и фонд Корбу, Кёльн","Wallraf-Richartz-Museum & Fondation Corboud, Cologne",Германия,Germany,,скан из каталога,https://monet.1vasiliadi.com/img/1600/w1005.webp,https://commons.wikimedia.org/wiki/File:Monet_w1005.jpg,,https://monet.1vasiliadi.com/#w1005
1006,Сена близ Живерни,The Seine near Giverny,La Seine près de Giverny,1885,65 × 92,музей,"Художественный музей Денвера, Денвер","Denver Art Museum, Denver",США,United States,,цветная фотография,https://monet.1vasiliadi.com/img/1600/w1006.webp,https://commons.wikimedia.org/wiki/File:The_Seine_near_Giverny_(La_Seine_pr%C3%A8s_de_Giverny)_-_1885_-_Claude_Monet_-_Denver_Art_Museum.png,https://www.wikidata.org/wiki/Q106925119,https://monet.1vasiliadi.com/#w1006
1007,Сена близ Живерни,The Seine near Giverny,La Seine à Giverny,1885,65 × 92,музей,"Музей Школы дизайна Род-Айленда, Провиденс","Rhode Island School of Design Museum, Providence",США,United States,,цветная фотография,https://monet.1vasiliadi.com/img/1600/w1007.webp,https://commons.wikimedia.org/wiki/File:Monet_-_The_Seine_at_Giverny%2C_1885.jpg,https://www.wikidata.org/wiki/Q64511464,https://monet.1vasiliadi.com/#w1007
1008,Рукав Сены в Живерни,Arm of the Seine at Giverny,Bras de Seine à Giverny,1885,65 × 92,музей,"Музей Мармоттан-Моне, Париж","Musée Marmottan Monet, Paris",Франция,France,,скан из каталога,https://monet.1vasiliadi.com/img/1600/w1008.webp,https://commons.wikimedia.org/wiki/File:Monet_w1008.jpg,https://www.wikidata.org/wiki/Q105099624,https://monet.1vasiliadi.com/#w1008
1009,Этрета. Пляж и скала Амон,Etretat: The Beach and the Falaise d'Amont,,1885,60 × 81,частная коллекция,,,,,,скан из каталога,https://monet.1vasiliadi.com/img/1600/w1009.webp,https://commons.wikimedia.org/wiki/File:Monet_-_Wildenstein_1996%2C_1009.png,,https://monet.1vasiliadi.com/#w1009
1010,Скалы Амон,Cliffs at Amont,,1885,60 × 73,частная коллекция,,,США,United States,,скан из каталога,https://monet.1vasiliadi.com/img/1600/w1010.webp,https://commons.wikimedia.org/wiki/File:Monet_w1010.jpg,,https://monet.1vasiliadi.com/#w1010
1011,"Скала и Порт-д'Амон, утро","Cliff and Porte d'Amont, Morning Effect","Falaise et Porte d'Amont, effet du matin",1885,50 × 61,музей,"Музей Мармоттан-Моне, Париж","Musée Marmottan Monet, Paris",Франция,France,,скан из каталога,https://monet.1vasiliadi.com/img/1600/w1011.webp,https://commons.wikimedia.org/wiki/File:Monet_w1011.jpg,https://www.wikidata.org/wiki/Q105099569,https://monet.1vasiliadi.com/#w1011
1012,Пляж и скала д’Амон,The Beach and the Falaise d'Amont,Étretat: La Plage et la Falaise d'Amont,1885,67.5 × 64.5,музей,Чикагский институт искусств,Art Institute of Chicago,США,United States,,цветная фотография,https://monet.1vasiliadi.com/img/1600/w1012.webp,https://www.artic.edu/artworks/20535,https://www.wikidata.org/wiki/Q20266922,https://monet.1vasiliadi.com/#w1012
1013,Рыбацкие лодки. Этрета,"Fishing Boats, Etretat","Bateaux de pêche, Étretat",1885,60 × 81,музей,"Музей Эжена Будена, Онфлёр","Musée Eugène Boudin, Honfleur",Франция,France,,скан из каталога,https://monet.1vasiliadi.com/img/1600/w1013.webp,https://commons.wikimedia.org/wiki/File:Monet_w1013.jpg,https://www.wikidata.org/wiki/Q75661228,https://monet.1vasiliadi.com/#w1013
1014,Скала Аваль и Игла,Cliff of Aval and the Porte d'Aiguille,,1885,59 × 80,частная коллекция,,,,,,скан из каталога,https://monet.1vasiliadi.com/img/1600/w1014.webp,https://commons.wikimedia.org/wiki/File:Monet_w1014.jpg,,https://monet.1vasiliadi.com/#w1014
1014a,"Этрета, Порт-д'Аваль","Etretat, the Port d'Aval",,1885,60 × 81,частная коллекция,,,,,,скан из каталога,https://monet.1vasiliadi.com/img/1600/w1014a.webp,https://commons.wikimedia.org/wiki/File:Monet_-_Wildenstein_1996%2C_1014a.png,,https://monet.1vasiliadi.com/#w1014a
1015,"Этрета, конец дня","Etretat, End of the Day",,1885,50 × 61,частная коллекция,,,,,,скан из каталога,https://monet.1vasiliadi.com/img/1600/w1015.webp,https://commons.wikimedia.org/wiki/File:Monet_w1015.jpg,,https://monet.1vasiliadi.com/#w1015
1015a,"Этрета, конец дня","Etretat, End of the Day","La Manne-Porte, Etretat",1885,60 × 73,музей,"Королевские музеи изящных искусств Бельгии, Брюссель","Royal Museums of Fine Arts of Belgium, Brussels",Бельгия,Belgium,,скан из каталога,https://monet.1vasiliadi.com/img/1600/w1015a.webp,https://commons.wikimedia.org/wiki/File:Monet_-_Wildenstein_1996%2C_1015a.png,https://www.wikidata.org/wiki/Q122209553,https://monet.1vasiliadi.com/#w1015a
1016,Закат в Этрета,Sunset at Etretat,,1885,81 × 100,музей,"Художественный музей Пола, Хаконе","Pola Museum of Art, Hakone",Япония,Japan,,скан из каталога,https://monet.1vasiliadi.com/img/1600/w1016.webp,https://commons.wikimedia.org/wiki/File:Monet_w1016.jpg,https://www.wikidata.org/wiki/Q79790771,https://monet.1vasiliadi.com/#w1016
1017,"Этрета, скала и Порт-д'Аваль","Etretat, Cliff and the Porte d'Aval",,1885,65 × 81,частная коллекция,,,Япония,Japan,,скан из каталога,https://monet.1vasiliadi.com/img/1600/w1017.webp,https://commons.wikimedia.org/wiki/File:Monet_w1017.jpg,,https://monet.1vasiliadi.com/#w1017
1018,Скалы у Врат д’Аваль,The Cliffs of the Porte d'Aval,,1885,65 × 81,музей,"Собрание Хассо Платтнера, Музей Барберини, Потсдам","Hasso Plattner Collection, Museum Barberini, Potsdam",Германия,Germany,,скан из каталога,https://monet.1vasiliadi.com/img/1600/w1018.webp,https://commons.wikimedia.org/wiki/File:Monet_w1018.jpg,https://www.wikidata.org/wiki/Q108479453,https://monet.1vasiliadi.com/#w1018
1019,Скала д’Аваль. Этрета,"The Cliff of Aval, Etrétat",,1885,65 × 92,музей,"Музей Израиля, Иерусалим","Israel Museum, Jerusalem",Израиль,Israel,,цветная фотография,https://monet.1vasiliadi.com/img/1600/w1019.webp,https://commons.wikimedia.org/wiki/File:Claude_Monet_-_The_Cliff_of_Aval%2C_Etr%C3%A9tat_-_Google_Art_Project.jpg,https://www.wikidata.org/wiki/Q28777014,https://monet.1vasiliadi.com/#w1019
1020,Зима в Этрета,Winter Scene at Etretat,Paysage d'hiver à Étretat,1885,65 × 81,частная коллекция,,,,,,скан из каталога,https://monet.1vasiliadi.com/img/1600/w1020.webp,https://commons.wikimedia.org/wiki/File:Monet_w1020.jpg,,https://monet.1vasiliadi.com/#w1020
1021,Поля в Этрета,Fields at Etretat,Champs à Étretat,1885,65 × 81,частная коллекция,,,,,,скан из каталога,https://monet.1vasiliadi.com/img/1600/w1021.webp,https://commons.wikimedia.org/wiki/File:Monet_-_Wildenstein_1996%2C_1021.png,,https://monet.1vasiliadi.com/#w1021
1022,Окрестности Этрета,Countryside at Etretat,Paysage à Étretat,1885,,частная коллекция,,,Франция,France,,скан из каталога,https://monet.1vasiliadi.com/img/1600/w1022.webp,https://commons.wikimedia.org/wiki/File:Monet_w1022.jpg,,https://monet.1vasiliadi.com/#w1022
1023,Нормандский домик,Normandy cottage,Chaumière normande,1885,65 × 81,музей,"Кунстхаус, Цюрих","Kunsthaus Zürich, Zurich",Швейцария,Switzerland,,цветная фотография,https://monet.1vasiliadi.com/img/1600/w1023.webp,https://commons.wikimedia.org/wiki/File:Chaumi%C3%A8re_normande_(1885)_de_Claude_Monet_(W_1023)_-_Kunsthaus_Zurich.jpg,https://www.wikidata.org/wiki/Q124252687,https://monet.1vasiliadi.com/#w1023
1024,Лодки на пляже в Этрета,Boats on the Beach at Etretat,Bateaux sur la plage à Étretat,1885,65.5 × 81.3,музей,Чикагский институт искусств,Art Institute of Chicago,США,United States,,цветная фотография,https://monet.1vasiliadi.com/img/1600/w1024.webp,https://www.artic.edu/artworks/14630,https://www.wikidata.org/wiki/Q20268564,https://monet.1vasiliadi.com/#w1024
1025,Выход лодок. Этрета,"The Departure of the Boats, Etretat","Le Départ des bateaux, à Étretat",1885,73 × 92,музей,Чикагский институт искусств,Art Institute of Chicago,США,United States,,цветная фотография,https://monet.1vasiliadi.com/img/1600/w1025.webp,https://www.artic.edu/artworks/81540,https://www.wikidata.org/wiki/Q20266369,https://monet.1vasiliadi.com/#w1025
1026,Рыбацкие лодки,Fishing Boats,Bateaux de pêche,1885,52 × 61,частная коллекция,,,,,,скан из каталога,https://monet.1vasiliadi.com/img/1600/w1026.webp,https://commons.wikimedia.org/wiki/File:Monet_w1026.jpg,https://www.wikidata.org/wiki/Q98392816,https://monet.1vasiliadi.com/#w1026
1027,Парусник. Вечер,"Sailboat, Evening Effect","Le voilier, effet du soir",1885,54 × 65,музей,"Музей Мармоттан-Моне, Париж","Musée Marmottan Monet, Paris",Франция,France,,цветная фотография,https://monet.1vasiliadi.com/img/1600/w1027.webp,https://commons.wikimedia.org/wiki/File:Claude_Monet_-_Sailing_Boat%2C_Evening_Effect.jpg,https://www.wikidata.org/wiki/Q105099622,https://monet.1vasiliadi.com/#w1027
1028,Рыбацкие лодки в Этрета,Fishing Boats in Etretat,Barques de pêche à Étretat,1885,73 × 92,музей,Художественный музей Сиэтла,Seattle Art Museum,США,United States,,скан из каталога,https://monet.1vasiliadi.com/img/1600/w1028.webp,https://commons.wikimedia.org/wiki/File:Monet_w1028.jpg,https://www.wikidata.org/wiki/Q22205286,https://monet.1vasiliadi.com/#w1028
1029,Три рыбацкие лодки,Three Fishing Boats,Trois Bateaux de pêche,1885,73 × 92,музей,"Музей изобразительных искусств, Будапешт","Museum of Fine Arts, Budapest",Венгрия,Hungary,,цветная фотография,https://monet.1vasiliadi.com/img/1600/w1029.webp,https://commons.wikimedia.org/wiki/File:Claude_Monet_-_Three_Fishing_Boats_-_Google_Art_Project.jpg,https://www.wikidata.org/wiki/Q22205318,https://monet.1vasiliadi.com/#w1029
1030,Лодки на гальке,Boats on the Pebbles,Bateaux de pêche,1885,73 × 92,частная коллекция,,,,,2004,цветная фотография,https://monet.1vasiliadi.com/img/1600/w1030.webp,https://commons.wikimedia.org/wiki/File:Bateaux_sur_le_galet_(1884-1885)_Claude_Monet_(W_1030).jpg,,https://monet.1vasiliadi.com/#w1030
1030a,"Этрета, лодка на пляже","Etretat, Boat on the Beach",Étude de bateaux sur la plage d'Étretat,1885,50 × 61,частная коллекция,,,США,United States,2010,скан из каталога,https://monet.1vasiliadi.com/img/1600/w1030a.webp,https://commons.wikimedia.org/wiki/File:Monet_w1030a.jpg,,https://monet.1vasiliadi.com/#w1030a
1031,Лодки на пляже,Boats on the Beach,Barques sur la plage,1885,,частная коллекция,,,Франция,France,,скан из каталога,https://monet.1vasiliadi.com/img/1600/w1031.webp,https://commons.wikimedia.org/wiki/File:Monet_w1031.jpg,,https://monet.1vasiliadi.com/#w1031
1031a,Лодки на пляже,Boats on the Beach,"Étretat, bateau échoué sur la plage",1885,,частная коллекция,,,,,,скан из каталога,https://monet.1vasiliadi.com/img/1600/w1031a.webp,https://commons.wikimedia.org/wiki/File:Monet_-_Wildenstein_1996%2C_1031a.png,,https://monet.1vasiliadi.com/#w1031a
1032,Парусники у скалы Игла,Sailboats off the Aiguille,,1885,65 × 81,частная коллекция,,,,,,скан из каталога,https://monet.1vasiliadi.com/img/1600/w1032.webp,https://commons.wikimedia.org/wiki/File:Monet_w1032.jpg,,https://monet.1vasiliadi.com/#w1032
1033,Скала Игла и Врата д’Аваль,The Aiguille and the Porte d'Aval,,1885,65 × 81,музей,"Музей Фицуильяма, Кембридж","Fitzwilliam Museum, Cambridge",Великобритания,United Kingdom,,скан из каталога,https://monet.1vasiliadi.com/img/1600/w1033.webp,https://commons.wikimedia.org/wiki/File:Monet_w1033.jpg,https://www.wikidata.org/wiki/Q50819798,https://monet.1vasiliadi.com/#w1033
1034,Скалы в Этрета (Массачусетс),The Cliffs at Etretat,Les Falaises à Étretat,1885,65 × 81,музей,"Институт искусств Кларка, Уильямстаун","Clark Art Institute, Williamstown",США,United States,,цветная фотография,https://monet.1vasiliadi.com/img/1600/w1034.webp,https://commons.wikimedia.org/wiki/File:Claude_Monet_The_Cliffs_at_Etretat.jpg,https://www.wikidata.org/wiki/Q3232513,https://monet.1vasiliadi.com/#w1034
1035,Маннпорт в прилив,The Manneport at High Tide,,1885,65 × 81,частная коллекция,,,,,,скан из каталога,https://monet.1vasiliadi.com/img/1600/w1035.webp,https://commons.wikimedia.org/wiki/File:Monet_w1035.jpg,,https://monet.1vasiliadi.com/#w1035
1036,Волны у Маннпорта,Waves at the Manneport,,1885,73 × 92,частная коллекция,,,США,United States,,скан из каталога,https://monet.1vasiliadi.com/img/1600/w1036.webp,https://commons.wikimedia.org/wiki/File:Monet_w1036.jpg,,https://monet.1vasiliadi.com/#w1036
1037,Маннпорт. Этрета,"Manne-Porte, Étretat","La Manneporte, Étretat",1885,65.5 × 81.3,музей,Художественный музей Филадельфии,Philadelphia Museum of Art,США,United States,,цветная фотография,https://monet.1vasiliadi.com/img/1600/w1037.webp,https://commons.wikimedia.org/wiki/File:%C3%89tretat_Philadelphia_01.JPG,https://www.wikidata.org/wiki/Q20809471,https://monet.1vasiliadi.com/#w1037
1038,"Этрета. Маннпорт, отражение в воде","Étretat, the Manneporte, Reflection on Water","Étretat, la Manneporte, reflets sur l'eau",1885,65 × 81,музей,"Музей Орсе, Париж","Musée d'Orsay, Paris",Франция,France,,цветная фотография,https://monet.1vasiliadi.com/img/1600/w1038.webp,https://commons.wikimedia.org/wiki/File:Caen_(Calvados)_-_Mus%C3%A9e_des_Beaux-Arts_-_%22Etretat%2C_La_Manneporte%2C_reflets_sur_l'eau%22_(Claude_Monet%2C_1840-1929)_(48710188116).jpg,https://www.wikidata.org/wiki/Q17491356,https://monet.1vasiliadi.com/#w1038
1039,Долина Антифер,The Valley of Antifer,,1885,65 × 81,частная коллекция,,,,,,скан из каталога,https://monet.1vasiliadi.com/img/1600/w1039.webp,https://commons.wikimedia.org/wiki/File:Monet_w1039.jpg,,https://monet.1vasiliadi.com/#w1039
1040,Игла в Этрета сквозь Врата д’Амон,The Needle of Étretat seen through the Porte d'Amont,,1885,73 × 60,частная коллекция,,,,,,скан из каталога,https://monet.1vasiliadi.com/img/1600/w1040.webp,https://commons.wikimedia.org/wiki/File:Monet_-_Wildenstein_1996%2C_1040.png,,https://monet.1vasiliadi.com/#w1040
1041,Игла в Этрета сквозь Врата д’Амон,The Needle of Étretat seen through the Porte d'Amont,L'aiguille d'Étretat vue à travers la porte d'Amont,1885,,частная коллекция,,,,,,цветная фотография,https://monet.1vasiliadi.com/img/1600/w1041.webp,https://commons.wikimedia.org/wiki/File:Claude_Monet_-_L'aiguille_d'%C3%89tretat_vue_%C3%A0_travers_la_porte_d'Amont.jpg,https://www.wikidata.org/wiki/Q66929477,https://monet.1vasiliadi.com/#w1041
1042,"Скала Игла и Порт-д’Аваль, вид с запада",The Rock Needle and the Porte d'Aval seen from the West,L'Aiguille et la Porte d'Aval vues en amont,1886,81 × 65,музей,"Музей Кригера, Вашингтон","Kreeger Museum, Washington D.C.",США,United States,,скан из каталога,https://monet.1vasiliadi.com/img/1600/w1042.webp,https://commons.wikimedia.org/wiki/File:Monet_w1042.jpg,https://www.wikidata.org/wiki/Q68041442,https://monet.1vasiliadi.com/#w1042
1043,Скала Игла и Порт-д’Аваль,The Rock Needle and the Porte d'Aval,"Étretat, L'Aiguille et la Porte d'Aval",1887,81 × 39,музей,"Художественная галерея Онтарио, Торонто","Art Gallery of Ontario, Toronto",Канада,Canada,,цветная фотография,https://monet.1vasiliadi.com/img/1600/w1043.webp,https://commons.wikimedia.org/wiki/File:Monet_-_%C3%89tretat%2C_L'Aiguille_et_la_Porte_d'Aval%2C_1885-1886.jpg,https://www.wikidata.org/wiki/Q116241564,https://monet.1vasiliadi.com/#w1043
1044,Этрета под дождём,Etretat in the Rain,Pluie à Étretat,1885–86,60.5 × 73.5,музей,"Национальная галерея Норвегии, Осло","National Gallery of Norway, Oslo",Норвегия,Norway,,цветная фотография,https://monet.1vasiliadi.com/img/1600/w1044.webp,https://commons.wikimedia.org/wiki/File:Claude_Monet_-_Regnv%C3%A6r%2C_Etretat_-_Google_Art_Project.jpg,https://www.wikidata.org/wiki/Q22205297,https://monet.1vasiliadi.com/#w1044
1045,"Этрета, скала Аваль с аркой и Иглой","Etretat, Cliff of Aval with the Porte and the Aiguille",,1885,56 × 82.5,частная коллекция,,,,,,скан из каталога,https://monet.1vasiliadi.com/img/1600/w1045.webp,https://commons.wikimedia.org/wiki/File:Monet_w1045.jpg,,https://monet.1vasiliadi.com/#w1045
1046,Скалы в Этрета (Москва),The Cliffs at Étretat,Les Falaises à Étretat,1886,66 × 81,музей,"ГМИИ им. Пушкина, Москва","Pushkin Museum, Moscow",Россия,Russia,,цветная фотография,https://monet.1vasiliadi.com/img/1600/w1046.webp,https://commons.wikimedia.org/wiki/File:'The_Beach_at_%C3%89tretat'_by_Claude_Monet%2C_1885-86%2C_Pushkin_Museum.jpg,https://www.wikidata.org/wiki/Q3952520,https://monet.1vasiliadi.com/#w1046
1047,"Этрета. Порт-д’Аваль, рыбацкие лодки выходят из гавани","Étretat, the Porte d'Aval: Fishing Boats Leaving the Harbour","Étretat, la porte d'Aval : bateaux de pêche sortant du port",1885,60 × 81,музей,"Музей изящных искусств, Дижон",Musée des Beaux-Arts de Dijon,Франция,France,,цветная фотография,https://monet.1vasiliadi.com/img/1600/w1047.webp,https://commons.wikimedia.org/wiki/File:Claude_Monet-Etretat_the_Aval_door_fishing_boats_leaving_the_harbour_mg_1819.jpg,https://www.wikidata.org/wiki/Q15951345,https://monet.1vasiliadi.com/#w1047
1048,Скала и Порт-д'Амон в непогоду,Cliff and Porte d'Amont in Rough Weather,,1885–86,65 × 81,частная коллекция,,,Франция,France,,скан из каталога,https://monet.1vasiliadi.com/img/1600/w1048.webp,https://commons.wikimedia.org/wiki/File:Monet_w1048.jpg,,https://monet.1vasiliadi.com/#w1048
1049,"Скала Игла, видимая через Порт-д’Аваль",The Rock Needle Seen through the Porte d'Aval,L'Aiguille vue à travers la Porte d'Aval,1885–86,65 × 92,музей,"Национальная галерея Канады, Оттава","National Gallery of Canada, Ottawa",Канада,Canada,,цветная фотография,https://monet.1vasiliadi.com/img/1600/w1049.webp,https://commons.wikimedia.org/wiki/File:Monet%2C_Claude_-_L'Aiguille_vue_%C3%A0_travers_la_Porte_d'Aval_(1885-1886)_W_1049.jpg,https://www.wikidata.org/wiki/Q22205287,https://monet.1vasiliadi.com/#w1049
1050,"Скала Игла, видимая через Порт-д’Аваль",The Rock Needle seen through the Porte d'Aval,,1886,73 × 92,частная коллекция,,,,,,скан из каталога,https://monet.1vasiliadi.com/img/1600/w1050.webp,https://commons.wikimedia.org/wiki/File:Monet_w1050.jpg,,https://monet.1vasiliadi.com/#w1050
1051,Скала Игла и Порт-д’Аваль,The Rock Needle and the Porte d'Aval,,1886,65 × 81,музей,"Художественный музей Симане, Мацуэ","Shimane Art Museum, Matsue",Япония,Japan,,скан из каталога,https://monet.1vasiliadi.com/img/1600/w1051.webp,https://commons.wikimedia.org/wiki/File:Monet_w1051.jpg,https://www.wikidata.org/wiki/Q72979794,https://monet.1vasiliadi.com/#w1051
1052,Маннпорт близ Этрета,The Manneporte near Étretat,La Manneporte,1886,81.3 × 65.4,музей,"Метрополитен-музей, Нью-Йорк","Metropolitan Museum of Art, New York",США,United States,,цветная фотография,https://monet.1vasiliadi.com/img/1600/w1052.webp,https://commons.wikimedia.org/wiki/File:Claude_Monet_-_La_Manneporte_pr%C3%A8s_d'%C3%89tretat.jpg,https://www.wikidata.org/wiki/Q3820962,https://monet.1vasiliadi.com/#w1052
1053,Маннпорт,The Manneporte,,1886,92 × 73,частная коллекция,,,,,,скан из каталога,https://monet.1vasiliadi.com/img/1600/w1053.webp,https://commons.wikimedia.org/wiki/File:Monet_-_Wildenstein_1996%2C_1053.png,,https://monet.1vasiliadi.com/#w1053
1054,Эффект снега в Фалезе,Snow Effect at Falaise,Effet de neige à Falaise,1885–86,66 × 81,частная коллекция,,,,,,скан из каталога,https://monet.1vasiliadi.com/img/1600/w1054.webp,https://commons.wikimedia.org/wiki/File:Monet_w1054.jpg,,https://monet.1vasiliadi.com/#w1054
1055,Деревня Живерни под снегом,The Village of Giverny under the Snow,"Paysage à Giverny, effet de neige",1886,65 × 81,музей,"Музей Хехта, Хайфа","Hecht Museum, Haifa",Израиль,Israel,,цветная фотография,https://monet.1vasiliadi.com/img/1600/w1055.webp,https://commons.wikimedia.org/wiki/File:Paysage_%C3%A0_Giverny%2C_effet_de_neige_(1886)_Claude_Monet_-_Hecht_Museum%2C_University_of_Haifa.jpg,https://www.wikidata.org/wiki/Q76630321,https://monet.1vasiliadi.com/#w1055
1056,Эффект снега в Лимеце,Snow Effect at Limetz,Effet de neige à Limetz,1885–86,65 × 81,музей,Художественный музей Сан-Диего,San Diego Museum of Art,Германия,Germany,,скан из каталога,https://monet.1vasiliadi.com/img/1600/w1056.webp,https://commons.wikimedia.org/wiki/File:Monet_w1056.jpg,https://www.wikidata.org/wiki/Q108479178,https://monet.1vasiliadi.com/#w1056
1057,Зима в Живерни,Winter at Giverny,Hiver à Giverny,1886,60 × 81,частная коллекция,,,,,2014,скан из каталога,https://monet.1vasiliadi.com/img/1600/w1057.webp,https://commons.wikimedia.org/wiki/File:Monet_w1057.jpg,,https://monet.1vasiliadi.com/#w1057
1058,Наводнение в Живерни,Flood at Giverny,Inondation à Giverny,1886,65 × 81,частная коллекция,,,,,2024,цветная фотография,https://monet.1vasiliadi.com/img/1600/w1058.webp,https://commons.wikimedia.org/wiki/File:Inondation_%C3%A0_Giverny_(1886)_Claude_Monet_(W_1058).jpg,,https://monet.1vasiliadi.com/#w1058
1059,Ивы. Живерни,"Willows, Giverny","Les saules, Giverny",1886,73.6 × 93,музей,Художественный музей Гётеборга,Gothenburg Museum of Art,Швеция,Sweden,,цветная фотография,https://monet.1vasiliadi.com/img/1600/w1059.webp,https://commons.wikimedia.org/wiki/File:Willows_in_Haze%2C_Giverny_(1886)_Claude_Monet_-_G%C3%B6teborgs_Konstmuseum_(W_1059).jpg,https://www.wikidata.org/wiki/Q108187540,https://monet.1vasiliadi.com/#w1059
1060,Вид Вернона,View of Vernon,Vernon,1886,60 × 73,частная коллекция,,,США,United States,,скан из каталога,https://monet.1vasiliadi.com/img/1600/w1060.webp,https://commons.wikimedia.org/wiki/File:Monet_w1060_view_of_vernon.jpg,,https://monet.1vasiliadi.com/#w1060
1061,Панорама Вернона,Panorama of Vernon,Panorama de Vernon,1886,60 × 81,частная коллекция,,,,,,скан из каталога,https://monet.1vasiliadi.com/img/1600/w1061.webp,https://commons.wikimedia.org/wiki/File:Monet_w1061.jpg,https://www.wikidata.org/wiki/Q73190299,https://monet.1vasiliadi.com/#w1061
1062,Весна в Живерни,Springtime at Giverny,Printemps à Giverny,1886,54 × 65,музей,"Музей Кригера, Вашингтон","Kreeger Museum, Washington D.C.",США,United States,,скан из каталога,https://monet.1vasiliadi.com/img/1600/w1062.webp,https://commons.wikimedia.org/wiki/File:Monet_w1062.jpg,https://www.wikidata.org/wiki/Q68041445,https://monet.1vasiliadi.com/#w1062
1063,Весна в Живерни,Springtime in Giverny,Printemps à Giverny,1886,65 × 54,частная коллекция,,,,,"Sotheby's, London, 1968",скан из каталога,https://monet.1vasiliadi.com/img/1600/w1063.webp,https://commons.wikimedia.org/wiki/File:Monet_-_Wildenstein_1996%2C_1063.png,,https://monet.1vasiliadi.com/#w1063
1064,Весна в Живерни,Springtime in Giverny,Le Printemps à Giverny,1886,60 × 73,частная коллекция,,,,,,скан из каталога,https://monet.1vasiliadi.com/img/1600/w1064.webp,https://commons.wikimedia.org/wiki/File:Monet_-_Wildenstein_1996%2C_1064.png,,https://monet.1vasiliadi.com/#w1064
1065,Весенний фруктовый сад,An Orchard in Spring,Un Verger au printemps,1886,65 × 81,частная коллекция,,,,,"Sotheby's, New York, 1989",скан из каталога,https://monet.1vasiliadi.com/img/1600/w1065.webp,https://commons.wikimedia.org/wiki/File:Monet_w1065.jpg,,https://monet.1vasiliadi.com/#w1065
1066,Весна,Springtime,Le Printemps,1886,65 × 81,музей,"Музей Фицуильяма, Кембридж","Fitzwilliam Museum, Cambridge",Великобритания,United Kingdom,,цветная фотография,https://monet.1vasiliadi.com/img/1600/w1066.webp,https://commons.wikimedia.org/wiki/File:Monet_-_Le_Printemps%2C_1886.jpg,https://www.wikidata.org/wiki/Q50813010,https://monet.1vasiliadi.com/#w1066
1067,Поля тюльпанов в Голландии,Field of Tulips in Holland,Champs de tulipes en Hollande,1886,65.5 × 81.5,музей,"Музей Орсе, Париж","Musée d'Orsay, Paris",Франция,France,,цветная фотография,https://monet.1vasiliadi.com/img/1600/w1067.webp,https://commons.wikimedia.org/wiki/File:Claude_Monet_-_Tulip_fields_in_Holland_(Mus%C3%A9e_d'Orsay).jpg,https://www.wikidata.org/wiki/Q17490992,https://monet.1vasiliadi.com/#w1067
1068,Тюльпановые поля близ Гааги,Tulip Fields near The Hague,Champs de tulipes près de La Haye,1886,64.8 × 81.3,музей,"Музей Ван Гога, Амстердам","Van Gogh Museum, Amsterdam",Нидерланды,Netherlands,,цветная фотография,https://monet.1vasiliadi.com/img/1600/w1068.webp,https://commons.wikimedia.org/wiki/File:Amsterdam_musee_van_gogh_monet_tulipes_moulins.JPG,https://www.wikidata.org/wiki/Q19833778,https://monet.1vasiliadi.com/#w1068
1069,Тюльпаны в Голландии,Tulips in Holland,Tulipes en Hollande,1886,54 × 81,музей,"Музей Мармоттан-Моне, Париж","Musée Marmottan Monet, Paris",Франция,France,,цветная фотография,https://monet.1vasiliadi.com/img/1600/w1069.webp,https://commons.wikimedia.org/wiki/File:Monet_Tulipes_Marmottan_(cropped).jpg,https://www.wikidata.org/wiki/Q50415964,https://monet.1vasiliadi.com/#w1069
1070,Тюльпановые поля в Сассенхейме,Tulip Fields at Sassenheim,"À Sassenheim près de Haarlem, champ de tulipes",1886,59.7 × 73.2,музей,"Институт искусств Кларка, Уильямстаун","Clark Art Institute, Williamstown",США,United States,,цветная фотография,https://monet.1vasiliadi.com/img/1600/w1070.webp,https://commons.wikimedia.org/wiki/File:Monet_-_Tulpenfelder_in_Sassenheim_-_1886.jpg,https://www.wikidata.org/wiki/Q55647440,https://monet.1vasiliadi.com/#w1070
1071,Тюльпановое поле близ Лейдена,Field of Tulips near Leyden,Champs de tulipes près de Leyde,1886,60 × 73,частная коллекция,,,,,2020,цветная фотография,https://monet.1vasiliadi.com/img/1600/w1071.webp,https://commons.wikimedia.org/wiki/File:Monet_Tulip-fields-at-sassenheim-1886.jpg,,https://monet.1vasiliadi.com/#w1071
1072,Вид деревни Живерни,View of village of Giverny,Vue du village de Giverny,1886,65 × 81,частная коллекция,,,,,2018,цветная фотография,https://monet.1vasiliadi.com/img/1600/w1072.webp,https://commons.wikimedia.org/wiki/File:Claude_monet_vue_du_village_de_giverny).jpg,https://www.wikidata.org/wiki/Q82119541,https://monet.1vasiliadi.com/#w1072
1073,Стог сена в Живерни,Haystack at Giverny,Meule à Giverny,1886,61 × 81,музей,"Эрмитаж, Санкт-Петербург","Hermitage Museum, St Petersburg",Россия,Russia,,цветная фотография,https://monet.1vasiliadi.com/img/1600/w1073.webp,https://commons.wikimedia.org/wiki/File:Monet%2C_Claude_-_Haystack_at_Giverny.jpg,https://www.wikidata.org/wiki/Q3696343,https://monet.1vasiliadi.com/#w1073
1074,Вид Живерни,View of Giverny,Vue de Giverny,1886,65 × 81,музей,Тегеранский музей современного искусства,Tehran Museum of Contemporary Art,Иран,Iran,,цветная фотография,https://monet.1vasiliadi.com/img/1600/w1074.webp,https://commons.wikimedia.org/wiki/File:Claude_Monet_-_Vue_de_Giverny_-_TMoCA.jpg,https://www.wikidata.org/wiki/Q70578980,https://monet.1vasiliadi.com/#w1074
1075,Прогулка (этюд),Promenade (study),Promenade (esquisse),1886,102.5 × 75,частная коллекция,,,,,,скан из каталога,https://monet.1vasiliadi.com/img/1600/w1075.webp,https://commons.wikimedia.org/wiki/File:Monet_w1075.jpg,,https://monet.1vasiliadi.com/#w1075
1076,"Дама с зонтиком, повернувшаяся направо",Woman with a Parasol Turned to the Right,Femme à l'ombrelle tournée vers la droite,1886,131 × 88,музей,"Музей Орсе, Париж","Musée d'Orsay, Paris",Франция,France,,цветная фотография,https://monet.1vasiliadi.com/img/1600/w1076.webp,https://commons.wikimedia.org/wiki/File:Femme_%C3%A0_l'ombrelle_tourn%C3%A9e_vers_la_droite_-_Claude_Monnet_-_Mus%C3%A9e_d'Orsay_RF_2620.jpg,https://www.wikidata.org/wiki/Q2385427,https://monet.1vasiliadi.com/#w1076
1077,Дама с зонтиком,Woman with a Parasol (also known as Study of a Figure Outdoors (Facing Left)),Femme à l'ombrelle tournée vers la gauche,1886,131 × 88,музей,"Музей Орсе, Париж","Musée d'Orsay, Paris",Франция,France,,цветная фотография,https://monet.1vasiliadi.com/img/1600/w1077.webp,https://commons.wikimedia.org/wiki/File:Femme_%C3%A0_l'ombrelle_tourn%C3%A9e_vers_la_gauche_-_Claude_Monnet_-_Mus%C3%A9e_d'Orsay_RF_2621.jpg,https://www.wikidata.org/wiki/Q1451508,https://monet.1vasiliadi.com/#w1077
1078,Автопортрет в берете,Self Portrait with a Beret,Autoportrait coiffé d'un béret,1886,56 × 46,частная коллекция,,,,,,цветная фотография,https://monet.1vasiliadi.com/img/1600/w1078.webp,https://commons.wikimedia.org/wiki/File:Autoportret_Claude_Monet.jpg,https://www.wikidata.org/wiki/Q48977623,https://monet.1vasiliadi.com/#w1078
1079,Закат в Живерни,Sunset at Giverny,Coucher de soleil à Giverny,1886,65 × 81,частная коллекция,,,,,Christie's 2007,цветная фотография,https://monet.1vasiliadi.com/img/1600/w1079.webp,https://commons.wikimedia.org/wiki/File:Coucher_du_Soleil_%C3%A0_Giverny_by_Claude_Monet.jpg,,https://monet.1vasiliadi.com/#w1079
1080,Два дерева на лугу,Two Trees in the Meadow,Deux Arbres dans la prairie,1886,81 × 92,частная коллекция,,,,,,скан из каталога,https://monet.1vasiliadi.com/img/1600/w1080.webp,https://commons.wikimedia.org/wiki/File:Monet_-_Wildenstein_1996%2C_1080.png,,https://monet.1vasiliadi.com/#w1080
1081,Луг в Живерни,Meadow at Giverny,Prairie à Giverny,1886,92 × 81,частная коллекция,,,,,,скан из каталога,https://monet.1vasiliadi.com/img/1600/w1081.webp,https://commons.wikimedia.org/wiki/File:Monet_-_Wildenstein_1996%2C_1081.png,,https://monet.1vasiliadi.com/#w1081
1082,Луг на солнце в Живерни,"Meadow in the Sun, at Giverny","Prairie ensoleillée, Giverny",1886,92 × 81,частная коллекция,,,,,,скан из каталога,https://monet.1vasiliadi.com/img/1600/w1082.webp,https://commons.wikimedia.org/wiki/File:Monet_w1082.jpg,,https://monet.1vasiliadi.com/#w1082
1083,Луг на солнце в Живерни,"Meadow in the Sun, at Giverny","Prairie à Giverny, effet d'automne",1886,92 × 81,музей,"Музей изящных искусств, Бостон","Museum of Fine Arts, Boston",США,United States,,цветная фотография,https://monet.1vasiliadi.com/img/1600/w1083.webp,https://commons.wikimedia.org/wiki/File:Monet_-_Meadow_at_Giverny%2C_1886.jpg,https://www.wikidata.org/wiki/Q20538853,https://monet.1vasiliadi.com/#w1083
1084,"Пирамиды Порт-Котон, бурное море",Pyramids at Port-Coton,"Les Pyramides de Port-Coton, mer sauvage",1886,65 × 81,музей,"ГМИИ им. Пушкина, Москва","Pushkin Museum, Moscow",Россия,Russia,,цветная фотография,https://monet.1vasiliadi.com/img/1600/w1084.webp,https://commons.wikimedia.org/wiki/File:'The_Pyramids_at_Port-Coton'_by_Claude_Monet%2C_1886%2C_Pushkin_Museum.jpg,https://www.wikidata.org/wiki/Q3952498,https://monet.1vasiliadi.com/#w1084
1085,«Пирамиды» в Пор-Котоне,"The ""Pyramids"" at Port-Coton",Les pyramides à Port-Coton,1886,65 × 81,музей,"Музей современного искусства, Каракас",Caracas Museum of Contemporary Art,Венесуэла,Venezuela,,цветная фотография,https://monet.1vasiliadi.com/img/1600/w1085.webp,https://commons.wikimedia.org/wiki/File:Claude_Monet_%22Las_Pir%C3%A1mides_a_Port-Coton%22_(1886)_%C3%93leo_sobre_tela%3B_65%2C5_x_81%2C5_cm.jpg,https://www.wikidata.org/wiki/Q108354260,https://monet.1vasiliadi.com/#w1085
1086,Скалы-пирамиды в Пор-Котоне. Бель-Иль-ан-Мер,"The Pyramides of Port Coton, Belle-Ile-en-Mer","Les Pyramides de Port-Coton, Belle-Île-en-Mer",1886,60 × 73,музей,"Новая глиптотека Карлсберга, Копенгаген","Ny Carlsberg Glyptotek, Copenhagen",Дания,Denmark,,скан из каталога,https://monet.1vasiliadi.com/img/1600/w1086.webp,https://commons.wikimedia.org/wiki/File:Monet_w1086.jpg,https://www.wikidata.org/wiki/Q76424013,https://monet.1vasiliadi.com/#w1086
1087,Скалы-пирамиды в Пор-Котоне,The Pyramids at Port-Coton,Les Pyramides à Port-Coton,1886,65.5 × 65.5,музей,"Собрание Рау для ЮНИСЕФ, Музей Арпа «Вокзал Роландсэк», Ремаген","Sammlung Rau fuer UNICEF, Arp Museum Bahnhof Rolandseck, Remagen",Германия,Germany,,цветная фотография,https://monet.1vasiliadi.com/img/1600/w1087.webp,https://commons.wikimedia.org/wiki/File:Monet_-_the-pyramids-at-port-coton-1.jpg,https://www.wikidata.org/wiki/Q78833048,https://monet.1vasiliadi.com/#w1087
1088,«Пирамиды» в Пор-Котоне. Эффект солнца,"The ""Pyramids"" of Port Coton, Sun Effect","Les Pyramides de Port-Coton, effet de soleil",1886,64 × 64,частная коллекция,,,,,,цветная фотография,https://monet.1vasiliadi.com/img/1600/w1088.webp,https://commons.wikimedia.org/wiki/File:Claude_Monet_-_Les_Pyramides_de_Port-Coton%2C_effet_de_soleil.jpg,https://www.wikidata.org/wiki/Q66502278,https://monet.1vasiliadi.com/#w1088
1089,Скалы на Бель-Иле,Rocks at Belle-Ile,Rochers à Belle-Île,1886,65 × 81,частная коллекция,,,,,,скан из каталога,https://monet.1vasiliadi.com/img/1600/w1089.webp,https://commons.wikimedia.org/wiki/File:Monet_w1089.jpg,,https://monet.1vasiliadi.com/#w1089
1090,Скалистый берег и скала Лев. Бель-Иль,"Rocky Coast and the Lion Rock, Belle-Ile","Rocher du Lion, rochers à Belle-Île",1886,65.5 × 81,музей,Художественный центр Де-Мойна,Des Moines Art Center,США,United States,,цветная фотография,https://monet.1vasiliadi.com/img/1600/w1090.webp,https://commons.wikimedia.org/wiki/File:Monet_-_Rocher_du_Lion%2C_Rochers_%C3%A0_Belle-%C3%8Ele_(Lion_Rock%2C_Rocks_at_Belle-%C3%8Ele)%2C_1886.jpg,https://www.wikidata.org/wiki/Q81333593,https://monet.1vasiliadi.com/#w1090
1091,Скалы в Пор-Котоне. Скала Лев,"Rocks at Port Coton, The Lion Rock","Rochers à Port-Coton, Le Rocher du Lion, Belle-Île",1886,65 × 81,музей,"Музей Фицуильяма, Кембридж","Fitzwilliam Museum, Cambridge",Великобритания,United Kingdom,,цветная фотография,https://monet.1vasiliadi.com/img/1600/w1091.webp,https://commons.wikimedia.org/wiki/File:Monet%2C_Rocks_at_Port-Coton%2C_the_Lion_Rock%2C_Belle-%C3%8Ele%2C_1886.jpg,https://www.wikidata.org/wiki/Q50819150,https://monet.1vasiliadi.com/#w1091
1092,"Пор-Котон, «Лев»","Port Coton, The Lion","Port-Coton, Le Lion",1886,60 × 73,частная коллекция,,,США,United States,2014,цветная фотография,https://monet.1vasiliadi.com/img/1600/w1092.webp,https://commons.wikimedia.org/wiki/File:Claude_Monet._Port-Coton%2C_le_lion_(1886).tif,https://www.wikidata.org/wiki/Q134319569,https://monet.1vasiliadi.com/#w1092
1093,Вход в Пор-Гульфар. Бель-Иль,"Entrance of Port-Goulphar, Belle-Ile","Entrée de Port-Goulphar, Belle-Île",1886,65 × 81,частная коллекция,,,,,,скан из каталога,https://monet.1vasiliadi.com/img/1600/w1093.webp,https://commons.wikimedia.org/wiki/File:Monet_w1093.jpg,,https://monet.1vasiliadi.com/#w1093
1094,Вход в Пор-Гульфар. Бель-Иль,"Coming into Port-Goulphar, Belle-Ile","Port-Goulphar, Belle-Île",1886,81 × 65,музей,"Художественная галерея Нового Южного Уэльса, Сидней","Art Gallery of New South Wales, Sydney",Австралия,Australia,,цветная фотография,https://monet.1vasiliadi.com/img/1600/w1094.webp,https://commons.wikimedia.org/wiki/File:Claude_Monet_-_Port-Goulphar%2C_Belle-%C3%8Ele_-_Google_Art_Project.jpg,https://www.wikidata.org/wiki/Q20463803,https://monet.1vasiliadi.com/#w1094
1095,"Бель-Иль, скалы в Пор-Гульфаре","Belle-Ile, Rocks at Port-Goulphar",Rochers à Port-Goulphar,1886,65 × 81,музей,Чикагский институт искусств,Art Institute of Chicago,США,United States,,цветная фотография,https://monet.1vasiliadi.com/img/1600/w1095.webp,https://commons.wikimedia.org/wiki/File:Paysage_%C3%A0_Port-Goulphar.jpg,https://www.wikidata.org/wiki/Q10346982,https://monet.1vasiliadi.com/#w1095
1096,Группа скал в Пор-Гульфаре,Group of Rocks at Port-Goulphar,Bloc de rochers à Port-Goulphar,1886,66 × 65,частная коллекция,,,,,2012,скан из каталога,https://monet.1vasiliadi.com/img/1600/w1096.webp,https://commons.wikimedia.org/wiki/File:Monet_w1096.jpg,,https://monet.1vasiliadi.com/#w1096
1097,Нагромождение скал в Пор-Гульфаре,Block of Rocks at Port-Goulphar,"Bloc de rochers, Belle-Île",1886,65 × 81,частная коллекция,"Художественный фонд Кассер, Монтклэр","Kasser Art Foundation, Montclair",США,United States,,скан из каталога,https://monet.1vasiliadi.com/img/1600/w1097.webp,https://commons.wikimedia.org/wiki/File:Monet_w1097.jpg,https://www.wikidata.org/wiki/Q77730416,https://monet.1vasiliadi.com/#w1097
1098,"Бель-Иль, пролив в Пор-Гульфаре","Belle-Ile, The Channel at Port-Goulphar","Belle-Ile, le chenal de Port-Goulphar",1886,60 × 73,частная коллекция,,,,,,скан из каталога,https://monet.1vasiliadi.com/img/1600/w1098.webp,https://commons.wikimedia.org/wiki/File:Monet_-_Wildenstein_1996%2C_1098.png,,https://monet.1vasiliadi.com/#w1098
1099,Бель-Иль,Belle-Ile,,1886,60 × 74,частная коллекция,,,,,,скан из каталога,https://monet.1vasiliadi.com/img/1600/w1099.webp,https://commons.wikimedia.org/wiki/File:Monet_w1099.jpg,,https://monet.1vasiliadi.com/#w1099
1100,Дикий берег,The Cote Sauvage,"Les Rochers de Belle-Île, la Côte sauvage",1886,65 × 81,музей,"Музей Орсе, Париж","Musée d'Orsay, Paris",Франция,France,,цветная фотография,https://monet.1vasiliadi.com/img/1600/w1100.webp,https://commons.wikimedia.org/wiki/File:Les_Rochers_de_Belle-%C3%8Ele%2C_la_C%C3%B4te_sauvage_(1886)_de_Claude_Monet_-_Mus%C3%A9e_d'Orsay_(W1000).jpg,https://www.wikidata.org/wiki/Q17493779,https://monet.1vasiliadi.com/#w1100
1101,"Скалы на Бель-Иле, Пор-Домуа","Rocks at Belle-Île, Port-Domois","Rochers à Belle-Île, Port-Domois",1886,81 × 65,музей,"Художественный музей Цинциннати, Цинциннати","Cincinnati Art Museum, Cincinnati",США,United States,,цветная фотография,https://monet.1vasiliadi.com/img/1600/w1101.webp,https://commons.wikimedia.org/wiki/File:Claude_Monet_-_Rocks_at_Belle-lle%2C_Port-Domois_-_Google_Art_Project.jpg,https://www.wikidata.org/wiki/Q46935529,https://monet.1vasiliadi.com/#w1101
1102,Скалистые мысы на Бель-Иле,Rock Points at Belle-Ile,Pointes de rochers à Belle-Île,1886,81 × 65,частная коллекция,,,,,,скан из каталога,https://monet.1vasiliadi.com/img/1600/w1102.webp,https://commons.wikimedia.org/wiki/File:Monet_w1102.jpg,,https://monet.1vasiliadi.com/#w1102
1103,Бель-Иль на закате,Belle-Ile at Sunset,"Belle-Île, coucher de soleil",1886,73 × 60,частная коллекция,,,Швейцария,Switzerland,,скан из каталога,https://monet.1vasiliadi.com/img/1600/w1103.webp,https://commons.wikimedia.org/wiki/File:Monet_-_Wildenstein_1996%2C_1103.png,,https://monet.1vasiliadi.com/#w1103
1104,Скалы на Бель-Иле. Пор-Домуа,"Rocks at Belle-Ile, Port-Domois","Rochers à Belle-Île, Port-Domois",1886,73 × 60,музей,"Художественный музей Цинциннати, Цинциннати","Cincinnati Art Museum, Cincinnati",США,United States,,нет,,,https://www.wikidata.org/wiki/Q78700956,https://monet.1vasiliadi.com/#w1104
1105,Деревня Домуа,The Village of Domois,Le Village de Domois,1886,63.5 × 81.5,частная коллекция,,,США,United States,,скан из каталога,https://monet.1vasiliadi.com/img/1600/w1105.webp,https://commons.wikimedia.org/wiki/File:Monet_-_Wildenstein_1996%2C_1105.png,,https://monet.1vasiliadi.com/#w1105
1106,"Скала Рош-Гибель, Пор-Домуа","La Roche-Guibel, Port Domois","La Roche Guibel, Port-Domois",1886,66 × 81,частная коллекция,,,,,2024,скан из каталога,https://monet.1vasiliadi.com/img/1600/w1106.webp,https://commons.wikimedia.org/wiki/File:Monet_w1106.jpg,,https://monet.1vasiliadi.com/#w1106
1107,Скалы на Бель-Иле,Rocks at Belle-Ile,Les Rochers de Belle-Ile,1886,63 × 79,музей,"Музей изящных искусств, Реймс","Museum of Fine Arts, Reims",Франция,France,,цветная фотография,https://monet.1vasiliadi.com/img/1600/w1107.webp,https://commons.wikimedia.org/wiki/File:MONET_Claude_Les_Rochers_de_Belle-Ile_Huile_sur_toile.jpg,https://www.wikidata.org/wiki/Q115739210,https://monet.1vasiliadi.com/#w1107
1108,"Пор-Доннан, Бель-Иль","Port Donnant, Belle Ile",Port-Domois,1886,65 × 81,музей,"Художественная галерея Йельского университета, Нью-Хейвен","Yale University Art Gallery, New Haven",США,United States,,цветная фотография,https://monet.1vasiliadi.com/img/1600/w1108.webp,https://commons.wikimedia.org/wiki/File:Claude_Monet_-_Port-Domois%2C_Belle-Isle_-_1983.7.10_-_Yale_University_Art_Gallery.jpg,https://www.wikidata.org/wiki/Q49221952,https://monet.1vasiliadi.com/#w1108
1109,Пор-Домуа на Бель-Иле,Port Domois at Belle Ile,Port-Domois à Belle-Île,1886,65 × 81,частная коллекция,,,,,,скан из каталога,https://monet.1vasiliadi.com/img/1600/w1109.webp,https://commons.wikimedia.org/wiki/File:Monet_w1109.jpg,,https://monet.1vasiliadi.com/#w1109
1110,Бель-Иль,Belle-Ile,Belle-Île,1886,60 × 80,музей,"Музей Родена, Париж","Musée Rodin, Paris",Франция,France,,цветная фотография,https://monet.1vasiliadi.com/img/1600/w1110.webp,https://commons.wikimedia.org/wiki/File:Claude_Monet_-_Belle-Ile_-_Mus%C3%A9e_Rodin.jpg,https://www.wikidata.org/wiki/Q65965438,https://monet.1vasiliadi.com/#w1110
1111,Скалы на Бель-Иле,The Rocks at Belle-Ile,Les Rochers de Belle-Île,1886,60 × 81,частная коллекция,,,,,,скан из каталога,https://monet.1vasiliadi.com/img/1600/w1111.webp,https://commons.wikimedia.org/wiki/File:Monet_-_Wildenstein_1996%2C_1111.png,,https://monet.1vasiliadi.com/#w1111
1112,"Бель-Иль, дождь","Belle-Ile, Rain Effect","Belle-Île, effet de pluie",1886,60 × 73,музей,"Музей Артизон, Токио","Artizon Museum, Tokyo",Япония,Japan,,цветная фотография,https://monet.1vasiliadi.com/img/1600/w1112.webp,https://commons.wikimedia.org/wiki/File:Claude_Monet_-_Belle-Ile%2C_Rain_Effect.jpg,https://www.wikidata.org/wiki/Q124254551,https://monet.1vasiliadi.com/#w1112
1113,"Бель-Иль, скала Гибель","Belle-Ile, the Roche Guibel",Belle-Île,1886,60 × 60,частная коллекция,,,,,2011,цветная фотография,https://monet.1vasiliadi.com/img/1600/w1113.webp,https://commons.wikimedia.org/wiki/File:BELLE-%C3%8ELE_(1886)_Claude_Monet_(W_1113).jpg,,https://monet.1vasiliadi.com/#w1113
1114,Грот Пор-Домуа,The Grotto of Port-Domois,Grotte de Port-Domois,1886,65 × 81,музей,"Музей современного искусства, Ибараки","Museum of Modern Art, Ibaraki",Япония,Japan,,цветная фотография,https://monet.1vasiliadi.com/img/1600/w1114.webp,https://commons.wikimedia.org/wiki/File:Claude_Monet_-_Grotte_de_Port-Domois.jpg,https://www.wikidata.org/wiki/Q71715439,https://monet.1vasiliadi.com/#w1114
1115,Буря в Пор-Гульфаре. Бель-Иль,"Storm at Port-Goulphar, Belle-Ile","Tempête à Port-Goulphar, Belle-Île",1886,65 × 81,частная коллекция,,,Швейцария,Switzerland,,скан из каталога,https://monet.1vasiliadi.com/img/1600/w1115.webp,https://commons.wikimedia.org/wiki/File:Monet_-_Wildenstein_1996%2C_1115.png,,https://monet.1vasiliadi.com/#w1115
1116,Шторм. Побережье Бель-Иль,Storm off the Belle-Ile Coast,"Tempête, côtes de Belle-Ile",1886,65 × 81,музей,"Музей Орсе, Париж","Musée d'Orsay, Paris",Франция,France,,цветная фотография,https://monet.1vasiliadi.com/img/1600/w1116.webp,https://commons.wikimedia.org/wiki/File:Temp%C3%AAte%2C_c%C3%B4tes_de_Belle-%C3%8Ele_-_Claude.jpg,https://www.wikidata.org/wiki/Q3983137,https://monet.1vasiliadi.com/#w1116
1117,Буря на Бель-Иле,Storm at Belle-Ile,Tempête à Belle-Île,1886,60 × 73,частная коллекция,,,США,United States,2022,цветная фотография,https://monet.1vasiliadi.com/img/1600/w1117.webp,https://commons.wikimedia.org/wiki/File:Temp%C3%AAte_%C3%A0_Belle-%C3%8Ele_(1886)_Claude_Monet_(W1117).jpg,,https://monet.1vasiliadi.com/#w1117
1118,Бушующее море,The Raging Sea,Les rochers de Belle-Île,1886,65 × 81,музей,"Национальный музей изящных искусств, Алжир",National Museum of Fine Arts of Algiers,Алжир,Algeria,,цветная фотография,https://monet.1vasiliadi.com/img/1600/w1118.webp,https://commons.wikimedia.org/wiki/File:Claude_Monet_-_1886_-_Les_Rochers_de_Belle-Isle_(Beaux-Arts_Alger).jpg,https://www.wikidata.org/wiki/Q83647708,https://monet.1vasiliadi.com/#w1118
1119,Буря у побережья Бель-Иля,Storm on the Cote de Belle-Ile,Tempête sur les Côtes de Belle-Île,1886,60 × 73,музей,"Лондонская национальная галерея, Лондон","National Gallery, London",Великобритания,United Kingdom,2010,цветная фотография,https://monet.1vasiliadi.com/img/1600/w1119.webp,https://commons.wikimedia.org/wiki/File:Claude_Monet_Temp%C3%AAte_sur_les_C%C3%B4tes_de_Belle-%C3%8Ele_1886.jpg,https://www.wikidata.org/wiki/Q50819569,https://monet.1vasiliadi.com/#w1119
1120,Дождь на Бель-Иле,Rain in Belle-Ile,Pluie à Belle-Île,1886,60 × 60,музей,"Музей изящных искусств, Морле","Musée des Beaux-Arts de Morlaix, Morlaix",Франция,France,,скан из каталога,https://monet.1vasiliadi.com/img/1600/w1120.webp,https://commons.wikimedia.org/wiki/File:Monet_w1120.jpg,https://www.wikidata.org/wiki/Q93774470,https://monet.1vasiliadi.com/#w1120
1121,Дождь на Бель-Иле,Rain in Belle-Ile,La Pluie,1886,60 × 73,частная коллекция,,,,,,скан из каталога,https://monet.1vasiliadi.com/img/1600/w1121.webp,https://commons.wikimedia.org/wiki/File:Monet_w1121.jpg,,https://monet.1vasiliadi.com/#w1121
1122,"Портрет Поли, рыбака из Кервилауэна","Portrait of Poly, Fisherman at Kervillaouen",Portrait de Poly,1886,74 × 53,музей,"Музей Мармоттан-Моне, Париж","Musée Marmottan Monet, Paris",Франция,France,,цветная фотография,https://monet.1vasiliadi.com/img/1600/w1122.webp,https://commons.wikimedia.org/wiki/File:Monet-Poly-Marmottan.jpg,https://www.wikidata.org/wiki/Q50415980,https://monet.1vasiliadi.com/#w1122
1123,Пейзаж в Живерни,Landscape at Giverny,Paysage à Giverny,1887,65 × 92,музей,"Музей Сумайя, Мехико","Museo Soumaya, Mexico City",Мексика,Mexico,,цветная фотография,https://monet.1vasiliadi.com/img/1600/w1123.webp,https://commons.wikimedia.org/wiki/File:'Landscape_at_Giverny'_(1887)_by_Claude_Monet_-_Museo_Soumaya_-_Mexico_2024.jpg,https://www.wikidata.org/wiki/Q18224556,https://monet.1vasiliadi.com/#w1123
1124,Поле в Живерни,Field at Giverny,Champ à Giverny,1887,65 × 92,частная коллекция,,,,,2012,цветная фотография,https://monet.1vasiliadi.com/img/1600/w1124.webp,https://commons.wikimedia.org/wiki/File:Champ_%C3%A0_Giverny_(1885)_Claude_Monet_(W_1124).jpg,,https://monet.1vasiliadi.com/#w1124
1125,Вид Беннекура,View of Bennecourt,Vue de Bennecourt,1887,81 × 81,музей,Художественный музей Колумбуса,Columbus Museum of Art,США,United States,,цветная фотография,https://monet.1vasiliadi.com/img/1600/w1125.webp,https://commons.wikimedia.org/wiki/File:Claude_Monet_-_View_of_Bennecourt_(1887).jpg,https://www.wikidata.org/wiki/Q50532770,https://monet.1vasiliadi.com/#w1125
1126,Вид Беннекура,View of Bennecourt,Bennecourt,1887,81 × 81,частная коллекция,,,,,2024,цветная фотография,https://monet.1vasiliadi.com/img/1600/w1126.webp,https://commons.wikimedia.org/wiki/File:Bennecourt_(1887)_Claude_Monet_(W_1126).jpg,,https://monet.1vasiliadi.com/#w1126
1127,Жан-Пьер Ошеде и Мишель Моне на берегу Эпта,Jean-Pierre Hoschedé and Michel Monet on the Bank of the Epte,Jean-Pierre Hoschedé et Michel Monet au bord de l'Epte,1887,76 × 96.5,музей,"Национальная галерея Канады, Оттава","National Gallery of Canada, Ottawa",Канада,Canada,,цветная фотография,https://monet.1vasiliadi.com/img/1600/w1127.webp,https://commons.wikimedia.org/wiki/File:Claude_Monet_-_Jean-Pierre_Hosched%C3%A9_and_Michel_Monet_on_the_Bank_of_the_Epte.jpg,https://www.wikidata.org/wiki/Q59526641,https://monet.1vasiliadi.com/#w1127
1128,Берега реки Эпт в Живерни,The Banks of the River Epte at Giverny,Les Bords de l'Epte à Giverny,1887,65 × 81,частная коллекция,,,,,,скан из каталога,https://monet.1vasiliadi.com/img/1600/w1128.webp,https://commons.wikimedia.org/wiki/File:Monet_w1128.jpg,,https://monet.1vasiliadi.com/#w1128
1129,Берега реки Эпт,The Banks of the Rive Epte,Les Bords de l'Epte,1887,65 × 81,частная коллекция,,,,,,скан из каталога,https://monet.1vasiliadi.com/img/1600/w1129.webp,https://commons.wikimedia.org/wiki/File:Monet_-_Wildenstein_1996%2C_1129.png,,https://monet.1vasiliadi.com/#w1129
1130,Иней в Живерни,White Frost at Giverny,Gelée blanche à Giverny,1887,65 × 81,частная коллекция,,,,,,скан из каталога,https://monet.1vasiliadi.com/img/1600/w1130.webp,https://commons.wikimedia.org/wiki/File:Monet_w1130.jpg,,https://monet.1vasiliadi.com/#w1130
1130a,Дорога в тумане,Foggy Road,Chemin dans le brouillard,1887,60 × 73,частная коллекция,,,,,2013,цветная фотография,https://monet.1vasiliadi.com/img/1600/w1130a.webp,https://commons.wikimedia.org/wiki/File:Chemin_dans_le_brouillard_(1879)_Claude_Monet_(W_1130a).jpg,,https://monet.1vasiliadi.com/#w1130a
1131,В лесу в Живерни: Бланш Ошеде за мольбертом и читающая Сюзанна Ошеде,In the Woods at Giverny: Blanche Hoschedé at her Easel with Suzanne Hoschedé Reading,Suzanne lisant et Blanche peignant,1887,91.5 × 98,музей,Музей искусств округа Лос-Анджелес,Los Angeles County Museum of Art,США,United States,,цветная фотография,https://monet.1vasiliadi.com/img/1600/w1131.webp,https://commons.wikimedia.org/wiki/File:Claude_Monet_-_In_the_Woods_at_Giverny-_Blanche_Hosched%C3%A9_at_Her_Easel_with_Suzanne_Hosched%C3%A9_Reading_-_Google_Art_Project.jpg,https://www.wikidata.org/wiki/Q20881116,https://monet.1vasiliadi.com/#w1131
1132,В лесу в Живерни: Бланш Ошеде за мольбертом и читающая Сюзанна Ошеде,In the Woods at Giverny: Blanche Hoschedé at her Easel with Suzanne Hoschedé Reading,Suzanne lisant et Blanche peignant,1887,97 × 130,частная коллекция,,,,,,скан из каталога,https://monet.1vasiliadi.com/img/1600/w1132.webp,https://commons.wikimedia.org/wiki/File:Monet_w1132.jpg,,https://monet.1vasiliadi.com/#w1132
1133,Прогулка (Сюзанна Ошеде),The Stroller (Suzanne Hoschede) (also known as Taking a Walk),"La Promeneuse (Suzanne Hoschedé, plus tard Mme Theodore Earl Butler, 1868-1899)",1887,100 × 70,музей,"Метрополитен-музей, Нью-Йорк","Metropolitan Museum of Art, New York",США,United States,,цветная фотография,https://monet.1vasiliadi.com/img/1600/w1133.webp,https://commons.wikimedia.org/wiki/File:Monet_The_stroller_(Suzanne_Hoschede).jpg,https://www.wikidata.org/wiki/Q19911885,https://monet.1vasiliadi.com/#w1133
1134,Женщина с удочкой на берегу Эпта,Fisherwoman with a Line on the Banks of the Epte,Pêcheuse à la ligne au bord de l’Epte,1887,81 × 100,музей,"Национальный музей западного искусства, Токио","National Museum of Western Art, Tokyo",Япония,Japan,,скан из каталога,https://monet.1vasiliadi.com/img/1600/w1134.webp,https://commons.wikimedia.org/wiki/File:Monet_w1134.jpg,,https://monet.1vasiliadi.com/#w1134
1135,Солнечный свет под тополями,Sunlight Effect under the Poplars,"Sous les peupliers, effet de soleil",1887,74.3 × 93,музей,"Государственная галерея Штутгарта, Штутгарт","Staatsgalerie Stuttgart, Stuttgart",Германия,Germany,,цветная фотография,https://monet.1vasiliadi.com/img/1600/w1135.webp,https://commons.wikimedia.org/wiki/File:Claude_Monet_041_(Poplars_in_the_Sun%2C_1887).jpg,https://www.wikidata.org/wiki/Q92831691,https://monet.1vasiliadi.com/#w1135
1136,Под тополями,Under the Poplars,Sous les peupliers,1887,73 × 92,музей,"Собрание Хассо Платтнера, Музей Барберини, Потсдам","Hasso Plattner Collection, Museum Barberini, Potsdam",Германия,Germany,,цветная фотография,https://monet.1vasiliadi.com/img/1600/w1136.webp,https://commons.wikimedia.org/wiki/File:MB-Mon-23_Monet_Unter-den-Pappeln_1.jpg,https://www.wikidata.org/wiki/Q108479179,https://monet.1vasiliadi.com/#w1136
1137,Поле жёлтых ирисов,Field of Yellow Irises,Champ d'iris jaunes à Giverny,1887,45 × 100,музей,"Музей Мармоттан-Моне, Париж","Musée Marmottan Monet, Paris",Франция,France,,скан из каталога,https://monet.1vasiliadi.com/img/1600/w1137.webp,https://commons.wikimedia.org/wiki/File:Monet_-_Wildenstein_1996%2C_1137.png,https://www.wikidata.org/wiki/Q105099623,https://monet.1vasiliadi.com/#w1137
1138,Поле ирисов в Живерни,Field of Irises at Giverny,Champ d'iris à Giverny,1887,45 × 100,частная коллекция,,,,,2017,цветная фотография,https://monet.1vasiliadi.com/img/1600/w1138.webp,https://commons.wikimedia.org/wiki/File:Champ_d'iris_%C3%A0_Giverny_(1887)_Claude_Monet_(W_1138).jpg,,https://monet.1vasiliadi.com/#w1138
1139,Поле ирисов утром,Field of Irises in the Morning,Champ d'iris au matin,1887,40 × 100,частная коллекция,,,Япония,Japan,,скан из каталога,https://monet.1vasiliadi.com/img/1600/w1139.webp,https://commons.wikimedia.org/wiki/File:Monet_-_Wildenstein_1996%2C_1139.png,,https://monet.1vasiliadi.com/#w1139
1140,Сад пионов,Peony Garden,Jardin de pivoines,1887,65 × 100,музей,"Национальный музей западного искусства, Токио","National Museum of Western Art, Tokyo",Япония,Japan,,цветная фотография,https://monet.1vasiliadi.com/img/1600/w1140.webp,https://commons.wikimedia.org/wiki/File:Claude_Monet_-_Peony_Garden_-_Google_Art_Project.jpg,https://www.wikidata.org/wiki/Q19123690,https://monet.1vasiliadi.com/#w1140
1141,Пионы,Peonies,Pivoines,1887,73 × 100,музей,"Музей искусства и истории, Женева","Musée d'Art et d'Histoire (Geneva), Geneva",Швейцария,Switzerland,,скан из каталога,https://monet.1vasiliadi.com/img/1600/w1141.webp,https://commons.wikimedia.org/wiki/File:Monet_-_Wildenstein_1996%2C_1141.png,https://www.wikidata.org/wiki/Q124336211,https://monet.1vasiliadi.com/#w1141
1142,Пионы,Peonies,Pivoines,1887,73 × 100,музей,"Музей искусства и истории, Женева","Musée d'Art et d'Histoire, Geneva",Швейцария,Switzerland,2018,цветная фотография,https://monet.1vasiliadi.com/img/1600/w1142.webp,https://commons.wikimedia.org/wiki/File:Pivoines_(1887)_Claude_Monet_(W_1142).jpg,,https://monet.1vasiliadi.com/#w1142
1143,Букет пионов,Bouquet of Peonies,Bouquet de pivoines,1887,81 × 65,частная коллекция,,,,,,скан из каталога,https://monet.1vasiliadi.com/img/1600/w1143.webp,https://commons.wikimedia.org/wiki/File:Monet_w1143.jpg,,https://monet.1vasiliadi.com/#w1143
1144,Белый ломонос,White Clematis,Clématites blanches,1887,92 × 52,музей,"Музей Мармоттан-Моне, Париж","Musée Marmottan Monet, Paris",Франция,France,,цветная фотография,https://monet.1vasiliadi.com/img/1600/w1144.webp,https://commons.wikimedia.org/wiki/File:Monet_-_white-clematis-1887.jpg,https://www.wikidata.org/wiki/Q105099570,https://monet.1vasiliadi.com/#w1144
1145,Клематис,Clematis,Clématites,1887,65 × 100,частная коллекция,,,Швейцария,Switzerland,2009,цветная фотография,https://monet.1vasiliadi.com/img/1600/w1145.webp,https://commons.wikimedia.org/wiki/File:Cl%C3%A9matites_(1887)_Claude_Monet_(W_1145).jpg,,https://monet.1vasiliadi.com/#w1145
1146,Люцерна и маки,Lucerne and Poppies,Luzerne et Coquelicots,1887,73 × 92,частная коллекция,,,,,,скан из каталога,https://monet.1vasiliadi.com/img/1600/w1146.webp,https://commons.wikimedia.org/wiki/File:Monet_-_Wildenstein_1996%2C_1146.png,,https://monet.1vasiliadi.com/#w1146
1147,Маки в Живерни,Poppies at Giverny,Les Coquelicots à Giverny,1887,65 × 92,частная коллекция,,,Швейцария,Switzerland,,скан из каталога,https://monet.1vasiliadi.com/img/1600/w1147.webp,https://commons.wikimedia.org/wiki/File:Monet_w1147.jpg,,https://monet.1vasiliadi.com/#w1147
1148,Луг в Лиме,Meadow at Limetz,Prairie de Limetz,1887,65 × 81,частная коллекция,,,,,,скан из каталога,https://monet.1vasiliadi.com/img/1600/w1148.webp,https://commons.wikimedia.org/wiki/File:Monet_w1148.jpg,,https://monet.1vasiliadi.com/#w1148
1149,Бланш Моне за мольбертом с сестрой Сюзанной на берегу реки,Blanche Monet Painting with her Sister Suzanne on the Bank of the River,Blanche Monet peignant avec sa soeur Suzanne au bord de l'eau,1887,39 × 50,частная коллекция,,,Франция,France,,скан из каталога,https://monet.1vasiliadi.com/img/1600/w1149.webp,https://commons.wikimedia.org/wiki/File:Monet_w1149.jpg,https://www.wikidata.org/wiki/Q115223604,https://monet.1vasiliadi.com/#w1149
1150,Две женщины в лодке,Two Women in a Rowing Boat,Deux femmes en barque,1887,55 × 74,частная коллекция,,,,,2022,цветная фотография,https://monet.1vasiliadi.com/img/1600/w1150.webp,https://commons.wikimedia.org/wiki/File:Deux_femmes_en_barque_(1887)_Claude_Monet_(W_1150).jpg,https://www.wikidata.org/wiki/Q138758691,https://monet.1vasiliadi.com/#w1150
1151,Лодка в Живерни,"In the ""Norvegienne""",En norvégienne,1887,98 × 131,музей,"Музей Орсе, Париж","Musée d'Orsay, Paris",Франция,France,,цветная фотография,https://monet.1vasiliadi.com/img/1600/w1151.webp,https://commons.wikimedia.org/wiki/File:Monet_-_In_der_Barke.jpg,https://www.wikidata.org/wiki/Q3821388,https://monet.1vasiliadi.com/#w1151
1152,Девушки в лодке,Young Girls in a Row Boat,Sur le bateau,1887,145 × 132,музей,"Национальный музей западного искусства, Токио","National Museum of Western Art, Tokyo",Япония,Japan,,цветная фотография,https://monet.1vasiliadi.com/img/1600/w1152.webp,https://commons.wikimedia.org/wiki/File:Claude_Monet_-_On_the_Boat_-_Google_Art_Project.jpg,https://www.wikidata.org/wiki/Q19016163,https://monet.1vasiliadi.com/#w1152
1153,Синяя лодка,The Blue Row Boat,La Barque bleue,1887,109 × 129,музей,"Музей Тиссена-Борнемисы, Мадрид","Thyssen-Bornemisza Museum, Madrid",Испания,Spain,,цветная фотография,https://monet.1vasiliadi.com/img/1600/w1153.webp,https://commons.wikimedia.org/wiki/File:Monet%2C_la_barca_blu%2C_thyssen.jpg,https://www.wikidata.org/wiki/Q3821389,https://monet.1vasiliadi.com/#w1153
1154,Гребная лодка,The Row Boat,La Barque,1887,146 × 133,музей,"Музей Мармоттан-Моне, Париж","Musée Marmottan Monet, Paris",Франция,France,,цветная фотография,https://monet.1vasiliadi.com/img/1600/w1154.webp,https://commons.wikimedia.org/wiki/File:Monet-Barque-Marmottan.jpg,https://www.wikidata.org/wiki/Q50415974,https://monet.1vasiliadi.com/#w1154
1155,Тополя в Живерни,Poplars at Giverny,Peupliers à Giverny,1887,73 × 92,частная коллекция,,,,,,скан из каталога,https://monet.1vasiliadi.com/img/1600/w1155.webp,https://commons.wikimedia.org/wiki/File:Monet_w1155.jpg,https://www.wikidata.org/wiki/Q108479180,https://monet.1vasiliadi.com/#w1155
1156,"Тополя в Живерни, восход солнца","Poplars at Giverny, Sunrise",Les Peupliers à Giverny,1887,73 × 92,музей,"Музей современного искусства (МоМА), Нью-Йорк","Museum of Modern Art, New York",США,United States,2015,цветная фотография,https://monet.1vasiliadi.com/img/1600/w1156.webp,https://commons.wikimedia.org/wiki/File:Claude_Monet_-_Poplars_at_Giverny%2C_Sunrise.jpg,https://www.wikidata.org/wiki/Q50818935,https://monet.1vasiliadi.com/#w1156
1157,Три дерева в Живерни,Three Trees at Giverny,Trois Arbres à Giverny (Peupliers),1887,73 × 92,частная коллекция,,,Франция,France,2017,скан из каталога,https://monet.1vasiliadi.com/img/1600/w1157.webp,https://commons.wikimedia.org/wiki/File:Monet_w1157.jpg,,https://monet.1vasiliadi.com/#w1157
1158,"Антиб, после полудня","Antibes, Afternoon Effect","Antibes, effet d'après-midi",1888,65 × 81,музей,"Музей изящных искусств, Бостон","Museum of Fine Arts, Boston",США,United States,,цветная фотография,https://monet.1vasiliadi.com/img/1600/w1158.webp,https://commons.wikimedia.org/wiki/File:Claude_Monet_-_The_Fort_of_Antibes.jpg,https://www.wikidata.org/wiki/Q20538846,https://monet.1vasiliadi.com/#w1158
1159,Старый форт в Антибе,The Old Fort at Antibes (also known as The Fort of Antibes),Le Fort d'Antibes,1888,60 × 81,частная коллекция,,,Япония,Japan,2014,цветная фотография,https://monet.1vasiliadi.com/img/1600/w1159.webp,https://commons.wikimedia.org/wiki/File:Le_fort_d'Antibes_(1888)_Claude_Monet_(W_1159).jpg,,https://monet.1vasiliadi.com/#w1159
1160,Антиб,Antibes,,1888,65 × 81,частная коллекция,Коллекция Переса Симона,Pérez Simón Collection,Мексика,Mexico,1991,цветная фотография,https://monet.1vasiliadi.com/img/1600/w1160.webp,https://commons.wikimedia.org/wiki/File:Claude_Monet_-_Antibes.jpg,https://www.wikidata.org/wiki/Q66625806,https://monet.1vasiliadi.com/#w1160
1161,Залив Антиба,The Bay of Antibes,La Baie d'Antibes,1888,65 × 81,частная коллекция,,,США,United States,,нет,,,,https://monet.1vasiliadi.com/#w1161
1161a,Антиб. Форт,"Antibes, The Fort","Antibes, le fort",1888,60 × 81,музей,"Собрание Хассо Платтнера, Музей Барберини, Потсдам","Hasso Plattner Collection, Museum Barberini, Potsdam",Германия,Germany,,цветная фотография,https://monet.1vasiliadi.com/img/1600/w1161a.webp,https://commons.wikimedia.org/wiki/File:MB-Mon-25_Monet_Antibes-das-Fort_1.jpg,https://www.wikidata.org/wiki/Q46731104,https://monet.1vasiliadi.com/#w1161a
1162,Антиб и Приморские Альпы,Antibes and the Maritime Alps,Antibes et les Alpes Maritimes,1888,60 × 73,частная коллекция,,,Швейцария,Switzerland,,скан из каталога,https://monet.1vasiliadi.com/img/1600/w1162.webp,https://commons.wikimedia.org/wiki/File:Monet_w1162.jpg,,https://monet.1vasiliadi.com/#w1162
1163,Замок в Антибе,The Castle in Antibes,Le Château d'Antibes,1888,81 × 116,музей,"Музей изящных искусств, Бостон","Museum of Fine Arts, Boston",США,United States,,скан из каталога,https://monet.1vasiliadi.com/img/1600/w1163.webp,https://commons.wikimedia.org/wiki/File:Monet_w1163.jpg,,https://monet.1vasiliadi.com/#w1163
1163a,Замок в Антибе,The Castle in Antibes,"Le Fort d'Antibes, esquisse",1888,60 × 81,музей,"Музей изящных искусств, Бостон","Museum of Fine Arts, Boston",США,United States,,скан из каталога,https://monet.1vasiliadi.com/img/1600/w1163a.webp,https://commons.wikimedia.org/wiki/File:Monet_-_Wildenstein_1996%2C_1163a.png,,https://monet.1vasiliadi.com/#w1163a
1164,Вид на Антиб из садов Салис,Antibes Seen from the Salis Gardens,"Antibes, vue des jardins de la Salis",1888,73 × 92,частная коллекция,,,,,,нет,,,,https://monet.1vasiliadi.com/#w1164
1165,Дом садовника в Антибе,Gardener's House at Antibes,Maison de jardinier à Antibes,1888,65 × 92,музей,Художественный музей Кливленда,Cleveland Museum of Art,США,United States,,цветная фотография,https://monet.1vasiliadi.com/img/1600/w1165.webp,https://commons.wikimedia.org/wiki/File:Gardener's_House_at_Antibes%2C_by_Claude_Monet%2C_Cleveland_Museum_of_Art%2C_1916.1044.jpg,https://www.wikidata.org/wiki/Q51579215,https://monet.1vasiliadi.com/#w1165
1166,Дом садовника,The Gardener's House,Maison du jardinier,1888,65 × 92,частная коллекция,,,Швейцария,Switzerland,,скан из каталога,https://monet.1vasiliadi.com/img/1600/w1166.webp,https://commons.wikimedia.org/wiki/File:Monet_-_Wildenstein_1996%2C_1166.png,,https://monet.1vasiliadi.com/#w1166
1167,Антиб. Вид из садов Салис,Antibes. View from the Salis Gardens,Antibes vue de la Salis,1888,65 × 92,частная коллекция,,,,,2024,цветная фотография,https://monet.1vasiliadi.com/img/1600/w1167.webp,https://commons.wikimedia.org/wiki/File:Antibes_from_la_Salis.JPG,,https://monet.1vasiliadi.com/#w1167
1168,Вид на Антиб из Ла-Салис,Antibes from La Salis,Antibes vue de la Salis,1888,73 × 92,музей,Художественный музей Толедо,Toledo Museum of Art,США,United States,,цветная фотография,https://monet.1vasiliadi.com/img/1600/w1168.webp,https://commons.wikimedia.org/wiki/File:Monet_-_Antibes_Seen_from_La_Salis%2C_1888.jpg,https://www.wikidata.org/wiki/Q78654632,https://monet.1vasiliadi.com/#w1168
1169,Вид на Антиб из Ла-Салис,Antibes seen from La Salis,Antibes vue de la Salis,1888,65 × 92,частная коллекция,,,,,2021,цветная фотография,https://monet.1vasiliadi.com/img/1600/w1169.webp,https://commons.wikimedia.org/wiki/File:Antibes_vue_de_la_Salis).jpg,,https://monet.1vasiliadi.com/#w1169
1170,Антиб утром,Antibes in the Morning,Matin à Antibes,1888,65 × 81,музей,Художественный музей Филадельфии,Philadelphia Museum of Art,США,United States,,цветная фотография,https://monet.1vasiliadi.com/img/1600/w1170.webp,https://commons.wikimedia.org/wiki/File:Morning_at_Antibes_(Claude_Monet%2C_1888).jpg,https://www.wikidata.org/wiki/Q20809474,https://monet.1vasiliadi.com/#w1170
1170a,Антиб утром,"Antibes, Morning",Antibes le matin,1888,,уничтожена,,,,,,нет,,,,https://monet.1vasiliadi.com/#w1170a
1171,Вид Антиба с плато Нотр-Дам,View of Antibes from the Plateau Notre-Dame,"Antibes, vue du plateau Notre-Dame",1888,65 × 92,частная коллекция,,,,,2014,цветная фотография,https://monet.1vasiliadi.com/img/1600/w1171.webp,https://commons.wikimedia.org/wiki/File:Antibes%2C_vue_du_plateau_Notre-Dame_(1888)_Claude_Monet_(W_1171).jpg,,https://monet.1vasiliadi.com/#w1171
1172,Вид на Антиб с плато Нотр-Дам,Antibes Seen from Plateau Notre Dame,"Antibes, vue du plateau Notre-Dame",1888,65 × 81,музей,"Музей изящных искусств, Бостон","Museum of Fine Arts, Boston",США,United States,,цветная фотография,https://monet.1vasiliadi.com/img/1600/w1172.webp,https://commons.wikimedia.org/wiki/File:Monet_-_Antibes_Seen_from_the_Plateau_Notre-Dame%2C_1888.jpg,https://www.wikidata.org/wiki/Q20538857,https://monet.1vasiliadi.com/#w1172
1173,Залив Антиба,The Gulf of Antibes,Golfe d'Antibes,1888,65 × 92,частная коллекция,,,,,2002,цветная фотография,https://monet.1vasiliadi.com/img/1600/w1173.webp,https://commons.wikimedia.org/wiki/File:Golfe_d'Antibes_(1888)_Claude_Monet_(W_1173).jpg,,https://monet.1vasiliadi.com/#w1173
1174,"Вид на Антиб с мыса, мистраль","Antibes Seen from the Cape, Mistral Wind","Antibes, vue du cap, vent de mistral",1888,65 × 81,частная коллекция,,,,,"Christie's, New York, 1984",скан из каталога,https://monet.1vasiliadi.com/img/1600/w1174.webp,https://commons.wikimedia.org/wiki/File:Monet_-_Wildenstein_1996%2C_1174.png,,https://monet.1vasiliadi.com/#w1174
1175,Вид с мыса Антиб,View from the Cap d'Antibes,Vue du cap d'Antibes,1888,63.5 × 78.7,музей,"Музей Хилл-Стед, Фармингтон","Hill-Stead Museum, Farmington",США,United States,,цветная фотография,https://monet.1vasiliadi.com/img/1600/w1175.webp,https://commons.wikimedia.org/wiki/File:Monet_-_View_of_Cap_d%E2%80%99Antibes%2C_1888.jpg,https://www.wikidata.org/wiki/Q84729398,https://monet.1vasiliadi.com/#w1175
1176,"На мысе Антиб, мистраль","At Cap d'Antibes, Mistral Wind",Au Cap d'Antibes par vent de mistral,1888,65 × 81,музей,"Музей изящных искусств, Бостон","Museum of Fine Arts, Boston",США,United States,,цветная фотография,https://monet.1vasiliadi.com/img/1600/w1176.webp,https://commons.wikimedia.org/wiki/File:Monet_-_Cap_d'Antibes%2C_Mistral%2C_1888.jpg,https://www.wikidata.org/wiki/Q20538862,https://monet.1vasiliadi.com/#w1176
1177,Вид на Альпы с мыса Антиб,The Alps Seen from Cap d'Antibes,Les Alpes vues du cap d'Antibes,1888,65 × 81,частная коллекция,,,,,,скан из каталога,https://monet.1vasiliadi.com/img/1600/w1177.webp,https://commons.wikimedia.org/wiki/File:Monet_w1177.jpg,,https://monet.1vasiliadi.com/#w1177
1178,"Залив Ангелов, вид с мыса Антиб",The Bay des Anges Seen from Cap d'Antibes,"La Baie des Anges, vue du cap d'Antibes",1888,65 × 81,частная коллекция,,,,,,скан из каталога,https://monet.1vasiliadi.com/img/1600/w1178.webp,https://commons.wikimedia.org/wiki/File:Monet_-_Wildenstein_1996%2C_1178.png,,https://monet.1vasiliadi.com/#w1178
1179,Море и Альпы (Средиземное море в Антибе),The Sea and the Alps (also known as The Mediterranean at Antibes),Le Golfe Juan,1888,59 × 84,частная коллекция,,,,,,скан из каталога,https://monet.1vasiliadi.com/img/1600/w1179.webp,https://commons.wikimedia.org/wiki/File:Monet_w1179.jpg,,https://monet.1vasiliadi.com/#w1179
1180,Залив Жуан в Антибе,The Gulf Juan at Antibes,Le Golfe Juan,1888,65 × 92,частная коллекция,,,Япония,Japan,2022,цветная фотография,https://monet.1vasiliadi.com/img/1600/w1180.webp,https://commons.wikimedia.org/wiki/File:Le_Golfe_Juan_(1888)_Claude_Monet_(W_1180).jpg,,https://monet.1vasiliadi.com/#w1180
1181,Средиземное море во время мистраля,The Mediterranean during the Mistral,La Méditerranée par vent de mistral,1888,65 × 92,частная коллекция,,,,,2018,цветная фотография,https://monet.1vasiliadi.com/img/1600/w1181.webp,https://commons.wikimedia.org/wiki/File:LA_M%C3%89DITERRAN%C3%89E_PAR_VENT_DE_MISTRAL_.PNG,,https://monet.1vasiliadi.com/#w1181
1182,Море в Антибе,"The ""Big Blue"" at Antibes (also known as The Sea at Antibes)",La grande Bleue à Antibes,1888,60 × 73,музей,Художественный музей Базеля,Kunstmuseum Basel,Швейцария,Switzerland,,скан из каталога,https://monet.1vasiliadi.com/img/1600/w1182.webp,https://commons.wikimedia.org/wiki/File:Monet_w1182.jpg,https://www.wikidata.org/wiki/Q126812158,https://monet.1vasiliadi.com/#w1182
1183,Море в Антибе,The Sea in Antibes,La mer à Antibes,1888,65 × 81,музей,"Музей фон дер Хейдта, Вупперталь","Von der Heydt Museum, Wuppertal",Германия,Germany,,цветная фотография,https://monet.1vasiliadi.com/img/1600/w1183.webp,https://commons.wikimedia.org/wiki/File:Blick_auf_das_Meer_(1888)_Claude_Monet_-_von_der_Heydt-Museum_(W1183).jpg,https://www.wikidata.org/wiki/Q124377795,https://monet.1vasiliadi.com/#w1183
1184,Средиземное море в Антибе,The Mediterranean at Antibes,La Méditerranée,1888,60 × 73,частная коллекция,,,,,2021,цветная фотография,https://monet.1vasiliadi.com/img/1600/w1184.webp,https://commons.wikimedia.org/wiki/File:2021_NYR_20180_0028C_000(claude_monet_la_mediterranee084034).jpg,,https://monet.1vasiliadi.com/#w1184
1185,На мысе Антиб,At Cap d'Antibes,"Ma Méditerranée, Cap d'Antibes",1888,65 × 81,музей,Художественный музей Колумбуса,Columbus Museum of Art,США,United States,,цветная фотография,https://monet.1vasiliadi.com/img/1600/w1185.webp,https://commons.wikimedia.org/wiki/File:The_Mediterranean_(Cap_d'Antibes)_by_Claude_Monet%2C_Columbus_Museum_of_Art_.JPG,https://www.wikidata.org/wiki/Q50532798,https://monet.1vasiliadi.com/#w1185
1186,"Берег Средиземного моря, пасмурная погода","Edge of the Mediterranean, Grey Weather","Bords de la Méditerranée, temps gris",1888,73 × 92,частная коллекция,,,Франция,France,2008,цветная фотография,https://monet.1vasiliadi.com/img/1600/w1186.webp,https://commons.wikimedia.org/wiki/File:Bords_de_la_M%C3%A9diterran%C3%A9e%2C_temps_gris_(1888)_Claude_Monet_(W_1186).jpg,,https://monet.1vasiliadi.com/#w1186
1187,Пляж в Жуан-ле-Пене,Beach in Juan-les-Pins,Plage de Juan-les-Pins,1888,73 × 92,частная коллекция,,,,,2004,цветная фотография,https://monet.1vasiliadi.com/img/1600/w1187.webp,https://commons.wikimedia.org/wiki/File:'Plage_de_Juan-les-Pins'_by_Claude_Monet%2C_1888.jpg,https://www.wikidata.org/wiki/Q50819937,https://monet.1vasiliadi.com/#w1187
1188,Деревья на морском берегу в Антибе,Trees by the Seashore at Antibes,"Arbres au bord de la mer, Antibes",1888,73 × 92,частная коллекция,,,,,,скан из каталога,https://monet.1vasiliadi.com/img/1600/w1188.webp,https://commons.wikimedia.org/wiki/File:Monet_w1188.jpg,,https://monet.1vasiliadi.com/#w1188
1189,Жуан-ле-Пен,Juan-les-Pins,,1888,73 × 92,частная коллекция,,,,,,скан из каталога,https://monet.1vasiliadi.com/img/1600/w1189.webp,https://commons.wikimedia.org/wiki/File:Monet_w1189.jpg,,https://monet.1vasiliadi.com/#w1189
1190,"Сосны, мыс Антиб","Pine Trees, Cap d'Antibes","Pins, cap d'Antibes",1888,73 × 92,частная коллекция,,,,,2007,скан из каталога,https://monet.1vasiliadi.com/img/1600/w1190.webp,https://commons.wikimedia.org/wiki/File:Monet_w1190.jpg,,https://monet.1vasiliadi.com/#w1190
1191,Под соснами. Вечер,"Under the Pine Trees, Evening","Sous les pins, soir",1888,73 × 92,музей,Художественный музей Филадельфии,Philadelphia Museum of Art,США,United States,,цветная фотография,https://monet.1vasiliadi.com/img/1600/w1191.webp,https://commons.wikimedia.org/wiki/File:Under_the_Pines%2C_evening_(1888)_by_Claude_Monet_(Philadelphia_Museum_of_Art_-_Acc.N.1993-151-1).jpg,https://www.wikidata.org/wiki/Q20809484,https://monet.1vasiliadi.com/#w1191
1192,Антиб,Antibes,,1888,65 × 92,музей,"Институт искусств Курто, Лондон","Courtauld Institute of Art, London",Великобритания,United Kingdom,,цветная фотография,https://monet.1vasiliadi.com/img/1600/w1192.webp,https://commons.wikimedia.org/wiki/File:Antibes_de_Claude_Monet_(Fondation_Vuitton%2C_Paris)_(40445024443).jpg,https://www.wikidata.org/wiki/Q50435466,https://monet.1vasiliadi.com/#w1192
1193,Горы Эстерель,The Esterel Mountains,Au Cap d'Antibes,1888,65 × 92,частная коллекция,,,,,,скан из каталога,https://monet.1vasiliadi.com/img/1600/w1193.webp,https://commons.wikimedia.org/wiki/File:Monet_w1193.jpg,https://www.wikidata.org/wiki/Q124156632,https://monet.1vasiliadi.com/#w1193
1194,Луг в Живерни,The Meadow at Giverny,La Prairie à Giverny,1888,73 × 92,частная коллекция,,,Япония,Japan,,скан из каталога,https://monet.1vasiliadi.com/img/1600/w1194.webp,https://commons.wikimedia.org/wiki/File:Monet_-_Wildenstein_1996%2C_1194.png,,https://monet.1vasiliadi.com/#w1194
1195,Утро в тумане,Morning in the Fog,"Matin, brouillard",1888,,частная коллекция,,,,,,скан из каталога,https://monet.1vasiliadi.com/img/1600/w1195.webp,https://commons.wikimedia.org/wiki/File:Monet_-_Wildenstein_1996%2C_1195.png,,https://monet.1vasiliadi.com/#w1195
1196,Утренний туман,Morning Fog,Brouillard matinal,1888,73 × 92,музей,"Национальная галерея искусства, Вашингтон","National Gallery of Art, Washington D.C.",США,United States,,цветная фотография,https://monet.1vasiliadi.com/img/1600/w1196.webp,https://www.nga.gov/collection/art-object-page.45872.html,https://www.wikidata.org/wiki/Q20189944,https://monet.1vasiliadi.com/#w1196
1197,Туман в Живерни,Fog at Giverny,Brouillard à Giverny,1888,73 × 92,частная коллекция,,,,,,скан из каталога,https://monet.1vasiliadi.com/img/1600/w1197.webp,https://commons.wikimedia.org/wiki/File:Monet_-_Wildenstein_1996%2C_1197.png,,https://monet.1vasiliadi.com/#w1197
1198,Луг в Лиме,Meadow at Limetz,La prairie de Limetz près de Giverny,1888,65 × 92,музей,"Художественный фонд «Ёсино Гипсум», Токио","Yoshino Gypsum Art Foundation, Tokyo",Япония,Japan,,цветная фотография,https://monet.1vasiliadi.com/img/1600/w1198.webp,https://commons.wikimedia.org/wiki/File:The_Meadow_at_Limetz_near_Giverny_(1888)_by_Claude_Monet_-_Yoshino_Gypsum_Collection_(W1198).jpg,https://www.wikidata.org/wiki/Q95911194,https://monet.1vasiliadi.com/#w1198
1199,Луг в Живерни,The Meadow at Giverny,Prairie à Giverny,1888,65 × 92,музей,"Музей Кригера, Вашингтон","Kreeger Museum, Washington D.C.",США,United States,,скан из каталога,https://monet.1vasiliadi.com/img/1600/w1199.webp,https://commons.wikimedia.org/wiki/File:Monet_w1199.jpg,https://www.wikidata.org/wiki/Q68041446,https://monet.1vasiliadi.com/#w1199
1200,"Луг в Живерни, утренний эффект","Meadow at Giverny, Morning effect","Prairies à Giverny, effet du matin",1888,50 × 81,частная коллекция,,,,,,скан из каталога,https://monet.1vasiliadi.com/img/1600/w1200.webp,https://commons.wikimedia.org/wiki/File:Monet_w1200.jpg,,https://monet.1vasiliadi.com/#w1200
1201,Луг в Лиме,Meadow at Limetz,La Prairie de Limetz,1888,73 × 92,частная коллекция,,,Франция,France,2002,цветная фотография,https://monet.1vasiliadi.com/img/1600/w1201.webp,https://commons.wikimedia.org/wiki/File:Prairie_de_Limetz_(1888)_Claude_Monet_(W_1201).jpg,,https://monet.1vasiliadi.com/#w1201
1202,Луга в Живерни,Meadows at Giverny,Prés à Giverny,1888,92 × 81,музей,"Эрмитаж, Санкт-Петербург","Hermitage Museum, St Petersburg",Россия,Russia,,цветная фотография,https://monet.1vasiliadi.com/img/1600/w1202.webp,https://commons.wikimedia.org/wiki/File:'Meadows_at_Giverny'_by_Claude_Monet%2C_1888%2C_Hermitage.JPG,https://www.wikidata.org/wiki/Q3909928,https://monet.1vasiliadi.com/#w1202
1203,Прогулка в пасмурную погоду,Taking a Walk in Grey Weather,"Promenade, temps gris",1888,92 × 81,частная коллекция,,,Великобритания,United Kingdom,,скан из каталога,https://monet.1vasiliadi.com/img/1600/w1203.webp,https://commons.wikimedia.org/wiki/File:Monet_-_Wildenstein_1996%2C_1203.png,,https://monet.1vasiliadi.com/#w1203
1204,"Пейзаж с фигурами, Живерни, фигуры на солнце","Landscape with figures, Giverny, figures in sunshine","Paysage avec figures, Giverny dit aussi : Figures au soleil",1888,80 × 80,музей,Чикагский институт искусств,Art Institute of Chicago,США,United States,,скан из каталога,https://monet.1vasiliadi.com/img/1600/w1204.webp,https://commons.wikimedia.org/wiki/File:Monet_w1204.jpg,,https://monet.1vasiliadi.com/#w1204
1205,"Утренний пейзаж, Живерни (Пейзаж утром)","Morning Landscape, Giverny (also known as Landscape in the Morning)",Paysage de matin,1888,74 × 80,частная коллекция,,,,,2015,цветная фотография,https://monet.1vasiliadi.com/img/1600/w1205.webp,https://commons.wikimedia.org/wiki/File:Paysage_de_matin_(1888)_Claude_Monet_(W1205).jpg,,https://monet.1vasiliadi.com/#w1205
1206,Вечер на лугу в Живерни,Evening in the meadow at Giverny,"Le Soir dans la prairie, Giverny",1888,82 × 81,частная коллекция,,,Япония,Japan,,скан из каталога,https://monet.1vasiliadi.com/img/1600/w1206.webp,https://commons.wikimedia.org/wiki/File:Monet_-_Wildenstein_1996%2C_1206.png,,https://monet.1vasiliadi.com/#w1206
1207,Девушка в саду в Живерни,Young Girl in the Garden at Giverny,Jeune fille dans le jardin de Giverny,1888,73 × 92,частная коллекция,,,,,2018,цветная фотография,https://monet.1vasiliadi.com/img/1600/w1207.webp,https://commons.wikimedia.org/wiki/File:Jeune_fille_dans_le_jardin_de_Giverny_(1888)_Claude_Monet_(W_1207).jpg,https://www.wikidata.org/wiki/Q111039643,https://monet.1vasiliadi.com/#w1207
1208,Тополя в Живерни,Poplars at Giverny,Peupliers à Giverny,1888,65 × 92,музей,"Государственная галерея Штутгарта, Штутгарт","Staatsgalerie Stuttgart, Stuttgart",Германия,Germany,,цветная фотография,https://monet.1vasiliadi.com/img/1600/w1208.webp,https://commons.wikimedia.org/wiki/File:Pappeln_bei_Giverny_(1890)_von_Claude_Monet_-_Staatsgalerie_Stuttgart.jpg,,https://monet.1vasiliadi.com/#w1208
1209,Излучина реки Эпт,Bend in the River Epte,Un tournant de l'Epte près de Giverny,1888,73 × 92,музей,Художественный музей Филадельфии,Philadelphia Museum of Art,США,United States,,цветная фотография,https://monet.1vasiliadi.com/img/1600/w1209.webp,https://commons.wikimedia.org/wiki/File:E1924-3-16-pma2018.jpg,https://www.wikidata.org/wiki/Q20809465,https://monet.1vasiliadi.com/#w1209
1210,Мельница в Лиме,Mill at Limetz,Moulin de Limetz,1888,92 × 73,музей,"Художественный музей Нельсона-Аткинса, Канзас-Сити","Nelson-Atkins Museum of Art, Kansas City",США,United States,2024,цветная фотография,https://monet.1vasiliadi.com/img/1600/w1210.webp,https://commons.wikimedia.org/wiki/File:Mill_at_Limetz%2C_Claude_Monet%2C_1888_-_Nelson-Atkins_Museum_of_Art_-_DSC09011.JPG,https://www.wikidata.org/wiki/Q64563579,https://monet.1vasiliadi.com/#w1210
1210a,Мельница в Лиме,Mill at Limetz,Le Moulin de Limetz,1888,90 × 72,частная коллекция,,,США,United States,2023,нет,,,https://www.wikidata.org/wiki/Q123414068,https://monet.1vasiliadi.com/#w1210a
1211,Сена близ Живерни,The Seine near Giverny,La Seine près de Giverny,1888,65 × 92,частная коллекция,,,,,2023,цветная фотография,https://monet.1vasiliadi.com/img/1600/w1211.webp,https://commons.wikimedia.org/wiki/File:La_Seine_pr%C3%A8s_de_Giverny_(1888)_Claude_Monet_(W_1211).jpg,,https://monet.1vasiliadi.com/#w1211
1212,Две вазы с хризантемами,Two Vases of Chrysanthemums,Deux Vases de chrysanthèmes,1888,73 × 92,частная коллекция,,,,,,скан из каталога,https://monet.1vasiliadi.com/img/1600/w1212.webp,https://commons.wikimedia.org/wiki/File:Monet_-_Wildenstein_1996%2C_1212.png,,https://monet.1vasiliadi.com/#w1212
1213,"Стога в Живерни, закат","Grainstacks at Giverny, Sunset","Les Meules à Giverny, soleil couchant",1888–89,65 × 92,музей,"Музей современного искусства, Сайтама","Museum of Modern Art, Saitama",Япония,Japan,,цветная фотография,https://monet.1vasiliadi.com/img/1600/w1213.webp,https://commons.wikimedia.org/wiki/File:Monet_grainstacks-at-giverny-sunset_W1213.jpg,https://www.wikidata.org/wiki/Q48092399,https://monet.1vasiliadi.com/#w1213
1214,"Стога в Живерни, утро","Grainstacks at Giverny, Morning Effect","Les Meules, Giverny, effet du matin",1888–89,65 × 92,частная коллекция,,,,,"Sotheby's, New York, 1996",цветная фотография,https://monet.1vasiliadi.com/img/1600/w1214.webp,https://commons.wikimedia.org/wiki/File:Monet_grainstacks-at-giverny-morning-effect_W1214.jpg,https://www.wikidata.org/wiki/Q48091652,https://monet.1vasiliadi.com/#w1214
1215,"Стога, иней, восход солнца","Grainstacks, White Frost, Sunrise","Les Meules, effet de gelée blanche",1888–89,65 × 92,музей,"Музей Хилл-Стед, Фармингтон","Hill-Stead Museum, Farmington",США,United States,,цветная фотография,https://monet.1vasiliadi.com/img/1600/w1215.webp,https://commons.wikimedia.org/wiki/File:Monet_-_Grainstacks%2C_White_Frost_Effect_(1889)_Google_Art_Project.jpg,https://www.wikidata.org/wiki/Q48977641,https://monet.1vasiliadi.com/#w1215
1216,Зерновой стог в Живерни,Grainstack at Giverny,La Meule à Giverny,1889,65 × 81,музей,Тель-Авивский музей искусств,Tel Aviv Museum of Art,Израиль,Israel,,цветная фотография,https://monet.1vasiliadi.com/img/1600/w1216.webp,https://commons.wikimedia.org/wiki/File:1889_Monet_Grainstack_at_Giverny_Tel_Aviv_Museum_of_Art_anagoria.jpg,https://www.wikidata.org/wiki/Q49446122,https://monet.1vasiliadi.com/#w1216
1217,"Стога, зима, туман","Grainstacks, Winter, Foggy Weather",,1888–89,65 × 92,частная коллекция,,,Япония,Japan,,цветная фотография,https://monet.1vasiliadi.com/img/1600/w1217.webp,https://commons.wikimedia.org/wiki/File:'Meules'_by_Claude_Monet%2C_1893%2C_oil.jpg,,https://monet.1vasiliadi.com/#w1217
1218,Долина Крёза во Фресселине,Valley of the Creuse at Fresselines,La Vallée de la Creuse à Fresselines,1889,81 × 65,частная коллекция,,,,,2008,цветная фотография,https://monet.1vasiliadi.com/img/1600/w1218.webp,https://commons.wikimedia.org/wiki/File:La_Vall%C3%A9e_de_la_Creuse_%C3%A0_Fresselines_(1889)_Claude_Monet_(W_1218).jpg,,https://monet.1vasiliadi.com/#w1218
1219,Долина Крёза (эффект солнца),Valley of the Creuse (Sunlight Effect),Vallée de la Creuse (effet de soleil),1889,65 × 92,музей,"Музей изящных искусств, Бостон","Museum of Fine Arts, Boston",США,United States,,цветная фотография,https://monet.1vasiliadi.com/img/1600/w1219.webp,https://commons.wikimedia.org/wiki/File:Monet_-_Valley_of_the_Creuse_(Sunlight_Effect)%2C_1889.jpg,https://www.wikidata.org/wiki/Q20538884,https://monet.1vasiliadi.com/#w1219
1220,Овраг Крёз на исходе дня,Ravine of the Creuse at the end of the Day,Les Ravins de la Creuse,1889,65 × 81,музей,"Музей изящных искусств, Реймс","Museum of Fine Arts, Reims",Франция,France,,цветная фотография,https://monet.1vasiliadi.com/img/1600/w1220.webp,https://commons.wikimedia.org/wiki/File:Monet_-_Ravin_de_la_Creuse_au_d%C3%A9clin_du_jour%2C_1889.jpg,https://www.wikidata.org/wiki/Q115739250,https://monet.1vasiliadi.com/#w1220
1221,Долина Крёза (серый день),Valley of the Creuse (Gray Day),Vallée de la Creuse (jour gris),1889,65 × 81,музей,"Музей изящных искусств, Бостон","Museum of Fine Arts, Boston",США,United States,,цветная фотография,https://monet.1vasiliadi.com/img/1600/w1221.webp,https://commons.wikimedia.org/wiki/File:Claude_Monet_-_Valley_of_the_Creuse_(Gray_Day)_-_Google_Art_Project.jpg,https://www.wikidata.org/wiki/Q20538954,https://monet.1vasiliadi.com/#w1221
1222,Слияние двух Крёзов,Confluence of the Two Creuses,Au Confluent des deux Creuse,1889,65 × 81,частная коллекция,,,,,,скан из каталога,https://monet.1vasiliadi.com/img/1600/w1222.webp,https://commons.wikimedia.org/wiki/File:Monet_-_Wildenstein_1996%2C_1222.png,,https://monet.1vasiliadi.com/#w1222
1222a,Долина Крёза. Закат,"Valley of the Creuse, Sunset","La Creuse, soleil couchant",1889,67 × 82,частная коллекция,,,США,United States,2000,скан из каталога,https://monet.1vasiliadi.com/img/1600/w1222a.webp,https://commons.wikimedia.org/wiki/File:Monet_-_Wildenstein_1996%2C_1222a.png,,https://monet.1vasiliadi.com/#w1222a
1223,Долина Крёза. Послеполуденное солнце,"Valley of the Creuse, Afternoon Sunlight","Vallée de la Creuse, soleil d’après-midi",1889,73 × 92,частная коллекция,,,,,"Sotheby's, London, 1969",скан из каталога,https://monet.1vasiliadi.com/img/1600/w1223.webp,https://commons.wikimedia.org/wiki/File:Monet_-_Wildenstein_1996%2C_1223.png,,https://monet.1vasiliadi.com/#w1223
1224,Долина Крёза,Valley of the Creuse,Vue de la Creuse par temps nuageux,1889,73 × 92,музей,"Музей фон дер Хейдта, Вупперталь","Von der Heydt Museum, Wuppertal",Германия,Germany,,цветная фотография,https://monet.1vasiliadi.com/img/1600/w1224.webp,https://commons.wikimedia.org/wiki/File:Blick_auf_die_Creuse_bei_tr%C3%BCbem_Wetter_(1889)_Claude_Monet_-_von_der_Heydt-Museum_(W1224).jpg,https://www.wikidata.org/wiki/Q124377796,https://monet.1vasiliadi.com/#w1224
1225,Долина Крёза. Вечерний эффект,"Valley of the Creuse, Evening Effect","Vallée de la Creuse, effet du soir",1889,65 × 81,музей,"Музей Мармоттан-Моне, Париж","Musée Marmottan Monet, Paris",Франция,France,,цветная фотография,https://monet.1vasiliadi.com/img/1600/w1225.webp,https://commons.wikimedia.org/wiki/File:VALL%C3%89E_DE_LA_CREUSE%2C_EFFET_DU_SOIR_(1889)_Claude_Monet_-_Mus%C3%A9e_Marmottan_Monet.jpg,https://www.wikidata.org/wiki/Q105099625,https://monet.1vasiliadi.com/#w1225
1226,Долина Крёза. Закат,"Valley of the Creuse, Sunset","La vallée de la Creuse, soleil couchant",1889,73 × 70,музей,"Музей Унтерлинден, Кольмар","Unterlinden Museum, Colmar",Франция,France,,цветная фотография,https://monet.1vasiliadi.com/img/1600/w1226.webp,https://commons.wikimedia.org/wiki/File:Monet_-_Valley_of_the_Creuse_(Sunset)%2C_1889.jpg,https://www.wikidata.org/wiki/Q84554666,https://monet.1vasiliadi.com/#w1226
1227,Ущелье Крёза,Ravine of the Creuse,Ravin de la Creuse,1889,73 × 73,частная коллекция,,,,,2024,цветная фотография,https://monet.1vasiliadi.com/img/1600/w1227.webp,https://commons.wikimedia.org/wiki/File:Ravin_de_la_Creuse_(1889)_Claude_Monet_(W1227).jpg,,https://monet.1vasiliadi.com/#w1227
1228,Исследование скал,Study of Rocks; Creuse (also known as Le Bloc),Le Bloc,1889,73 × 92,музей,Ранее коллекция королевы-матери Елизаветы,Formerly collection of Queen Elizabeth The Queen Mother,Великобритания,United Kingdom,,цветная фотография,https://monet.1vasiliadi.com/img/1600/w1228.webp,https://commons.wikimedia.org/wiki/File:Claude_Monet_-_Le_Bloc.jpg,https://www.wikidata.org/wiki/Q18023036,https://monet.1vasiliadi.com/#w1228
1229,Старое дерево во Френелине,The Old Tree at Fresselines,Le Vieil Arbre à Fresselines,1889,81 × 100,частная коллекция,,,,,,скан из каталога,https://monet.1vasiliadi.com/img/1600/w1229.webp,https://commons.wikimedia.org/wiki/File:Monet_-_Wildenstein_1996%2C_1229.png,,https://monet.1vasiliadi.com/#w1229
1230,Долина Малого Крёза,Valley of the Petite Creuse,Vallée de la Petite Creuse,1889,65 × 92,музей,"Музей изящных искусств, Бостон","Museum of Fine Arts, Boston",США,United States,,цветная фотография,https://monet.1vasiliadi.com/img/1600/w1230.webp,https://commons.wikimedia.org/wiki/File:Monet_-_Valley_of_the_Petite_Creuse%2C_1889.jpg,https://www.wikidata.org/wiki/Q20538830,https://monet.1vasiliadi.com/#w1230
1231,Старое дерево у слияния рек,The Old Tree at the Confluence,La Petite Creuse,1889,65 × 92,музей,Чикагский институт искусств,Art Institute of Chicago,США,United States,,цветная фотография,https://monet.1vasiliadi.com/img/1600/w1231.webp,https://www.artic.edu/artworks/16542,https://www.wikidata.org/wiki/Q20266370,https://monet.1vasiliadi.com/#w1231
1232,Овраг Малой Крёз,Ravine of the Petit Creuse,Soleil sur la Petite Creuse,1889,73 × 92,музей,"Музей изящных искусств, Бостон","Museum of Fine Arts, Boston",США,United States,2023,цветная фотография,https://monet.1vasiliadi.com/img/1600/w1232.webp,https://commons.wikimedia.org/wiki/File:Claude_Monet_-_Soleil_sur_la_Petite_Creuse_(W_1232).jpg,,https://monet.1vasiliadi.com/#w1232
1233,Большая Крёз у моста Верви,The Grande Creuse at Pont de Vervy,La Grande Creuse au pont de Vervy,1889,73 × 92,музей,Художественный музей Филадельфии,Philadelphia Museum of Art,США,United States,,цветная фотография,https://monet.1vasiliadi.com/img/1600/w1233.webp,https://commons.wikimedia.org/wiki/File:Monet_-_The_Grande_Creuse_at_Pont_de_Vervy%2C_1889.jpg,https://www.wikidata.org/wiki/Q20809481,https://monet.1vasiliadi.com/#w1233
1234,Мост в Верви,The Bridge at Vervy,Le pont de Vervy,1889,65 × 92,музей,"Музей Мармоттан-Моне, Париж","Musée Marmottan Monet, Paris",Франция,France,,скан из каталога,https://monet.1vasiliadi.com/img/1600/w1234.webp,https://commons.wikimedia.org/wiki/File:Monet_w1234.jpg,https://www.wikidata.org/wiki/Q105099578,https://monet.1vasiliadi.com/#w1234
1235,Мельница в Верви,The Mill at Vervy,Le Moulin de Vervy,1889,73 × 92,частная коллекция,,,,,,скан из каталога,https://monet.1vasiliadi.com/img/1600/w1235.webp,https://commons.wikimedia.org/wiki/File:Monet_w1235.jpg,,https://monet.1vasiliadi.com/#w1235
1236,Мельница в Верви,The Mill at Vervy,"Le Moulin de Vervy, esquisse",1889,65 × 81,частная коллекция,,,,,,скан из каталога,https://monet.1vasiliadi.com/img/1600/w1236.webp,https://commons.wikimedia.org/wiki/File:Monet_-_Wildenstein_1996%2C_1236.png,,https://monet.1vasiliadi.com/#w1236
1237,Деревня Ла-Рош-Блон. Закат,"The Village of La Roche-Blond, Sunset","Le village de la Roche-Blond, Effet du soir",1889,73 × 92,музей,"Художественный музей префектуры Миэ, Цу","Mie Prefectural Art Museum, Tsu",Япония,Japan,,цветная фотография,https://monet.1vasiliadi.com/img/1600/w1237.webp,https://commons.wikimedia.org/wiki/File:Monet_-_Le_village_de_la_Roche-Blond%2C_Effet_du_soir%2C_1889.jpg,https://www.wikidata.org/wiki/Q73386714,https://monet.1vasiliadi.com/#w1237
1238,Деревня Ла-Кош-Блон. Вечер,"The Village of La Coche-Blond, Evening",Le village de La Roche-Blond au soleil couchant,1889,73 × 92,музей,"Художественный музей префектуры Миэ, Цу","Mie Prefectural Art Museum, Tsu",Япония,Japan,,цветная фотография,https://monet.1vasiliadi.com/img/1600/w1238.webp,https://commons.wikimedia.org/wiki/File:Claude_Monet_-_Village_de_La_Roche-Blond%2C_effet_du_soir_(1889).jpg,https://www.wikidata.org/wiki/Q115902260,https://monet.1vasiliadi.com/#w1238
1239,Пороги на Малой Крёз в Фреслине,Rapids on the Petite Creuse at Fresselines,Les Rapides de la Petite Creuse à Fresselines,1889,65 × 92,музей,"Метрополитен-музей, Нью-Йорк","Metropolitan Museum of Art, New York",США,United States,,цветная фотография,https://monet.1vasiliadi.com/img/1600/w1239.webp,https://commons.wikimedia.org/wiki/File:Rapids_on_the_Petite_Creuse_at_Fresselines_MET_DT226477.jpg,https://www.wikidata.org/wiki/Q19912124,https://monet.1vasiliadi.com/#w1239
1240,Поток на Крёзе,Torrent of the Creuse,Torrent de la Creuse,1889,65 × 92,частная коллекция,,,США,United States,,скан из каталога,https://monet.1vasiliadi.com/img/1600/w1240.webp,https://commons.wikimedia.org/wiki/File:Monet_-_Wildenstein_1996%2C_1240.png,,https://monet.1vasiliadi.com/#w1240
1241,Ивы в Живерни,The Willows at Giverny,"Les Saules, Giverny",1889,73 × 92,частная коллекция,,,,,2023,цветная фотография,https://monet.1vasiliadi.com/img/1600/w1241.webp,https://commons.wikimedia.org/wiki/File:Les_Saules%2C_Giverny_(1886)_Claude_MONET_(W_1241).jpg,,https://monet.1vasiliadi.com/#w1241
1242,Ивы на закате,Willows at Sunset,Saules au soleil couchant,1889,73 × 92,частная коллекция,,,,,2021,цветная фотография,https://monet.1vasiliadi.com/img/1600/w1242.webp,https://commons.wikimedia.org/wiki/File:Claude_Monet_-_Saules_au_soleil_couchant_(W1242).jpg,https://www.wikidata.org/wiki/Q66573134,https://monet.1vasiliadi.com/#w1242
1243,Живерни весной,Giverny in Springtime,"Printemps, Giverny",1890,65 × 81,музей,"Институт искусств Кларка, Уильямстаун","Clark Art Institute, Williamstown",США,United States,,цветная фотография,https://monet.1vasiliadi.com/img/1600/w1243.webp,https://commons.wikimedia.org/wiki/File:Monet_-_Spring_in_Giverny%2C_1890.jpg,https://www.wikidata.org/wiki/Q104774128,https://monet.1vasiliadi.com/#w1243
1244,Тополя,The Poplars,Les Peupliers,1890,65 × 81,частная коллекция,,,,,2005,цветная фотография,https://monet.1vasiliadi.com/img/1600/w1244.webp,https://commons.wikimedia.org/wiki/File:LES_PEUPLIERS_(1890)_Claude_Monet_(W_1244).jpg,,https://monet.1vasiliadi.com/#w1244
1245,Весна в Живерни,Effect of Spring at Giverny,Effet de printemps à Giverny,1890,60 × 100,частная коллекция,,,,,2010,цветная фотография,https://monet.1vasiliadi.com/img/1600/w1245.webp,https://commons.wikimedia.org/wiki/File:Effet_de_printemps_%C3%A0_Giverny_(1890)_Claude_Monet_(W_1245).jpg,,https://monet.1vasiliadi.com/#w1245
1246,"Луг, облачное небо","Meadow, Cloudy Sky","Prairie, ciel nuageux",1890,60 × 100,частная коллекция,,,,,2019,цветная фотография,https://monet.1vasiliadi.com/img/1600/w1246.webp,https://commons.wikimedia.org/wiki/File:Prairie%2C_ciel_nuageux_(1890)_Claude_Monet_(W1246).jpg,,https://monet.1vasiliadi.com/#w1246
1247,Луг в Живерни,Meadow at Giverny,Prairie à Giverny,1890,65 × 92,музей,Художественный музей префектуры Фукусима,Fukushima Prefectural Museum of Art,Япония,Japan,,цветная фотография,https://monet.1vasiliadi.com/img/1600/w1247.webp,https://commons.wikimedia.org/wiki/File:Monet_-_Prairie_a_Giverny%2C_1890.jpg,https://www.wikidata.org/wiki/Q95627403,https://monet.1vasiliadi.com/#w1247
1248,Цветущий луг в Живерни,Meadow in flower at Giverny,Prairie fleurie à Giverny,1890,65 × 92,частная коллекция,,,,,2024,цветная фотография,https://monet.1vasiliadi.com/img/1600/w1248.webp,https://commons.wikimedia.org/wiki/File:Prairie_fleurie_%C3%A0_Giverny_(1890)_Claude_Monet_(W_1248).jpg,,https://monet.1vasiliadi.com/#w1248
1249,Розовая лодка,The Pink Skiff,La Barque rose,1890,135 × 175,музей,"Художественный музей Пола, Хаконэ","Pola Museum of Art, Hakone",Япония,Japan,,цветная фотография,https://monet.1vasiliadi.com/img/1600/w1249.webp,https://commons.wikimedia.org/wiki/File:%22The_Pink_Skiff%22_(1890)_by_Claude_Monet_-_Pola_Museum_of_Art%2C_Hakone%2C_Japan.jpg,https://www.wikidata.org/wiki/Q79790758,https://monet.1vasiliadi.com/#w1249
1250,Лодка на Эпте,Boating on the River Epte,En canot sur l'Epte,1890,133 × 145,музей,Художественный музей Сан-Паулу,São Paulo Museum of Art,Бразилия,Brazil,,цветная фотография,https://monet.1vasiliadi.com/img/1600/w1250.webp,https://commons.wikimedia.org/wiki/File:Monet_-_canoaepte01.jpg,https://www.wikidata.org/wiki/Q4931530,https://monet.1vasiliadi.com/#w1250
1251,Поле маков,Poppy Field,Champ de coquelicots,1890,60 × 100,музей,"Художественный музей колледжа Смит, Нортгемптон","Smith College Museum of Art, Northampton",США,United States,,скан из каталога,https://monet.1vasiliadi.com/img/1600/w1251.webp,https://commons.wikimedia.org/wiki/File:Monet_-_Wildenstein_1996%2C_1251.png,https://www.wikidata.org/wiki/Q83901250,https://monet.1vasiliadi.com/#w1251
1252,Маковое поле близ Живерни,Field of Poppies near Giverny,Champs de coquelicots à Giverny,1890,60 × 100,музей,"Музей изящных искусств, Бостон","Museum of Fine Arts, Boston",США,United States,,цветная фотография,https://monet.1vasiliadi.com/img/1600/w1252.webp,https://commons.wikimedia.org/wiki/File:Claude_Monet_Mohnfeld.jpg,https://www.wikidata.org/wiki/Q20538878,https://monet.1vasiliadi.com/#w1252
1253,"Маковое поле, Живерни","Poppy Field, Giverny",Champ de coquelicots à Giverny,1890,61 × 96.5,музей,Чикагский институт искусств,Art Institute of Chicago,США,United States,,цветная фотография,https://monet.1vasiliadi.com/img/1600/w1253.webp,https://www.artic.edu/artworks/4783,https://www.wikidata.org/wiki/Q20267913,https://monet.1vasiliadi.com/#w1253
1254,Маки,Poppies,Coquelicots,1890,60 × 100,частная коллекция,,,,,,скан из каталога,https://monet.1vasiliadi.com/img/1600/w1254.webp,https://commons.wikimedia.org/wiki/File:Monet_w1254.jpg,,https://monet.1vasiliadi.com/#w1254
1255,Поле маков,Poppy Field,Champ de coquelicots,1890,60 × 92,музей,"Эрмитаж, Санкт-Петербург","Hermitage Museum, St Petersburg",Россия,Russia,,цветная фотография,https://monet.1vasiliadi.com/img/1600/w1255.webp,https://commons.wikimedia.org/wiki/File:%22Champ_de_coquelicots%22_de_Claude_Monet_(Fondation_Vuitton%2C_Paris)_-_Flickr_-_dalbera.jpg,https://www.wikidata.org/wiki/Q19869038,https://monet.1vasiliadi.com/#w1255
1256,Поле овса и маков,Oat and Poppy Field,Champ d'avoine et de coquelicots,1890,65 × 92,частная коллекция,,,,,2022,цветная фотография,https://monet.1vasiliadi.com/img/1600/w1256.webp,https://commons.wikimedia.org/wiki/File:Champ_d'avoine_et_de_coquelicots_(1890)_Claude_Monet_(W1256).jpg,,https://monet.1vasiliadi.com/#w1256
1257,Овсяное поле с маками,Field of Oats and Poppies,Champ d'avoine et coquelicots,1890,73 × 92,частная коллекция,,,,,,цветная фотография,https://monet.1vasiliadi.com/img/1600/w1257.webp,https://commons.wikimedia.org/wiki/File:Champ_d'avoine_et_de_coquelicots_(1890)_Claude_Monet_(W1257).jpg,,https://monet.1vasiliadi.com/#w1257
1258,Поле овса и маков,Oat and Poppy Field,Champ d'avoine aux coquelicots,1890,65 × 92,музей,"Музей современного искусства, Страсбург",Strasbourg Museum of Modern and Contemporary Art,Франция,France,,цветная фотография,https://monet.1vasiliadi.com/img/1600/w1258.webp,https://commons.wikimedia.org/wiki/File:Mus%C3%A9e_d'art_moderne_et_contemporain_de_Strasbourg_06.jpg,https://www.wikidata.org/wiki/Q47510174,https://monet.1vasiliadi.com/#w1258
1259,Овсяное поле с маками,Oat Field with Poppies,Champ d'avoine aux coquelicots,1890,65 × 92,частная коллекция,,,Франция,France,,скан из каталога,https://monet.1vasiliadi.com/img/1600/w1259.webp,https://commons.wikimedia.org/wiki/File:Monet_-_Wildenstein_1996%2C_1259.png,,https://monet.1vasiliadi.com/#w1259
1260,Овсяное поле с маками,Oat Field with Poppies,Champ d’avoine,1890,50.8 × 76.2,музей,"Художественный музей Харна, Университет Флориды",Harn Museum of Art University of Florida,США,United States,,цветная фотография,https://monet.1vasiliadi.com/img/1600/w1260.webp,https://commons.wikimedia.org/wiki/File:%E2%80%9CChamp_d%E2%80%99avoine_(Oat_Field)%E2%80%9D_1890%2C_Claude_Monet%2C_Samuel_P._Harn_Museum_of_Art%2C_Gift_of_Michael_A._Singer%2C_inv._1999.6_(W1260).jpg,https://www.wikidata.org/wiki/Q91095552,https://monet.1vasiliadi.com/#w1260
1261,Портрет Сюзанны с подсолнухами,Portrait of Suzanne with Sunflowers,Portrait de Suzanne aux soleils,1890,162 × 107,частная коллекция,,,,,,цветная фотография,https://monet.1vasiliadi.com/img/1600/w1261.webp,https://commons.wikimedia.org/wiki/File:Portrait-suzanne-hoschede-sunflowers-Monet.jpg,,https://monet.1vasiliadi.com/#w1261
1262,Островки в Пор-Вилле,The Islets at Port-Villez,,1890,60 × 100,частная коллекция,,,США,United States,,скан из каталога,https://monet.1vasiliadi.com/img/1600/w1262.webp,https://commons.wikimedia.org/wiki/File:Monet_-_Wildenstein_1996%2C_1262.png,,https://monet.1vasiliadi.com/#w1262
1263,Сена в Пор-Вийе,The Seine at Port-Villez,La Seine à Port-Villez,1890,65 × 92,музей,"Музей Орсе, Париж","Musée d'Orsay, Paris",Франция,France,,цветная фотография,https://monet.1vasiliadi.com/img/1600/w1263.webp,https://commons.wikimedia.org/wiki/File:La_Seine_%C3%A0_Port-Villez_-_v1890-_Claude_Monet_-_Mus%C3%A9e_d'Orsay.jpg,https://www.wikidata.org/wiki/Q17492310,https://monet.1vasiliadi.com/#w1263
1264,Порыв ветра,The Gust of Wind,La Seine à Port-Villez,1890,60 × 100,музей,Художественный музей Колумбуса,Columbus Museum of Art,США,United States,,цветная фотография,https://monet.1vasiliadi.com/img/1600/w1264.webp,https://commons.wikimedia.org/wiki/File:Claude_Monet_-_The_Seine_at_Port-Villez_(c._1883-90).jpg,https://www.wikidata.org/wiki/Q20854513,https://monet.1vasiliadi.com/#w1264
1265,Песчаные островки в Пор-Вийе,The Sand Islets at Port Villez,,1890,65 × 81,частная коллекция,,,,,,скан из каталога,https://monet.1vasiliadi.com/img/1600/w1265.webp,https://commons.wikimedia.org/wiki/File:Monet_-_Wildenstein_1996%2C_1265.png,,https://monet.1vasiliadi.com/#w1265
1266,"Стога в конце лета, утро","Grainstacks at the End of Summer, Morning Effect","Meules, fin de l'été",1890,60 × 100,музей,"Музей Орсе, Париж","Musée d'Orsay, Paris",Франция,France,,цветная фотография,https://monet.1vasiliadi.com/img/1600/w1266.webp,https://commons.wikimedia.org/wiki/File:Claude_Monet_-_Haystacks%2C_end_of_Summer_-_Google_Art_Project.jpg,https://www.wikidata.org/wiki/Q17494280,https://monet.1vasiliadi.com/#w1266
1267,Стога в ярком солнечном свете,Grainstacks in Bright Sunlight,"Meules, grand soleil",1890,60 × 100,музей,"Музей Хилл-Стед, Фармингтон","Hill-Stead Museum, Farmington",США,United States,,цветная фотография,https://monet.1vasiliadi.com/img/1600/w1267.webp,https://commons.wikimedia.org/wiki/File:Claude_Monet_-_Grainstacks_in_Bright_Sunlight_(1890)_Google_Art_Project.jpg,https://www.wikidata.org/wiki/Q84729388,https://monet.1vasiliadi.com/#w1267
1268,"Стога на солнце, утро","Grainstacks in the Sunlight, Morning Effect",,1890,65 × 100,частная коллекция,,,,,,цветная фотография,https://monet.1vasiliadi.com/img/1600/w1268.webp,https://commons.wikimedia.org/wiki/File:Claude_Monet%2C_Grainstacks_in_the_Sunlight%2C_Morning_Effect%2C_1890%2C_oil_on_canvas_65_x_100_cm.jpg,https://www.wikidata.org/wiki/Q48786374,https://monet.1vasiliadi.com/#w1268
1269,"Стога в конце лета, вечер","Grainstacks at the End of Summer, Evening Effect",Meules de blé (fin de l'été),1890,60 × 100,музей,Чикагский институт искусств,Art Institute of Chicago,США,United States,,цветная фотография,https://monet.1vasiliadi.com/img/1600/w1269.webp,https://www.artic.edu/artworks/64818,https://www.wikidata.org/wiki/Q47774422,https://monet.1vasiliadi.com/#w1269
1270,Два стога в конце дня. Осень,"Two Grainstacks at the End of the Day, Autumn","Deux meules, déclin du jour, automne",1890,65 × 100,музей,Чикагский институт искусств,Art Institute of Chicago,США,United States,,цветная фотография,https://monet.1vasiliadi.com/img/1600/w1270.webp,https://www.artic.edu/artworks/81545,https://www.wikidata.org/wiki/Q20268626,https://monet.1vasiliadi.com/#w1270
1271,"Стога на солнце, полдень","Grainstacks in the Sunlight, Midday","Meules, milieu du jour",1890–91,65 × 100,музей,"Национальная галерея Австралии, Канберра","National Gallery of Australia, Canberra",Австралия,Australia,,цветная фотография,https://monet.1vasiliadi.com/img/1600/w1271.webp,https://commons.wikimedia.org/wiki/File:Claude_Monet_-_Meules%2C_milieu_du_jour_(Haystacks%2C_midday)_-_Google_Art_Project.jpg,https://www.wikidata.org/wiki/Q48610629,https://monet.1vasiliadi.com/#w1271
1272,"Стога, последние лучи солнца","Grainstacks, Last Rays of the Sun",,1890,73 × 92,частная коллекция,,,Франция,France,,скан из каталога,https://monet.1vasiliadi.com/img/1600/w1272.webp,https://commons.wikimedia.org/wiki/File:Monet_-_Wildenstein_1996%2C_1272.jpg,,https://monet.1vasiliadi.com/#w1272
1273,Стога,Grainstacks,Meules,1890,73 × 92,музей,"Собрание Хассо Платтнера, Музей Барберини, Потсдам","Hasso Plattner Collection, Museum Barberini, Potsdam",Германия,Germany,"Sotheby's, New York, 2019 ($110.7M)",цветная фотография,https://monet.1vasiliadi.com/img/1600/w1273.webp,https://commons.wikimedia.org/wiki/File:Claude_Monet_-_Haystacks.jpg,https://www.wikidata.org/wiki/Q47774660,https://monet.1vasiliadi.com/#w1273
1274,"Стога, снег","Grainstacks, Snow Effect","Meules, Effet de neige",1891,60 × 100,музей,"Музей Шелберна, Шелберн","Shelburne Museum, Shelburne",США,United States,,цветная фотография,https://monet.1vasiliadi.com/img/1600/w1274.webp,https://commons.wikimedia.org/wiki/File:Monet_-_Meules%2C_effet_de_neige_-_Shelburne.jpg,https://www.wikidata.org/wiki/Q48091831,https://monet.1vasiliadi.com/#w1274
1275,"Стога, зима","Grainstacks, Winter",,1891,65 × 100,частная коллекция,,,Швейцария,Switzerland,,скан из каталога,https://monet.1vasiliadi.com/img/1600/w1275.webp,https://commons.wikimedia.org/wiki/File:Monet_-_Wildenstein_1996%2C_1275.png,,https://monet.1vasiliadi.com/#w1275
1276,"Стога утром, снег","Grainstacks in the Morning, Snow Effect","Meules, effet de neige, le matin",1891,65 × 100,музей,"Музей Гетти, Лос-Анджелес","J. Paul Getty Museum, Los Angeles",США,United States,,цветная фотография,https://monet.1vasiliadi.com/img/1600/w1276.webp,https://commons.wikimedia.org/wiki/File:Claude_Monet_-_Meules%2C_Effet_de_Neige%2C_Le_Matin_(1891)_-_Getty_Center.jpg,https://www.wikidata.org/wiki/Q20180111,https://monet.1vasiliadi.com/#w1276
1277,"Стога, эффект снега","Haystacks, Snow Effect",,1890–91,65 × 92,музей,"Национальные галереи Шотландии, Эдинбург","National Galleries of Scotland, Edinburgh",Великобритания,United Kingdom,,цветная фотография,https://monet.1vasiliadi.com/img/1600/w1277.webp,https://commons.wikimedia.org/wiki/File:Claude_Monet_-_Haystacks%2C_Snow_Effect_-_NG_2283_-_National_Galleries_of_Scotland.jpg,https://www.wikidata.org/wiki/Q18683354,https://monet.1vasiliadi.com/#w1277
1278,"Стога на закате, снег","Grainstacks at Sunset, Snow Effect",,1890–91,65 × 100,музей,Чикагский институт искусств,Art Institute of Chicago,США,United States,,цветная фотография,https://monet.1vasiliadi.com/img/1600/w1278.webp,https://commons.wikimedia.org/wiki/File:Claude_Monet_-_Stacks_of_Wheat_(Sunset%2C_Snow_Effect)_-_1922.431_-_Art_Institute_of_Chicago.jpg,https://www.wikidata.org/wiki/Q20268630,https://monet.1vasiliadi.com/#w1278
1279,"Стога, снег и солнце","Grainstacks, Effect of Snow and Sun","Meules, effet d'hiver",1890–91,65 × 92,музей,"Метрополитен-музей, Нью-Йорк","Metropolitan Museum of Art, New York",США,United States,,цветная фотография,https://monet.1vasiliadi.com/img/1600/w1279.webp,https://commons.wikimedia.org/wiki/File:Claude_Monet_(French%2C_Paris_1840%E2%80%931926_Giverny)_-_Haystacks_(Effect_of_Snow_and_Sun)_-_Google_Art_Project.jpg,https://www.wikidata.org/wiki/Q19905211,https://monet.1vasiliadi.com/#w1279
1280,"Стог утром, снег","Grainstack in the Morning, Snow Effect","Meules, effet de neige, le matin",1890–91,65 × 92,музей,"Музей изящных искусств, Бостон","Museum of Fine Arts, Boston",США,United States,,цветная фотография,https://monet.1vasiliadi.com/img/1600/w1280.webp,https://commons.wikimedia.org/wiki/File:Monet_grainstack-in-the-morning-snow-effect-1891_W1280.jpg,https://www.wikidata.org/wiki/Q20538871,https://monet.1vasiliadi.com/#w1280
1281,"Стог в пасмурную погоду, снег","Grainstack in Overcast Weather, Snow Effect","Meules, effet de neige",1890–91,65 × 92,музей,Чикагский институт искусств,Art Institute of Chicago,США,United States,,цветная фотография,https://monet.1vasiliadi.com/img/1600/w1281.webp,https://commons.wikimedia.org/wiki/File:Claude_Monet_-_Stack_of_Wheat_(Snow_Effect%2C_Overcast_Day)_-_1933.1155_-_Art_Institute_of_Chicago.jpg,https://www.wikidata.org/wiki/Q20267583,https://monet.1vasiliadi.com/#w1281
1282,"Стог на закате, зима","Grainstack at Sunset, Winter",,1890–91,65 × 92,частная коллекция,,,,,,цветная фотография,https://monet.1vasiliadi.com/img/1600/w1282.webp,https://commons.wikimedia.org/wiki/File:Monet_haystacks-at-sunset-frosty-weather-1891_W1282.jpg,https://www.wikidata.org/wiki/Q48976861,https://monet.1vasiliadi.com/#w1282
1283,Стог,Grainstack,,1890–91,65 × 92,музей,Чикагский институт искусств,Art Institute of Chicago,США,United States,,цветная фотография,https://monet.1vasiliadi.com/img/1600/w1283.webp,https://commons.wikimedia.org/wiki/File:Claude_Monet_-_Stack_of_Wheat_-_1983.29_-_Art_Institute_of_Chicago.jpg,https://www.wikidata.org/wiki/Q20268689,https://monet.1vasiliadi.com/#w1283
1284,"Стог, оттепель, закат","Grainstack, Thaw, Sunset",,1890–91,65 × 92,музей,Чикагский институт искусств,Art Institute of Chicago,США,United States,,цветная фотография,https://monet.1vasiliadi.com/img/1600/w1284.webp,https://commons.wikimedia.org/wiki/File:Claude_Monet_-_Stack_of_Wheat_(Thaw%2C_Sunset)_-_1983.166_-_Art_Institute_of_Chicago.jpg,https://www.wikidata.org/wiki/Q20266903,https://monet.1vasiliadi.com/#w1284
1285,Стог,Grainstack,La Meule,1891,65 × 92,частная коллекция,,,,,,цветная фотография,https://monet.1vasiliadi.com/img/1600/w1285.webp,https://commons.wikimedia.org/wiki/File:Monet_grainstack_65_x_92_cm%2C_1891_W1285.jpg,https://www.wikidata.org/wiki/Q48976857,https://monet.1vasiliadi.com/#w1285
1286,"Стог, солнце в дымке","Grainstack, Sun in the Mist","Meule, soleil dans la brume",1891,65 × 100,музей,Институт искусств Миннеаполиса,Minneapolis Institute of Art,США,United States,,цветная фотография,https://monet.1vasiliadi.com/img/1600/w1286.webp,https://commons.wikimedia.org/wiki/File:Claude_Monet_-_Grainstack%2C_Sun_in_the_Mist_-_Google_Art_Project.jpg,https://www.wikidata.org/wiki/Q20891432,https://monet.1vasiliadi.com/#w1286
1287,"Стог на солнце, снег","Grainstack in the Sunlight, Snow Effect","Meule, effet de neige, soleil",1891,65 × 92,музей,"Собрание Хассо Платтнера, Музей Барберини, Потсдам","Hasso Plattner Collection, Museum Barberini, Potsdam",Германия,Germany,,цветная фотография,https://monet.1vasiliadi.com/img/1600/w1287.webp,https://commons.wikimedia.org/wiki/File:Barberini_August_2023-Claude_Monet_-_Verschneiter_Getreideschober_in_der_Sonne%2C_1891_-_Sammlung_Hasso_Plattner.jpg,https://www.wikidata.org/wiki/Q106879983,https://monet.1vasiliadi.com/#w1287
1288,Стог на солнце,Grainstack in Sunshine,Meule au soleil,1891,60 × 100,музей,"Кунстхаус, Цюрих","Kunsthaus Zürich, Zurich",Швейцария,Switzerland,,цветная фотография,https://monet.1vasiliadi.com/img/1600/w1288.webp,https://commons.wikimedia.org/wiki/File:Claude_Monet_-_Meule_au_soleil_-_1969-0007_-_Kunsthaus_Z%C3%BCrich.jpg,https://www.wikidata.org/wiki/Q48977661,https://monet.1vasiliadi.com/#w1288
1289,Стог на закате,Grainstack at Sunset,meule de paille au coucher du soleil,1891,73 × 92,музей,"Музей изящных искусств, Бостон","Museum of Fine Arts, Boston",США,United States,,цветная фотография,https://monet.1vasiliadi.com/img/1600/w1289.webp,https://commons.wikimedia.org/wiki/File:Claude_Monet_-_Graystaks_I.JPG,https://www.wikidata.org/wiki/Q20538838,https://monet.1vasiliadi.com/#w1289
1290,Стог на солнце,Grainstack in the Sunshine,Meule,1891,73 × 92,частная коллекция,,,Швейцария,Switzerland,,цветная фотография,https://monet.1vasiliadi.com/img/1600/w1290.webp,https://commons.wikimedia.org/wiki/File:Monet_Grainstack_in_the_Sunlight_1891.jpg,https://www.wikidata.org/wiki/Q48610476,https://monet.1vasiliadi.com/#w1290
1291,"Тополя на берегу Эпта, пасмурная погода","Poplars on the Banks of the River Epte, Overcast Weather","Peupliers près de Giverny, temps couvert",1891,92 × 73,музей,"Художественный музей MOA, Атами","MOA Museum of Art, Atami",Германия,Germany,,цветная фотография,https://monet.1vasiliadi.com/img/1600/w1291.webp,https://commons.wikimedia.org/wiki/File:Monet_Poplars-at-giverny_MOA_W1291.jpg,https://www.wikidata.org/wiki/Q49473320,https://monet.1vasiliadi.com/#w1291
1292,"Тополя на берегу Эпта, вечерний эффект","Poplars on the Banks of the River Epte, Evening Effect",,1891,100 × 65,частная коллекция,,,Великобритания,United Kingdom,,скан из каталога,https://monet.1vasiliadi.com/img/1600/w1292.webp,https://commons.wikimedia.org/wiki/File:Monet_w1292.jpg,,https://monet.1vasiliadi.com/#w1292
1293,Ряд тополей осенью,Row of poplars in autumn,Rangée de peupliers,1891,100 × 65,частная коллекция,,,США,United States,,цветная фотография,https://monet.1vasiliadi.com/img/1600/w1293.webp,https://commons.wikimedia.org/wiki/File:Monet_Poplars-row-in-autumn_W1293.jpg,https://www.wikidata.org/wiki/Q49473054,https://monet.1vasiliadi.com/#w1293
1294,"Тополя на берегу Эпта, эффект заката","Poplars on the Banks of the River Epte, Effect of Sunset",,1891,100 × 65,частная коллекция,,,США,United States,,скан из каталога,https://monet.1vasiliadi.com/img/1600/w1294.webp,https://commons.wikimedia.org/wiki/File:Monet_-_Wildenstein_1996%2C_1294.png,,https://monet.1vasiliadi.com/#w1294
1295,Тополя на закате,Poplars at Sunset,,1891,102 × 62,частная коллекция,,,США,United States,,скан из каталога,https://monet.1vasiliadi.com/img/1600/w1295.webp,https://commons.wikimedia.org/wiki/File:Monet_w1295.jpg,,https://monet.1vasiliadi.com/#w1295
1296,Тополя на берегу Эпта в сумерках,Poplars on the Banks of the River Epte at dusk,"Peupliers au bord de l’Epte, crépuscule",1891,100 × 65,музей,"Музей изящных искусств, Бостон","Museum of Fine Arts, Boston",США,United States,,скан из каталога,https://monet.1vasiliadi.com/img/1600/w1296.webp,https://commons.wikimedia.org/wiki/File:Monet_w1296.jpg,https://www.wikidata.org/wiki/Q134472044,https://monet.1vasiliadi.com/#w1296
1297,Тополя на берегу Эпта осенью,Poplars on the Banks of the River Epte in Autumn,"Peupliers au bord de l'Epte, automne",1891,100 × 65,частная коллекция,,,,,,цветная фотография,https://monet.1vasiliadi.com/img/1600/w1297.webp,https://commons.wikimedia.org/wiki/File:Monet_poplars-on-the-banks-of-the-epte-autumn-1891_66x101_W1297.jpg,https://www.wikidata.org/wiki/Q49472752,https://monet.1vasiliadi.com/#w1297
1298,Тополя на берегу Эпта,Poplars on the Banks of the Epte,,1891,100 × 65,музей,Художественный музей Филадельфии,Philadelphia Museum of Art,США,United States,,цветная фотография,https://monet.1vasiliadi.com/img/1600/w1298.webp,https://commons.wikimedia.org/wiki/File:Poplars_on_the_Bank_of_the_Epte_River_(Claude_Monet%2C_1891).jpg,https://www.wikidata.org/wiki/Q20809479,https://monet.1vasiliadi.com/#w1298
1299,"Тополя на берегу Эпта, пасмурно","Poplars on the Bank of the Epte, Overcast","Peupliers au bord de l’Epte, temps couvert",1891,91.5 × 81.5,частная коллекция,,,,,,скан из каталога,https://monet.1vasiliadi.com/img/1600/w1299.webp,https://commons.wikimedia.org/wiki/File:Monet_-_Wildenstein_1996%2C_1299.png,https://www.wikidata.org/wiki/Q123414094,https://monet.1vasiliadi.com/#w1299
1300,Тополя на Эпте,Poplars on the Epte,Peupliers au bord de l'Epte,1891,92 × 73,музей,"Тейт Британия, Лондон","Tate Britain, London",Великобритания,United Kingdom,,цветная фотография,https://monet.1vasiliadi.com/img/1600/w1300.webp,https://commons.wikimedia.org/wiki/File:Monet_Poplars_on_the_River_Epte.jpg,https://www.wikidata.org/wiki/Q25410258,https://monet.1vasiliadi.com/#w1300
1301,Тополя,Poplars,,1891,116 × 73,частная коллекция,,,,,,цветная фотография,https://monet.1vasiliadi.com/img/1600/w1301.webp,https://commons.wikimedia.org/wiki/File:Claude_Monet_-_Les_peupliers_(W_1301).jpg,,https://monet.1vasiliadi.com/#w1301
1302,"Тополя, эффект ветра","Poplars, Wind Effect","Effet de vent, série des peupliers",1891,100 × 73,музей,"Музей Орсе, Париж","Musée d'Orsay, Paris",Франция,France,,цветная фотография,https://monet.1vasiliadi.com/img/1600/w1302.webp,https://commons.wikimedia.org/wiki/File:Claude_Monet_-_Wind_Effect%2C_Series_of_The_Poplars_-_Google_Art_Project.jpg,https://www.wikidata.org/wiki/Q17491281,https://monet.1vasiliadi.com/#w1302
1303,Три дерева в пасмурную погоду,Three Trees in Grey Weather,"Les Trois Arbres, temps gris",1891,92 × 73,частная коллекция,,,,,,цветная фотография,https://monet.1vasiliadi.com/img/1600/w1303.webp,https://commons.wikimedia.org/wiki/File:Three_Trees_in_Grey_Weather_1891_Claude_Monet.jpg,https://www.wikidata.org/wiki/Q49469903,https://monet.1vasiliadi.com/#w1303
1304,Три дерева весной,Three Trees in Spring,"Les Trois Arbres, printemps",1891,92 × 73,музей,"Художественный музей Далласа, Даллас","Dallas Museum of Art, Dallas",США,United States,,цветная фотография,https://monet.1vasiliadi.com/img/1600/w1304.webp,https://commons.wikimedia.org/wiki/File:Monet_three-trees-in-spring_W1304.jpg,https://www.wikidata.org/wiki/Q49470247,https://monet.1vasiliadi.com/#w1304
1305,Три дерева летом,Three Trees in Summer,"Les Trois Arbres, été",1891,92 × 73,музей,"Национальный музей западного искусства, Токио","National Museum of Western Art, Tokyo",Япония,Japan,,цветная фотография,https://monet.1vasiliadi.com/img/1600/w1305.webp,https://commons.wikimedia.org/wiki/File:Monet_Poplars_in_the_Sun.jpg,https://www.wikidata.org/wiki/Q19056877,https://monet.1vasiliadi.com/#w1305
1306,Три дерева осенью,Three Trees in Autumn,"Trois Peupliers, effet d'automne",1891,92 × 73,уничтожена,,,,,,цветная фотография,https://monet.1vasiliadi.com/img/1600/w1306.webp,https://commons.wikimedia.org/wiki/File:Monet_three-trees-autumn-effect_W1306.jpg,https://www.wikidata.org/wiki/Q49467768,https://monet.1vasiliadi.com/#w1306
1307,Три тополя. Эффект осени,"Three Poplar Trees, Autumn Effect","Les Peupliers, trois arbres roses, automne",1891,92 × 73,музей,Художественный музей Филадельфии,Philadelphia Museum of Art,США,United States,,цветная фотография,https://monet.1vasiliadi.com/img/1600/w1307.webp,https://commons.wikimedia.org/wiki/File:Claude_Monet%2C_French_-_Poplars_-_Google_Art_Project.jpg,https://www.wikidata.org/wiki/Q18683906,https://monet.1vasiliadi.com/#w1307
1308,Три тополя осенью,Three Poplar Trees in the Autumn,"Les Trois arbres, automne",1891,92 × 73,частная коллекция,,,,,,цветная фотография,https://monet.1vasiliadi.com/img/1600/w1308.webp,https://commons.wikimedia.org/wiki/File:Claude_Monet_-_Poplars_(Autumn)_II.JPG,https://www.wikidata.org/wiki/Q49468199,https://monet.1vasiliadi.com/#w1308
1309,Четыре дерева,Four Trees,,1891,82 × 81.5,музей,"Метрополитен-музей, Нью-Йорк","Metropolitan Museum of Art, New York",США,United States,,цветная фотография,https://monet.1vasiliadi.com/img/1600/w1309.webp,https://commons.wikimedia.org/wiki/File:1891_Monet_The_four_trees_anagoria.JPG,https://www.wikidata.org/wiki/Q19905131,https://monet.1vasiliadi.com/#w1309
1310,Тополя на берегу Эпта,Poplars on the Banks of the River Epte,Peupliers au bord de l'Epte,1891,81.5 × 82,музей,"Национальные галереи Шотландии, Эдинбург","National Galleries of Scotland, Edinburgh",Великобритания,United Kingdom,,цветная фотография,https://monet.1vasiliadi.com/img/1600/w1310.webp,https://commons.wikimedia.org/wiki/File:Claude_Monet_-_Poplars_on_the_Epte_-_Google_Art_Project.jpg,https://www.wikidata.org/wiki/Q3905455,https://monet.1vasiliadi.com/#w1310
1311,Тополя. Осень,"The Poplars, Autumn","Les peupliers, automne",1891,80 × 92,частная коллекция,,,,,,цветная фотография,https://monet.1vasiliadi.com/img/1600/w1311.webp,https://commons.wikimedia.org/wiki/File:Claude_Monet_-_Les_Peupliers%2C_automne.jpg,https://www.wikidata.org/wiki/Q66924718,https://monet.1vasiliadi.com/#w1311
1312,"Тополя на берегу Эпта, вид с болота","Poplars on the Banks of the River Epte, Seen from the Marsh","Peupliers au bord de l'Epte, vue du marais",1891–92,88 × 93,частная коллекция,,,,,,цветная фотография,https://monet.1vasiliadi.com/img/1600/w1312.webp,https://commons.wikimedia.org/wiki/File:Monet_poplars-on-the-banks-of-the-river-epte-seen-from-the-marsh-1892_W1312.jpg,https://www.wikidata.org/wiki/Q49469051,https://monet.1vasiliadi.com/#w1312
1313,"Тополя, вид с болота","Poplars, View from the Marsh","Peupliers, vus du marais",1891–92,90 × 93,музей,"Музей Фицуильяма, Кембридж","Fitzwilliam Museum, Cambridge",Великобритания,United Kingdom,,цветная фотография,https://monet.1vasiliadi.com/img/1600/w1313.webp,https://commons.wikimedia.org/wiki/File:Monet_poplars-view-from-the-marsh-1892_W1313.jpg,https://www.wikidata.org/wiki/Q49469526,https://monet.1vasiliadi.com/#w1313
1314,Вид на Руан с холма Сент-Катрин,View of Rouen from the Côte Sainte-Catherine,Vue de Rouen depuis la côte Sainte-Catherine,1891–1892,65 × 100,частная коллекция,,,Франция,France,,скан из каталога,https://monet.1vasiliadi.com/img/1600/w1314.webp,https://commons.wikimedia.org/wiki/File:Monet_-_Wildenstein_1996%2C_1314.png,,https://monet.1vasiliadi.com/#w1314
1315,Общий вид Руана,General view of Rouen,Vue générale de Rouen,1892,65 × 100,музей,"Музей изящных искусств, Руан",Musée des Beaux-Arts de Rouen,Франция,France,,цветная фотография,https://monet.1vasiliadi.com/img/1600/w1315.webp,https://commons.wikimedia.org/wiki/File:Claude_Monet_-_Vue_de_Rouen_-_Mus%C3%A9e_des_beaux-arts_de_Rouen.jpg,https://www.wikidata.org/wiki/Q105430123,https://monet.1vasiliadi.com/#w1315
1315a,Общий вид Руана,General view of Rouen,Vue générale de Rouen depuis la côte Sainte-Catherine,1892,65 × 100,частная коллекция,,,,,"Christie's, New York, 1985",скан из каталога,https://monet.1vasiliadi.com/img/1600/w1315a.webp,https://commons.wikimedia.org/wiki/File:Monet_-_Wildenstein_1996%2C_1315a.png,,https://monet.1vasiliadi.com/#w1315a
1315b,"Руан, туман на Сене","Rouen, Fog on the Seine","Rouen, brouillard sur la Seine",1894 (1892–1893),46 × 55,частная коллекция,,,,,,скан из каталога,https://monet.1vasiliadi.com/img/1600/w1315b.webp,https://commons.wikimedia.org/wiki/File:Monet_-_Wildenstein_1996%2C_1315b.png,,https://monet.1vasiliadi.com/#w1315b
1316,Улица Эпицери в Руане,La Rue d'Epicerie at Rouen,La Rue de l’Epicerie à Rouen,1892,92 × 52,частная коллекция,,,,,,цветная фотография,https://monet.1vasiliadi.com/img/1600/w1316.webp,https://commons.wikimedia.org/wiki/File:Claude_Monet_rue_epicerie_Rouen.jpg,,https://monet.1vasiliadi.com/#w1316
1317,Двор Альбан,The Cour d'Albane,"La Cour d'Albane, Rouen",1892,92 × 73,музей,"Художественный музей колледжа Смит, Нортгемптон","Smith College Museum of Art, Northampton",США,United States,,цветная фотография,https://monet.1vasiliadi.com/img/1600/w1317.webp,https://commons.wikimedia.org/wiki/File:Monet_la_Cour_d'Albane_Rouen.jpg,https://www.wikidata.org/wiki/Q34613924,https://monet.1vasiliadi.com/#w1317
1318,Двор Альбан в пасмурную погоду,"The Cour d'Albane, Grey Weather","La Cour d'Albane, temps gris",1892,92 × 65,частная коллекция,,,,,,цветная фотография,https://monet.1vasiliadi.com/img/1600/w1318.webp,https://commons.wikimedia.org/wiki/File:Monet_Cour_d'Albane_temps_gris.jpg,https://www.wikidata.org/wiki/Q34613620,https://monet.1vasiliadi.com/#w1318
1319,Портал. Гармония в коричневых тонах,"The Portal, Harmony in Brown","La Cathédrale de Rouen. Le portail vu de face, Harmonie brune",1892,107 × 73,музей,"Музей Орсе, Париж","Musée d'Orsay, Paris",Франция,France,,цветная фотография,https://monet.1vasiliadi.com/img/1600/w1319.webp,https://commons.wikimedia.org/wiki/File:Mus%C3%A9e_d'Orsay_(05.02.2025)_85.jpg,https://www.wikidata.org/wiki/Q17491876,https://monet.1vasiliadi.com/#w1319
1320,Этюд портала,Study for the Portal,Etude pour le portail vu de face,1892–93,94 × 73,частная коллекция,,,Франция,France,,цветная фотография,https://monet.1vasiliadi.com/img/1600/w1320.webp,https://commons.wikimedia.org/wiki/File:Claude_Monet_-_Cathedrale_de_Rouen_-_Sothebys_7_may_2014.jpg,,https://monet.1vasiliadi.com/#w1320
1321,Руанский собор. Портал в пасмурную погоду,"Rouen Cathedral, the Portal, Grey Weather","La Cathédrale de Rouen, le Portail, Temps gris",1894,100 × 65,музей,"Музей Орсе, Париж","Musée d'Orsay, Paris",Франция,France,,цветная фотография,https://monet.1vasiliadi.com/img/1600/w1321.webp,https://commons.wikimedia.org/wiki/File:Claude_Monet_-_The_Cathedral_in_Rouen._The_portal%2C_Grey_Weather_-_Google_Art_Project.jpg,https://www.wikidata.org/wiki/Q17436678,https://monet.1vasiliadi.com/#w1321
1322,Портал на солнце,The Portal in the Sun,"La Cathédrale de Rouen, le Portail, Soleil",1894,100 × 65,частная коллекция,,,,,,цветная фотография,https://monet.1vasiliadi.com/img/1600/w1322.webp,https://commons.wikimedia.org/wiki/File:Rouen_Cathedral_Sunlight_W1322.jpg,https://www.wikidata.org/wiki/Q17436665,https://monet.1vasiliadi.com/#w1322
1323,Руанский собор. Симфония в сером и розовом,"Rouen Cathedral, Symphony in Grey and Rose","La Cathédrale de Rouen, Symphonie en gris et rose",1894,100 × 65,музей,"Национальный музей, Кардифф",National Museum Cardiff,Великобритания,United Kingdom,,цветная фотография,https://monet.1vasiliadi.com/img/1600/w1323.webp,https://commons.wikimedia.org/wiki/File:Amgueddfa_Cymru_-_Eglwys_Gadeiriol_Rouen%2C_Machlud_Haul_-_Rouen_Cathedral%2C_setting_sun_-_220716.jpeg,https://www.wikidata.org/wiki/Q17436676,https://monet.1vasiliadi.com/#w1323
1324,"Руанский собор. Западный фасад, солнечный свет","Rouen Cathedral, West Facade, Sunlight","La Cathédrale de Rouen, le Portail, Soleil",1894,100 × 65,музей,"Национальная галерея искусства, Вашингтон","National Gallery of Art, Washington D.C.",США,United States,,цветная фотография,https://monet.1vasiliadi.com/img/1600/w1324.webp,https://www.nga.gov/collection/art-object-page.46654.html,https://www.wikidata.org/wiki/Q17436669,https://monet.1vasiliadi.com/#w1324
1325,"Руанский собор. Портал, солнечный свет","Rouen Cathedral, Portal, Sunlight","La Cathédrale de Rouen, le Portail, Soleil",1894,100 × 65,музей,"Метрополитен-музей, Нью-Йорк","Metropolitan Museum of Art, New York",США,United States,,цветная фотография,https://monet.1vasiliadi.com/img/1600/w1325.webp,https://commons.wikimedia.org/wiki/File:Claude_Monet_-_Rouen_Cathedral_-_The_Portal_(Sunlight).jpg,https://www.wikidata.org/wiki/Q17436671,https://monet.1vasiliadi.com/#w1325
1326,Руанский собор вечером,Rouen Cathedral at the End of the Day,"La Cathédrale de Rouen, Fin de journée",1894,100 × 65,музей,"ГМИИ им. Пушкина, Москва","Pushkin Museum, Moscow",Россия,Russia,,цветная фотография,https://monet.1vasiliadi.com/img/1600/w1326.webp,https://commons.wikimedia.org/wiki/File:'The_Rouen_Cathedral_at_Sunset'_by_Claude_Monet%2C_1894%2C_Pushkin_Museum.JPG,https://www.wikidata.org/wiki/Q3820703,https://monet.1vasiliadi.com/#w1326
1327,Руанский собор. Портал на солнце в конце дня,"Rouen Cathedral Portal, Sunlight, at the End of the Day","La Cathédrale de Rouen, Effet de soleil, Fin de journée",1894,100 × 65,музей,"Музей Мармоттан-Моне, Париж","Musée Marmottan Monet, Paris",Франция,France,,цветная фотография,https://monet.1vasiliadi.com/img/1600/w1327.webp,https://commons.wikimedia.org/wiki/File:Claude_Monet_-_Rouen_Cathedral%2C_Facade_(Sunset).JPG,https://www.wikidata.org/wiki/Q17436673,https://monet.1vasiliadi.com/#w1327
1328,Руанский собор. Портал,"Rouen Cathedral, Portal","La Cathédrale de Rouen, le Portail",1894,100 × 65,музей,"Художественный музей Пола, Хаконе","Pola Museum of Art, Hakone",Япония,Japan,,цветная фотография,https://monet.1vasiliadi.com/img/1600/w1328.webp,https://commons.wikimedia.org/wiki/File:Claude_Monet_-_Rouen_Cathedral%2C_Facade_I.jpg,https://www.wikidata.org/wiki/Q17436675,https://monet.1vasiliadi.com/#w1328
1329,Руанский собор,Rouen Cathedral,La Cathédrale de Rouen,1894,100 × 65,музей,"Национальный музей Сербии, Белград","National Museum of Serbia, Belgrade",Сербия,Serbia,,цветная фотография,https://monet.1vasiliadi.com/img/1600/w1329.webp,https://commons.wikimedia.org/wiki/File:Rouen_Cathedrale_Monet_Belgrade_W1329.jpg,https://www.wikidata.org/wiki/Q17436674,https://monet.1vasiliadi.com/#w1329
1330,Бланш Ошеде за мольбертом,Blanche Hoschedé painting,Blanche Hoschedé peignant,1892,73 × 92,частная коллекция,,,Япония,Japan,,скан из каталога,https://monet.1vasiliadi.com/img/1600/w1330.webp,https://commons.wikimedia.org/wiki/File:Monet_-_Wildenstein_1996%2C_1330.png,,https://monet.1vasiliadi.com/#w1330
1331,Снег в Живерни,Effect of Snow at Giverny,Effet de neige à Giverny,1893,65 × 92,частная коллекция,,,,,2018,цветная фотография,https://monet.1vasiliadi.com/img/1600/w1331.webp,https://commons.wikimedia.org/wiki/File:Claude_monet_effet_de_neige_a_giverny.jpg,https://www.wikidata.org/wiki/Q67197234,https://monet.1vasiliadi.com/#w1331
1332,"Церковь в Жёфоссе, снег","Church at Jeufosse, Snowy Weather","L'Église de Jeufosse, temps de neige",1893,65 × 92,частная коллекция,,,Япония,Japan,,цветная фотография,https://monet.1vasiliadi.com/img/1600/w1332.webp,https://commons.wikimedia.org/wiki/File:L'Eglise_de_Jeufosse%2C_temps_de_neige%2C_1893_-_Claude_Monet.jpg,,https://monet.1vasiliadi.com/#w1332
1333,Сена в Беннекуре зимой,The Seine at Bennecourt in Winter,"La Seine à Bennecourt, l'hiver",1893,60 × 100,частная коллекция,,,,,,скан из каталога,https://monet.1vasiliadi.com/img/1600/w1333.webp,https://commons.wikimedia.org/wiki/File:Monet_-_Wildenstein_1996%2C_1333.png,,https://monet.1vasiliadi.com/#w1333
1334,Плывущие льдины в Беннекуре,Floating Ice at Bennecourt,Glaçons à Bennecourt,1893,60 × 100,музей,"Собрание Хассо Платтнера, Музей Барберини, Потсдам","Hasso Plattner Collection, Museum Barberini, Potsdam",Германия,Germany,,цветная фотография,https://monet.1vasiliadi.com/img/1600/w1334.webp,https://commons.wikimedia.org/wiki/File:MB-Mon-28_Monet_Eisschollen-in-Bennecourt.jpg,https://www.wikidata.org/wiki/Q108479181,https://monet.1vasiliadi.com/#w1334
1335,Ледоход в Беннекуре,Ice Floes at Bennecourt,Les Glaçons,1893,65 × 100,музей,"Метрополитен-музей, Нью-Йорк","Metropolitan Museum of Art, New York",США,United States,,цветная фотография,https://monet.1vasiliadi.com/img/1600/w1335.webp,https://commons.wikimedia.org/wiki/File:Ice_Floes_MET_DT2158.jpg,https://www.wikidata.org/wiki/Q19905353,https://monet.1vasiliadi.com/#w1335
1336,Плывущие льдины близ Беннекура,Floating Ice near Bennecourt,"Glaçons, environs de Bennecourt",1893,65 × 100,частная коллекция,,,,,2022,скан из каталога,https://monet.1vasiliadi.com/img/1600/w1336.webp,https://commons.wikimedia.org/wiki/File:Monet_w1336.jpg,,https://monet.1vasiliadi.com/#w1336
1337,"Льдины, белый эффект (близ Беннекура)","Ice Floes, White Effect (near Bennecourt)","Glaçons, effet blanc",1893,65 × 100,частная коллекция,,,Франция,France,2013,цветная фотография,https://monet.1vasiliadi.com/img/1600/w1337.webp,https://commons.wikimedia.org/wiki/File:Claude_Monet_-_Gla%C3%A7ons%2C_effet_blanc.jpg,,https://monet.1vasiliadi.com/#w1337
1338,Утренняя дымка,Morning Haze,Brume matinale,1893,65 × 100,музей,Художественный музей Филадельфии,Philadelphia Museum of Art,США,United States,,цветная фотография,https://monet.1vasiliadi.com/img/1600/w1338.webp,https://commons.wikimedia.org/wiki/File:Haze_Philadelphia_02.JPG,https://www.wikidata.org/wiki/Q20809476,https://monet.1vasiliadi.com/#w1338
1338a,Плывущие льдины близ Беннекура,Floating Ice near Bennecourt,"Glaçons, environs de Bennecourt",1893,40.5 × 54,частная коллекция,,,,,2024,цветная фотография,https://monet.1vasiliadi.com/img/1600/w1338a.webp,https://commons.wikimedia.org/wiki/File:Claude_Monet_-_Gla%C3%A7ons%2C_environs_de_Bennecourt.jpg,,https://monet.1vasiliadi.com/#w1338a
1339,Ледоход на Сене близ Беннекура,"Break-up, The Seine near Bennecourt",Débâcle de la Seine près de Bennecourt,1893,65 × 100,частная коллекция,,,,,"Christie's, London, 1992",скан из каталога,https://monet.1vasiliadi.com/img/1600/w1339.webp,https://commons.wikimedia.org/wiki/File:Monet_w1339.jpg,,https://monet.1vasiliadi.com/#w1339
1340,Ледоход близ Беннекура,Ice breaking-up near Bennecourt,Débâcle de la Seine près de Bennecourt,1893,65 × 100,музей,"Художественная галерея Уокера, Ливерпуль","Walker Art Gallery, Liverpool",Великобритания,United Kingdom,,цветная фотография,https://monet.1vasiliadi.com/img/1600/w1340.webp,https://commons.wikimedia.org/wiki/File:Claude_Monet_-_Ice_breaking_up_on_the_Seine_near_Bennecourt_-_Google_Art_Project.jpg,https://www.wikidata.org/wiki/Q28776290,https://monet.1vasiliadi.com/#w1340
1341,Ледоход на Сене в Пор-Вийе,Ice Floes on the Seine at Port-Villez,Les Glaçons sur la Seine à Port-Villez,1893,73 × 92,частная коллекция,,,,,,скан из каталога,https://monet.1vasiliadi.com/img/1600/w1341.webp,https://commons.wikimedia.org/wiki/File:Monet_w1341.jpg,,https://monet.1vasiliadi.com/#w1341
1342,"Льдины, шлюз в Пор-Вийе","Ice floes, Lock of Port-Villez","Les Glaçons, écluse de Port-Villez",1893,73 × 92,частная коллекция,,,США,United States,,скан из каталога,https://monet.1vasiliadi.com/img/1600/w1342.webp,https://commons.wikimedia.org/wiki/File:Monet_-_Wildenstein_1996%2C_1342.png,,https://monet.1vasiliadi.com/#w1342
1343,Плавучие льдины,Ice Floating,Les Glaçons,1893,60 × 100,частная коллекция,,,,,,скан из каталога,https://monet.1vasiliadi.com/img/1600/w1343.webp,https://commons.wikimedia.org/wiki/File:Monet_-_Wildenstein_1996%2C_1343.png,,https://monet.1vasiliadi.com/#w1343
1344,"Льдины, вечерний эффект","Ice floes, Evening Effect",La Débâcle de la Seine,1893,60 × 100,музей,"Музей Лангматт, Баден","Museum Langmatt, Baden",Швейцария,Switzerland,,скан из каталога,https://monet.1vasiliadi.com/img/1600/w1344.webp,https://commons.wikimedia.org/wiki/File:Monet_w1344.jpg,https://www.wikidata.org/wiki/Q67609602,https://monet.1vasiliadi.com/#w1344
1345,Портал и башня Альбан в пасмурную погоду,"The Portal and the Tour d'Albene, Grey Weather","La Cathédrale de Rouen, le Portail et la tour d'Albane, Temps gris",1893,100 × 73,музей,"Музей изящных искусств, Руан",Musée des Beaux-Arts de Rouen,Франция,France,,цветная фотография,https://monet.1vasiliadi.com/img/1600/w1345.webp,https://commons.wikimedia.org/wiki/File:Monet-cathedrale-rouen.jpg,https://www.wikidata.org/wiki/Q17436706,https://monet.1vasiliadi.com/#w1345
1346,Портал и башня Альбан,The Portal and the Tour d'Albane,"La Cathédrale de Rouen, le Portail et la Tour Saint-Romain, Effet du matin",1893,106 × 73,музей,"Музей Орсе, Париж","Musée d'Orsay, Paris",Франция,France,,цветная фотография,https://monet.1vasiliadi.com/img/1600/w1346.webp,https://commons.wikimedia.org/wiki/File:Claude_Monet_-_Cath%C3%A9drale_de_Rouen._Harmonie_blanche.jpg,https://www.wikidata.org/wiki/Q3820706,https://monet.1vasiliadi.com/#w1346
1347,"Руанский собор. Портал, утро","Rouen Cathedral, the Portal, Morning Effect","La Cathédrale de Rouen, le Portail, Effet du matin",1893,110 × 73,музей,"Фонд Бейелер, Рихен","Beyeler Foundation, Riehen",Швейцария,Switzerland,,цветная фотография,https://monet.1vasiliadi.com/img/1600/w1347.webp,https://commons.wikimedia.org/wiki/File:Claude_Monet_-_Rouen_Cathedral%2C_Facade_and_Tour_d'AlbaneI.JPG,https://www.wikidata.org/wiki/Q17436697,https://monet.1vasiliadi.com/#w1347
1348,"Руанский собор. Портал и башня Альбан, утро","Rouen Cathedral, the Portal and the tour d'Albane, Morning Effect","La Cathédrale de Rouen, le Portail et la Tour d'Albane, Aube",1893,106 × 74,музей,"Музей изящных искусств, Бостон","Museum of Fine Arts, Boston",США,United States,,цветная фотография,https://monet.1vasiliadi.com/img/1600/w1348.webp,https://commons.wikimedia.org/wiki/File:Claude_Monet_-_Rouen_Cathedral_Fa%C3%A7ade_and_Tour_d'Albane_(Morning_Effect)_-_Google_Art_Project.jpg,https://www.wikidata.org/wiki/Q17436696,https://monet.1vasiliadi.com/#w1348
1349,Руанский собор в тумане,Rouen Cathedral in the Fog,"La Cathédrale de Rouen, Brouillard",1893,106 × 73,частная коллекция,,,,,,цветная фотография,https://monet.1vasiliadi.com/img/1600/w1349.webp,https://commons.wikimedia.org/wiki/File:Rouen-cathedral-fog_W1349.jpg,https://www.wikidata.org/wiki/Q17436694,https://monet.1vasiliadi.com/#w1349
1350,Руанский собор в полдень (Портал и башня дАлбань),"Rouen Cathedral, the Portal and the Tour d'Albane, Full Sunlight","La Cathédrale de Rouen, le Portail et la Tour d'Albane, Midi",1893,100 × 65,музей,"ГМИИ им. Пушкина, Москва","Pushkin Museum, Moscow",Россия,Russia,,цветная фотография,https://monet.1vasiliadi.com/img/1600/w1350.webp,https://commons.wikimedia.org/wiki/File:The_Rouen_Cathedral_at_Noon_by_Claude_Monet%2C_1894%2C_Pushkin_Museum.JPG,https://www.wikidata.org/wiki/Q3820708,https://monet.1vasiliadi.com/#w1350
1351,Портал Руанского собора в полдень,The Portal of Rouen Cathedral at Midday,"La Cathédrale de Rouen, le Portail",1893,100 × 65,музей,"Национальная галерея искусства, Вашингтон","National Gallery of Art, Washington D.C.",США,United States,,цветная фотография,https://monet.1vasiliadi.com/img/1600/w1351.webp,https://commons.wikimedia.org/wiki/File:Claude_Monet_-_Rouen_Cathedral%2C_West_Fa%C3%A7ade_-_Google_Art_Project.jpg,https://www.wikidata.org/wiki/Q17436687,https://monet.1vasiliadi.com/#w1351
1352,"Руанский собор. Портал, утренний туман","Rouen Cathedral, the Portal, Morning Fog","La Cathédrale de Rouen, le Portail, Brouillard matinal",1893,100 × 65,музей,"Музей Фолькванг, Эссен","Museum Folkwang, Essen",Германия,Germany,,цветная фотография,https://monet.1vasiliadi.com/img/1600/w1352.webp,https://commons.wikimedia.org/wiki/File:Claude_Monet_-_Rouen_Cathedral%2C_Facade_(Morning_effect).JPG,https://www.wikidata.org/wiki/Q17436681,https://monet.1vasiliadi.com/#w1352
1353,"Руанский собор. Портал, утренний туман","Rouen Cathedral, Portal, Morning Fog","La Cathédrale de Rouen, le Portail, Effet de matin",1893,100 × 65,музей,"Фонд Базиля и Элизы Гуландрис, Афины","Basil & Elise Goulandris Foundation, Athens",Греция,Greece,,нет,,,https://www.wikidata.org/wiki/Q17436685,https://monet.1vasiliadi.com/#w1353
1354,"Руанский собор. Портал, утренний свет","Rouen Cathedral, Portal, Morning Light","La Cathédrale de Rouen, le Portail, Effet du matin",1893,100 × 65,музей,"Музей Гетти, Лос-Анджелес","J. Paul Getty Museum, Los Angeles",США,United States,,цветная фотография,https://monet.1vasiliadi.com/img/1600/w1354.webp,https://commons.wikimedia.org/wiki/File:Claude_Monet_(French_-_The_Portal_of_Rouen_Cathedral_in_Morning_Light_-_Google_Art_Project.jpg,https://www.wikidata.org/wiki/Q17436682,https://monet.1vasiliadi.com/#w1354
1355,Руанский собор. Портал на солнце,"Rouen Cathedral, the Portal in the Sun","La Cathédrale de Rouen, le Portail, Soleil matinal ; Harmonie bleue",1894,91 × 63,музей,"Музей Орсе, Париж","Musée d'Orsay, Paris",Франция,France,,цветная фотография,https://monet.1vasiliadi.com/img/1600/w1355.webp,https://commons.wikimedia.org/wiki/File:Claude_Monet_-_Cath%C3%A9drale_de_Rouen._Harmonie_bleue.jpg,https://www.wikidata.org/wiki/Q3820704,https://monet.1vasiliadi.com/#w1355
1356,Руанский собор. Фасад,"Rouen Cathedral, Façade",,1893,100 × 65,музей,"Музей изящных искусств, Бостон","Museum of Fine Arts, Boston",США,United States,,цветная фотография,https://monet.1vasiliadi.com/img/1600/w1356.webp,https://commons.wikimedia.org/wiki/File:Rouen_Cathedral_Boston_W1356.jpg,https://www.wikidata.org/wiki/Q20538924,https://monet.1vasiliadi.com/#w1356
1357,Руанский собор. Портал,"Rouen Cathedral, Portal","La Cathédrale de Rouen, le Portail",1893,100 × 65,музей,Веймарский дворец,Schloss Weimar,Германия,Germany,,цветная фотография,https://monet.1vasiliadi.com/img/1600/w1357.webp,https://commons.wikimedia.org/wiki/File:Claude_Monet_Kathedrale_von_Rouen%4020151002_01.JPG,https://www.wikidata.org/wiki/Q17436686,https://monet.1vasiliadi.com/#w1357
1358,Руанский собор. Фасад на солнце,"Rouen Cathedral, the Façade in Sunlight","La Cathédrale de Rouen, le Portail, Plein midi",1893,106 × 73,музей,"Институт искусств Кларка, Уильямстаун","Clark Art Institute, Williamstown",США,United States,,цветная фотография,https://monet.1vasiliadi.com/img/1600/w1358.webp,https://commons.wikimedia.org/wiki/File:Claude_Monet_La_cath%C3%A9drale_de_Rouen%2C_le_portail.jpg,https://www.wikidata.org/wiki/Q17436689,https://monet.1vasiliadi.com/#w1358
1359,Руанский собор. Портал,"Rouen Cathedral, Portal","La Cathédrale de Rouen, le Portail",1893,92 × 65,частная коллекция,,,,,,цветная фотография,https://monet.1vasiliadi.com/img/1600/w1359.webp,https://commons.wikimedia.org/wiki/File:Rouen_Cathedral_Portal_W1359.jpg,https://www.wikidata.org/wiki/Q17436692,https://monet.1vasiliadi.com/#w1359
1360,Руанский собор. Портал и башня Сен-Ромен на солнце,"Rouen Cathedral, Portal and Tower Saint-Romain in the Sun","La Cathédrale de Rouen, le Portail et la Tour Saint-Romain, Plein soleil",1893,107 × 73,музей,"Музей Орсе, Париж","Musée d'Orsay, Paris",Франция,France,,цветная фотография,https://monet.1vasiliadi.com/img/1600/w1360.webp,https://commons.wikimedia.org/wiki/File:Claude_Monet_-_Cath%C3%A9drale_de_Rouen._Harmonie_bleue_et_or.jpg,https://www.wikidata.org/wiki/Q3820705,https://monet.1vasiliadi.com/#w1360
1361,Руанский собор,Rouen Cathedral,La Cathédrale de Rouen,1893,106 × 73,частная коллекция,,,,,"Christie's, London, 1995",цветная фотография,https://monet.1vasiliadi.com/img/1600/w1361.webp,https://commons.wikimedia.org/wiki/File:Rouen_Cathedral_W1361.jpg,https://www.wikidata.org/wiki/Q17436693,https://monet.1vasiliadi.com/#w1361
1362,Стог сена в Живерни,Haystacks at Giverny,,1893,65 × 100,частная коллекция,,,,,,скан из каталога,https://monet.1vasiliadi.com/img/1600/w1362.webp,https://commons.wikimedia.org/wiki/File:Monet_w1362.jpg,,https://monet.1vasiliadi.com/#w1362
1363,Стога,Haystacks,,1893,60 × 81,частная коллекция,,,,,,скан из каталога,https://monet.1vasiliadi.com/img/1600/w1363.webp,https://commons.wikimedia.org/wiki/File:Monet_-_Wildenstein_1996%2C_1363.png,,https://monet.1vasiliadi.com/#w1363
1364,Стог,Haystack,Meule,1893,65 × 100,музей,"Музей изящных искусств, Спрингфилд","Museum of Fine Arts, Springfield",США,United States,,скан из каталога,https://monet.1vasiliadi.com/img/1600/w1364.webp,https://commons.wikimedia.org/wiki/File:Monet_w1364.jpg,https://www.wikidata.org/wiki/Q85567623,https://monet.1vasiliadi.com/#w1364
1365,Утро на Сене в Живерни,Morning on the Seine at Giverny,Matin sur la Seine à Giverny,1893,73 × 92,частная коллекция,,,,,"Christie's, New York, 1989",скан из каталога,https://monet.1vasiliadi.com/img/1600/w1365.webp,https://commons.wikimedia.org/wiki/File:Monet_-_Wildenstein_1996%2C_1365.png,,https://monet.1vasiliadi.com/#w1365
1366,Весенний пейзаж,Springtime Landscape,Paysage de printemps,1894,92 × 73,музей,"Галерея Ларок-Гранофф, Париж","Larock Granoff, Paris",Франция,France,,скан из каталога,https://monet.1vasiliadi.com/img/1600/w1366.webp,https://commons.wikimedia.org/wiki/File:Monet_w1366.jpg,,https://monet.1vasiliadi.com/#w1366
1367,Весенний пейзаж в Живерни,Springtime Landscape at Giverny,Paysage de printemps à Giverny,1894,92 × 65,частная коллекция,,,США,United States,2004,цветная фотография,https://monet.1vasiliadi.com/img/1600/w1367.webp,https://commons.wikimedia.org/wiki/File:Monet_-_springtime-landscape-at-giverny.jpg,,https://monet.1vasiliadi.com/#w1367
1368,Луг в Живерни,A Meadow at Giverny,Prairie à Giverny,1894,92 × 73,музей,Художественный музей Принстонского университета,Princeton University Art Museum,США,United States,,цветная фотография,https://monet.1vasiliadi.com/img/1600/w1368.webp,https://commons.wikimedia.org/wiki/File:Claude_Monet_-_Meadow_at_Giverny_(Princeton).jpg,https://www.wikidata.org/wiki/Q106775625,https://monet.1vasiliadi.com/#w1368
1369,Луг в Живерни,A Meadow at Giverny,Paysage de printemps,1894,92 × 73,частная коллекция,,,Швейцария,Switzerland,,нет,,,,https://monet.1vasiliadi.com/#w1369
1370,Сена в Пор-Вийе,The Seine at Port-Villez,La Seine à Port-Villez,1894,65 × 100,музей,"Музей изящных искусств, Руан",Musée des Beaux-Arts de Rouen,Франция,France,,цветная фотография,https://monet.1vasiliadi.com/img/1600/w1370.webp,https://commons.wikimedia.org/wiki/File:Monet-seine-rouen.jpg,https://www.wikidata.org/wiki/Q105430124,https://monet.1vasiliadi.com/#w1370
1371,Сена в Пор-Вийе. Розовый эффект,"The Seine at Port-Villez, Pink Effect","La Seine à Port-Villez, effet rose",1894,65 × 100,музей,"Музей Кригера, Вашингтон","Kreeger Museum, Washington D.C.",США,United States,,скан из каталога,https://monet.1vasiliadi.com/img/1600/w1371.webp,https://commons.wikimedia.org/wiki/File:Monet_w1371.jpg,https://www.wikidata.org/wiki/Q68041448,https://monet.1vasiliadi.com/#w1371
1372,Сена в Пор-Вийе. Туман,"The Seine at Port-Villez, Mist","La Seine à Port-Villez, brume",1894,65 × 100,частная коллекция,,,,,,скан из каталога,https://monet.1vasiliadi.com/img/1600/w1372.webp,https://commons.wikimedia.org/wiki/File:Monet_w1372.jpg,,https://monet.1vasiliadi.com/#w1372
1373,Сена в Пор-Вийе. Гармония в голубом,"The Seine at Port-Villez, Harmony in Blue",La Seine à Port-Villez,1894,65 × 100,музей,"Галерея Тейт, Лондон","Tate Gallery, London",Великобритания,United Kingdom,,цветная фотография,https://monet.1vasiliadi.com/img/1600/w1373.webp,https://commons.wikimedia.org/wiki/File:Claude_Monet_The_Seine_at_Port-Villez.jpg,https://www.wikidata.org/wiki/Q24953848,https://monet.1vasiliadi.com/#w1373
1374,"Сена в Пор-Вилле, голубой эффект","The Seine at Port-Villez, Blue Effect","La Seine à Port-Villez, effet bleu",1894,65 × 100,частная коллекция,,,,,,скан из каталога,https://monet.1vasiliadi.com/img/1600/w1374.webp,https://commons.wikimedia.org/wiki/File:Monet_-_Wildenstein_1996%2C_1374.png,,https://monet.1vasiliadi.com/#w1374
1374a,Сена в Пор-Вийе,The Seine at Port-Villez,Collection privéeLa Seine à Port-Villez,1894,50 × 82,частная коллекция,,,,,,скан из каталога,https://monet.1vasiliadi.com/img/1600/w1374a.webp,https://commons.wikimedia.org/wiki/File:Monet_-_Wildenstein_1996%2C_1374a.png,,https://monet.1vasiliadi.com/#w1374a
1375,Сена в Пор-Вийе. Ясная погода,"The Seine at Port-Villez, Clear Weather","La Seine à Port-Villez, temps clair",1894,60 × 81,частная коллекция,,,,,2005,цветная фотография,https://monet.1vasiliadi.com/img/1600/w1375.webp,https://commons.wikimedia.org/wiki/File:LA_SEINE_%C3%80_PORT-VILLEZ%2C_TEMPS_CLAIR_(1894)_Claude_Monet_(W_1375).jpg,,https://monet.1vasiliadi.com/#w1375
1376,Сена близ Вернона в Пор-Вийе,The Seine near Vernon at Port Villez,La Seine près Vernon à Port-Villez,1894,65 × 100,частная коллекция,,,,,,скан из каталога,https://monet.1vasiliadi.com/img/1600/w1376.webp,https://commons.wikimedia.org/wiki/File:Monet_-_Wildenstein_1996%2C_1376.png,,https://monet.1vasiliadi.com/#w1376
1377,Сена в Пор-Вийе,The Seine at Port-Villez,La Seine à Port-Villez,1894,65 × 92,частная коллекция,,,,,"Christie's, London, 1981",скан из каталога,https://monet.1vasiliadi.com/img/1600/w1377.webp,https://commons.wikimedia.org/wiki/File:Monet_-_Wildenstein_1996%2C_1377.png,,https://monet.1vasiliadi.com/#w1377
1378,Сена близ Живерни,The Seine near Giverny,La Seine près de Giverny,1894,54 × 81,музей,Музей современного искусства Уэхара,Uehara Museum of Modern Art,США,United States,,скан из каталога,https://monet.1vasiliadi.com/img/1600/w1378.webp,https://commons.wikimedia.org/wiki/File:Monet_-_Wildenstein_1996%2C_1378.png,,https://monet.1vasiliadi.com/#w1378
1379,Сена в Пор-Вийе. Вечерний эффект,"The Seine at Port-Villez, Evening Effect","La Seine à Port-Villez, effet du soir",1894,52 × 92,музей,"Музей Мармоттан-Моне, Париж","Musée Marmottan Monet, Paris",Франция,France,,скан из каталога,https://monet.1vasiliadi.com/img/1600/w1379.webp,https://commons.wikimedia.org/wiki/File:Monet_w1379.jpg,https://www.wikidata.org/wiki/Q105099577,https://monet.1vasiliadi.com/#w1379
1380,"Сена в Пор-Вийе, розовый эффект","The Seine at Port-Villez, Pink Effect","La Seine à Port-Villez, effet rose",1894,52 × 92,музей,"Музей Мармоттан-Моне, Париж","Musée Marmottan Monet, Paris",Франция,France,,скан из каталога,https://monet.1vasiliadi.com/img/1600/w1380.webp,https://commons.wikimedia.org/wiki/File:Monet_-_Wildenstein_1996%2C_1380.png,https://www.wikidata.org/wiki/Q105099567,https://monet.1vasiliadi.com/#w1380
1381,Сена близ Вернона,The Seine near Vernon,La Seine près de Vernon,1894,50 × 81,частная коллекция,,,,,"Christie's, New York, 1996",скан из каталога,https://monet.1vasiliadi.com/img/1600/w1381.webp,https://commons.wikimedia.org/wiki/File:Monet_w1381.jpg,,https://monet.1vasiliadi.com/#w1381
1382,Сена в тумане,The Seine in the Mist,La Seine dans la brume,1894,50 × 81,частная коллекция,,,Франция,France,,скан из каталога,https://monet.1vasiliadi.com/img/1600/w1382.webp,https://commons.wikimedia.org/wiki/File:Monet_-_Wildenstein_1996%2C_1382.png,,https://monet.1vasiliadi.com/#w1382
1383,Маленькие стога в Живерни,The Small Haystacks of Giverny,Les Demoiselles de Giverny,1894,65 × 100,частная коллекция,,,Аргентина,Argentina,2012,скан из каталога,https://monet.1vasiliadi.com/img/1600/w1383.webp,https://commons.wikimedia.org/wiki/File:Monet_w1383.jpg,,https://monet.1vasiliadi.com/#w1383
1384,Маленькие стога в Живерни. Эффект солнца,"The Small Haystacks of Giverny, Sun Effect","Les Demoiselles de Giverny, effet de soleil",1894,65 × 100,музей,"Музей Израиля, Иерусалим","Israel Museum, Jerusalem",Израиль,Israel,,цветная фотография,https://monet.1vasiliadi.com/img/1600/w1384.webp,https://commons.wikimedia.org/wiki/File:Claude_Monet_-_The_Young_Ladies_of_Giverny%2C_Sun_Effect_-_Google_Art_Project.jpg,https://www.wikidata.org/wiki/Q28777016,https://monet.1vasiliadi.com/#w1384
1385,Маленькие стога,The Small Haystacks,Les Meulettes,1894,65 × 100,частная коллекция,,,,,,скан из каталога,https://monet.1vasiliadi.com/img/1600/w1385.webp,https://commons.wikimedia.org/wiki/File:Monet_w1385.jpg,,https://monet.1vasiliadi.com/#w1385
1386,Вернон на солнце,Vernon in the Sun,"Vernon, soleil",1894,65 × 92,музей,"Бруклинский музей, Нью-Йорк","Brooklyn Museum, New York",США,United States,2020,цветная фотография,https://monet.1vasiliadi.com/img/1600/w1386.webp,https://commons.wikimedia.org/wiki/File:Brooklyn_Museum_-_Church_at_Vernon_-_Claude_Monet_-_overall.jpg,https://www.wikidata.org/wiki/Q50537321,https://monet.1vasiliadi.com/#w1386
1387,Церковь в Верноне на солнце,Vernon Church in the Sun,"Église de Vernon, soleil",1894,65 × 92,частная коллекция,,,,,2014,цветная фотография,https://monet.1vasiliadi.com/img/1600/w1387.webp,https://commons.wikimedia.org/wiki/File:%C3%89glise_de_Vernon%2C_soleil_(1894)_Claude_Monet_(W_1387).jpg,https://www.wikidata.org/wiki/Q134459779,https://monet.1vasiliadi.com/#w1387
1388,Церковь в Верноне в пасмурную погоду,Vernon Church in Grey Weather,"L'église de Vernon, temps gris",1894,65 × 92,частная коллекция,,,,,2023,скан из каталога,https://monet.1vasiliadi.com/img/1600/w1388.webp,https://commons.wikimedia.org/wiki/File:Monet_w1388.jpg,,https://monet.1vasiliadi.com/#w1388
1389,Церковь в Верноне,Vernon Church,Église de Vernon,1894,65 × 92,частная коллекция,,,,,,скан из каталога,https://monet.1vasiliadi.com/img/1600/w1389.webp,https://commons.wikimedia.org/wiki/File:Monet_-_Wildenstein_1996%2C_1389.png,,https://monet.1vasiliadi.com/#w1389
1390,Церковь в Верноне в тумане,Vernon Church in the Fog,"L'église de Vernon, brouillard",1894,65 × 92,музей,"Музей Шелберна, Шелберн","Shelburne Museum, Shelburne",США,United States,,скан из каталога,https://monet.1vasiliadi.com/img/1600/w1390.webp,https://commons.wikimedia.org/wiki/File:Monet_w1390.jpg,https://www.wikidata.org/wiki/Q98447005,https://monet.1vasiliadi.com/#w1390
1391,Церковь в Верноне в тумане,Church of Vernon in the Mist,"Église de Vernon, brouillard",1894,65 × 92,музей,Музей коллекции Розенгарт,Rosengart Collection Museum,Швейцария,Switzerland,,цветная фотография,https://monet.1vasiliadi.com/img/1600/w1391.webp,https://commons.wikimedia.org/wiki/File:Claude_Monet_-_Church_of_Vernon%2C_Fog_-_Rosengart_collection.jpg,https://www.wikidata.org/wiki/Q67959124,https://monet.1vasiliadi.com/#w1391
1391a,Дерево у Сены в Верноне,The Tree by the Seine at Vernon,"La Seine à Vernon, l’arbre",1895,49 × 65,частная коллекция,,,,,,скан из каталога,https://monet.1vasiliadi.com/img/1600/w1391a.webp,https://commons.wikimedia.org/wiki/File:Monet_-_Wildenstein_1996%2C_1391a.png,,https://monet.1vasiliadi.com/#w1391a
1392,"Пруд с кувшинками, зима","Water-Lily Pond, Winter","Bassin aux nymphéas, hiver",1895,81 × 92,частная коллекция,,,Швейцария,Switzerland,,скан из каталога,https://monet.1vasiliadi.com/img/1600/w1392.webp,https://commons.wikimedia.org/wiki/File:Monet_-_Wildenstein_1996%2C_1392.png,,https://monet.1vasiliadi.com/#w1392
1393,"Красные дома в Бьорнегорде в снегу, Норвегия","Red Houses at Bjornegaard in the Snow, Norway","Norvège, les maisons rouges à Björnegaard",1895,65 × 81,музей,"Музей Мармоттан-Моне, Париж","Musée Marmottan Monet, Paris",Франция,France,,цветная фотография,https://monet.1vasiliadi.com/img/1600/w1393.webp,https://commons.wikimedia.org/wiki/File:Monet_red_houses_bjornegaard_snow_norway_1895.jpg,https://www.wikidata.org/wiki/Q105099621,https://monet.1vasiliadi.com/#w1393
1394,"Дома в снегу, Норвегия","Houses in the Snow, Norway","Les Maisons dans la neige, Norvège",1895,65 × 92,музей,"Художественный музей Денвера, Денвер","Denver Art Museum, Denver",США,United States,Sotheby's 2005,цветная фотография,https://monet.1vasiliadi.com/img/1600/w1394.webp,https://commons.wikimedia.org/wiki/File:Monet_houses_snow_norway_1895.jpg,,https://monet.1vasiliadi.com/#w1394
1395,"Дома в снегу, Норвегия","Houses in the Snow, Norway","Les Maisons dans la neige, Norvège",1895,61 × 84,музей,"Собрание Рау для ЮНИСЕФ, Музей Арпа «Вокзал Роландсэк», Ремаген","Sammlung Rau fuer UNICEF, Arp Museum Bahnhof Rolandseck, Remagen",Германия,Germany,,скан из каталога,https://monet.1vasiliadi.com/img/1600/w1395.webp,https://commons.wikimedia.org/wiki/File:Monet_w1395.jpg,https://www.wikidata.org/wiki/Q78833083,https://monet.1vasiliadi.com/#w1395
1396,"Норвежский пейзаж, голубые дома","Norwegian Landscape, Blue Houses",Paysage de Norvège. Les maisons bleues,1895,61 × 84,музей,"Музей Мармоттан-Моне, Париж","Musée Marmottan Monet, Paris",Франция,France,,цветная фотография,https://monet.1vasiliadi.com/img/1600/w1396.webp,https://commons.wikimedia.org/wiki/File:Monet_paysage_norway_blue_houses_1895.jpg,https://www.wikidata.org/wiki/Q105099620,https://monet.1vasiliadi.com/#w1396
1397,Деревня Сандвикен в снегу,Sandviken Village in the Snow,"Sandvika, Norvège",1895,73 × 92,музей,Чикагский институт искусств,Art Institute of Chicago,США,United States,,цветная фотография,https://monet.1vasiliadi.com/img/1600/w1397.webp,https://commons.wikimedia.org/wiki/File:Monet_-_Sandviken%2C_Norwegen.jpg,https://www.wikidata.org/wiki/Q20268524,https://monet.1vasiliadi.com/#w1397
1398,"Сандвикен, Норвегия","Sandviken, Norway","Sandviken, Norvège, effet de neige",1895,73 × 92,частная коллекция,,,,,2023,цветная фотография,https://monet.1vasiliadi.com/img/1600/w1398.webp,https://commons.wikimedia.org/wiki/File:Sandviken%2C_Norv%C3%A8ge%2C_effet_de_neige_(1895)_Claude_Monet_(W_1398).jpg,,https://monet.1vasiliadi.com/#w1398
1398a,Зимний пейзаж. Сандвикен,Sandviken Village,Village de Sandviken,1895,37 × 52,музей,Художественный музей «Рижская биржа»,Art Museum Riga Bourse,Латвия,Latvia,,цветная фотография,https://monet.1vasiliadi.com/img/1600/w1398a.webp,https://commons.wikimedia.org/wiki/File:Village_de_Sandviken_(1895)_Claude_Monet_-_Art_Museum_Riga_Bourse_(W_1398a).jpg,https://www.wikidata.org/wiki/Q91473128,https://monet.1vasiliadi.com/#w1398a
1398b,Деревня Сандвикен. Эффект снега,"Sandviken Village, Snow Effect","Village de Sandviken, Norvège, effet de neige",1895,37 × 54,частная коллекция,,,,,,скан из каталога,https://monet.1vasiliadi.com/img/1600/w1398b.webp,https://commons.wikimedia.org/wiki/File:Monet_-_Wildenstein_1996%2C_1398b.png,,https://monet.1vasiliadi.com/#w1398b
1398c,"Сандвикен, Норвегия","Sandviken, Norway",,1895,50 × 61,частная коллекция,,,,,"Sotheby's, London, 1995",скан из каталога,https://monet.1vasiliadi.com/img/1600/w1398c.webp,https://commons.wikimedia.org/wiki/File:Monet_-_Wildenstein_1996%2C_1398c.png,,https://monet.1vasiliadi.com/#w1398c
1399,"Норвежский пейзаж, Сандвикен","Norwegian Landscape, Sandviken","Paysage de Norvège, Sandviken",1895,73 × 92,частная коллекция,,,Дания,Denmark,2014,цветная фотография,https://monet.1vasiliadi.com/img/1600/w1399.webp,https://commons.wikimedia.org/wiki/File:Monet_norwegian_landscape_sandviken_1895.jpg,,https://monet.1vasiliadi.com/#w1399
1400,Фьорд близ Христиании,"The Fjord, near Christiania",Le Fjord de Christiania (Oslo),1895,65 × 100,частная коллекция,,,Норвегия,Norway,,скан из каталога,https://monet.1vasiliadi.com/img/1600/w1400.webp,https://commons.wikimedia.org/wiki/File:Monet_w1400.jpg,https://www.wikidata.org/wiki/Q135089679,https://monet.1vasiliadi.com/#w1400
1401,Фьорд близ Христиании,"The Fjord, near Christiania","Le Fjord, près Christiania",1895,65 × 100,частная коллекция,,,,,2005,цветная фотография,https://monet.1vasiliadi.com/img/1600/w1401.webp,https://commons.wikimedia.org/wiki/File:Le_Fjord%2C_pr%C3%A8s_Christiania_(1895)_Claude_Monet_(W_1401).jpg,,https://monet.1vasiliadi.com/#w1401
1402,На берегу Христиания-фьорда,On the Bank of Christiania Fjord,Au Bord du fjord à Christiania,1895,65 × 92,частная коллекция,,,Япония,Japan,2019,цветная фотография,https://monet.1vasiliadi.com/img/1600/w1402.webp,https://commons.wikimedia.org/wiki/File:Monet_banks_fjord_christiania_1895.jpg,,https://monet.1vasiliadi.com/#w1402
1403,На берегу Христиания-фьорда,On the Bank of Christiania Fjord,"Au Bord du fjord, près Christiania",1895,65 × 100,частная коллекция,,,Япония,Japan,2014,цветная фотография,https://monet.1vasiliadi.com/img/1600/w1403.webp,https://commons.wikimedia.org/wiki/File:Au_bord_du_fjord%2C_pr%C3%A8s_Christiania_(1895)_Claude_Monet_(W_1403).jpg,,https://monet.1vasiliadi.com/#w1403
1404,Дома в снегу и гора Кольсос,Houses in the Snow and Mount Kolsaas,Maisons dans la neige et mont Kolsaas,1895,65 × 92,музей,Музей современного искусства Уэхара,Uehara Museum of Modern Art,США,United States,,скан из каталога,https://monet.1vasiliadi.com/img/1600/w1404.webp,https://commons.wikimedia.org/wiki/File:Monet_w1404.jpg,https://www.wikidata.org/wiki/Q66985807,https://monet.1vasiliadi.com/#w1404
1405,Дома в снегу,Houses in the Snow,"Maisons dans la neige, Norvège",1895,65 × 92,частная коллекция,,,,,,скан из каталога,https://monet.1vasiliadi.com/img/1600/w1405.webp,https://commons.wikimedia.org/wiki/File:Monet_w1405.jpg,,https://monet.1vasiliadi.com/#w1405
1406,"Гора Кольсос, Норвегия","Mount Kolsaas, Norway",Le Mont Kolsaas en Norvège,1895,65 × 100,музей,"Музей Мармоттан-Моне, Париж","Musée Marmottan Monet, Paris",Франция,France,,цветная фотография,https://monet.1vasiliadi.com/img/1600/w1406.webp,https://commons.wikimedia.org/wiki/File:Monet-Mont-Kolsaas-Marmottan-.jpg,https://www.wikidata.org/wiki/Q50415977,https://monet.1vasiliadi.com/#w1406
1407,Гора Кольсос,Mount Kolsaas,Le Mont Kolsaas,1895,65 × 92,музей,"Музей Мармоттан-Моне, Париж","Musée Marmottan Monet, Paris",Франция,France,,цветная фотография,https://monet.1vasiliadi.com/img/1600/w1407.webp,https://commons.wikimedia.org/wiki/File:Monet_mount_kolsaas_1895.jpg,,https://monet.1vasiliadi.com/#w1407
1408,Гора Кольсос,Mount Kolsaas,Le Mont Kolsaas,1895,65 × 100,частная коллекция,,,США,United States,,цветная фотография,https://monet.1vasiliadi.com/img/1600/w1408.webp,https://commons.wikimedia.org/wiki/File:Monet_mount_kolsaas_2_1895.jpg,,https://monet.1vasiliadi.com/#w1408
1409,"Гора Кольсос, эффект солнца","Mount Kolsaas, Sun Effect","Le Mont Kolsaas, effet de soleil",1895,65 × 100,частная коллекция,,,,,"Christie's, New York, 1996",цветная фотография,https://monet.1vasiliadi.com/img/1600/w1409.webp,https://commons.wikimedia.org/wiki/File:Monet_mount_kolsaas_3_1895.jpg,,https://monet.1vasiliadi.com/#w1409
1410,Гора Кольсос в ясную погоду,Mount Kolsaas in Clear Weather,"Le Mont Kolsaas, temps clair",1895,65 × 100,частная коллекция,,,,,,скан из каталога,https://monet.1vasiliadi.com/img/1600/w1410.webp,https://commons.wikimedia.org/wiki/File:Monet_-_Wildenstein_1996%2C_1410.png,,https://monet.1vasiliadi.com/#w1410
1411,Гора Кольсос в туманную погоду,Mount Kolsaas in Misty Weather,"Le Mont Kolsaas, temps brumeux",1895,65 × 100,частная коллекция,,,,,,цветная фотография,https://monet.1vasiliadi.com/img/1600/w1411.webp,https://commons.wikimedia.org/wiki/File:Monet_mount_kolsaas_misty_weather_1895.jpg,,https://monet.1vasiliadi.com/#w1411
1412,"Гора Кольсос, вечерний эффект","Mount Kolsaas, Evening Effect","Mont Kolsaas, effet du soir",1895,65 × 100,музей,"Национальная галерея (Национальный музей), Осло","National Gallery (Nasjonalmuseet), Oslo",Норвегия,Norway,,цветная фотография,https://monet.1vasiliadi.com/img/1600/w1412.webp,https://commons.wikimedia.org/wiki/File:Claude_Monet_-_Mount_Kols%C3%A5s_-_NMK.DEP.2019.0010_-_National_Museum_of_Art%2C_Architecture_and_Design.jpg,,https://monet.1vasiliadi.com/#w1412
1413,Гора Кольсос в хмурую погоду,Mount Kolsaas in Somber Weather,"Le Mont Kolsaas, temps sombre",1895,65 × 100,частная коллекция,,,Франция,France,,скан из каталога,https://monet.1vasiliadi.com/img/1600/w1413.webp,https://commons.wikimedia.org/wiki/File:Monet_-_Wildenstein_1996%2C_1413.png,,https://monet.1vasiliadi.com/#w1413
1414,Гора Кольсос в сумерках,Mount Kolsaas at Dusk,"Mont Kolsaas, au déclin du jour",1895,65 × 92,частная коллекция,,,,,2023,скан из каталога,https://monet.1vasiliadi.com/img/1600/w1414.webp,https://commons.wikimedia.org/wiki/File:Monet_w1414.jpg,,https://monet.1vasiliadi.com/#w1414
1415,"Гора Кольсос, розовое отражение","Mount Kolsaas, Rose Reflection",Le Mont Kolsaas en Norvège,1895,65 × 100,музей,"Музей Орсе, Париж","Musée d'Orsay, Paris",Франция,France,,цветная фотография,https://monet.1vasiliadi.com/img/1600/w1415.webp,https://commons.wikimedia.org/wiki/File:Monet_-_LE_MONT_KOLSAAS_EN_NORVEGE%2C_1895.jpg,https://www.wikidata.org/wiki/Q17493087,https://monet.1vasiliadi.com/#w1415
1416,"Гора Кольсос, розовый эффект","Mount Kolsaas, Rose Effect","Mont Kolsaas, reflets roses",1895,65 × 92,частная коллекция,,,,,,скан из каталога,https://monet.1vasiliadi.com/img/1600/w1416.webp,https://commons.wikimedia.org/wiki/File:Monet_-_Wildenstein_1996%2C_1416.png,,https://monet.1vasiliadi.com/#w1416
1417,"Гора Кольсос, снежная буря","Mount Kolsaas, Snowstorm","Le Mont Kolsaas, Norvège (Tempête de neige)",1895,65 × 100,частная коллекция,,,,,,скан из каталога,https://monet.1vasiliadi.com/img/1600/w1417.webp,https://commons.wikimedia.org/wiki/File:Monet_w1417.jpg,https://www.wikidata.org/wiki/Q133253891,https://monet.1vasiliadi.com/#w1417
1418,"Гора Кольсос, Норвегия","Mount Kolsaas, Norway","Mont Kolsaas,Norvège",1895,65 × 100,частная коллекция,,,,,,скан из каталога,https://monet.1vasiliadi.com/img/1600/w1418.webp,https://commons.wikimedia.org/wiki/File:Monet_w1418.jpg,,https://monet.1vasiliadi.com/#w1418
1419,Мост в саду Моне,The Bridge in Monet's Garden,"Le Pont japonais, Giverny",1895–96,98 × 117,музей,Художественный музей Филадельфии,Philadelphia Museum of Art,США,United States,,цветная фотография,https://monet.1vasiliadi.com/img/1600/w1419.webp,https://commons.wikimedia.org/wiki/File:Japanese_Footbridge%2C_Giverny_(1895)_Claude_Monet_-_Philadelphia_Museum_of_Art_-_Inv.1993-151-2_(W_1419).jpg,https://www.wikidata.org/wiki/Q20809470,https://monet.1vasiliadi.com/#w1419
1419a,Мост в саду Моне,Bridge in Monet's Garden,Pont dans le jardin de Monet,1895–1900,89 × 92,частная коллекция,,,,,"Sotheby's, New York, 1987",скан из каталога,https://monet.1vasiliadi.com/img/1600/w1419a.webp,https://commons.wikimedia.org/wiki/File:Monet_-_Wildenstein_1996%2C_1419a.png,,https://monet.1vasiliadi.com/#w1419a
1420,Сад в Живерни,Garden at Giverny,Le Jardin de Monet à Giverny,1895,81 × 92,музей,"Фонд Э. Г. Бюрле, Цюрих","Foundation E.G. Bührle, Zürich",Швейцария,Switzerland,,цветная фотография,https://monet.1vasiliadi.com/img/1600/w1420.webp,https://commons.wikimedia.org/wiki/File:Monet_-_Im_Garten_-_1895.jpeg,https://www.wikidata.org/wiki/Q64174087,https://monet.1vasiliadi.com/#w1420
1421,Скала в Пурвиле,Cliff at Pourville,Falaise à Pourville,1896,65 × 100,частная коллекция,,,,,2007,цветная фотография,https://monet.1vasiliadi.com/img/1600/w1421.webp,https://commons.wikimedia.org/wiki/File:Falaise_%C3%A0_Pourville_(1896)_Claude_Monet_(W_1421).jpg,,https://monet.1vasiliadi.com/#w1421
1422,Скала в Пурвиле,Cliff at Pourville,Falaise de Pourville,1896,65 × 92,частная коллекция,,,,,2012,цветная фотография,https://monet.1vasiliadi.com/img/1600/w1422.webp,https://commons.wikimedia.org/wiki/File:Falaise_de_Pourville_(1896)_de_Claude_Monet_(W_1422).jpg,,https://monet.1vasiliadi.com/#w1422
1423,"Скала в Пурвиле, непогода","Cliff at Pourville, Bad Weather","Mauvais temps, Pourville",1896,65 × 100,частная коллекция,,,,,,скан из каталога,https://monet.1vasiliadi.com/img/1600/w1423.webp,https://commons.wikimedia.org/wiki/File:Monet_w1423.jpg,,https://monet.1vasiliadi.com/#w1423
1424,Ненастье в Пурвиле,Stormy Weather at Pourville,Gros Temps à Pourville,1896,65 × 92,частная коллекция,,,,,,скан из каталога,https://monet.1vasiliadi.com/img/1600/w1424.webp,https://commons.wikimedia.org/wiki/File:Monet_-_Wildenstein_1996%2C_1424.png,,https://monet.1vasiliadi.com/#w1424
1425,"Скала в Пурвиле, закат","Cliff at Pourville, Sunset","Falaise à Pourville, soleil couchant",1896,60 × 81,музей,Музей Альфонса-Жоржа Пулена,Musée Alphonse-Georges-Poulain,Франция,France,,цветная фотография,https://monet.1vasiliadi.com/img/1600/w1425.webp,https://commons.wikimedia.org/wiki/File:Claude_Monet_Effet_de_soleil_couchant_%C3%A0_Pourville%2C_1896.jpg,https://www.wikidata.org/wiki/Q26846568,https://monet.1vasiliadi.com/#w1425
1426,"Скалы в Пурвиле, дождь","Cliffs at Pourville, Rain","La Pluie, Pourville",1896,65 × 100,частная коллекция,,,Канада,Canada,,скан из каталога,https://monet.1vasiliadi.com/img/1600/w1426.webp,https://commons.wikimedia.org/wiki/File:Monet_w1426.jpg,,https://monet.1vasiliadi.com/#w1426
1427,Хижина на скале в Варанжвиле,The Hut on the Cliff at Varengeville,La Cabane sur la falaise de Varengeville,1896,65 × 92,музей,"Новая глиптотека Карлсберга, Копенгаген","Ny Carlsberg Glyptotek, Copenhagen",Дания,Denmark,,скан из каталога,https://monet.1vasiliadi.com/img/1600/w1427.webp,https://commons.wikimedia.org/wiki/File:Monet_-_Wildenstein_1996%2C_1427.png,https://www.wikidata.org/wiki/Q76424008,https://monet.1vasiliadi.com/#w1427
1428,На скале в Пти-Айи,On the Cliff at Petit Ailly,"Sur la falaise, au Petit Ailly",1896,73 × 92,частная коллекция,,,,,2018,цветная фотография,https://monet.1vasiliadi.com/img/1600/w1428.webp,https://commons.wikimedia.org/wiki/File:Sur_la_falaise%2C_au_Petit_Ailly_(1896)_Claude_Monet_(W1428).jpg,,https://monet.1vasiliadi.com/#w1428
1429,Скала в Пти-Айи в Варанжвиле,"Cliff at Petit Ailly, at Varengeville",Falaise du Petit Ailly à Varengeville,1896,65 × 92,частная коллекция,,,,,,скан из каталога,https://monet.1vasiliadi.com/img/1600/w1429.webp,https://commons.wikimedia.org/wiki/File:Monet_w1429.jpg,,https://monet.1vasiliadi.com/#w1429
1430,На скале у Дьепа,On the Cliff near Dieppe,Sur la Falaise à Dieppe,1896,65 × 100,музей,"Музей Массена, Ницца","Musée Massena, Nice",Франция,France,,цветная фотография,https://monet.1vasiliadi.com/img/1600/w1430.webp,https://commons.wikimedia.org/wiki/File:Monet_-_Falaise_de_F%C3%A9camp%2C_1897.jpg,https://www.wikidata.org/wiki/Q17491401,https://monet.1vasiliadi.com/#w1430
1431,Скалы к востоку от Пурвиля,Cliffs to the East of Pourville,Falaises à l'est de Pourville,1896,65 × 92,музей,"Музей Шакара-ду-Сеу, Рио-де-Жанейро","Museu da Chácara do Céu, Rio de Janeiro",Бразилия,Brazil,,цветная фотография,https://monet.1vasiliadi.com/img/1600/w1431.webp,https://commons.wikimedia.org/wiki/File:Claude_monet_-_marina_(MCM-RJ)_01.JPG,https://www.wikidata.org/wiki/Q10326430,https://monet.1vasiliadi.com/#w1431
1432,В Валь-Сен-Никола близ Дьепа,At val Saint Nicolas near Dieppe,Au Val Saint-Nicolas près Dieppe,1896,65 × 100,частная коллекция,,,,,,цветная фотография,https://monet.1vasiliadi.com/img/1600/w1432.webp,https://commons.wikimedia.org/wiki/File:Au_Val_Saint-Nicolas_pr%C3%A8s_Dieppe_by_Claude_Monet.jpg,,https://monet.1vasiliadi.com/#w1432
1433,Скала близ Дьепа,A Cliff near Dieppe,Falaise près de Dieppe,1896,65 × 92,частная коллекция,,,,,,скан из каталога,https://monet.1vasiliadi.com/img/1600/w1433.webp,https://commons.wikimedia.org/wiki/File:Monet_w1433.jpg,,https://monet.1vasiliadi.com/#w1433
1434,В Валь-Сен-Никола близ Дьепа,At val Saint Nicolas near Dieppe,"Falaise près Dieppe, matin",1896,65 × 100,частная коллекция,,,,,,скан из каталога,https://monet.1vasiliadi.com/img/1600/w1434.webp,https://commons.wikimedia.org/wiki/File:Monet_w1434.jpg,,https://monet.1vasiliadi.com/#w1434
1435,Рукав Сены близ Живерни,Arm of the Seine near Giverny,,1896,73 × 92,музей,"Музей изящных искусств, Бостон","Museum of Fine Arts, Boston",США,United States,,нет,,,https://www.wikidata.org/wiki/Q20538849,https://monet.1vasiliadi.com/#w1435
1436,Утро на Сене,Morning on the Seine,,1896,89 × 92,частная коллекция,,,Япония,Japan,,нет,,,,https://monet.1vasiliadi.com/#w1436
1436a,Утро на Сене,Morning on the Seine,,1896,92 × 92,частная коллекция,,,Франция,France,,цветная фотография,https://monet.1vasiliadi.com/img/1600/w1436a.webp,https://commons.wikimedia.org/wiki/File:W_1436a_-_Claude_Monet_Morning_on_the_Seine_near_Giverny_(1896).png,,https://monet.1vasiliadi.com/#w1436a
1437,Утро на Сене,Morning on the Seine,,1896,73 × 92,частная коллекция,,,,,"Sotheby's, London, 1995",цветная фотография,https://monet.1vasiliadi.com/img/1600/w1437.webp,https://commons.wikimedia.org/wiki/File:Monet_-_Morning_on_the_Seine%2C_near_Giverny%2C_1896.jpg,,https://monet.1vasiliadi.com/#w1437
1438,Наводнение в Живерни,Flood at Giverny,Inondation à Giverny,1896–97,73 × 92,музей,"Новая глиптотека Карлсберга, Копенгаген","Ny Carlsberg Glyptotek, Copenhagen",Дания,Denmark,,цветная фотография,https://monet.1vasiliadi.com/img/1600/w1438.webp,https://commons.wikimedia.org/wiki/File:Flood_at_Giverny_by_Claude_Monet%2C_1896_-_Ny_Carlsberg_Glyptotek_-_Copenhagen_-_DSC09463.JPG,https://www.wikidata.org/wiki/Q50697742,https://monet.1vasiliadi.com/#w1438
1439,Половодье,Flood Waters,L'Inondation,1896,73 × 92,музей,"Лондонская национальная галерея, Лондон","National Gallery, London",Великобритания,United Kingdom,,цветная фотография,https://monet.1vasiliadi.com/img/1600/w1439.webp,https://commons.wikimedia.org/wiki/File:Claude_Monet%2C_Flood_Waters.jpg,https://www.wikidata.org/wiki/Q25410262,https://monet.1vasiliadi.com/#w1439
1440,"Скалы в Пурвиле, восход","Cliffs at Pourville, Sunrise","Falaises à Pourville, soleil levant",1897,65 × 100,частная коллекция,,,,,,скан из каталога,https://monet.1vasiliadi.com/img/1600/w1440.webp,https://commons.wikimedia.org/wiki/File:Monet_-_Wildenstein_1996%2C_1440.png,https://www.wikidata.org/wiki/Q91361936,https://monet.1vasiliadi.com/#w1440
1441,"Скалы в Пурвиле, утро","Cliffs at Pourville, Morning","Falaises de Pourville, le matin",1897,65 × 100,частная коллекция,,,,,,скан из каталога,https://monet.1vasiliadi.com/img/1600/w1441.webp,https://commons.wikimedia.org/wiki/File:Monet_-_Wildenstein_1996%2C_1441.png,,https://monet.1vasiliadi.com/#w1441
1442,"Скалы в Пурвиле, утро","Cliffs at Pourville, Morning","Falaise de Pourville, le matin",1897,65 × 100,музей,Монреальский музей изящных искусств,Montreal Museum of Fine Arts,Канада,Canada,,цветная фотография,https://monet.1vasiliadi.com/img/1600/w1442.webp,https://commons.wikimedia.org/wiki/File:Falaise_de_Pourville%2C_le_matin_(1897)_de_Claude_Monet_(W_1442)_-_Mus%C3%A9e_des_Beaux-Arts_de_Montr%C3%A9al_(W1442).jpg,https://www.wikidata.org/wiki/Q74100944,https://monet.1vasiliadi.com/#w1442
1443,"Скалы в Пурвиле, бурное море","Cliffs at Pourville, Rough Sea","Falaises de Pourville, mer agitée",1897,65 × 100,музей,"Художественный музей Хай, Атланта","High Museum of Art, Atlanta",США,United States,,цветная фотография,https://monet.1vasiliadi.com/img/1600/w1443.webp,https://commons.wikimedia.org/wiki/File:The_Cliffs_of_Pourville%2C_Rough_Sea_(Falaises_de_Pourville%2C_mer_agit%C3%A9e)_-_1897_-_Cl._Monet_-_High_Museum_of_Art.jpg,https://www.wikidata.org/wiki/Q117435199,https://monet.1vasiliadi.com/#w1443
1444,Бурное море в Пурвиле,Heavy Sea at Pourville,Mer agitée à Pourville,1897,73 × 100,музей,"Национальный музей западного искусства, Токио","National Museum of Western Art, Tokyo",Япония,Japan,,цветная фотография,https://monet.1vasiliadi.com/img/1600/w1444.webp,https://commons.wikimedia.org/wiki/File:Claude_Monet_-_Heavy_Sea_at_Pourville_-_Google_Art_Project.jpg,https://www.wikidata.org/wiki/Q19018954,https://monet.1vasiliadi.com/#w1444
1445,Мыс Пти-Айи,The Pointe du Petit Ailly,La Pointe du Petit Ailly,1897,73 × 92,частная коллекция,Коллекция Нахмад,Nahmad Collection,,,2017,цветная фотография,https://monet.1vasiliadi.com/img/1600/w1445.webp,https://commons.wikimedia.org/wiki/File:Claude_Monet_-_La_Pointe_du_Petit_Ailly_-_Nahmad_collection.jpg,https://www.wikidata.org/wiki/Q66481476,https://monet.1vasiliadi.com/#w1445
1446,"Мыс Пти-Айи, Варанжвиль","Pointe du Petit Ailly, Varengeville","La Pointe du Petit Ailly, Varengeville",1897,73 × 92,частная коллекция,,,Япония,Japan,,цветная фотография,https://monet.1vasiliadi.com/img/1600/w1446.webp,https://commons.wikimedia.org/wiki/File:35390093320_c0107a7018_o_w1446.jpg,,https://monet.1vasiliadi.com/#w1446
1447,Мыс Пти-Айи в пасмурную погоду,The Pointe du Petit Ailly in Gray Weather,"La Pointe du Petit Ailly, temps gris",1897,73 × 92,музей,"Музей Кригера, Вашингтон","Kreeger Museum, Washington D.C.",США,United States,,скан из каталога,https://monet.1vasiliadi.com/img/1600/w1447.webp,https://commons.wikimedia.org/wiki/File:Monet_w1447.jpg,https://www.wikidata.org/wiki/Q68041450,https://monet.1vasiliadi.com/#w1447
1448,Домик таможенника,The Coastguard Cabin,La Cabane du douanier,1897,65 × 92,частная коллекция,,,,,,скан из каталога,https://monet.1vasiliadi.com/img/1600/w1448.webp,https://commons.wikimedia.org/wiki/File:Monet_-_Wildenstein_1996%2C_1448.png,,https://monet.1vasiliadi.com/#w1448
1449,Домик таможенника в Варанжвиле,Customs House at Varengeville,La Cabane du douanier,1897,65 × 92,частная коллекция,,,,,,цветная фотография,https://monet.1vasiliadi.com/img/1600/w1449.webp,https://commons.wikimedia.org/wiki/File:35390682010_46099096b2_o_w1449.jpg,,https://monet.1vasiliadi.com/#w1449
1450,"Пти-Айи, Варанжвиль, яркое солнце","Petit-Ailly, Varengeville, Full Sun",Les falaises de Varengeville,1897,65 × 92,музей,"Музей современного искусства имени Андре Мальро (MuMa), Гавр","Museum of modern art André Malraux - MuMa, Le Havre",Франция,France,,цветная фотография,https://monet.1vasiliadi.com/img/1600/w1450.webp,https://commons.wikimedia.org/wiki/File:Monet_-_Les_Falaises_de_Varengeville%2C_1897.jpg,https://www.wikidata.org/wiki/Q75661144,https://monet.1vasiliadi.com/#w1450
1451,Домик таможенника в Варанжвиле,The Coastguard Cabin at Varengeville,Cabane des douaniers à Varengeville,1897,65 × 81,музей,"Метрополитен-музей, Нью-Йорк","Metropolitan Museum of Art, New York",США,United States,,скан из каталога,https://monet.1vasiliadi.com/img/1600/w1451.webp,https://commons.wikimedia.org/wiki/File:Monet_w1451.jpg,,https://monet.1vasiliadi.com/#w1451
1452,Ущелье в Варанжвиле. Вечер,"The Gorge at Varengeville, Late Afternoon","La Gorge de Varengeville, fin d'après-midi",1897,65 × 92,музей,"Художественные музеи Гарвардского университета, Кембридж","Harvard University Art Museums, Cambridge",США,United States,,цветная фотография,https://monet.1vasiliadi.com/img/1600/w1452.webp,https://commons.wikimedia.org/wiki/File:Monet_-_Gorge_of_the_Petit_Ailly%2C_Varengeville%2C_1897.jpg,https://www.wikidata.org/wiki/Q106849734,https://monet.1vasiliadi.com/#w1452
1453,"Ущелье Пти-Айи. Варанжвиль, пасмурная погода","The Gorge du Petit Ailly, Varengeville, Grey Weather","Gorge du Petit-Ailly, Varengeville",1897,65 × 92,частная коллекция,,,,,,цветная фотография,https://monet.1vasiliadi.com/img/1600/w1453.webp,https://commons.wikimedia.org/wiki/File:4868764252_f16b38822e_o_w1453.jpg,,https://monet.1vasiliadi.com/#w1453
1454,Домик таможенника. Варанжвиль,"Customs House, Varengeville","Le Poste douanier, Varengeville",1897,65 × 92,частная коллекция,,,Япония,Japan,,цветная фотография,https://monet.1vasiliadi.com/img/1600/w1454.webp,https://commons.wikimedia.org/wiki/File:5292315491_1f00bfce3f_o_w1454.jpg,,https://monet.1vasiliadi.com/#w1454
1455,Домик таможенника в Варанжвиле,Customs House at Varengeville,Cabane des douaniers à Varengeville,1897,65 × 92,музей,Чикагский институт искусств,Art Institute of Chicago,США,United States,,цветная фотография,https://monet.1vasiliadi.com/img/1600/w1455.webp,https://commons.wikimedia.org/wiki/File:Monet_-_The_Customs_House_at_Varengeville%2C_1897.jpg,https://www.wikidata.org/wiki/Q20266927,https://monet.1vasiliadi.com/#w1455
1456,Домик береговой охраны,Coastguard Cabin,Cabane de douaniers,1897,61.5 × 89.5,музей,Художественный музей Сан-Диего,San Diego Museum of Art,США,United States,,цветная фотография,https://monet.1vasiliadi.com/img/1600/w1456.webp,https://commons.wikimedia.org/wiki/File:Customs_House_at_Varengeville_by_Claude_Monet%2C_San_Diego_Museum_of_Art.JPG,,https://monet.1vasiliadi.com/#w1456
1457,"Домик таможенника, розовые тона","Customs House, Rose Effect","La Maison du douanier, effet rose",1897,65 × 92,частная коллекция,,,,,2013,цветная фотография,https://monet.1vasiliadi.com/img/1600/w1457.webp,https://commons.wikimedia.org/wiki/File:Claude_Monet_-_La_maison_du_Douanier%2C_effet_rose.jpg,,https://monet.1vasiliadi.com/#w1457
1458,"Домик таможенника в тумане, голубой эффект","Customs House in Fog, Blue Effect","Poste de douaniers par brouillard, effet bleu",1897,65 × 92,музей,"Музеи изобразительных искусств Сан-Франциско (собрание Якоба Стерна), Сан-Франциско","Fine Arts Museums of San Francisco (Jacob Stern Loan Collection), San Francisco",США,United States,,скан из каталога,https://monet.1vasiliadi.com/img/1600/w1458.webp,https://commons.wikimedia.org/wiki/File:Monet_-_Wildenstein_1996%2C_1458.png,,https://monet.1vasiliadi.com/#w1458
1459,Скала близ Дьепа,The Cliff near Dieppe,Sur la Falaise près Dieppe,1897,65 × 100,частная коллекция,,,,,"Christie's, New York, 1995",скан из каталога,https://monet.1vasiliadi.com/img/1600/w1459.webp,https://commons.wikimedia.org/wiki/File:Monet_-_Wildenstein_1996%2C_1459.jpg,,https://monet.1vasiliadi.com/#w1459
1460,На скале в Дьепе,On the Cliff at Dieppe,Sur la Falaise à Dieppe,1897,65 × 100,музей,"Музей Массена, Ницца","Musée Massena, Nice",Франция,France,,цветная фотография,https://monet.1vasiliadi.com/img/1600/w1430.webp,https://commons.wikimedia.org/wiki/File:Monet_-_Falaise_de_F%C3%A9camp%2C_1897.jpg,,https://monet.1vasiliadi.com/#w1460
1461,На скалах близ Дьепа,On the Cliffs near Dieppe,Sur les Falaises près Dieppe,1897,65 × 100,частная коллекция,,,,,,цветная фотография,https://monet.1vasiliadi.com/img/1600/w1461.webp,https://commons.wikimedia.org/wiki/File:5292922816_a68348db68_o_w1461.jpg,,https://monet.1vasiliadi.com/#w1461
1462,Скала в Дьепе,The Cliff at Dieppe,La Falaise près de Dieppe,1897,65 × 100,частная коллекция,,,,,2001,скан из каталога,https://monet.1vasiliadi.com/img/1600/w1462.webp,https://commons.wikimedia.org/wiki/File:Monet_w1462.jpg,,https://monet.1vasiliadi.com/#w1462
1463,На скале близ Дьепа,On the Cliff near Dieppe,"Sur la Falaise, Dieppe",1897,65 × 100,частная коллекция,,,,,"Christie's, Tokyo, 1969",скан из каталога,https://monet.1vasiliadi.com/img/1600/w1463.webp,https://commons.wikimedia.org/wiki/File:Monet_-_Wildenstein_1996%2C_1463.png,,https://monet.1vasiliadi.com/#w1463
1464,"На скале близ Дьепа, закат","On the Cliff near Dieppe, Sunset","Sur la Falaise près de Dieppe, soleil couchant",1897,65 × 100,частная коллекция,,,,,2022,цветная фотография,https://monet.1vasiliadi.com/img/1600/w1464.webp,https://commons.wikimedia.org/wiki/File:34405866320_b7b46d09a0_o_w1464.jpg,,https://monet.1vasiliadi.com/#w1464
1464a,На скале близ Дьепа,On the Cliff near Dieppe,Sur la Falaise près de Dieppe,1897,65 × 92,частная коллекция,,,,,"Sotheby's, London, 1990",скан из каталога,https://monet.1vasiliadi.com/img/1600/w1464a.webp,https://commons.wikimedia.org/wiki/File:Monet_-_Wildenstein_1996%2C_1464a.png,,https://monet.1vasiliadi.com/#w1464a
1465,"В Валь-Сен-Никола близ Дьепа, утро","At Val Saint-Nicolas near Dieppe, Morning","Au Val Saint-Nicolas près Dieppe, matin",1897,65 × 100,частная коллекция,,,США,United States,2015,цветная фотография,https://monet.1vasiliadi.com/img/1600/w1465.webp,https://commons.wikimedia.org/wiki/File:Au_Val_Saint-Nicolas_pr%C3%A8s_Dieppe%2C_matin_(1897)_Claude_Monet_(W1465).jpg,,https://monet.1vasiliadi.com/#w1465
1466,"В Валь-Сен-Никола близ Дьепа, утро","At Val Saint-Nicolas near Dieppe, Morning","Au Val Saint-Nicolas près Dieppe, matin",1897,65 × 100,музей,"Собрание Филлипса, Вашингтон","The Phillips Collection, Washington D.C.",США,United States,,цветная фотография,https://monet.1vasiliadi.com/img/1600/w1466.webp,https://commons.wikimedia.org/wiki/File:Claude_Monet_-_Val-Saint-Nicolas%2C_near_Dieppe_(Morning)_-_Google_Art_Project.jpg,https://www.wikidata.org/wiki/Q23940220,https://monet.1vasiliadi.com/#w1466
1467,На крутых берегах близ Дьеппа,Steep Cliff near Dieppe,Falaises près de Dieppe,1897,65 × 100,музей,"Эрмитаж, Санкт-Петербург","Hermitage Museum, St Petersburg",Россия,Russia,,цветная фотография,https://monet.1vasiliadi.com/img/1600/w1467.webp,https://commons.wikimedia.org/wiki/File:'Cliffs_near_Dieppe'_by_Claude_Monet%2C_1897%2C_Hermitage.JPG,https://www.wikidata.org/wiki/Q27969146,https://monet.1vasiliadi.com/#w1467
1468,"На скале близ Дьепа, пасмурное небо","On the Cliff near Dieppe, Overcast Skies","Sur la Falaise près Dieppe, ciel nuageux",1897,65 × 100,частная коллекция,,,,,,скан из каталога,https://monet.1vasiliadi.com/img/1600/w1468.webp,https://commons.wikimedia.org/wiki/File:Monet_w1468.jpg,,https://monet.1vasiliadi.com/#w1468
1469,"Близ Дьепа, отражения на море","Near Dieppe, Reflections on the Sea","Près Dieppe, reflets sur la mer",1897,65 × 92,частная коллекция,,,Япония,Japan,,скан из каталога,https://monet.1vasiliadi.com/img/1600/w1469.webp,https://commons.wikimedia.org/wiki/File:Monet_-_Wildenstein_1996%2C_1469.png,,https://monet.1vasiliadi.com/#w1469
1470,На скале близ Дьепа,On the Cliff near Dieppe,Sur la Falaise de Dieppe,1897,65 × 92,музей,"Музей Орсе, Париж","Musée d'Orsay, Paris",Франция,France,,цветная фотография,https://monet.1vasiliadi.com/img/1600/w1470.webp,https://commons.wikimedia.org/wiki/File:Sur_la_falaise_de_Dieppe.jpg,,https://monet.1vasiliadi.com/#w1470
1471,Скала близ Дьепа,Cliff near Dieppe,Falaise près Dieppe,1897,65 × 100,частная коллекция,,,,,2020,цветная фотография,https://monet.1vasiliadi.com/img/1600/w1471.webp,https://commons.wikimedia.org/wiki/File:5292928934_7f6c1bf648_o_w1471.jpg,,https://monet.1vasiliadi.com/#w1471
1472,Утро на Сене,Morning on the Seine,,1897,73 × 92,частная коллекция,,,,,,скан из каталога,https://monet.1vasiliadi.com/img/1600/w1472.webp,https://commons.wikimedia.org/wiki/File:Monet_-_Wildenstein_1996%2C_1472.png,,https://monet.1vasiliadi.com/#w1472
1473,"Утро на Сене, эффект тумана","Morning on the Seine, Effect of Mist",,1897,65 × 92,музей,"Художественный музей Северной Каролины, Роли","North Carolina Museum of Art, Raleigh",США,United States,,скан из каталога,https://monet.1vasiliadi.com/img/1600/w1473.webp,https://commons.wikimedia.org/wiki/File:Monet_-_Wildenstein_1996%2C_1473.jpg,,https://monet.1vasiliadi.com/#w1473
1474,Рукав Сены близ Живерни в тумане,Arm of the Seine near Giverny in the Fog,"Bras de la Seine à Giverny, brumes matinales",1897,89 × 92,музей,"Художественный музей Северной Каролины, Роли","North Carolina Museum of Art, Raleigh",США,United States,,цветная фотография,https://monet.1vasiliadi.com/img/1600/w1474.webp,https://commons.wikimedia.org/wiki/File:Monet_-_The_Seine_at_Giverny%2C_Morning_Mists%2C_1897.jpg,https://www.wikidata.org/wiki/Q75868689,https://monet.1vasiliadi.com/#w1474
1475,Утро на Сене,Morning on the Seine,,1897,87.6 × 89.5,музей,Чикагский институт искусств,Art Institute of Chicago,США,United States,,цветная фотография,https://monet.1vasiliadi.com/img/1600/w1475.webp,https://commons.wikimedia.org/wiki/File:Monet_-_Branch_of_the_Seine_near_Giverny_(Mist)%2C_from_the_series_%E2%80%9CMornings_on_the_Seine%E2%80%9D%2C_1897.jpg,https://www.wikidata.org/wiki/Q20269967,https://monet.1vasiliadi.com/#w1475
1476,Рукав Сены близ Живерни в тумане,Arm of the Seine near Giverny in the Fog,"Bras de Seine près de Giverny, brouillard",1897,89 × 92,музей,"Музей Кригера, Вашингтон","Kreeger Museum, Washington D.C.",США,United States,,скан из каталога,https://monet.1vasiliadi.com/img/1600/w1476.webp,https://commons.wikimedia.org/wiki/File:Monet_-_Wildenstein_1996%2C_1476.png,https://www.wikidata.org/wiki/Q68041452,https://monet.1vasiliadi.com/#w1476
1477,Утро на Сене,Morning on the Seine,Matinée sur la Seine,1897,81 × 92,музей,"Художественный музей Мида, Амхерст","Mead Art Museum, Amherst",США,United States,,цветная фотография,https://monet.1vasiliadi.com/img/1600/w1477.webp,https://commons.wikimedia.org/wiki/File:Morning_on_the_Seine%2C_Giverny_-Matin%C3%A9e_sur_la_Seine-_1966-48.jpg,https://www.wikidata.org/wiki/Q83901296,https://monet.1vasiliadi.com/#w1477
1478,Рукав Сены близ Живерни на восходе солнца,Arm of the Seine near Giverny at Sunrise,"Bras de Seine près de Giverny, soleil levant",1897,89 × 92,музей,"Музей Мармоттан-Моне, Париж","Musée Marmottan Monet, Paris",Франция,France,,цветная фотография,https://monet.1vasiliadi.com/img/1600/w1478.webp,https://commons.wikimedia.org/wiki/File:Claude_Monet_-_Bras_de_Seine_pr%C3%A8s_de_Giverny%2C_soleil_levant_-_Mus%C3%A9e_Marmottan-Monet.jpg,https://www.wikidata.org/wiki/Q63952024,https://monet.1vasiliadi.com/#w1478
1479,Рукав Сены в Живерни на рассвете,Arm of the Seine at Giverny at Dawn,Matinée sur la Seine,1897,81 × 92,музей,Художественный музей Хиросимы,Hiroshima Museum of Art,Япония,Japan,,цветная фотография,https://monet.1vasiliadi.com/img/1600/w1479.webp,https://commons.wikimedia.org/wiki/File:Monet_-_Matin%C3%A9e_sur_la_Seine%2C_1897.jpg,https://www.wikidata.org/wiki/Q83179679,https://monet.1vasiliadi.com/#w1479
1480,"Утро на Сене, ясная погода","Morning on the Seine, Clear Weather",,1897,81 × 82,частная коллекция,,,США,United States,,скан из каталога,https://monet.1vasiliadi.com/img/1600/w1480.webp,https://commons.wikimedia.org/wiki/File:Monet_w1480.jpg,,https://monet.1vasiliadi.com/#w1480
1481,Утро на Сене близ Живерни,Morning on the Seine near Giverny,Bras de Seine près de Giverny.,1897,81 × 92,музей,"Музей изящных искусств, Бостон","Museum of Fine Arts, Boston",США,United States,,цветная фотография,https://monet.1vasiliadi.com/img/1600/w1481.webp,https://commons.wikimedia.org/wiki/File:Monet_-_Morning_on_the_Seine%2C_near_Giverny%2C_1897.jpg,https://www.wikidata.org/wiki/Q20538935,https://monet.1vasiliadi.com/#w1481
1482,Утро на Сене близ Живерни,Morning on the Seine near Giverny,,1896,81 × 92,музей,"Метрополитен-музей, Нью-Йорк","Metropolitan Museum of Art, New York",США,United States,,цветная фотография,https://monet.1vasiliadi.com/img/1600/w1482.webp,https://commons.wikimedia.org/wiki/File:Morning_on_the_Seine_near_Giverny_MET_DT1903.jpg,https://www.wikidata.org/wiki/Q19912384,https://monet.1vasiliadi.com/#w1482
1483,Утро на Сене близ Живерни,"Morning on the Seine, near Giverny",,1897,73 × 92,частная коллекция,,,США,United States,,скан из каталога,https://monet.1vasiliadi.com/img/1600/w1483.webp,https://commons.wikimedia.org/wiki/File:Monet_-_Wildenstein_1996%2C_1483.jpg,,https://monet.1vasiliadi.com/#w1483
1484,Утро на Сене,Morning on the Seine,Matinée sur la Seine,1897,89 × 92,частная коллекция,,,,,,скан из каталога,https://monet.1vasiliadi.com/img/1600/w1484.webp,https://commons.wikimedia.org/wiki/File:Monet_w1484.jpg,https://www.wikidata.org/wiki/Q91666882,https://monet.1vasiliadi.com/#w1484
1485,Утро на Сене,Morning on the Seine,"Matin sur la Seine, beau temps",1897,89 × 92,музей,"Историческая ассоциация Белого дома, Вашингтон","White House Historical Association, Washington D.C.",США,United States,,цветная фотография,https://monet.1vasiliadi.com/img/1600/w1485.webp,https://commons.wikimedia.org/wiki/File:Claude_Monet_-_Matin_sur_la_Seine%2C_le_beau_temps_(1897).jpg,https://www.wikidata.org/wiki/Q108343702,https://monet.1vasiliadi.com/#w1485
1486,Утро на Сене,Morning on the Seine,,1897,89 × 92,частная коллекция,,,,,,скан из каталога,https://monet.1vasiliadi.com/img/1600/w1486.webp,https://commons.wikimedia.org/wiki/File:Monet_-_Wildenstein_1996%2C_1486.png,,https://monet.1vasiliadi.com/#w1486
1487,Рукав Сены близ Живерни,Arm of the Seine near Giverny,Bras de Seine près de Giverny,1897,75 × 92.5,музей,"Музей Орсе, Париж","Musée d'Orsay, Paris",Франция,France,,цветная фотография,https://monet.1vasiliadi.com/img/1600/w1487.webp,https://commons.wikimedia.org/wiki/File:Monet_-_Seine-Arm_bei_Giverny.jpg,https://www.wikidata.org/wiki/Q3821170,https://monet.1vasiliadi.com/#w1487
1488,Утро на Сене,Morning on the Seine,,1897,72 × 89.5,частная коллекция,,,США,United States,,цветная фотография,https://monet.1vasiliadi.com/img/1600/w1488.webp,https://commons.wikimedia.org/wiki/File:4711798287_9f1438dfec_o_w1488.jpg,,https://monet.1vasiliadi.com/#w1488
1489,"Крапивный остров, Живерни","L'île aux Orties, Giverny","L'Île aux Orties, Giverny",1897,71 × 89,музей,"Художественный музей Колумбии, Колумбия","Columbia Museum of Art, Columbia",США,United States,,нет,,,https://www.wikidata.org/wiki/Q85039819,https://monet.1vasiliadi.com/#w1489
1490,"Крапивный остров, Живерни","L'île aux Orties, Giverny",L'Île aux Orties,1897,73 × 92,частная коллекция,,,США,United States,2013,цветная фотография,https://monet.1vasiliadi.com/img/1600/w1490.webp,https://commons.wikimedia.org/wiki/File:Claude_Monet_-_L'Ile_aux_Orties.jpg,https://www.wikidata.org/wiki/Q50377227,https://monet.1vasiliadi.com/#w1490
1491,Крапивный остров близ Вернона,"L'île aux Orties, Near Vernon","Près de Vernon, l'île aux Orties",1897,73 × 92,музей,"Метрополитен-музей, Нью-Йорк","Metropolitan Museum of Art, New York",США,United States,,цветная фотография,https://monet.1vasiliadi.com/img/1600/w1491.webp,https://commons.wikimedia.org/wiki/File:%C3%8Ele_aux_Orties_near_Vernon_MET_DT302452.jpg,https://www.wikidata.org/wiki/Q19914264,https://monet.1vasiliadi.com/#w1491
1492,"Берега Сены, утро","Banks of the Seine, Morning","Bords de la Seine, matin",1897,73 × 92,частная коллекция,,,,,,скан из каталога,https://monet.1vasiliadi.com/img/1600/w1492.webp,https://commons.wikimedia.org/wiki/File:Monet_w1492.jpg,,https://monet.1vasiliadi.com/#w1492
1493,Островки в Пор-Вилле,The Islets at Port-Villez,Les Ilots à Port-Villez,1897,81 × 100,музей,"Бруклинский музей, Нью-Йорк","Brooklyn Museum, New York",США,United States,Sotheby's 2020,цветная фотография,https://monet.1vasiliadi.com/img/1600/w1493.webp,https://commons.wikimedia.org/wiki/File:Brooklyn_Museum_-_The_Islets_at_Port-Villez_(Les_Iles_%C3%A0_Port-Villez)_-_Claude_Monet.jpg,https://www.wikidata.org/wiki/Q49447224,https://monet.1vasiliadi.com/#w1493
1494,Сена в Живерни,The Seine at Giverny,La Seine près de Giverny,1897,81 × 100,музей,"Национальная галерея искусства, Вашингтон","National Gallery of Art, Washington D.C.",США,United States,,цветная фотография,https://monet.1vasiliadi.com/img/1600/w1494.webp,https://www.nga.gov/collection/art-object-page.74796.html,https://www.wikidata.org/wiki/Q20190589,https://monet.1vasiliadi.com/#w1494
1495,Хризантемы,Chrysanthemums,Chrysanthèmes||1897,1897,79 × 119,частная коллекция,,,,,,скан из каталога,https://monet.1vasiliadi.com/img/1600/w1495.webp,https://commons.wikimedia.org/wiki/File:Monet_-_Wildenstein_1996%2C_1495.jpg,,https://monet.1vasiliadi.com/#w1495
1496,Хризантемы,Chrysanthemums,Massif de chrysanthèmes,1897,81 × 100,музей,Художественный музей Базеля,Basel Kunstmuseum,Швейцария,Switzerland,,цветная фотография,https://monet.1vasiliadi.com/img/1600/w1496.webp,https://commons.wikimedia.org/wiki/File:Monet_-_Massif_de_chrysanth%C3%A8mes%2C_1897.jpg,https://www.wikidata.org/wiki/Q94636841,https://monet.1vasiliadi.com/#w1496
1497,Хризантемы,Chrysanthemums,Massif de chrysanthèmes||1897,1897,130 × 89,частная коллекция,,,,,,цветная фотография,https://monet.1vasiliadi.com/img/1600/w1497.webp,https://commons.wikimedia.org/wiki/File:Massif_de_chrysanth%C3%A8mes_(1897)_Claude_Monet_(W1497).jpg,,https://monet.1vasiliadi.com/#w1497
1498,Клумба хризантем,Bed of Chrysanthemums,Chrysanthèmes,1897,130 × 89,частная коллекция,,,,,Christie's 2007,скан из каталога,https://monet.1vasiliadi.com/img/1600/w1498.webp,https://commons.wikimedia.org/wiki/File:Monet_w1498.jpg,,https://monet.1vasiliadi.com/#w1498
1499,Утро на Сене в дождь,Morning on the Seine in the Rain,"Matinée sur la Seine, temps de pluie",1897–98,73 × 92,музей,"Национальный музей западного искусства, Токио","National Museum of Western Art, Tokyo",Япония,Japan,,цветная фотография,https://monet.1vasiliadi.com/img/1600/w1499.webp,https://commons.wikimedia.org/wiki/File:Claude_Monet_-_Morning_on_the_Seine_-_Google_Art_Project.jpg,https://www.wikidata.org/wiki/Q19200679,https://monet.1vasiliadi.com/#w1499
1500,Ивы,Willows,,1897,71 × 89.5,музей,"Национальный музей западного искусства, Токио","National Museum of Western Art, Tokyo",Япония,Japan,,скан из каталога,https://monet.1vasiliadi.com/img/1600/w1500.webp,https://commons.wikimedia.org/wiki/File:Monet_-_Wildenstein_1996%2C_1500.png,,https://monet.1vasiliadi.com/#w1500
1501,Кувшинки,Water Lilies,Nymphéas,1897–1898,65 × 100,музей,Музей искусств округа Лос-Анджелес,Los Angeles County Museum of Art,США,United States,,цветная фотография,https://monet.1vasiliadi.com/img/1600/w1501.webp,https://commons.wikimedia.org/wiki/File:Monet_Water_Lilies_painting_(31843648457).jpg,https://www.wikidata.org/wiki/Q20881317,https://monet.1vasiliadi.com/#w1501
1502,Кувшинки,Water Lilies,Nymphéas,1897–1898,73 × 100,частная коллекция,,,,,,скан из каталога,https://monet.1vasiliadi.com/img/1600/w1502.webp,https://commons.wikimedia.org/wiki/File:Monet_w1502.jpg,,https://monet.1vasiliadi.com/#w1502
1503,Кувшинки,Water Lilies,Nymphéas,1897–1898,100 × 100,частная коллекция,,,,,,скан из каталога,https://monet.1vasiliadi.com/img/1600/w1503.webp,https://commons.wikimedia.org/wiki/File:Monet_-_Wildenstein_1996%2C_1503.png,,https://monet.1vasiliadi.com/#w1503
1504,Кувшинки. Вечерний эффект,Water Lilies – Evening Effect,"Nymphéas, effet du soir",1897–1898,73 × 100,музей,"Музей Мармоттан-Моне, Париж","Musée Marmottan Monet, Paris",Франция,France,,цветная фотография,https://monet.1vasiliadi.com/img/1600/w1504.webp,https://commons.wikimedia.org/wiki/File:%22Nymph%C3%A9as.Effet_du_soir%22_de_Claude_Monet_(Mus%C3%A9e_Marmottan_Monet%2C_Paris)_-_Flickr_-_dalbera.jpg,https://www.wikidata.org/wiki/Q63952027,https://monet.1vasiliadi.com/#w1504
1505,Кувшинки,Water Lilies,Nymphéas,1897–1898,75 × 100,частная коллекция,,,Франция,France,,скан из каталога,https://monet.1vasiliadi.com/img/1600/w1505.webp,https://commons.wikimedia.org/wiki/File:Monet_w1505.jpg,,https://monet.1vasiliadi.com/#w1505
1506,Кувшинки,Water-Lilies,Nymphéas,1897–1899,89 × 130,музей,Городской художественный музей Кагосимы,Kagoshima City Museum of Art,Япония,Japan,,скан из каталога,https://monet.1vasiliadi.com/img/1600/w1506.webp,https://commons.wikimedia.org/wiki/File:Monet_-_Wildenstein_1996%2C_1506.jpg,https://www.wikidata.org/wiki/Q96198879,https://monet.1vasiliadi.com/#w1506
1507,Кувшинки,Water Lilies,Nymphéas,1897–1899,81 × 100,музей,"Национальная галерея современного искусства, Рим","Galleria Nazionale d'Arte Moderna, Rome",Италия,Italy,,цветная фотография,https://monet.1vasiliadi.com/img/1600/w1507.webp,https://commons.wikimedia.org/wiki/File:Ninfee_rosa_by_Claude_Monet%2C_1897-1899_-_Galleria_nazionale_d'arte_moderna_-_Rome%2C_Italy_-_DSC05472.jpg,https://www.wikidata.org/wiki/Q3877094,https://monet.1vasiliadi.com/#w1507
1508,Кувшинки,Water-Lilies,Nymphéas,1897–1899,130 × 152,частная коллекция,,,,,,скан из каталога,https://monet.1vasiliadi.com/img/1600/w1508.webp,https://commons.wikimedia.org/wiki/File:Monet_w1508.jpg,,https://monet.1vasiliadi.com/#w1508
1509,Кувшинки и японский мостик,Water Lilies and Japanese Bridge,Nénuphars et Pont Japonais,1899,90 × 90,музей,Художественный музей Принстонского университета,Princeton University Art Museum,США,United States,,цветная фотография,https://monet.1vasiliadi.com/img/1600/w1509.webp,https://commons.wikimedia.org/wiki/File:The_Water-Lily_Pond_-_Google_Arts_%26_Culture.jpg,https://www.wikidata.org/wiki/Q28777021,https://monet.1vasiliadi.com/#w1509
1510,Пруд с кувшинками,The Water Lily Pond,Le Bassin aux nymphéas,1899,93 × 90,частная коллекция,,,,,,скан из каталога,https://monet.1vasiliadi.com/img/1600/w1510.webp,https://commons.wikimedia.org/wiki/File:Monet_-_Wildenstein_1996%2C_1510.png,,https://monet.1vasiliadi.com/#w1510
1511,Пруд с кувшинками,The Water Lily Pond,Le Bassin aux nymphéas,1899,89 × 92,музей,"Художественный музей Пола, Канагава","Pola Museum of Art, Kanagawa",Япония,Japan,,цветная фотография,https://monet.1vasiliadi.com/img/1600/w1511.webp,https://commons.wikimedia.org/wiki/File:Water_Lily_Pond_(1899)_by_Claude_Monet_-_Pola_Museum_of_Art.jpg,https://www.wikidata.org/wiki/Q79790745,https://monet.1vasiliadi.com/#w1511
1512,Японский мостик и пруд с кувшинками,Japanese Bridge and Water Lily Pond,Pont japonais et bassin aux nymphéas dit aussi: Le Bassin aux nymphéas,1899,89 × 93,музей,Художественный музей Филадельфии,Philadelphia Museum of Art,США,United States,,цветная фотография,https://monet.1vasiliadi.com/img/1600/w1512.webp,https://commons.wikimedia.org/wiki/File:Claude_Monet%2C_French_-_The_Japanese_Footbridge_and_the_Water_Lily_Pool%2C_Giverny_-_Google_Art_Project.jpg,https://www.wikidata.org/wiki/Q18683923,https://monet.1vasiliadi.com/#w1512
1513,Белые кувшинки,White Water Lilies,Nymphéas blancs,1899,89 × 92,музей,"ГМИИ им. Пушкина, Москва",Pushkin Museum (Moscow),Россия,Russia,,цветная фотография,https://monet.1vasiliadi.com/img/1600/w1513.webp,https://commons.wikimedia.org/wiki/File:'White_Water_Lilies'_by_Claude_Monet%2C_1899%2C_Pushkin_Museum.JPG,https://www.wikidata.org/wiki/Q3877091,https://monet.1vasiliadi.com/#w1513
1514,Пруд с кувшинками,The Water-Lily Pond,Le Bassin aux nymphéas,1899,89 × 92,частная коллекция,,,США,United States,,скан из каталога,https://monet.1vasiliadi.com/img/1600/w1514.webp,https://commons.wikimedia.org/wiki/File:Monet_-_Wildenstein_1996%2C_1514.png,,https://monet.1vasiliadi.com/#w1514
1515,Пруд с кувшинками. Гармония в зелёных тонах,"The Lily Pond, Green Harmony","Le Bassin aux Nymphéas, harmonie verte",1898,89 × 93,музей,"Музей Орсе, Париж","Musée d'Orsay, Paris",Франция,France,,цветная фотография,https://monet.1vasiliadi.com/img/1600/w1515.webp,https://commons.wikimedia.org/wiki/File:Claude_Monet_-_Water_Lilies_and_Japanese_Bridge.jpg,https://www.wikidata.org/wiki/Q3220338,https://monet.1vasiliadi.com/#w1515
1516,Пруд с кувшинками,The Lily Pond,"Le Bassin aux nymphéas, harmonie verte",1899,88 × 92,музей,"Лондонская национальная галерея, Лондон","National Gallery, London",Великобритания,United Kingdom,,цветная фотография,https://monet.1vasiliadi.com/img/1600/w1516.webp,https://commons.wikimedia.org/wiki/File:Claude_Monet%2C_The_Water-Lily_Pond_(National_Gallery%2C_London).jpg,https://www.wikidata.org/wiki/Q26708368,https://monet.1vasiliadi.com/#w1516
1517,Японский мостик,Japanese Footbridge,Le Pont japonais dit aussi : Le Bassin aux nymphéas,1899,81 × 100,музей,"Национальная галерея искусства, Вашингтон","National Gallery of Art, Washington D.C.",США,United States,,цветная фотография,https://monet.1vasiliadi.com/img/1600/w1517.webp,https://commons.wikimedia.org/wiki/File:Claude_Monet%2C_The_Japanese_Footbridge%2C_1899%2C_NGA_74796.jpg,https://www.wikidata.org/wiki/Q12858617,https://monet.1vasiliadi.com/#w1517
1518,Мостик над прудом с кувшинками,Bridge over the Lily Pond,Le Bassin aux nymphéas,1899,93 × 74,музей,"Метрополитен-музей, Нью-Йорк","Metropolitan Museum of Art, New York",США,United States,,цветная фотография,https://monet.1vasiliadi.com/img/1600/w1518.webp,https://commons.wikimedia.org/wiki/File:The_Water-Lily_Pond_1899_Claude_Monet_Metropolitan.jpg,https://www.wikidata.org/wiki/Q19905213,https://monet.1vasiliadi.com/#w1518
1519,Пруд с кувшинками,Water-Lily Pond,Le Bassin aux nymphéas,1899,,утрачена / местонахождение неизвестно,,,,,,скан из каталога,https://monet.1vasiliadi.com/img/1600/w1519.webp,https://commons.wikimedia.org/wiki/File:Monet_-_Wildenstein_1996%2C_1519.png,,https://monet.1vasiliadi.com/#w1519
1520,Мостик над кувшинками,Bridge over the Water-Lilies,Le Pont aux nymphéas,1899,116 × 89,музей,"Музей М. М. Халиля, Каир","MM Khalil Museum, Cairo",Египет,Egypt,,цветная фотография,https://monet.1vasiliadi.com/img/1600/w1520.webp,https://commons.wikimedia.org/wiki/File:The_Bridge_over_the_Water-Lily_Pond_(1899)_Claude_Monet_-_Mohamed_Mahmoud_Khalil_Museum_-_Cairo_(W1520).jpg,https://www.wikidata.org/wiki/Q84056394,https://monet.1vasiliadi.com/#w1520
1521,Мост Чаринг-Кросс (цикл картин Моне),Charing Cross Bridge,Le pont de Charing Cross,1899–1901,65 × 92,музей,"Музей Шелберна, Шелберн","Shelburne Museum, Shelburne",США,United States,,скан из каталога,https://monet.1vasiliadi.com/img/1600/w1521.webp,https://commons.wikimedia.org/wiki/File:Monet_w1521.jpg,https://www.wikidata.org/wiki/Q98447007,https://monet.1vasiliadi.com/#w1521
1522,Мост Чаринг-Кросс (цикл картин Моне),Charing Cross Bridge,,1899–1901,65 × 81,музей,Художественный музей Санта-Барбары,Santa Barbara Museum of Art,США,United States,,цветная фотография,https://monet.1vasiliadi.com/img/1600/w1522.webp,https://commons.wikimedia.org/wiki/File:Claude_Monet_-_Charing_Cross_Bridge_(W_1522).jpg,https://www.wikidata.org/wiki/Q47781086,https://monet.1vasiliadi.com/#w1522
1523,Мост Чаринг-Кросс (цикл картин Моне),Charing Cross Bridge,,1899–1901,65 × 92,музей,"Художественный музей Мураути, Хатиодзи","Murauchi Art Museum, Hachioji",Япония,Japan,,скан из каталога,https://monet.1vasiliadi.com/img/1600/w1523.webp,https://commons.wikimedia.org/wiki/File:Monet_-_Wildenstein_1996%2C_1523.jpg,https://www.wikidata.org/wiki/Q96270444,https://monet.1vasiliadi.com/#w1523
1524,Мост Чаринг-Кросс (цикл картин Моне),Charing Cross Bridge,,1899–1901,65 × 81,музей,"Художественный музей Менард, Комаки","Menard Art Museum, Komaki",Япония,Japan,,скан из каталога,https://monet.1vasiliadi.com/img/1600/w1524.webp,https://commons.wikimedia.org/wiki/File:Monet_w1524.jpg,https://www.wikidata.org/wiki/Q67585046,https://monet.1vasiliadi.com/#w1524
1525,Мост Чаринг-Кросс (цикл картин Моне),Charing Cross Bridge,,1899–1901,65 × 100,музей,"Национальный музей западного искусства, Токио","National Museum of Western Art, Tokyo",Япония,Japan,,цветная фотография,https://monet.1vasiliadi.com/img/1600/w1525.webp,https://commons.wikimedia.org/wiki/File:Claude_Monet_-_Charing-Cross_Bridge_in_London_-_Google_Art_Project.jpg,https://www.wikidata.org/wiki/Q19186378,https://monet.1vasiliadi.com/#w1525
1526,"Мост Чаринг-Кросс, пасмурный день","Charing Cross Bridge, Overcast Day",,1899–1901,60 × 92,музей,"Музей изящных искусств, Бостон","Museum of Fine Arts, Boston",США,United States,,цветная фотография,https://monet.1vasiliadi.com/img/1600/w1526.webp,https://commons.wikimedia.org/wiki/File:4960207242_04ebc9a7d1_o_w1526.jpg,https://www.wikidata.org/wiki/Q20538920,https://monet.1vasiliadi.com/#w1526
1527,Мост Чаринг-Кросс (цикл картин Моне),Charing Cross Bridge,,1899–1901,65 × 92,музей,Чикагский институт искусств,Art Institute of Chicago,США,United States,,цветная фотография,https://monet.1vasiliadi.com/img/1600/w1527.webp,https://www.artic.edu/artworks/16544,https://www.wikidata.org/wiki/Q20268079,https://monet.1vasiliadi.com/#w1527
1528,Мост Чаринг-Кросс (цикл картин Моне),Charing Cross Bridge,,1899–1901,65 × 81,частная коллекция,,,,,"Christie's, New York, 1995",скан из каталога,https://monet.1vasiliadi.com/img/1600/w1528.webp,https://commons.wikimedia.org/wiki/File:Monet_-_Wildenstein_1996%2C_1528.png,,https://monet.1vasiliadi.com/#w1528
1529,Мост Чаринг-Кросс (цикл картин Моне),Charing Cross Bridge,,1899–1901,65 × 81,музей,"Национальный музей, Кардифф",National Museum Cardiff,Великобритания,United Kingdom,,цветная фотография,https://monet.1vasiliadi.com/img/1600/w1529.webp,https://commons.wikimedia.org/wiki/File:Amgueddfa_Cymru_-_Pont_Charing_Cross_-_Charing_Cross_Bridge_-_207385.jpeg,https://www.wikidata.org/wiki/Q67197624,https://monet.1vasiliadi.com/#w1529
1530,Мост Чаринг-Кросс (цикл картин Моне),Charing Cross Bridge,,1899–1901,66 × 91,музей,Художественный музей Индианаполиса,Indianapolis Museum of Art,США,United States,,цветная фотография,https://monet.1vasiliadi.com/img/1600/w1530.webp,https://commons.wikimedia.org/wiki/File:Monet%2C_Claude_-_Charing_Cross_Bridge_-_Google_Art_Project.jpg,https://www.wikidata.org/wiki/Q27895187,https://monet.1vasiliadi.com/#w1530
1531,Мост Чаринг-Кросс (цикл картин Моне),Charing Cross Bridge,,1899,65 × 81,музей,"Музей Тиссена-Борнемисы, Мадрид","Thyssen-Bornemisza Museum, Madrid",Испания,Spain,,цветная фотография,https://monet.1vasiliadi.com/img/1600/w1531.webp,https://commons.wikimedia.org/wiki/File:Claude_Monet_-_Charing_Cross_Bridge_-_Google_Art_Project.jpg,https://www.wikidata.org/wiki/Q18683967,https://monet.1vasiliadi.com/#w1531
1532,"Мост Чаринг-Кросс, отражения на Темзе","Charing Cross Bridge, Reflections on the Thames","Charing Cross Bridge, reflets sur la Tamise",1899–1901,65 × 100,музей,Балтиморский музей искусств,Baltimore Museum of Art,США,United States,,цветная фотография,https://monet.1vasiliadi.com/img/1600/w1532.webp,https://commons.wikimedia.org/wiki/File:Charing_Cross_Bridge%2C_Reflections_on_the_Thames.jpg,https://www.wikidata.org/wiki/Q67188271,https://monet.1vasiliadi.com/#w1532
1533,"Мост Чаринг-Кросс, проходящие поезда","Charing Cross Bridge, Trains Crossing",,1899–1901,65 × 92,частная коллекция,,,,,,скан из каталога,https://monet.1vasiliadi.com/img/1600/w1533.webp,https://commons.wikimedia.org/wiki/File:Monet_-_Wildenstein_1996%2C_1533.png,,https://monet.1vasiliadi.com/#w1533
1534,"Мост Чаринг-Кросс, дым в тумане","Charing Cross Bridge, Smoke in Fog",,1899–1901,73 × 92,частная коллекция,,,Франция,France,,скан из каталога,https://monet.1vasiliadi.com/img/1600/w1534.webp,https://commons.wikimedia.org/wiki/File:Monet_-_Wildenstein_1996%2C_1534.png,,https://monet.1vasiliadi.com/#w1534
1535,"Мост Чаринг-Кросс, дым в тумане","Charing Cross Bridge, Smoke in Fog","Charing Cross bridge, fumées dans le brouillard, impression",1899–1901,73 × 92,музей,"Музей Мармоттан-Моне, Париж","Musée Marmottan Monet, Paris",Франция,France,,скан из каталога,https://monet.1vasiliadi.com/img/1600/w1535.webp,https://commons.wikimedia.org/wiki/File:Monet_w1535.jpg,https://www.wikidata.org/wiki/Q105099566,https://monet.1vasiliadi.com/#w1535
1536,Мост Чаринг-Кросс. Темза,"Charing Cross Bridge, The Thames","Le pont de Charing Cross, la Tamise",1899–1901,73 × 100,музей,"Художественный музей Ямагаты, Ямагата","Yamagata Museum of Art, Yamagata",Япония,Japan,,скан из каталога,https://monet.1vasiliadi.com/img/1600/w1536.webp,https://commons.wikimedia.org/wiki/File:Monet_-_Wildenstein_1996%2C_1536.jpg,https://www.wikidata.org/wiki/Q91360810,https://monet.1vasiliadi.com/#w1536
1537,Мост Чаринг-Кросс. Темза,"Charing Cross Bridge, The Thames","Charing Cross Bridge, la Tamise",1899–1901,73 × 100,музей,"Музей изящных искусств, Лион",Museum of Fine Arts of Lyon,Франция,France,,цветная фотография,https://monet.1vasiliadi.com/img/1600/w1537.webp,https://commons.wikimedia.org/wiki/File:Monet-Tamise-Lyon.jpg,https://www.wikidata.org/wiki/Q55647663,https://monet.1vasiliadi.com/#w1537
1538,"Мост Чаринг-Кросс, идущий поезд","Charing Cross Bridge, Train Passing",,1899–1901,73 × 92,частная коллекция,,,,,,скан из каталога,https://monet.1vasiliadi.com/img/1600/w1538.webp,https://commons.wikimedia.org/wiki/File:Monet_-_Wildenstein_1996%2C_1538.png,,https://monet.1vasiliadi.com/#w1538
1539,"Мост Чаринг-Кросс, вечер","Charing Cross Bridge, Evening Effect",,1899–1901,73 × 100,частная коллекция,,,,,,скан из каталога,https://monet.1vasiliadi.com/img/1600/w1539.webp,https://commons.wikimedia.org/wiki/File:Monet_-_Wildenstein_1996%2C_1539.png,,https://monet.1vasiliadi.com/#w1539
1540,Мост Чаринг-Кросс (цикл картин Моне),Charing Cross Bridge,,1899–1901,65 × 92,частная коллекция,,,Франция,France,,скан из каталога,https://monet.1vasiliadi.com/img/1600/w1540.webp,https://commons.wikimedia.org/wiki/File:Monet_w1540.jpg,https://www.wikidata.org/wiki/Q52152294,https://monet.1vasiliadi.com/#w1540
1541,"Мост Чаринг-Кросс, туман","Charing Cross Bridge, Fog","Le Pont de Charing-Cross, brouillard",1899–1901,73 × 92,музей,"Художественная галерея Онтарио, Торонто","Art Gallery of Ontario, Toronto",Канада,Canada,,цветная фотография,https://monet.1vasiliadi.com/img/1600/w1541.webp,https://commons.wikimedia.org/wiki/File:Claude_Monet_-_Charing_Cross_Bridge%2C_Fog.jpg,https://www.wikidata.org/wiki/Q50012973,https://monet.1vasiliadi.com/#w1541
1542,Мост Чаринг-Кросс (цикл картин Моне),Charing Cross Bridge,,1899–1901,65 × 81,частная коллекция,,,,,,скан из каталога,https://monet.1vasiliadi.com/img/1600/w1542.webp,https://commons.wikimedia.org/wiki/File:Monet_-_Wildenstein_1996%2C_1542.png,,https://monet.1vasiliadi.com/#w1542
1543,Игла Клеопатры и мост Чаринг-Кросс,Cleopatra's Needle and Charing Cross Bridge,L'Aiguille de Cléopâtre et Charing Cross Bridge,1899–1901,73 × 100,музей,"Музей Мухаммеда Махмуда Халиля, Каир","Mohamed Mahmoud Khalil Museum, Cairo",Египет,Egypt,,цветная фотография,https://monet.1vasiliadi.com/img/1600/w1543.webp,https://commons.wikimedia.org/wiki/File:Monet_-_charing-cross-bridge-cleopatra-s-needle-1901.jpg,https://www.wikidata.org/wiki/Q84056666,https://monet.1vasiliadi.com/#w1543
1544,Игла Клеопатры и мост Чаринг-Кросс,Cleopatra's Needle and Charing Cross Bridge,,1899–1901,65 × 81,частная коллекция,,,,,,скан из каталога,https://monet.1vasiliadi.com/img/1600/w1544.webp,https://commons.wikimedia.org/wiki/File:Monet_-_Wildenstein_1996%2C_1544.png,,https://monet.1vasiliadi.com/#w1544
1545,Мост Чаринг-Кросс (цикл картин Моне),Charing Cross Bridge,,1899–1901,65 × 95,частная коллекция,,,,,,скан из каталога,https://monet.1vasiliadi.com/img/1600/w1545.webp,https://commons.wikimedia.org/wiki/File:Monet_-_Wildenstein_1996%2C_1545.png,,https://monet.1vasiliadi.com/#w1545
1546,Мост Чаринг-Кросс (цикл картин Моне),Charing Cross Bridge,,1899–1901,65 × 100,частная коллекция,,,,,,скан из каталога,https://monet.1vasiliadi.com/img/1600/w1546.webp,https://commons.wikimedia.org/wiki/File:Monet_-_Wildenstein_1996%2C_1546.png,,https://monet.1vasiliadi.com/#w1546
1547,Мост Чаринг-Кросс (цикл картин Моне),Charing Cross Bridge,,1899–1901,65 × 100,частная коллекция,,,Япония,Japan,,скан из каталога,https://monet.1vasiliadi.com/img/1600/w1547.webp,https://commons.wikimedia.org/wiki/File:Monet_w1547.jpg,,https://monet.1vasiliadi.com/#w1547
1548,Мост Чаринг-Кросс (цикл картин Моне),Charing Cross Bridge,,1899–1901,73 × 100,музей,Художественный музей Сент-Луиса,Saint Louis Art Museum,США,United States,,цветная фотография,https://monet.1vasiliadi.com/img/1600/w1548.webp,https://commons.wikimedia.org/wiki/File:Monet_-_Charing_Cross_Bridge%2C_1903.jpg,https://www.wikidata.org/wiki/Q78643172,https://monet.1vasiliadi.com/#w1548
1549,Мост Чаринг-Кросс (цикл картин Моне),Charing Cross Bridge,,1899–1901,65 × 100,частная коллекция,,,,,,цветная фотография,https://monet.1vasiliadi.com/img/1600/w1549.webp,https://commons.wikimedia.org/wiki/File:Claude_Monet_-_Charing_Cross_bridge_-_Sothebys_12_nov_2019.jpg,,https://monet.1vasiliadi.com/#w1549
1550,Мост Чаринг-Кросс (цикл картин Моне),Charing Cross Bridge,,1899–1901,65 × 81,частная коллекция,,,,,,цветная фотография,https://monet.1vasiliadi.com/img/1600/w1550.webp,https://commons.wikimedia.org/wiki/File:Claude_Monet_-_Charing_Cross_Bridge_(1899-1901).jpg,https://www.wikidata.org/wiki/Q117711957,https://monet.1vasiliadi.com/#w1550
1551,Мост Чаринг-Кросс (цикл картин Моне),Charing Cross Bridge,,1899–1901,65 × 92,частная коллекция,,,,,,скан из каталога,https://monet.1vasiliadi.com/img/1600/w1551.webp,https://commons.wikimedia.org/wiki/File:Monet_-_Wildenstein_1996%2C_1551.png,,https://monet.1vasiliadi.com/#w1551
1552,Мост Чаринг-Кросс с буксирами,Charing Cross Bridge with tugs,,1899–1901,65 × 100,частная коллекция,,,,,,скан из каталога,https://monet.1vasiliadi.com/img/1600/w1552.webp,https://commons.wikimedia.org/wiki/File:Monet_-_Wildenstein_1996%2C_1552.png,,https://monet.1vasiliadi.com/#w1552
1552a,"Лондон, мост Чаринг-Кросс","London, Charing Cross Bridge",,1899–1901,65 × 81,частная коллекция,,,,,,скан из каталога,https://monet.1vasiliadi.com/img/1600/w1552a.webp,https://commons.wikimedia.org/wiki/File:Monet_-_Wildenstein_1996%2C_1552a.jpg,,https://monet.1vasiliadi.com/#w1552a
1553,Мост Чаринг-Кросс (этюд),Charing Cross Bridge (study),Charing Cross Bridge,1899–1901,60 × 100,музей,"Музей Мармоттан-Моне, Париж","Musée Marmottan Monet, Paris",Франция,France,,скан из каталога,https://monet.1vasiliadi.com/img/1600/w1553.webp,https://commons.wikimedia.org/wiki/File:Monet_-_Wildenstein_1996%2C_1553.png,https://www.wikidata.org/wiki/Q105099601,https://monet.1vasiliadi.com/#w1553
1554,"Мост Чаринг-Кросс, туман на Темзе","Charing Cross Bridge, Fog on the Thames",,1899–1901,73 × 92,музей,"Музей Фогга, Кембридж (Массачусетс)","Fogg Museum, Cambridge",США,United States,,цветная фотография,https://monet.1vasiliadi.com/img/1600/w1554.webp,https://commons.wikimedia.org/wiki/File:Monet_-_Charing_Cross_Bridge_Fog_on_the_Thames%2C_1903.jpg,https://www.wikidata.org/wiki/Q70781289,https://monet.1vasiliadi.com/#w1554
1555,Мост Ватерлоо,Waterloo Bridge,,1899–1901,65 × 92,музей,Художественный музей Санта-Барбары,Santa Barbara Museum of Art,США,United States,,цветная фотография,https://monet.1vasiliadi.com/img/1600/w1555.webp,https://commons.wikimedia.org/wiki/File:Claude_Monet_-_Waterloo_Bridge_(W_1555).jpg,https://www.wikidata.org/wiki/Q47782162,https://monet.1vasiliadi.com/#w1555
1556,Мост Ватерлоо. Лондон,"Waterloo Bridge, London",,1899–1901,65 × 100,музей,"Городская галерея Хью Лейна, Дублин",Dublin City Gallery The Hugh Lane,Ирландия,Ireland,,цветная фотография,https://monet.1vasiliadi.com/img/1600/w1556.webp,https://commons.wikimedia.org/wiki/File:Monet_-_Waterloo_Bridge%2C_overcast_weather%2C_1900.jpg,https://www.wikidata.org/wiki/Q84625996,https://monet.1vasiliadi.com/#w1556
1557,Мост Ватерлоо. Пасмурная погода,"Waterloo Bridge, Grey Weather",,1899–1901,65 × 92,музей,Чикагский институт искусств,Art Institute of Chicago,США,United States,,цветная фотография,https://monet.1vasiliadi.com/img/1600/w1557.webp,https://commons.wikimedia.org/wiki/File:Monet_-_Waterloo_Bridge%2C_Gray_Weather%2C_1900.jpg,https://www.wikidata.org/wiki/Q20268526,https://monet.1vasiliadi.com/#w1557
1558,Мост Ватерлоо. Облачно,"Waterloo Bridge, Overcast",,1899–1901,65 × 100,частная коллекция,,,Япония,Japan,,скан из каталога,https://monet.1vasiliadi.com/img/1600/w1558.webp,https://commons.wikimedia.org/wiki/File:Monet_w1558.jpg,,https://monet.1vasiliadi.com/#w1558
1559,Мост Ватерлоо. Утренний туман,"Waterloo Bridge, Morning Fog",,1901,65 × 100,музей,Художественный музей Филадельфии,Philadelphia Museum of Art,США,United States,,цветная фотография,https://monet.1vasiliadi.com/img/1600/w1559.webp,https://commons.wikimedia.org/wiki/File:Monet_-_Waterloo_Bridge%2C_Morning_Fog%2C_1901.jpg,https://www.wikidata.org/wiki/Q20809485,https://monet.1vasiliadi.com/#w1559
1560,Мост Ватерлоо,Waterloo Bridge,"Le pont de Waterloo, matin brumeux",1902,65 × 100,музей,"Кунстхалле, Гамбург",Kunsthalle Hamburg,Германия,Germany,,цветная фотография,https://monet.1vasiliadi.com/img/1600/w1560.webp,https://commons.wikimedia.org/wiki/File:1902_Monet_Die_Waterloo-Br%C3%BCcke_anagoria.JPG,https://www.wikidata.org/wiki/Q50699803,https://monet.1vasiliadi.com/#w1560
1561,Мост Ватерлоо. Туманное утро,"Waterloo Bridge, Misty Morning","Le Pont de Waterloo, temps gris",1899–1901,65 × 100,музей,"Ордрупгор, Копенгаген","Ordrupgaard, Copenhagen",Дания,Denmark,,цветная фотография,https://monet.1vasiliadi.com/img/1600/w1561.webp,https://commons.wikimedia.org/wiki/File:Claude_Monet_-_Le_Pont_de_Waterloo%2C_temps_gris_-_Ordrupgaard.jpg,https://www.wikidata.org/wiki/Q66248446,https://monet.1vasiliadi.com/#w1561
1562,Мост Ватерлоо. Туманная погода,"Waterloo Bridge, Misty Weather","Waterloo Bridge, temps gris",1899–1901,65 × 100,музей,"Музей изящных искусств, Берн",Berne Museum,Швейцария,Switzerland,,скан из каталога,https://monet.1vasiliadi.com/img/1600/w1562.webp,https://commons.wikimedia.org/wiki/File:Monet_w1562.jpg,https://www.wikidata.org/wiki/Q92787519,https://monet.1vasiliadi.com/#w1562
1563,Мост Ватерлоо. Облачно,"Waterloo Bridge, Overcast",,1899–1901,65 × 100,частная коллекция,,,Япония,Japan,,цветная фотография,https://monet.1vasiliadi.com/img/1600/w1563.webp,https://commons.wikimedia.org/wiki/File:Claude_Monet_-_Waterloo_Bridge_-_Christies_18_07_2007.jpg,,https://monet.1vasiliadi.com/#w1563
1564,Мост Ватерлоо в сумерках,"Waterloo Bridge, at Dusk",,1904,65 × 100,музей,"Национальная галерея искусства, Вашингтон","National Gallery of Art, Washington D.C.",США,United States,,цветная фотография,https://monet.1vasiliadi.com/img/1600/w1564.webp,https://www.nga.gov/collection/art-object-page.61377.html,https://www.wikidata.org/wiki/Q20190902,https://monet.1vasiliadi.com/#w1564
1565,Мост Ватерлоо,Waterloo Bridge,"Waterloo Bridge, effet de soleil",1899–1901,65 × 100,музей,"Художественный музей Денвера, Денвер","Denver Art Museum, Denver",США,United States,,цветная фотография,https://monet.1vasiliadi.com/img/1600/w1565.webp,https://commons.wikimedia.org/wiki/File:Claude_Monet_-_Waterloo_Bridge_-_Google_Art_Project.jpg,https://www.wikidata.org/wiki/Q28777026,https://monet.1vasiliadi.com/#w1565
1566,Мост Ватерлоо. Эффект солнца в тумане,"Waterloo Bridge, Effect of Sun in the Mist","Le pont de Waterloo, effet de soleil avec fumées",1903,65 × 100,музей,Балтиморский музей искусств,Baltimore Museum of Art,США,United States,,скан из каталога,https://monet.1vasiliadi.com/img/1600/w1566.webp,https://commons.wikimedia.org/wiki/File:Monet_w1566.jpg,https://www.wikidata.org/wiki/Q95252885,https://monet.1vasiliadi.com/#w1566
1567,Мост Ватерлоо. Эффект солнца,"Waterloo Bridge, Sun Effect",,1903,73 × 92,музей,Художественный музей Милуоки,Milwaukee Art Museum,США,United States,,цветная фотография,https://monet.1vasiliadi.com/img/1600/w1567.webp,https://commons.wikimedia.org/wiki/File:4961083454_f11504c374_o_w1567.jpg,https://www.wikidata.org/wiki/Q73825182,https://monet.1vasiliadi.com/#w1567
1568,Мост Ватерлоо,Waterloo Bridge,,1903,65 × 92,музей,Художественный музей Вустера,Worcester Art Museum,США,United States,,цветная фотография,https://monet.1vasiliadi.com/img/1600/w1568.webp,https://commons.wikimedia.org/wiki/File:Waterloo_Bridge%2C_1903%2C_by_Claude_Monet_(1840-1926)_-_IMG_7175.JPG,https://www.wikidata.org/wiki/Q38623358,https://monet.1vasiliadi.com/#w1568
1569,Мост Ватерлоо. Серый день,"Waterloo Bridge, Grey Day",,1903,65 × 100,музей,"Национальная галерея искусства, Вашингтон","National Gallery of Art, Washington D.C.",США,United States,,цветная фотография,https://monet.1vasiliadi.com/img/1600/w1569.webp,https://commons.wikimedia.org/wiki/File:Claude_Monet%2C_Waterloo_Bridge%2C_Gray_Day%2C_1903%2C_NGA_46658.jpg,https://www.wikidata.org/wiki/Q20190882,https://monet.1vasiliadi.com/#w1569
1570,"Мост Ватерлоо. Пасмурная погода, дымка","Waterloo Bridge, Grey Weather, Smoky",,1899–1901,65 × 100,частная коллекция,,,Япония,Japan,,скан из каталога,https://monet.1vasiliadi.com/img/1600/w1570.webp,https://commons.wikimedia.org/wiki/File:Monet_w1570.jpg,,https://monet.1vasiliadi.com/#w1570
1571,Мост Ватерлоо. Пасмурная погода,"Waterloo Bridge, Grey Weather",,1899–1901,65 × 92,частная коллекция,,,США,United States,,скан из каталога,https://monet.1vasiliadi.com/img/1600/w1571.webp,https://commons.wikimedia.org/wiki/File:Monet_-_Wildenstein_1996%2C_1571.png,,https://monet.1vasiliadi.com/#w1571
1572,Мост Ватерлоо. Солнце в тумане,"Waterloo Bridge, Sun in the Fog",,1899–1901,73 × 92,частная коллекция,,,,,,скан из каталога,https://monet.1vasiliadi.com/img/1600/w1572.webp,https://commons.wikimedia.org/wiki/File:Monet_w1572.jpg,,https://monet.1vasiliadi.com/#w1572
1573,Мост Ватерлоо. Солнечный свет в тумане,"Waterloo Bridge, Sunlight in the Fog",Waterloo Bridge: le soleil dans le brouillard,1899–1900,73 × 100,музей,"Национальная галерея Канады, Оттава","National Gallery of Canada, Ottawa",Канада,Canada,,цветная фотография,https://monet.1vasiliadi.com/img/1600/w1573.webp,https://commons.wikimedia.org/wiki/File:Monet_-_Waterloobr%C3%BCcke_-_Sonne_hinter_Dunstschleier.jpg,https://www.wikidata.org/wiki/Q59530379,https://monet.1vasiliadi.com/#w1573
1574,Мост Ватерлоо,Waterloo Bridge,,1899–1901,65 × 81,частная коллекция,,,,,,скан из каталога,https://monet.1vasiliadi.com/img/1600/w1574.webp,https://commons.wikimedia.org/wiki/File:Monet_w1574.jpg,https://www.wikidata.org/wiki/Q132151460,https://monet.1vasiliadi.com/#w1574
1575,Мост Ватерлоо,Waterloo Bridge,,1901,65 × 81,музей,"Музей и культурный центр Дэвиса, Уэллсли","Davis Museum and Cultural Center, Wellesley",США,United States,,скан из каталога,https://monet.1vasiliadi.com/img/1600/w1575.webp,https://commons.wikimedia.org/wiki/File:Monet_w1575.jpg,https://www.wikidata.org/wiki/Q68609035,https://monet.1vasiliadi.com/#w1575
1576,Мост Ватерлоо,Waterloo Bridge,,1899–1901,60 × 73,частная коллекция,,,США,United States,,скан из каталога,https://monet.1vasiliadi.com/img/1600/w1576.webp,https://commons.wikimedia.org/wiki/File:Monet_-_Wildenstein_1996%2C_1576.png,,https://monet.1vasiliadi.com/#w1576
1577,"Мост Ватерлоо. Туман, эффект солнца","Waterloo Bridge, Fog, Sunlight Effect","Le pont de Waterloo, effet de soleil dans la brume",1899–1901,65 × 92,музей,"Музей современного искусства, Каракас",Caracas Museum of Contemporary Art,Венесуэла,Venezuela,,скан из каталога,https://monet.1vasiliadi.com/img/1600/w1577.webp,https://commons.wikimedia.org/wiki/File:Monet_-_Wildenstein_1996%2C_1577.png,https://www.wikidata.org/wiki/Q108354259,https://monet.1vasiliadi.com/#w1577
1578,Мост Ватерлоо,Waterloo Bridge,,1899–1901,65 × 81,музей,Художественный музей Мацуситы,Matsushita Museum of Art,Япония,Japan,,скан из каталога,https://monet.1vasiliadi.com/img/1600/w1578.webp,https://commons.wikimedia.org/wiki/File:Monet_-_Wildenstein_1996%2C_1578.png,https://www.wikidata.org/wiki/Q96198895,https://monet.1vasiliadi.com/#w1578
1579,Мост Ватерлоо,Waterloo Bridge,,1899–1901,65 × 81,частная коллекция,,,,,,скан из каталога,https://monet.1vasiliadi.com/img/1600/w1579.webp,https://commons.wikimedia.org/wiki/File:Monet_-_Wildenstein_1996%2C_1579.png,,https://monet.1vasiliadi.com/#w1579
1580,Мост Ватерлоо,Waterloo Bridge,Le Pont de Waterloo. Effet de brouillard,1901,65 × 100,музей,"Эрмитаж, Санкт-Петербург","Hermitage Museum, St Petersburg",Россия,Russia,,цветная фотография,https://monet.1vasiliadi.com/img/1600/w1580.webp,https://commons.wikimedia.org/wiki/File:Claude_Monet_-_Waterloo-Br%C3%BCcke_-_1903.jpeg,https://www.wikidata.org/wiki/Q3795194,https://monet.1vasiliadi.com/#w1580
1581,Мост Ватерлоо,Waterloo Bridge,Le Pont de Waterloo,1901–02,65 × 100,музей,"Кунстхаус, Цюрих","Kunsthaus Zürich, Zurich",Швейцария,Switzerland,,цветная фотография,https://monet.1vasiliadi.com/img/1600/w1581.webp,https://commons.wikimedia.org/wiki/File:Monet_-_Le_Pont_de_Waterloo%2C_1902.jpg,https://www.wikidata.org/wiki/Q124250965,https://monet.1vasiliadi.com/#w1581
1582,Мост Ватерлоо. Эффект тумана,"Waterloo Bridge, Mist Effect","Waterloo Bridge, effet de brume",1904,65 × 100,частная коллекция,,,США,United States,,скан из каталога,https://monet.1vasiliadi.com/img/1600/w1582.webp,https://commons.wikimedia.org/wiki/File:Monet_-_Wildenstein_1996%2C_1582.png,https://www.wikidata.org/wiki/Q138660021,https://monet.1vasiliadi.com/#w1582
1583,Мост Ватерлоо на закате. Розовый эффект,"Waterloo Bridge at Sunset, Pink Effect","Waterloo Bridge, effet rose",1904,65 × 92,музей,"Национальная галерея искусства, Вашингтон","National Gallery of Art, Washington D.C.",США,United States,,цветная фотография,https://monet.1vasiliadi.com/img/1600/w1583.webp,https://www.nga.gov/collection/art-object-page.61378.html,https://www.wikidata.org/wiki/Q20190907,https://monet.1vasiliadi.com/#w1583
1584,Мост Ватерлоо,Waterloo Bridge,Le pont de Waterloo,1899–1901,65 × 81,музей,"Художественный музей Лоу, Корал-Гейблс","Lowe Art Museum, Coral Gables",США,United States,,скан из каталога,https://monet.1vasiliadi.com/img/1600/w1584.webp,https://commons.wikimedia.org/wiki/File:Monet_w1584.jpg,https://www.wikidata.org/wiki/Q91355370,https://monet.1vasiliadi.com/#w1584
1585,Мост Ватерлоо,Waterloo Bridge,,1899–1901,65 × 100,частная коллекция,,,,,,цветная фотография,https://monet.1vasiliadi.com/img/1600/w1585.webp,https://commons.wikimedia.org/wiki/File:Claude_Monet_-_Waterloo_Bridge_-_Sothebys_7_02_2006.jpg,,https://monet.1vasiliadi.com/#w1585
1586,Мост Ватерлоо. Эффект солнечного света,"Waterloo Bridge, Sunlight Effect",,1903,65 × 100,музей,Чикагский институт искусств,Art Institute of Chicago,США,United States,,цветная фотография,https://monet.1vasiliadi.com/img/1600/w1586.webp,https://www.artic.edu/artworks/20701,https://www.wikidata.org/wiki/Q20267465,https://monet.1vasiliadi.com/#w1586
1587,Мост Ватерлоо. Эффект солнечного света,"Waterloo Bridge, Sunlight Effect","Pont de Waterloo, effet de soleil",1899–1901,65 × 100,музей,Художественная галерея Гамильтона,Art_Gallery_of_Hamilton,Канада,Canada,,цветная фотография,https://monet.1vasiliadi.com/img/1600/w1587.webp,https://commons.wikimedia.org/wiki/File:Claude_Monet_-_Waterloo_Bridge%2C_Effet_de_Soleil.jpg,https://www.wikidata.org/wiki/Q82836155,https://monet.1vasiliadi.com/#w1587
1588,Мост Ватерлоо. Эффект солнечного света,"Waterloo Bridge, Sunlight Effect",,1903,,музей,"Музей искусств Карнеги, Питтсбург","Carnegie Museum of Art, Pittsburgh",США,United States,,цветная фотография,https://monet.1vasiliadi.com/img/1600/w1588.webp,https://commons.wikimedia.org/wiki/File:Monet_-_Waterloo_Bridge%2C_London%2C_1903.jpg,https://www.wikidata.org/wiki/Q42882613,https://monet.1vasiliadi.com/#w1588
1589,Мост Ватерлоо. Эффект солнечного света,"Waterloo Bridge, Sunlight Effect",,1903,65 × 100,частная коллекция,,,,,,скан из каталога,https://monet.1vasiliadi.com/img/1600/w1589.webp,https://commons.wikimedia.org/wiki/File:Monet_w1589.jpg,,https://monet.1vasiliadi.com/#w1589
1590,Мост Ватерлоо. Солнце в дымке,"Waterloo Bridge, Hazy Sun","Waterloo Bridge, soleil voilé.",1903,65 × 100,музей,"Мемориальная художественная галерея, Рочестер","Memorial Art Gallery, Rochester",США,United States,,цветная фотография,https://monet.1vasiliadi.com/img/1600/w1590.webp,https://commons.wikimedia.org/wiki/File:Monet_-_Waterloo_Bridge%2C_Veiled_Sun%2C_1903.jpg,https://www.wikidata.org/wiki/Q89373175,https://monet.1vasiliadi.com/#w1590
1591,Мост Ватерлоо. Солнце в дымке,"Waterloo Bridge, Hazy Sun","Waterloo Bridge, soleil voilé",1903,65 × 100,частная коллекция,,,США,United States,,скан из каталога,https://monet.1vasiliadi.com/img/1600/w1591.webp,https://commons.wikimedia.org/wiki/File:Monet_w1591.jpg,https://www.wikidata.org/wiki/Q114458329,https://monet.1vasiliadi.com/#w1591
1592,Мост Ватерлоо. Туман,"Waterloo Bridge, Fog",,1903,65 × 92,частная коллекция,,,Япония,Japan,,скан из каталога,https://monet.1vasiliadi.com/img/1600/w1592.webp,https://commons.wikimedia.org/wiki/File:Monet_-_Wildenstein_1996%2C_1592.png,,https://monet.1vasiliadi.com/#w1592
1593,Мост Ватерлоо. Эффект солнца,"Waterloo Bridge, Sun Effect","Waterloo Bridge, effet de soleil",1899–1901,65 × 100,музей,"Фонд Э. Г. Бюрле, Цюрих","Foundation E.G. Bührle, Zürich",Швейцария,Switzerland,,цветная фотография,https://monet.1vasiliadi.com/img/1600/w1593.webp,https://commons.wikimedia.org/wiki/File:Monet_-_Waterloo_Bridge%2C_London%2C_Sun_Effect%2C_1899-1901.jpg,https://www.wikidata.org/wiki/Q64174088,https://monet.1vasiliadi.com/#w1593
1594,Мост Ватерлоо. Лондон,"Waterloo Bridge, London",,1900,65 × 100,музей,"Национальный музей западного искусства, Токио","National Museum of Western Art, Tokyo",Япония,Japan,,цветная фотография,https://monet.1vasiliadi.com/img/1600/w1594.webp,https://commons.wikimedia.org/wiki/File:Claude_Monet_-_Waterloo_Bridge_in_London_-_Google_Art_Project.jpg,https://www.wikidata.org/wiki/Q19198168,https://monet.1vasiliadi.com/#w1594
1595,Мост Ватерлоо. Туман,"Waterloo Bridge, Fog",,1899–1901,65 × 100,частная коллекция,,,,,,скан из каталога,https://monet.1vasiliadi.com/img/1600/w1595.webp,https://commons.wikimedia.org/wiki/File:Monet_w1595.jpg,,https://monet.1vasiliadi.com/#w1595
1596,"Здание парламента, солнечный свет в тумане","Houses of Parliament, Effect of Sunlight in the Fog",,1900–01,81 × 92,частная коллекция,,,Франция,France,,скан из каталога,https://monet.1vasiliadi.com/img/1600/w1596.webp,https://commons.wikimedia.org/wiki/File:Monet_-_Wildenstein_1996%2C_1596.png,,https://monet.1vasiliadi.com/#w1596
1597,"Здание парламента, эффект солнечного света","Houses of Parliament, Sunlight Effect","Le Parlement, effet de soleil",1903,81 × 92,музей,"Бруклинский музей, Нью-Йорк","Brooklyn Museum, New York",США,United States,,цветная фотография,https://monet.1vasiliadi.com/img/1600/w1597.webp,https://commons.wikimedia.org/wiki/File:Claude_Monet_-_Houses_of_Parliament%2C_Sunlight_Effect_(Le_Parlement%2C_effet_de_soleil)_-_Google_Art_Project.jpg,https://www.wikidata.org/wiki/Q28777013,https://monet.1vasiliadi.com/#w1597
1598,"Здание парламента, закат","Houses of Parliament, Sunset","Le Parlement de Londres, soleil couchant",1903,81 × 92,музей,"Национальная галерея искусства, Вашингтон","National Gallery of Art, Washington D.C.",США,United States,,цветная фотография,https://monet.1vasiliadi.com/img/1600/w1598.webp,https://www.nga.gov/collection/art-object-page.46523.html,https://www.wikidata.org/wiki/Q20190858,https://monet.1vasiliadi.com/#w1598
1599,"Здание парламента, Лондон. Симфония в розовом","Houses of Parliament, London, Symphony in Rose",,1900–01,81 × 92,музей,"Художественный музей Пола, Хаконэ","Pola Museum of Art, Hakone",Япония,Japan,,скан из каталога,https://monet.1vasiliadi.com/img/1600/w1599.webp,https://commons.wikimedia.org/wiki/File:Monet_w1599.jpg,https://www.wikidata.org/wiki/Q79790735,https://monet.1vasiliadi.com/#w1599
1600,Здание парламента,Houses of Parliament,Le Parlement de Londres,1900–03,81 × 92,музей,Чикагский институт искусств,Art Institute of Chicago,США,United States,,цветная фотография,https://monet.1vasiliadi.com/img/1600/w1600.webp,https://www.artic.edu/artworks/16584,https://www.wikidata.org/wiki/Q20267587,https://monet.1vasiliadi.com/#w1600
1601,"Здание парламента, Лондон. Симфония в голубом","Houses of Parliament, London, Symphony in Blue","Le Parlement, symphonie en bleu",1901–02,81 × 92,музей,"Художественный музей Хай, Атланта","High Museum of Art, Atlanta",США,United States,,цветная фотография,https://monet.1vasiliadi.com/img/1600/w1601.webp,https://commons.wikimedia.org/wiki/File:Claude_Monet_-_Houses_of_Parliament_in_the_Fog_-_High_Museum_of_Art.jpg,https://www.wikidata.org/wiki/Q117435339,https://monet.1vasiliadi.com/#w1601
1602,"Здание парламента, закат","Houses of Parliament, Sunset","Le Parlement, coucher de soleil",1901–02,81 × 92,музей,Художественные музеи Крефельда,Kunstmuseen Krefeld,Германия,Germany,,цветная фотография,https://monet.1vasiliadi.com/img/1600/w1602.webp,https://commons.wikimedia.org/wiki/File:Claude_Monet_Parlamentsgeb%C3%A4ude.jpg,https://www.wikidata.org/wiki/Q91357761,https://monet.1vasiliadi.com/#w1602
1603,"Здание парламента, закат","Houses of Parliament, Sunset","Le Parlement, soleil couchant",1900–01,81 × 92,частная коллекция,,,Япония,Japan,,цветная фотография,https://monet.1vasiliadi.com/img/1600/w1603.webp,https://commons.wikimedia.org/wiki/File:Monet_Houses_of_Parliament%2C_Sunset.jpg,https://www.wikidata.org/wiki/Q48609824,https://monet.1vasiliadi.com/#w1603
1604,"Здание парламента, закат","Houses of Parliament, Sunset","Le Parlement, soleil couchant",1903,81 × 92,частная коллекция,,,США,United States,,цветная фотография,https://monet.1vasiliadi.com/img/1600/w1604.webp,https://commons.wikimedia.org/wiki/File:Barberini_August_2023-Claude_Monet_-_Das_Parlament%2C_Sonnenuntergang%2C_1900-1903_-_Sammlung_Hasso_Plattner.jpg,https://www.wikidata.org/wiki/Q113482581,https://monet.1vasiliadi.com/#w1604
1605,"Здание парламента, грозовое небо","Houses of Parliament, Stormy Sky","Le Parlement de Londres, ciel orageux",1900–01,81 × 92,музей,"Дворец изящных искусств, Лилль",Palais des Beaux-Arts de Lille,Франция,France,,цветная фотография,https://monet.1vasiliadi.com/img/1600/w1605.webp,https://commons.wikimedia.org/wiki/File:Lille_PdBA_monet_parlement_de_londres.JPG,https://www.wikidata.org/wiki/Q25452449,https://monet.1vasiliadi.com/#w1605
1606,"Здание парламента, отражение в Темзе","Houses of Parliament, Reflection of the Thames","Londres, Le Parlement, Reflets sur la Tamise",1905,81 × 92,музей,"Музей Мармоттан-Моне, Париж","Musée Marmottan Monet, Paris",Франция,France,,цветная фотография,https://monet.1vasiliadi.com/img/1600/w1606.webp,https://commons.wikimedia.org/wiki/File:Claude_Monet%2C_Londres%2C_Le_Parlement%2C_Reflets_sur_la_Tamise%2C_1905%2C_huile_sur_toile%2C_Mus%C3%A9e_Marmottan_Monet%2C_Paris.jpg,https://www.wikidata.org/wiki/Q47781362,https://monet.1vasiliadi.com/#w1606
1607,"Здание парламента, закат","Houses of Parliament, Sunset","Le Parlement, coucher de soleil",1904,81 × 92,музей,"Кунстхаус, Цюрих","Kunsthaus Zürich, Zurich",Швейцария,Switzerland,,цветная фотография,https://monet.1vasiliadi.com/img/1600/w1607.webp,https://commons.wikimedia.org/wiki/File:Claude_Monet_-_Le_Parlement%2C_coucher_de_soleil_-_Kunsthaus_Z%C3%BCrich.jpg,https://www.wikidata.org/wiki/Q49445583,https://monet.1vasiliadi.com/#w1607
1608,"Здание парламента, эффект тумана","Houses of Parliament, Fog Effect","Le Parlement de Londres, effet de brouillard",1903,81 × 92,музей,"Музей современного искусства имени Андре Мальро (MuMa), Гавр","Museum of modern art André Malraux - MuMa, Le Havre",Франция,France,,цветная фотография,https://monet.1vasiliadi.com/img/1600/w1608.webp,https://commons.wikimedia.org/wiki/File:Monet_-_Le_Parlement_de_Londres%2C_effet_de_brouillard%2C_1903.jpg,https://www.wikidata.org/wiki/Q56812706,https://monet.1vasiliadi.com/#w1608
1609,"Здание парламента, эффект тумана","Houses of Parliament, Fog Effect","Londres, le Parlement (Effet de brouillard)",1903,81 × 92,музей,"Метрополитен-музей, Нью-Йорк","Metropolitan Museum of Art, New York",США,United States,,цветная фотография,https://monet.1vasiliadi.com/img/1600/w1609.webp,https://commons.wikimedia.org/wiki/File:The_Houses_of_Parliament_(Effect_of_Fog)_MET_DT1893.jpg,https://www.wikidata.org/wiki/Q19912126,https://monet.1vasiliadi.com/#w1609
1610,"Здание парламента, солнечный свет в тумане","Houses of Parliament, Effect of Sunlight in the Fog","Londres, le Parlement. Trouée de soleil dans le brouillard",1904,81 × 92,музей,"Музей Орсе, Париж","Musée d'Orsay, Paris",Франция,France,,цветная фотография,https://monet.1vasiliadi.com/img/1600/w1610.webp,https://commons.wikimedia.org/wiki/File:Paris_-_Mus%C3%A9e_d'Orsay_8957.jpg,https://www.wikidata.org/wiki/Q17493907,https://monet.1vasiliadi.com/#w1610
1611,"Здание парламента, эффект тумана","Houses of Parliament, Fog Effect","Le Parlement, Effet de Brouillard",1903,81 × 92,музей,"Музей изящных искусств, Сент-Питерсберг (Флорида)","Museum of Fine Arts (St. Petersburg, Florida)",США,United States,,цветная фотография,https://monet.1vasiliadi.com/img/1600/w1611.webp,https://commons.wikimedia.org/wiki/File:Brouillard%2C_London_Parliament%2C_Claude_Monet.jpg,https://www.wikidata.org/wiki/Q48977647,https://monet.1vasiliadi.com/#w1611
1612,"Здание парламента, чайки","Houses of Parliament, Seagulls","Le Parlement, les mouettes",1903,81 × 92,музей,Художественный музей Принстонского университета,Princeton University Art Museum,США,United States,,цветная фотография,https://monet.1vasiliadi.com/img/1600/w1612.webp,https://commons.wikimedia.org/wiki/File:Monet%2C_Claude%2C_Houses_of_Parliament%2C_Seagulls.jpg,https://www.wikidata.org/wiki/Q106767908,https://monet.1vasiliadi.com/#w1612
1613,"Здание парламента, чайки","Houses of Parliament, Seagulls",,1904,81 × 92,музей,"ГМИИ им. Пушкина, Москва","Pushkin Museum, Moscow",Россия,Russia,,цветная фотография,https://monet.1vasiliadi.com/img/1600/w1613.webp,https://commons.wikimedia.org/wiki/File:Seagulls%2C_the_Thames_%26_Houses_of_Parliament_by_Claude_Monet%2C_Pushkin_Museum.JPG,https://www.wikidata.org/wiki/Q50433805,https://monet.1vasiliadi.com/#w1613
1614,"Здание парламента, вечер","Houses of Parliament, Evening",,1900–01,80 × 91,частная коллекция,,,,,,скан из каталога,https://monet.1vasiliadi.com/img/1600/w1614.webp,https://commons.wikimedia.org/wiki/File:Monet_-_Wildenstein_1996%2C_1614.png,,https://monet.1vasiliadi.com/#w1614
1615,Лестер-сквер,Leicester Square at Night,"Leicester Square, la nuit",1900–01,80 × 64,музей,"Музей Гране, собрание Жана и Сюзанны Планк, Экс-ан-Прованс","Musée Granet, Jean and Suzanne Planque Collection, Aix-en-Provence",Франция,France,,цветная фотография,https://monet.1vasiliadi.com/img/1600/w1615.webp,https://commons.wikimedia.org/wiki/File:Claude_Monet_-_Leicester_Square%2C_la_nuit_01.jpg,https://www.wikidata.org/wiki/Q60389924,https://monet.1vasiliadi.com/#w1615
1616,Лестер-сквер,Leicester Square at Night,"Leicester Square, la nuit",1900–01,80 × 64,частная коллекция,,,,,,цветная фотография,https://monet.1vasiliadi.com/img/1600/w1616.webp,https://commons.wikimedia.org/wiki/File:Claude_Monet_-_Leicester_Square%2C_la_nuit.jpg,https://www.wikidata.org/wiki/Q66924740,https://monet.1vasiliadi.com/#w1616
1617,Лестер-сквер,Leicester Square at Night,"Leicester Square, la nuit",1900–01,80 × 64,частная коллекция,,,Япония,Japan,,скан из каталога,https://monet.1vasiliadi.com/img/1600/w1617.webp,https://commons.wikimedia.org/wiki/File:Monet_-_Wildenstein_1996%2C_1617.jpg,,https://monet.1vasiliadi.com/#w1617
1618,Болото в Живерни зимой,The Marsh at Giverny in Winter,"Le Marais a Giverny, I’hiver",1899–1900,65 × 81,частная коллекция,,,,,,скан из каталога,https://monet.1vasiliadi.com/img/1600/w1618.webp,https://commons.wikimedia.org/wiki/File:Monet_-_Wildenstein_1996%2C_1618.png,,https://monet.1vasiliadi.com/#w1618
1619,Конькобежцы в Живерни,Skaters at Giverny,Les patineurs à Giverny,1899–1900,60 × 80,музей,"Собрание Хассо Платтнера, Музей Барберини, Потсдам","Hasso Plattner Collection, Museum Barberini, Potsdam",Германия,Germany,Sotheby's 2010,скан из каталога,https://monet.1vasiliadi.com/img/1600/w1619.webp,https://commons.wikimedia.org/wiki/File:Monet_w1619.jpg,https://www.wikidata.org/wiki/Q108479182,https://monet.1vasiliadi.com/#w1619
1620,Живерни весной,Giverny in Springtime,"Le Printemps, Giverny",1899–1900,90 × 92,частная коллекция,,,,,Christie's 1992,скан из каталога,https://monet.1vasiliadi.com/img/1600/w1620.webp,https://commons.wikimedia.org/wiki/File:Monet_w1620.jpg,,https://monet.1vasiliadi.com/#w1620
1621,Цветущие яблони в Живерни,Apple Trees in Bloom at Giverny,Pommiers en fleurs,1899–1900,90 × 92,музей,Тель-Авивский музей искусств,Tel Aviv Museum of Art,Израиль,Israel,,цветная фотография,https://monet.1vasiliadi.com/img/1600/w1621.webp,https://commons.wikimedia.org/wiki/File:5299498896_0cebeb4344_o_w1621.jpg,https://www.wikidata.org/wiki/Q105416251,https://monet.1vasiliadi.com/#w1621
1622,Сад ирисов в Живерни,The Iris Garden at Giverny,,1899–1900,90 × 92,музей,"Художественная галерея Йельского университета, Нью-Хейвен","Yale University Art Gallery, New Haven",США,United States,,цветная фотография,https://monet.1vasiliadi.com/img/1600/w1622.webp,https://commons.wikimedia.org/wiki/File:Claude_Monet_-_The_Artist%E2%80%99s_Garden_in_Giverny_-_1983.7.12_-_Yale_University_Art_Gallery.jpg,https://www.wikidata.org/wiki/Q49222037,https://monet.1vasiliadi.com/#w1622
1623,Садовая дорожка,Garden Path,Allée de jardin,1900,81 × 92,частная коллекция,,,,,,скан из каталога,https://monet.1vasiliadi.com/img/1600/w1623.webp,https://commons.wikimedia.org/wiki/File:Monet_-_Wildenstein_1996%2C_1623.png,,https://monet.1vasiliadi.com/#w1623
1624,Сад художника в Живерни,The Artist’s Garden at Giverny,Le Jardin de l'artiste à Giverny,1900,81 × 92,музей,"Музей Орсе, Париж","Musée d'Orsay, Paris",Франция,France,,цветная фотография,https://monet.1vasiliadi.com/img/1600/w1624.webp,https://commons.wikimedia.org/wiki/File:Monet_-_Monets_Garten_in_Giverny.jpg,https://www.wikidata.org/wiki/Q3794124,https://monet.1vasiliadi.com/#w1624
1625,Сад. Ирисы,The Garden (also known as Irises),Le Jardin,1900,81 × 92,частная коллекция,,,,,,скан из каталога,https://monet.1vasiliadi.com/img/1600/w1625.webp,https://commons.wikimedia.org/wiki/File:Monet_w1625.jpg,,https://monet.1vasiliadi.com/#w1625
1626,Сад Моне,Monet's Garden,Le Jardin de Monet,,,неизвестно,,,,,,скан из каталога,https://monet.1vasiliadi.com/img/1600/w1626.webp,https://commons.wikimedia.org/wiki/File:Monet_-_Wildenstein_1996%2C_1626.png,,https://monet.1vasiliadi.com/#w1626
1627,Главная аллея в Живерни,The Main Path at Giverny,La Grande Allée à Giverny,1900,88 × 91,музей,Монреальский музей изящных искусств,Montreal Museum of Fine Arts,Канада,Canada,,цветная фотография,https://monet.1vasiliadi.com/img/1600/w1627.webp,https://commons.wikimedia.org/wiki/File:Claude_Monet%2C_La_grande_all%C3%A9e_%C3%A0_Giverny_(1900).jpg,https://www.wikidata.org/wiki/Q18523073,https://monet.1vasiliadi.com/#w1627
1628,Пруд с водяными лилиями,Water Lily Pond,"Le Pont sur le bassin aux nymphéas, Giverny",1900,89 × 100,музей,Чикагский институт искусств,Art Institute of Chicago,США,United States,,цветная фотография,https://monet.1vasiliadi.com/img/1600/w1628.webp,https://www.artic.edu/artworks/87088,https://www.wikidata.org/wiki/Q20269443,https://monet.1vasiliadi.com/#w1628
1629,Пруд с кувшинками. Симфония в розовом,"Water-Lily Pond, Symphony in Rose","Le Bassin aux nymphéas, Harmonie rose",1900,90 × 100,музей,"Музей Орсе, Париж","Musée d'Orsay, Paris",Франция,France,,цветная фотография,https://monet.1vasiliadi.com/img/1600/w1629.webp,https://commons.wikimedia.org/wiki/File:Le_Bassin_aux_nymph%C3%A9as%2C_harmonie_rose_-_Claude_Monet.jpg,https://www.wikidata.org/wiki/Q3835893,https://monet.1vasiliadi.com/#w1629
1630,Пруд с кувшинками,The Water-Lily Pond,Le Bassin aux nymphéas,1900,90 × 92,музей,"Музей изящных искусств, Бостон","Museum of Fine Arts, Boston",США,United States,,цветная фотография,https://monet.1vasiliadi.com/img/1600/w1630.webp,https://commons.wikimedia.org/wiki/File:Water-Lily_Pond_MFA_Boston_61.959_Catalog_No_1630.jpg,https://www.wikidata.org/wiki/Q20538908,https://monet.1vasiliadi.com/#w1630
1631,Японский мостик. Пруд с кувшинками,The Japanese Bridge or The Lily Pond,"Bassin aux nymphéas, les iris d’eau",1900,89 × 92,частная коллекция,,,Япония,Japan,,цветная фотография,https://monet.1vasiliadi.com/img/1600/w1631.webp,https://commons.wikimedia.org/wiki/File:Water-Lily_Pond_1900_Claude_Monet_Boston_MFA.jpg,,https://monet.1vasiliadi.com/#w1631
1632,Пруд с кувшинками. Водяные ирисы,Water-Lily Pond: Water Irises,"Le Bassin aux nymphéas, iris d'eau",1900,89 × 100,частная коллекция,,,Великобритания,United Kingdom,,скан из каталога,https://monet.1vasiliadi.com/img/1600/w1632.webp,https://commons.wikimedia.org/wiki/File:Monet_-_Wildenstein_1996%2C_1632.png,,https://monet.1vasiliadi.com/#w1632
1633,Пруд с кувшинками и дорожка у воды,Water-lily Pond and Path by the Water,Bassin aux nymphéas et sentier au bord de l'eau,1900,89 × 100,частная коллекция,,,США,United States,,цветная фотография,https://monet.1vasiliadi.com/img/1600/w1633.webp,https://commons.wikimedia.org/wiki/File:Monet_-_the-japanese-bridge-the-water-lily-pond-and-path-by-the-water-1.jpg,,https://monet.1vasiliadi.com/#w1633
1634,Цветущие яблони в Живерни,Apple Trees in Blossom at Giverny,"Pommiers en fleurs, Giverny",1900,81 × 100,частная коллекция,,,,,,цветная фотография,https://monet.1vasiliadi.com/img/1600/w1634.webp,https://commons.wikimedia.org/wiki/File:4390144246_5d7dc7675a_o_w1634.jpg,,https://monet.1vasiliadi.com/#w1634
1635,Ветёй,Vetheuil,Vétheuil,1901,89 × 92,музей,"ГМИИ им. Пушкина, Москва","Pushkin Museum, Moscow",Россия,Russia,,цветная фотография,https://monet.1vasiliadi.com/img/1600/w1635.webp,https://commons.wikimedia.org/wiki/File:'V%C3%A9theuil'_by_Claude_Monet%2C_1901%2C_Pushkin_Museum.JPG,https://www.wikidata.org/wiki/Q50433790,https://monet.1vasiliadi.com/#w1635
1636,Ветёй. Утро,"Vetheuil, Morning","Vétheuil, effet du matin",1901,89 × 92,частная коллекция,,,,,"Sotheby's, Paris, 2026 (€10.2M)",скан из каталога,https://monet.1vasiliadi.com/img/1600/w1636.webp,https://commons.wikimedia.org/wiki/File:Monet_w1636.jpg,https://www.wikidata.org/wiki/Q139401883,https://monet.1vasiliadi.com/#w1636
1637,Ветёй. После полудня,"Vetheuil, Afternoon","Vétheuil, après-midi",1901,89 × 92,частная коллекция,,,,,,цветная фотография,https://monet.1vasiliadi.com/img/1600/w1637.webp,https://commons.wikimedia.org/wiki/File:4211453932_2cea4c0473_o_w1637.jpg,,https://monet.1vasiliadi.com/#w1637
1638,Ветёй. Эффект солнца,"Vetheuil, Sun Effect","Vétheuil, effet de soleil",1901,82 × 92,частная коллекция,,,,,,цветная фотография,https://monet.1vasiliadi.com/img/1600/w1638.webp,https://commons.wikimedia.org/wiki/File:4211453934_cf8f99b0d0_o_w1638.jpg,,https://monet.1vasiliadi.com/#w1638
1639,Ветёй,Vetheuil,Vétheuil,1901,89 × 92,частная коллекция,,,,,,скан из каталога,https://monet.1vasiliadi.com/img/1600/w1639.webp,https://commons.wikimedia.org/wiki/File:Monet_-_Wildenstein_1996%2C_1639.png,,https://monet.1vasiliadi.com/#w1639
1640,Ветёй,Vetheuil,,1901,81 × 92,частная коллекция,,,,,,цветная фотография,https://monet.1vasiliadi.com/img/1600/w1640.webp,https://commons.wikimedia.org/wiki/File:La_Seine_%C3%A0_V%C3%A9theuil_(1901)_Claude_Monet_(W1640).jpg,,https://monet.1vasiliadi.com/#w1640
1641,Ветёй,Vetheuil,Vétheuil,1901,81 × 92,музей,"Музей фон дер Хейдта, Вупперталь","Von der Heydt Museum, Wuppertal",Германия,Germany,,цветная фотография,https://monet.1vasiliadi.com/img/1600/w1641.webp,https://commons.wikimedia.org/wiki/File:Claude_Monet_-_V%C3%A9theuil%2C_1901_(Von_der_Heydt-Museum).jpg,https://www.wikidata.org/wiki/Q67183653,https://monet.1vasiliadi.com/#w1641
1642,Ветёй. Осенний день,"Vetheuil, Autumn Afternoon","Vétheuil, après-midi d'automne",1901,89 × 92,частная коллекция,,,,,,цветная фотография,https://monet.1vasiliadi.com/img/1600/w1642.webp,https://commons.wikimedia.org/wiki/File:V%C3%A9theuil%2C_apr%C3%A8s-midi_d'automne_(1901)_Claude_Monet_(W1642).jpg,,https://monet.1vasiliadi.com/#w1642
1643,Ветёй,Vetheuil,,1901,90 × 93,музей,Чикагский институт искусств,Art Institute of Chicago,США,United States,,цветная фотография,https://monet.1vasiliadi.com/img/1600/w1643.webp,https://www.artic.edu/artworks/16579,https://www.wikidata.org/wiki/Q20271473,https://monet.1vasiliadi.com/#w1643
1644,Ветёй. Закат,"Vetheuil, Sunset","Vétheuil, soleil couchant",1901,90 × 93,музей,"Музей Орсе, Париж","Musée d'Orsay, Paris",Франция,France,,цветная фотография,https://monet.1vasiliadi.com/img/1600/w1644.webp,https://commons.wikimedia.org/wiki/File:Claude_monet%2C_v%C3%A9theuil%2C_sole_al_tramonto%2C_1900_ca.JPG,https://www.wikidata.org/wiki/Q17496088,https://monet.1vasiliadi.com/#w1644
1645,Ветёй. Закат,"Vetheuil, Sunset",Vétheuil,1901,89 × 92,музей,Чикагский институт искусств,Art Institute of Chicago,США,United States,,цветная фотография,https://monet.1vasiliadi.com/img/1600/w1645.webp,https://commons.wikimedia.org/wiki/File:Claude_Monet_-_V%C3%A9theuil_-_1933.1161_-_Art_Institute_of_Chicago.jpg,https://www.wikidata.org/wiki/Q20269469,https://monet.1vasiliadi.com/#w1645
1646,Ветёй. Серый эффект,"Vetheuil, Grey Effect","Vétheuil, le matin",1901,90 × 93,музей,"Дворец изящных искусств, Лилль",Palais des Beaux-Arts de Lille,Франция,France,,цветная фотография,https://monet.1vasiliadi.com/img/1600/w1646.webp,https://commons.wikimedia.org/wiki/File:Lille_PdBA_monet_vetheuil_matin.JPG,https://www.wikidata.org/wiki/Q50432908,https://monet.1vasiliadi.com/#w1646
1647,Баржа на Сене в Ветёе,Barge on the Seine at Vertheuil (also known as Vetheuil),"Vétheuil, péniche sur la Seine",1901–02,81 × 90,частная коллекция,,,,,,скан из каталога,https://monet.1vasiliadi.com/img/1600/w1647.webp,https://commons.wikimedia.org/wiki/File:Monet_-_Wildenstein_1996%2C_1647.png,,https://monet.1vasiliadi.com/#w1647
1648,Ветёй,Vetheuil,Vétheuil,1902,90 × 93,музей,"Национальный музей западного искусства, Токио","National Museum of Western Art, Tokyo",Япония,Japan,,цветная фотография,https://monet.1vasiliadi.com/img/1600/w1648.webp,https://commons.wikimedia.org/wiki/File:Claude_Monet_-_V%C3%A9theuil_-_Google_Art_Project.jpg,https://www.wikidata.org/wiki/Q19199277,https://monet.1vasiliadi.com/#w1648
1649,Ветёй,Vétheuil,Vétheuil,1902,90 × 93,частная коллекция,,,,,,цветная фотография,https://monet.1vasiliadi.com/img/1600/w1649.webp,https://commons.wikimedia.org/wiki/File:V%C3%A9theuil_(1902)_Claude_Monet_(W_1649).jpg,,https://monet.1vasiliadi.com/#w1649
1650,Аллея в саду Моне в Живерни,Pathway in Monet's Garden at Giverny,"Une Allée du jardin de Monet, Giverny",1901–02,89 × 92,музей,Австрийская галерея Бельведер,Österreichische Galerie Belvedere,Австрия,Austria,,цветная фотография,https://monet.1vasiliadi.com/img/1600/w1650.webp,https://commons.wikimedia.org/wiki/File:Monet_-_Eine_Allee_in_Monets_Garten_in_Giverny%2C_1902.jpg,https://www.wikidata.org/wiki/Q58371531,https://monet.1vasiliadi.com/#w1650
1651,Цветущий сад,The Flowered Garden,Le Jardin fleuri,1901–02,89 × 92,частная коллекция,,,США,United States,,цветная фотография,https://monet.1vasiliadi.com/img/1600/w1651.webp,https://commons.wikimedia.org/wiki/File:The_Garden_in_Flower_Claude_Oscar_Monet_1900.jpg,,https://monet.1vasiliadi.com/#w1651
1652,Садовая аллея в Живерни,The Garden Path at Giverny,L'Allée à Giverny,1902–03,81 × 92,частная коллекция,,,,,,цветная фотография,https://monet.1vasiliadi.com/img/1600/w1652.webp,https://commons.wikimedia.org/wiki/File:4736704838_5bfb1e8671_o_w1652.jpg,,https://monet.1vasiliadi.com/#w1652
1653,Аллея,The Path,L'Allée,1902–1903,,уничтожена,,,,,,скан из каталога,https://monet.1vasiliadi.com/img/1600/w1653.webp,https://commons.wikimedia.org/wiki/File:Monet_-_Wildenstein_1996%2C_1653.png,,https://monet.1vasiliadi.com/#w1653
1654,"Отражения деревьев в пруду, Живерни","Reflections of Trees on the Pond, Giverny","Reflets d’arbres sur l’étang, Giverny",1903,100 × 89,частная коллекция,,,,,,скан из каталога,https://monet.1vasiliadi.com/img/1600/w1654.webp,https://commons.wikimedia.org/wiki/File:Monet_-_Wildenstein_1996%2C_1654.png,,https://monet.1vasiliadi.com/#w1654
1655,Пруд с кувшинками,The Water-Lily Pond,Le Bassin des nymphéas,1903,,утрачена / местонахождение неизвестно,,,,,,скан из каталога,https://monet.1vasiliadi.com/img/1600/w1655.webp,https://commons.wikimedia.org/wiki/File:Monet_-_Wildenstein_1996%2C_1655.png,,https://monet.1vasiliadi.com/#w1655
1656,Кувшинки. Облака,"Water-Lilies, Clouds",Le Bassin des nymphéas (nuages),1903,73 × 100,музей,"Художественный музей Далласа, Даллас","Dallas Museum of Art, Dallas",США,United States,,цветная фотография,https://monet.1vasiliadi.com/img/1600/w1656.webp,https://commons.wikimedia.org/wiki/File:The_Water_Lily_Pond_(Clouds)-1903-Claude_Monet_Dallas_Museum_of_Art.jpg,,https://monet.1vasiliadi.com/#w1656
1657,Кувшинки,Water-Lilies,Nymphéas,1903,81 × 100,музей,Институт искусств Дейтона,Dayton Art Institute,США,United States,,цветная фотография,https://monet.1vasiliadi.com/img/1600/w1657.webp,https://commons.wikimedia.org/wiki/File:Monet_Water-Lilies_1903_DAI.jpg,https://www.wikidata.org/wiki/Q85953907,https://monet.1vasiliadi.com/#w1657
1658,Кувшинки,Water-Lilies,Nymphéas,1903,81 × 100,музей,"Художественный музей Бриджстоун, Токио","Bridgestone Museum of Art, Tokyo",Япония,Japan,,цветная фотография,https://monet.1vasiliadi.com/img/1600/w1658.webp,https://commons.wikimedia.org/wiki/File:Monet_-_Seerosen_Wasserlandschaft.jpg,https://www.wikidata.org/wiki/Q124254553,https://monet.1vasiliadi.com/#w1658
1659,Пруд с кувшинками,Water-Lily Pond,Le Bassin aux nymphéas,1903,,утрачена / местонахождение неизвестно,,,,,,скан из каталога,https://monet.1vasiliadi.com/img/1600/w1659.webp,https://commons.wikimedia.org/wiki/File:Monet_-_Wildenstein_1996%2C_1659.png,,https://monet.1vasiliadi.com/#w1659
1660,Кувшинки,Water-Lilies,Nymphéas,1903,73 × 92,музей,"Музей Мармоттан-Моне, Париж","Musée Marmottan Monet, Paris",Франция,France,,цветная фотография,https://monet.1vasiliadi.com/img/1600/w1660.webp,https://commons.wikimedia.org/wiki/File:Claude_Monet_-_Nymph%C3%A9as_W1660_-_Mus%C3%A9e_Marmottan-Monet.jpg,https://www.wikidata.org/wiki/Q63952029,https://monet.1vasiliadi.com/#w1660
1661,Кувшинки,Water-Lilies,Nymphéas,1903,89 × 100,музей,"Музей Мармоттан-Моне, Париж","Musée Marmottan Monet, Paris",Франция,France,,скан из каталога,https://monet.1vasiliadi.com/img/1600/w1661.webp,https://commons.wikimedia.org/wiki/File:Monet_-_Wildenstein_1996%2C_1661.jpg,https://www.wikidata.org/wiki/Q105099618,https://monet.1vasiliadi.com/#w1661
1662,Кувшинки,Water-Lilies,Nymphéas,1904,81 × 100,частная коллекция,,,Франция,France,,цветная фотография,https://monet.1vasiliadi.com/img/1600/w1662.webp,https://commons.wikimedia.org/wiki/File:Monet_-_Nen%C3%BAfares.jpg,https://www.wikidata.org/wiki/Q10336177,https://monet.1vasiliadi.com/#w1662
1663,Пруд с кувшинками,Water-Lily Pond,Le Bassin aux nymphéas,1904,,утрачена / местонахождение неизвестно,,,,,,скан из каталога,https://monet.1vasiliadi.com/img/1600/w1663.webp,https://commons.wikimedia.org/wiki/File:Monet_-_Wildenstein_1996%2C_1663.png,,https://monet.1vasiliadi.com/#w1663
1664,Пруд с кувшинками,Lily Pond,Les Nymphéas,1904,90 × 96,музей,"Музей современного искусства имени Андре Мальро (MuMa), Гавр","Museum of modern art André Malraux - MuMa, Le Havre",Франция,France,,цветная фотография,https://monet.1vasiliadi.com/img/1600/w1664.webp,https://commons.wikimedia.org/wiki/File:Claude_Monet_-_Waterlilies_-_Google_Art_Project_(vAGI5qXsGEMS2A).jpg,https://www.wikidata.org/wiki/Q18918056,https://monet.1vasiliadi.com/#w1664
1665,Кувшинки,Water-Lilies,Nymphéas,1904,90 × 92,частная коллекция,,,,,,цветная фотография,https://monet.1vasiliadi.com/img/1600/w1665.webp,https://commons.wikimedia.org/wiki/File:Monet_-_water-lilies-7.jpg,,https://monet.1vasiliadi.com/#w1665
1666,Пруд с кувшинками,Lily Pond,Le bassin des nymphéas,1904,88 × 91,музей,"Художественный музей Денвера, Денвер","Denver Art Museum, Denver",США,United States,,цветная фотография,https://monet.1vasiliadi.com/img/1600/w1666.webp,https://commons.wikimedia.org/wiki/File:Claude_Monet_-_Le_Bassin_des_Nympheas_-_Google_Art_Project.jpg,https://www.wikidata.org/wiki/Q28776283,https://monet.1vasiliadi.com/#w1666
1667,Кувшинки,Water-Lilies,Nymphéas,1904,90 × 92,музей,"Музей изящных искусств, Кан",Musée des Beaux-Arts de Caen,Франция,France,,скан из каталога,https://monet.1vasiliadi.com/img/1600/w1667.webp,https://commons.wikimedia.org/wiki/File:Monet_-_Wildenstein_1996%2C_1667.png,https://www.wikidata.org/wiki/Q105534732,https://monet.1vasiliadi.com/#w1667
1668,Мост над прудом с кувшинками,The Bridge over the Water-Lily Pond,"Bassin aux nymphéas, le pont",1905,90 × 100,частная коллекция,,,,,,скан из каталога,https://monet.1vasiliadi.com/img/1600/w1668.webp,https://commons.wikimedia.org/wiki/File:Monet_w1668.jpg,,https://monet.1vasiliadi.com/#w1668
1669,"Пруд с кувшинками, мостик","Lily Pond, the Bridge","Bassin aux nymphéas, le pont",1905,95 × 100,частная коллекция,,,,,,скан из каталога,https://monet.1vasiliadi.com/img/1600/w1669.webp,https://commons.wikimedia.org/wiki/File:Monet_-_Wildenstein_1996%2C_1669.png,,https://monet.1vasiliadi.com/#w1669
1670,Пруд с кувшинками и мост,The Water-Lily Pond and Bridge,"Bassin aux nymphéas, le pont",1905,86 × 100,частная коллекция,,,,,,скан из каталога,https://monet.1vasiliadi.com/img/1600/w1670.webp,https://commons.wikimedia.org/wiki/File:Monet_w1670.jpg,,https://monet.1vasiliadi.com/#w1670
1671,Кувшинки,Water-Lilies,Nymphéas,1905,89 × 100,музей,"Музей изящных искусств, Бостон","Museum of Fine Arts, Boston",США,United States,,цветная фотография,https://monet.1vasiliadi.com/img/1600/w1671.webp,https://commons.wikimedia.org/wiki/File:Claude_Monet_-_Nymph%C3%A9as_(1905).jpg,https://www.wikidata.org/wiki/Q20538929,https://monet.1vasiliadi.com/#w1671
1672,Кувшинки,Water-Lilies,Nymphéas,1905,89 × 99,частная коллекция,,,,,,цветная фотография,https://monet.1vasiliadi.com/img/1600/w1672.webp,https://commons.wikimedia.org/wiki/File:Claude_Monet%2C_Nymph%C3%A9as_(1905).jpg,https://www.wikidata.org/wiki/Q136341490,https://monet.1vasiliadi.com/#w1672
1673,Кувшинки,Water-Lilies,Nymphéas,1905,90 × 100,частная коллекция,,,США,United States,,скан из каталога,https://monet.1vasiliadi.com/img/1600/w1673.webp,https://commons.wikimedia.org/wiki/File:Monet_w1673.jpg,,https://monet.1vasiliadi.com/#w1673
1674,Кувшинки,Water-Lilies,Nymphéas,1905,90 × 100,частная коллекция,,,,,,скан из каталога,https://monet.1vasiliadi.com/img/1600/w1674.webp,https://commons.wikimedia.org/wiki/File:Monet_-_Wildenstein_1996%2C_1674.png,,https://monet.1vasiliadi.com/#w1674
1675,Кувшинки,Water-Lilies,Nymphéas,1905,89 × 92,частная коллекция,,,,,,скан из каталога,https://monet.1vasiliadi.com/img/1600/w1675.webp,https://commons.wikimedia.org/wiki/File:Monet_w1675.jpg,,https://monet.1vasiliadi.com/#w1675
1676,Кувшинки,Water-Lilies,Nymphéas,1905,89 × 100,частная коллекция,,,США,United States,Christie's 1996,скан из каталога,https://monet.1vasiliadi.com/img/1600/w1676.webp,https://commons.wikimedia.org/wiki/File:Monet_-_Wildenstein_1996%2C_1676.png,,https://monet.1vasiliadi.com/#w1676
1677,Кувшинки,Water-Lilies,Nymphéas,1905,,утрачена / местонахождение неизвестно,,,,,,скан из каталога,https://monet.1vasiliadi.com/img/1600/w1677.webp,https://commons.wikimedia.org/wiki/File:Monet_-_Wildenstein_1996%2C_1677.png,,https://monet.1vasiliadi.com/#w1677
1678,Кувшинки,Water-Lilies,Nymphéas,1905,73 × 105,частная коллекция,,,США,United States,,скан из каталога,https://monet.1vasiliadi.com/img/1600/w1678.webp,https://commons.wikimedia.org/wiki/File:Monet_w1678.jpg,,https://monet.1vasiliadi.com/#w1678
1679,Кувшинки,Water-Lilies,Nymphéas,1905,81 × 100.5,частная коллекция,,,,,Sotheby's 2015,цветная фотография,https://monet.1vasiliadi.com/img/1600/w1679.webp,https://commons.wikimedia.org/wiki/File:Claude_Monet_-_Nymph%C3%A9as_(W_1679).jpg,https://www.wikidata.org/wiki/Q136341491,https://monet.1vasiliadi.com/#w1679
1680,Кувшинки,Water-Lilies,Nymphéas,1905,82 × 101,музей,"Национальные музеи и галереи Уэльса, Кардифф","National Museums & Galleries of Wales, Cardiff",Великобритания,United Kingdom,,цветная фотография,https://monet.1vasiliadi.com/img/1600/w1680.webp,https://commons.wikimedia.org/wiki/File:Monet_-_Waterlilies%2C_NMW_A_2484.jpg,https://www.wikidata.org/wiki/Q107340205,https://monet.1vasiliadi.com/#w1680
1681,Кувшинки,Water-Lilies,Nymphéas,1905,73 × 105,частная коллекция,,,Мексика,Mexico,,скан из каталога,https://monet.1vasiliadi.com/img/1600/w1681.webp,https://commons.wikimedia.org/wiki/File:Monet_-_Wildenstein_1996%2C_1681.png,,https://monet.1vasiliadi.com/#w1681
1682,Кувшинки,Water-Lilies,Nymphéas,1906–07,73 × 100,частная коллекция,,,,,,скан из каталога,https://monet.1vasiliadi.com/img/1600/w1682.webp,https://commons.wikimedia.org/wiki/File:Monet_-_Wildenstein_1996%2C_1682.jpg,,https://monet.1vasiliadi.com/#w1682
1683,Кувшинки,Water Lilies,Nymphéas,1906,89.9 × 94.1,музей,Чикагский институт искусств,Art Institute of Chicago,США,United States,,цветная фотография,https://monet.1vasiliadi.com/img/1600/w1683.webp,https://www.artic.edu/artworks/16568,https://www.wikidata.org/wiki/Q20267671,https://monet.1vasiliadi.com/#w1683
1684,Кувшинки,Water-Lilies,Nymphéas,1906–07,90 × 100,частная коллекция,,,Франция,France,Sotheby's 2014,цветная фотография,https://monet.1vasiliadi.com/img/1600/w1684.webp,https://commons.wikimedia.org/wiki/File:Claude_Monet's_'Nympheas'_(1906).jpg,https://www.wikidata.org/wiki/Q136341495,https://monet.1vasiliadi.com/#w1684
1685,Кувшинки,Water-Lilies,Nymphéas,1906–07,81 × 92,частная коллекция,,,Франция,France,Sotheby's 2002,скан из каталога,https://monet.1vasiliadi.com/img/1600/w1685.webp,https://commons.wikimedia.org/wiki/File:Monet_w1685.jpg,,https://monet.1vasiliadi.com/#w1685
1686,Кувшинки,Water-Lilies,Nymphéas,1906–07,90 × 93,частная коллекция,,,,,Christie's 1999,цветная фотография,https://monet.1vasiliadi.com/img/1600/w1686.webp,https://commons.wikimedia.org/wiki/File:Monet_-_water-lilies-1907-1.jpg,,https://monet.1vasiliadi.com/#w1686
1687,Кувшинки,Water-Lilies,Nymphéas,1906–07,91 × 100,частная коллекция,,,Великобритания,United Kingdom,,скан из каталога,https://monet.1vasiliadi.com/img/1600/w1687.webp,https://commons.wikimedia.org/wiki/File:Monet_w1687.jpg,,https://monet.1vasiliadi.com/#w1687
1688,Кувшинки,Water-Lilies,Nymphéas,1906–07,81 × 92,музей,"Национальные музеи и галереи Уэльса, Кардифф","National Museums & Galleries of Wales, Cardiff",Великобритания,United Kingdom,,цветная фотография,https://monet.1vasiliadi.com/img/1600/w1688.webp,https://commons.wikimedia.org/wiki/File:Amgueddfa_Cymru_-_Lil%C3%AFau_D%C5%B5r_-_Waterlilies_-_222851.jpeg,https://www.wikidata.org/wiki/Q107340206,https://monet.1vasiliadi.com/#w1688
1689,Кувшинки,Water-Lilies,Nymphéas,1906–07,73 × 92,музей,"Художественный музей Охара, Курасики","Ohara Museum of Art, Kurashiki",Япония,Japan,,цветная фотография,https://monet.1vasiliadi.com/img/1600/w1689.webp,https://commons.wikimedia.org/wiki/File:Claude_Monet_-_Waterlilies_-_Google_Art_Project.jpg,https://www.wikidata.org/wiki/Q28777022,https://monet.1vasiliadi.com/#w1689
1690,Кувшинки,Water-Lilies,Nymphéas,1908,90 × 93,музей,"Художественный музей, Санкт-Галлен","Kunstmuseum, Saint Gallen",Япония,Japan,,цветная фотография,https://monet.1vasiliadi.com/img/1600/w1690.webp,https://commons.wikimedia.org/wiki/File:Claude_Monet_045.jpg,https://www.wikidata.org/wiki/Q94662998,https://monet.1vasiliadi.com/#w1690
1691,Кувшинки,Water-Lilies,Nymphéas,1907,81 × 92,музей,"Художественный музей, Ямагата","Museum of Art, Yamagata",Япония,Japan,,цветная фотография,https://monet.1vasiliadi.com/img/1600/w1691.webp,https://commons.wikimedia.org/wiki/File:Water_Lilies_by_Monet_(Yamagata_Museum_of_Art).jpg,https://www.wikidata.org/wiki/Q95911180,https://monet.1vasiliadi.com/#w1691
1692,Натюрморт с яйцами,Still Life with Eggs,Nature morte aux œufs,1907,73 × 92,частная коллекция,,,США,United States,,цветная фотография,https://monet.1vasiliadi.com/img/1600/w1692.webp,https://commons.wikimedia.org/wiki/File:Claude_Monet_-_Still_Life_with_Eggs.jpg,https://www.wikidata.org/wiki/Q3337113,https://monet.1vasiliadi.com/#w1692
1693,Натюрморт с яйцами,Still Life with Eggs,,1907,73 × 92,частная коллекция,,,,,,скан из каталога,https://monet.1vasiliadi.com/img/1600/w1693.webp,https://commons.wikimedia.org/wiki/File:Monet_-_Wildenstein_1996%2C_1693.png,,https://monet.1vasiliadi.com/#w1693
1694,Кувшинки,Water-Lilies,Nymphéas,1907,89 × 130,частная коллекция,Собрание Ставроса С. Ниархоса,Stavros S. Niarchos Collection,,,,скан из каталога,https://monet.1vasiliadi.com/img/1600/w1694.webp,https://commons.wikimedia.org/wiki/File:Monet_-_Wildenstein_1996%2C_1694.png,,https://monet.1vasiliadi.com/#w1694
1695,Кувшинки,Water-Lilies,Nymphéas,1907,81 × 100,музей,"Музей М. Халиля, Каир","Musée M Khalil, Cairo",Египет,Egypt,,скан из каталога,https://monet.1vasiliadi.com/img/1600/w1695.webp,https://commons.wikimedia.org/wiki/File:Monet_w1695.jpg,https://www.wikidata.org/wiki/Q84056527,https://monet.1vasiliadi.com/#w1695
1696,Кувшинки,Water-Lilies,Nymphéas,1907,81 × 92,музей,"Атенеум Уодсворта, Хартфорд","Wadsworth Atheneum, Hartford",США,United States,,цветная фотография,https://monet.1vasiliadi.com/img/1600/w1696.webp,https://commons.wikimedia.org/wiki/File:Monet_-_Nymph%C3%A9as_(Water_Lilies)%2C_1907.jpg,https://www.wikidata.org/wiki/Q87368194,https://monet.1vasiliadi.com/#w1696
1697,Кувшинки,Water-Lilies,Nymphéas,1907,90 × 93,музей,"Музей изящных искусств, Бостон","Museum of Fine Arts, Boston",США,United States,,цветная фотография,https://monet.1vasiliadi.com/img/1600/w1697.webp,https://commons.wikimedia.org/wiki/File:Monet_-_Water_Lilies%2C_1907%2C_19.170.jpg,https://www.wikidata.org/wiki/Q20538824,https://monet.1vasiliadi.com/#w1697
1698,Кувшинки,Water-Lilies,Nymphéas,1907,93 × 89,частная коллекция,,,,,Sotheby's 2022,цветная фотография,https://monet.1vasiliadi.com/img/1600/w1698.webp,https://commons.wikimedia.org/wiki/File:Claude_Monet_-_Nymph%C3%A9as_(W_1698).jpg,,https://monet.1vasiliadi.com/#w1698
1699,Кувшинки,Water-Lilies,Nymphéas,1907,93 × 99,музей,"Художественный музей Пола, Канагава","Pola Museum of Art, Kanagawa",Япония,Japan,,цветная фотография,https://monet.1vasiliadi.com/img/1600/w1699.webp,https://commons.wikimedia.org/wiki/File:%22Water-lilies%22_(1907)_by_Claude_Monet_-_Pola_Museum_of_Art%2C_Hakone_(Japan).jpg,https://www.wikidata.org/wiki/Q79790747,https://monet.1vasiliadi.com/#w1699
1700,Кувшинки,Water-Lilies,Nymphéas,1907,100 × 90,частная коллекция,,,,,,скан из каталога,https://monet.1vasiliadi.com/img/1600/w1700.webp,https://commons.wikimedia.org/wiki/File:Monet_-_Wildenstein_1996%2C_1700.png,,https://monet.1vasiliadi.com/#w1700
1701,Кувшинки,Water-Lilies,Nymphéas,1907,⌀ 81,музей,"Музей современного искусства, Сент-Этьен",Musée d'art moderne (Saint-Étienne),Франция,France,,цветная фотография,https://monet.1vasiliadi.com/img/1600/w1701.webp,https://commons.wikimedia.org/wiki/File:MAMC_Saint-%C3%89tienne%2C_Monet.jpg,https://www.wikidata.org/wiki/Q114627846,https://monet.1vasiliadi.com/#w1701
1702,Кувшинки,Water-Lilies,Nymphéas,1907,⌀ 81,музей,"Музей современного искусства, Сент-Этьен",Musée d'art moderne (Saint-Étienne),Франция,France,,скан из каталога,https://monet.1vasiliadi.com/img/1600/w1702.webp,https://commons.wikimedia.org/wiki/File:Monet_w1702.jpg,https://www.wikidata.org/wiki/Q141170929,https://monet.1vasiliadi.com/#w1702
1703,Кувшинки,Water-Lilies,Nymphéas,1907,91 × 81,музей,"Музей изящных искусств, Хьюстон","Museum of Fine Arts, Houston",США,United States,,цветная фотография,https://monet.1vasiliadi.com/img/1600/w1703.webp,https://commons.wikimedia.org/wiki/File:Monet%2C_Claude_-_Water_Lilies_(Nymph%C3%A9as)_-_Google_Art_Project.jpg,https://www.wikidata.org/wiki/Q28094131,https://monet.1vasiliadi.com/#w1703
1704,Кувшинки,Water-Lilies,Nymphéas,1907,92 × 73,частная коллекция,,,Япония,Japan,,скан из каталога,https://monet.1vasiliadi.com/img/1600/w1704.webp,https://commons.wikimedia.org/wiki/File:Monet_-_Wildenstein_1996%2C_1704.png,,https://monet.1vasiliadi.com/#w1704
1705,Кувшинки,Water-Lilies,Nymphéas,1907,92 × 73,частная коллекция,,,Япония,Japan,,скан из каталога,https://monet.1vasiliadi.com/img/1600/w1705.webp,https://commons.wikimedia.org/wiki/File:Monet_w1705.jpg,,https://monet.1vasiliadi.com/#w1705
1706,Кувшинки,Water-Lilies,Les Nymphéas,1907,92 × 73,музей,"Мемориальный художественный музей Кавамуры DIC, Сакура","Kawamura Memorial DIC Museum of Art, Sakura",Япония,Japan,,цветная фотография,https://monet.1vasiliadi.com/img/1600/w1706.webp,https://commons.wikimedia.org/wiki/File:Claude_Monet_-_Waterlilies_-_Google_Art_Project_(hgEnPzjBK2STHg).jpg,https://www.wikidata.org/wiki/Q74592960,https://monet.1vasiliadi.com/#w1706
1707,Кувшинки,Water-Lilies,Nymphéas,1907,100 × 82,частная коллекция,,,,,Christie's 2014,цветная фотография,https://monet.1vasiliadi.com/img/1600/w1707.webp,https://commons.wikimedia.org/wiki/File:Water_Lilies_by_Claude_Monet%2C_1907%2C_private_collection.JPG,https://www.wikidata.org/wiki/Q136341496,https://monet.1vasiliadi.com/#w1707
1708,Кувшинки,Water-Lilies,"Nymphéas, temps gris",1907,100 × 73,частная коллекция,,,,,Christie's 2022,скан из каталога,https://monet.1vasiliadi.com/img/1600/w1708.webp,https://commons.wikimedia.org/wiki/File:Monet_w1708.jpg,https://www.wikidata.org/wiki/Q136341497,https://monet.1vasiliadi.com/#w1708
1709,Кувшинки,Water-Lilies,Nymphéas,1907,106 × 73,частная коллекция,,,,,,скан из каталога,https://monet.1vasiliadi.com/img/1600/w1709.webp,https://commons.wikimedia.org/wiki/File:Monet_w1709.jpg,,https://monet.1vasiliadi.com/#w1709
1710,Кувшинки,Water-Lilies,Nymphéas dit aussi : Bassin aux nymphéas,1907,107 × 73,музей,"Музей Израиля, Иерусалим","Israel Museum, Jerusalem",Израиль,Israel,,цветная фотография,https://monet.1vasiliadi.com/img/1600/w1710.webp,https://commons.wikimedia.org/wiki/File:Claude_Monet_-_Pond_with_Water_Lilies_-_Google_Art_Project.jpg,https://www.wikidata.org/wiki/Q28776223,https://monet.1vasiliadi.com/#w1710
1711,Кувшинки,Water-Lilies,Nymphéas,1907,93 × 82,частная коллекция,,,,,,скан из каталога,https://monet.1vasiliadi.com/img/1600/w1711.webp,https://commons.wikimedia.org/wiki/File:Monet_-_Wildenstein_1996%2C_1711.png,,https://monet.1vasiliadi.com/#w1711
1712,Кувшинки,Water-Lilies,Nymphéas,1907,92 × 73,частная коллекция,,,,,,скан из каталога,https://monet.1vasiliadi.com/img/1600/w1712.webp,https://commons.wikimedia.org/wiki/File:Monet_-_Wildenstein_1996%2C_1712.png,,https://monet.1vasiliadi.com/#w1712
1713,Кувшинки,Water-Lilies,Nymphéas,1907,82 × 89,музей,"Мемориальный художественный музей Кубосо, Осака","Kuboso Memorial Museum of Art, Osaka",Япония,Japan,,цветная фотография,https://monet.1vasiliadi.com/img/1600/w1713.webp,https://commons.wikimedia.org/wiki/File:Monet_-_Waterlilies%2C_1907%2C_Kuboso.jpg,https://www.wikidata.org/wiki/Q93345885,https://monet.1vasiliadi.com/#w1713
1714,Кувшинки,Water-Lilies,Nymphéas,1907,100 × 73,музей,"Музей Мармоттан-Моне, Париж","Musée Marmottan Monet, Paris",Франция,France,,скан из каталога,https://monet.1vasiliadi.com/img/1600/w1714.webp,https://commons.wikimedia.org/wiki/File:Monet_-_Wildenstein_1996%2C_1714.png,https://www.wikidata.org/wiki/Q105099619,https://monet.1vasiliadi.com/#w1714
1715,Кувшинки,Water-Lilies,Nymphéas,1907,100 × 73,музей,"Художественный музей Бриджстоун, Токио","Bridgestone Museum of Art, Tokyo",Япония,Japan,,цветная фотография,https://monet.1vasiliadi.com/img/1600/w1715.webp,https://commons.wikimedia.org/wiki/File:Claude_Monet_-_Water-Lilies_(Bridgestone_Museum).jpg,https://www.wikidata.org/wiki/Q124254554,https://monet.1vasiliadi.com/#w1715
1716,Кувшинки,Water-Lilies,Nymphéas,1907,105 × 73,музей,Художественный музей Гётеборга,Gothenburg Museum of Art,Швеция,Sweden,,цветная фотография,https://monet.1vasiliadi.com/img/1600/w1716.webp,https://commons.wikimedia.org/wiki/File:Water_Lilies_(Claude_Monet)_-_Gothenburg_Museum_of_Art_-_GKM_2232.tif,https://www.wikidata.org/wiki/Q108187541,https://monet.1vasiliadi.com/#w1716
1717,Кувшинки,Water-Lilies,Nymphéas. Étude,1907,105 × 73,музей,"Музей Мармоттан-Моне, Париж","Musée Marmottan Monet, Paris",Франция,France,,скан из каталога,https://monet.1vasiliadi.com/img/1600/w1717.webp,https://commons.wikimedia.org/wiki/File:Monet_-_Wildenstein_1996%2C_1717.png,https://www.wikidata.org/wiki/Q105099608,https://monet.1vasiliadi.com/#w1717
1718,Кувшинки. Отражения на воде,"Water-Lilies, Reflections on the Water","Nymphéas, reflets sur l'eau",1907,73 × 92,музей,"Музей Альбера Андре, Баньоль-сюр-Сез","Musée A André, Bagnols-sur-Cèze",Франция,France,,скан из каталога,https://monet.1vasiliadi.com/img/1600/w1718.webp,https://commons.wikimedia.org/wiki/File:Monet_w1718.jpg,https://www.wikidata.org/wiki/Q91503298,https://monet.1vasiliadi.com/#w1718
1719,Кувшинки. Заходящее солнце,"Water-Lilies, Setting Sun",Nymphéas au soleil couchant,1907,73 × 93,музей,"Лондонская национальная галерея, Лондон","National Gallery, London",Великобритания,United Kingdom,,цветная фотография,https://monet.1vasiliadi.com/img/1600/w1719.webp,https://commons.wikimedia.org/wiki/File:Monet_-_Water-Lilies%2C_Setting_Sun.jpg,https://www.wikidata.org/wiki/Q26515639,https://monet.1vasiliadi.com/#w1719
1720,Пруд с кувшинками. Эскиз,"Water-Lily Pond, Sketch","Bassin aux nymphéas, esquisse",1907,73 × 107,частная коллекция,,,,,,скан из каталога,https://monet.1vasiliadi.com/img/1600/w1720.webp,https://commons.wikimedia.org/wiki/File:Monet_-_Wildenstein_1996%2C_1720.png,,https://monet.1vasiliadi.com/#w1720
1721,Кувшинки,Water-Lilies,Nymphéas,1907,90 × 92,частная коллекция,,,Япония,Japan,Christie's 2008,скан из каталога,https://monet.1vasiliadi.com/img/1600/w1721.webp,https://commons.wikimedia.org/wiki/File:Monet_w1721.jpg,https://www.wikidata.org/wiki/Q136341498,https://monet.1vasiliadi.com/#w1721
1722,Кувшинки,Water-Lilies,Nymphéas,1907,100 × 100,частная коллекция,,,,,,скан из каталога,https://monet.1vasiliadi.com/img/1600/w1722.webp,https://commons.wikimedia.org/wiki/File:Monet_-_Wildenstein_1996%2C_1722.png,,https://monet.1vasiliadi.com/#w1722
1723,Кувшинки,Water-Lilies,Nymphéas,1907,100 × 100,частная коллекция,,,,,"Christie's, New York, 1989",скан из каталога,https://monet.1vasiliadi.com/img/1600/w1723.webp,https://commons.wikimedia.org/wiki/File:Monet_w1723.jpg,https://www.wikidata.org/wiki/Q136341499,https://monet.1vasiliadi.com/#w1723
1724,Кувшинки,Water Lilies,Nymphéas,1908,⌀ 81,музей,Музей Вернона,Museum of Vernon,Франция,France,,цветная фотография,https://monet.1vasiliadi.com/img/1600/w1724.webp,https://commons.wikimedia.org/wiki/File:Monet-_Seerosen_-_1908.jpg,https://www.wikidata.org/wiki/Q26846569,https://monet.1vasiliadi.com/#w1724
1725,Кувшинки,Water-Lilies,Nymphéas,1908,92 × 81,частная коллекция,Собрание Каллиманопулоса,Callimanopulos Collection,,,,скан из каталога,https://monet.1vasiliadi.com/img/1600/w1725.webp,https://commons.wikimedia.org/wiki/File:Monet_w1725.jpg,,https://monet.1vasiliadi.com/#w1725
1726,Кувшинки,Water-Lilies,Nymphéas,1908,100 × 81,частная коллекция,,,Великобритания,United Kingdom,,скан из каталога,https://monet.1vasiliadi.com/img/1600/w1726.webp,https://commons.wikimedia.org/wiki/File:Monet_w1726.jpg,,https://monet.1vasiliadi.com/#w1726
1727,Кувшинки,Water-Lilies,Nymphéas,1908,92 × 89,частная коллекция,,,,,Sotheby's 2019,цветная фотография,https://monet.1vasiliadi.com/img/1600/w1727.webp,https://commons.wikimedia.org/wiki/File:Claude_Monet_-_Waterlilies_-_Nympheas_(1908).jpg,https://www.wikidata.org/wiki/Q136341500,https://monet.1vasiliadi.com/#w1727
1728,Кувшинки,Water-Lilies,Nymphéas,1908,92 × 89,частная коллекция,,,,,Sotheby's 2003,скан из каталога,https://monet.1vasiliadi.com/img/1600/w1728.webp,https://commons.wikimedia.org/wiki/File:Monet_-_Wildenstein_1996%2C_1728.jpg,https://www.wikidata.org/wiki/Q136341501,https://monet.1vasiliadi.com/#w1728
1729,Кувшинки,Water-Lilies,Nymphéas,1908,⌀ 80,музей,"Художественный музей Далласа, Даллас","Dallas Museum of Art, Dallas",США,United States,,цветная фотография,https://monet.1vasiliadi.com/img/1600/w1729.webp,https://commons.wikimedia.org/wiki/File:Exposici%C3%B3n_Monet._Luces_del_Impresionismo_en_el_MUNAL_41.jpg,https://www.wikidata.org/wiki/Q79162790,https://monet.1vasiliadi.com/#w1729
1730,Кувшинки,Water-Lilies,Nymphéas,1908,100 × 81,частная коллекция,,,,,,скан из каталога,https://monet.1vasiliadi.com/img/1600/w1730.webp,https://commons.wikimedia.org/wiki/File:Monet_-_Wildenstein_1996%2C_1730.png,,https://monet.1vasiliadi.com/#w1730
1731,Кувшинки,Water-Lilies,Nymphéas,1908,100 × 90,музей,"Художественный музей Фудзи, Токио",Tokyo Fuji Art Museum,Япония,Japan,,цветная фотография,https://monet.1vasiliadi.com/img/1600/w1731.webp,https://commons.wikimedia.org/wiki/File:Claude_Monet_-_Nymph%C3%A9as_(1908).jpg,https://www.wikidata.org/wiki/Q79889775,https://monet.1vasiliadi.com/#w1731
1732,Кувшинки,Water-Lilies,Nymphéas,1908,100 × 81,музей,"Национальный музей Уэльса, Кардифф","National Museum of Wales, Cardiff",Великобритания,United Kingdom,,цветная фотография,https://monet.1vasiliadi.com/img/1600/w1732.webp,https://commons.wikimedia.org/wiki/File:Monet_-_Waterlilies%2C_NMW_A_2480.jpg,https://www.wikidata.org/wiki/Q107340204,https://monet.1vasiliadi.com/#w1732
1733,Кувшинки,Water-Lilies,Nymphéas,1908,73 × 93,музей,Художественный музей Вустера,Worcester Art Museum,США,United States,,цветная фотография,https://monet.1vasiliadi.com/img/1600/w1733.webp,https://commons.wikimedia.org/wiki/File:Water_Lilies%2C_Water_Landscape%2C_1908%2C_by_Claude_Monet_(1840-1926)_-_IMG_7168.JPG,https://www.wikidata.org/wiki/Q38623024,https://monet.1vasiliadi.com/#w1733
1734,Кувшинки,Water-Lilies,Nymphéas,1908,86 × 90,частная коллекция,,,,,"Christie's, New York, 1984",скан из каталога,https://monet.1vasiliadi.com/img/1600/w1734.webp,https://commons.wikimedia.org/wiki/File:Monet_w1734.jpg,,https://monet.1vasiliadi.com/#w1734
1735,Кувшинки,Water-Lilies,Nymphéas,1908,100 × 81,частная коллекция,,,,,Sotheby's 2015,цветная фотография,https://monet.1vasiliadi.com/img/1600/w1735.webp,https://commons.wikimedia.org/wiki/File:Nymph%C3%A9as_(1908)_Claude_Monet_(W_1735).jpg,https://www.wikidata.org/wiki/Q136341502,https://monet.1vasiliadi.com/#w1735
1736,Гранд-канал,The Grand Canal,"Grand Canal, Venise",1908,73 × 92,музей,Музеи изящных искусств Сан-Франциско,Fine Arts Museums of San Francisco,США,United States,,цветная фотография,https://monet.1vasiliadi.com/img/1600/w1736.webp,https://commons.wikimedia.org/wiki/File:Claude_Monet_-_Grand_Canal%2C_Venise_(1908)_-_Fine_Arts_Museums_of_San_Francisco.jpg,https://www.wikidata.org/wiki/Q20198657,https://monet.1vasiliadi.com/#w1736
1737,Большой канал и Санта-Мария-делла-Салюте,The Grand Canal and Santa Maria della Salute,Le Grand Canal,1908,73 × 92,музей,"Фонд Бейелер, Рихен","Beyeler Foundation, Riehen",Швейцария,Switzerland,,цветная фотография,https://monet.1vasiliadi.com/img/1600/w1737.webp,https://commons.wikimedia.org/wiki/File:Claude_Monet%2C_Le_Grand_Canal.jpg,,https://monet.1vasiliadi.com/#w1737
1738,Гранд-канал,The Grand Canal,Le Grand Canal,1908,73 × 92,музей,"Музей изящных искусств, Бостон","Museum of Fine Arts, Boston",США,United States,,нет,,,https://www.wikidata.org/wiki/Q19564337,https://monet.1vasiliadi.com/#w1738
1739,Гранд-канал,The Grand Canal,"Le Grand Canal, Venise",1908,73 × 92,частная коллекция,,,,,,цветная фотография,https://monet.1vasiliadi.com/img/1600/w1739.webp,https://commons.wikimedia.org/wiki/File:Claude_Monet_-_Le_Grand_Canal_-_Nahmad_Collection.jpg,https://www.wikidata.org/wiki/Q26689479,https://monet.1vasiliadi.com/#w1739
1740,Большой канал и Санта-Мария-делла-Салюте,The Grand Canal and Santa Maria della Salute,Le Grand Canal et Santa Maria della Salute,1908,73 × 92,частная коллекция,,,Швейцария,Switzerland,,цветная фотография,https://monet.1vasiliadi.com/img/1600/w1740.webp,https://commons.wikimedia.org/wiki/File:Claude_Monet_-_Le_Grand_Canal_et_Santa_Maria_della_Salute_W_1740.jpg,https://www.wikidata.org/wiki/Q136341503,https://monet.1vasiliadi.com/#w1740
1741,Большой канал. Венеция,"The Grand Canal, Venice",Le Grand Canal,1908,81 × 92,частная коллекция,,,Япония,Japan,,скан из каталога,https://monet.1vasiliadi.com/img/1600/w1741.webp,https://commons.wikimedia.org/wiki/File:Monet_w1741.jpg,,https://monet.1vasiliadi.com/#w1741
1742,Дворец дожей,The Ducal Palace,,1908,73 × 92,частная коллекция,,,,,,скан из каталога,https://monet.1vasiliadi.com/img/1600/w1742.webp,https://commons.wikimedia.org/wiki/File:Monet_-_Wildenstein_1996%2C_1742.png,,https://monet.1vasiliadi.com/#w1742
1743,Дворец дожей,The Doges' Palace,Le Palais des Doges,1908,81 × 100,музей,"Бруклинский музей, Нью-Йорк","Brooklyn Museum, New York",США,United States,,цветная фотография,https://monet.1vasiliadi.com/img/1600/w1743.webp,https://commons.wikimedia.org/wiki/File:Claude_Monet_-_The_Doges_Palace_(Le_Palais_ducal)_-_Google_Art_Project.jpg,https://www.wikidata.org/wiki/Q28796932,https://monet.1vasiliadi.com/#w1743
1744,Дворец дожей,The Doges' Palace (also known as Le Palais Ducal),Le Palais ducal,1908,80 × 92,частная коллекция,,,,,,цветная фотография,https://monet.1vasiliadi.com/img/1600/w1744.webp,https://commons.wikimedia.org/wiki/File:Le_Palais_Ducal_by_Claude_Monet%2C_1908%2C_w1744.jpg,https://www.wikidata.org/wiki/Q130877767,https://monet.1vasiliadi.com/#w1744
1745,Сан-Джорджо-Маджоре,San Giorgio Maggiore,Saint-Georges Majeur,1908,60 × 73,частная коллекция,,,Япония,Japan,,цветная фотография,https://monet.1vasiliadi.com/img/1600/w1745.webp,https://commons.wikimedia.org/wiki/File:Saint-Georges_Majeur_(1908)_Claude_Monet_(W_1745).jpg,,https://monet.1vasiliadi.com/#w1745
1746,Сан-Джорджо-Маджоре,San Giorgio Maggiore,Saint-Georges Majeur,1908,60 × 73,частная коллекция,,,,,,скан из каталога,https://monet.1vasiliadi.com/img/1600/w1746.webp,https://commons.wikimedia.org/wiki/File:Monet_w1746.jpg,,https://monet.1vasiliadi.com/#w1746
1747,Сан-Джорджо-Маджоре,San Giorgio Maggiore,"San Giorgio Maggiore, Venise",1908,60 × 80,музей,"Национальный музей, Кардифф",National Museum Cardiff,Великобритания,United Kingdom,,цветная фотография,https://monet.1vasiliadi.com/img/1600/w1747.webp,https://commons.wikimedia.org/wiki/File:Amgueddfa_Cymru_-_San_Giorgio_Maggiore_-_222942.jpeg,https://www.wikidata.org/wiki/Q48092673,https://monet.1vasiliadi.com/#w1747
1748,Сан-Джорджо-Маджоре,San Giorgio Maggiore,Saint-Georges Majeur,1908,65 × 92,частная коллекция,,,,,,скан из каталога,https://monet.1vasiliadi.com/img/1600/w1748.webp,https://commons.wikimedia.org/wiki/File:Monet_w1748.jpg,,https://monet.1vasiliadi.com/#w1748
1749,Сан-Джорджо-Маджоре,San Giorgio Maggiore,,1908,65 × 92,музей,Художественный музей Индианаполиса,Indianapolis Museum of Art,США,United States,,цветная фотография,https://monet.1vasiliadi.com/img/1600/w1749.webp,https://commons.wikimedia.org/wiki/File:Monet%2C_Claude_-_The_Church_of_San_Giorgio_Maggiore%2C_Venice_-_Google_Art_Project.jpg,https://www.wikidata.org/wiki/Q27895791,https://monet.1vasiliadi.com/#w1749
1750,Сан-Джорджо-Маджоре в сумерках,San Giorgio Maggiore by twilight,Saint-Georges Majeur,1908,59 × 81,частная коллекция,,,,,,скан из каталога,https://monet.1vasiliadi.com/img/1600/w1750.webp,https://commons.wikimedia.org/wiki/File:Monet_w1750.jpg,,https://monet.1vasiliadi.com/#w1750
1751,"Дворец дожей, вид с острова Сан-Джорджо-Маджоре",Ducal Palace seen from San Giorgio Maggiore,Le Palais Ducal vu de Saint-Georges Majeur,1908,65 × 100,музей,"Кунстхаус, Цюрих","Kunsthaus Zürich, Zurich",Швейцария,Switzerland,,цветная фотография,https://monet.1vasiliadi.com/img/1600/w1751.webp,https://commons.wikimedia.org/wiki/File:Claude_Monet_Le_Palais_Ducal_vu_de_Saint-Georges_Majeur_(W_1751).jpg,https://www.wikidata.org/wiki/Q124252684,https://monet.1vasiliadi.com/#w1751
1752,"Дворец дожей, вид с Сан-Джорджо-Маджоре",The Doges' Palace Seen from San Giorgio Maggiore,Le Palais ducal vu de Saint-Georges Majeur,1908,65 × 100,частная коллекция,,,Франция,France,,цветная фотография,https://monet.1vasiliadi.com/img/1600/w1752.webp,https://commons.wikimedia.org/wiki/File:'Le_Palais_Ducal_vu_de_Saint-Georges_Majeur'_by_Claude_Monet%2C_1908.jpg,,https://monet.1vasiliadi.com/#w1752
1753,"Дворец дожей, вид с Сан-Джорджо-Маджоре",The Doge's Palace Seen from San Giorgio Maggiore,Le Palais ducal vu de Saint-Georges Majeur,1908,65 × 92,частная коллекция,,,Швейцария,Switzerland,,скан из каталога,https://monet.1vasiliadi.com/img/1600/w1753.webp,https://commons.wikimedia.org/wiki/File:Monet_-_Wildenstein_1996%2C_1753.png,,https://monet.1vasiliadi.com/#w1753
1754,"Дворец дожей, вид с Сан-Джорджо-Маджоре",The Doges' Palace Seen from San Giorgio Maggiore,Le Palais ducal vu de Saint-Georges Majeur,1908,65 × 92,частная коллекция,,,,,,скан из каталога,https://monet.1vasiliadi.com/img/1600/w1754.webp,https://commons.wikimedia.org/wiki/File:Monet_-_Wildenstein_1996%2C_1754.jpg,,https://monet.1vasiliadi.com/#w1754
1755,"Дворец дожей, вид с Сан-Джорджо-Маджоре",The Doges' Palace Seen from San Giorgio Maggiore,,1908,65 × 92,музей,"Метрополитен-музей, Нью-Йорк","Metropolitan Museum of Art, New York",США,United States,,цветная фотография,https://monet.1vasiliadi.com/img/1600/w1755.webp,https://commons.wikimedia.org/wiki/File:The_Doge's_Palace_Seen_from_San_Giorgio_Maggiore_MET_DT1904.jpg,https://www.wikidata.org/wiki/Q19914267,https://monet.1vasiliadi.com/#w1755
1756,"Дворец дожей, вид с Сан-Джорджо-Маджоре",The Doges' Palace Seen from San Giorgio Maggiore,Le Palais Ducal vu de Saint-Georges Majeur,1908,65 × 100,музей,"Музей Соломона Гуггенхайма, Нью-Йорк","Solomon R. Guggenheim Museum, New York",США,United States,,цветная фотография,https://monet.1vasiliadi.com/img/1600/w1756.webp,https://commons.wikimedia.org/wiki/File:Claude_Monet._The_Palazzo_Ducale%2C_Seen_from_San_Giorgio_Maggiore_(Le_Palais_Ducal_vu_de_Saint-Georges_Majeur)%2C_1908_(48813686101).jpg,https://www.wikidata.org/wiki/Q19882862,https://monet.1vasiliadi.com/#w1756
1757,Палаццо Дарио,Palazzo Dario,,1908,65 × 81,музей,Чикагский институт искусств,Art Institute of Chicago,США,United States,,цветная фотография,https://monet.1vasiliadi.com/img/1600/w1757.webp,https://commons.wikimedia.org/wiki/File:Monet_-_Venice%2C_Palazzo_Dario%2C_1908.jpg,https://www.wikidata.org/wiki/Q20268687,https://monet.1vasiliadi.com/#w1757
1758,Палаццо Дарио,Palazzo Dario,Le Palais Dario,1908,81 × 66,частная коллекция,,,,,"Christie's, New York, 1995",цветная фотография,https://monet.1vasiliadi.com/img/1600/w1758.webp,https://commons.wikimedia.org/wiki/File:%22Le_Palais_Dario%22_(1908)_by_Claude_Monet_(W_1758)_-_Sotheby's_2007.jpg,https://www.wikidata.org/wiki/Q49447496,https://monet.1vasiliadi.com/#w1758
1759,Палаццо Дарио,Palazzo Dario,Le Palais Dario,1908,92 × 73,музей,"Национальный музей, Кардифф",National Museum Cardiff,Великобритания,United Kingdom,,цветная фотография,https://monet.1vasiliadi.com/img/1600/w1759.webp,https://commons.wikimedia.org/wiki/File:Amgueddfa_Cymru_-_Y_Palazzo_Dario_-_The_Palazzo_Dario_-_222918.jpeg,https://www.wikidata.org/wiki/Q67197627,https://monet.1vasiliadi.com/#w1759
1760,Палаццо Дарио,Palazzo Dario,Le Palais Dario,1908,56 × 65,частная коллекция,,,США,United States,,цветная фотография,https://monet.1vasiliadi.com/img/1600/w1760.webp,https://commons.wikimedia.org/wiki/File:Claude_Monet_-_Le_Palais_Dario_(W_1760).jpg,https://www.wikidata.org/wiki/Q138881190,https://monet.1vasiliadi.com/#w1760
1761,Рио-делла-Салюте,Rio della Salute,Le Rio de la Salute,1908,81 × 65,частная коллекция,,,США,United States,,цветная фотография,https://monet.1vasiliadi.com/img/1600/w1761.webp,https://commons.wikimedia.org/wiki/File:Claude_Monet_-_Le_rio_de_la_salute_(W_2001a).jpg,https://www.wikidata.org/wiki/Q106926148,https://monet.1vasiliadi.com/#w1761
1762,Рио-делла-Салюте,Rio della Salute,Le Rio de la Salute,1908,81 × 65,музей,"Собрание Хассо Платтнера, Музей Барберини, Потсдам","Hasso Plattner Collection, Museum Barberini, Potsdam",Германия,Germany,,цветная фотография,https://monet.1vasiliadi.com/img/1600/w1762.webp,https://commons.wikimedia.org/wiki/File:MB-Mon-30_Monet_Der-Rio-della-Salute.jpg,https://www.wikidata.org/wiki/Q106884063,https://monet.1vasiliadi.com/#w1762
1763,Рио-делла-Салюте,Rio della Salute,,1908,100 × 65,музей,"Художественный музей Пола, Хаконэ","Pola Museum of Art, Hakone",Япония,Japan,,цветная фотография,https://monet.1vasiliadi.com/img/1600/w1763.webp,https://commons.wikimedia.org/wiki/File:Claude_Monet_-_The_Rio_della_Salute.jpg,https://www.wikidata.org/wiki/Q79790753,https://monet.1vasiliadi.com/#w1763
1764,Палаццо да Мула,Palazzo da Mula,Le Palais da Mula,1908,62 × 81,музей,"Национальная галерея искусства, Вашингтон","National Gallery of Art, Washington D.C.",США,United States,,цветная фотография,https://monet.1vasiliadi.com/img/1600/w1764.webp,https://www.nga.gov/collection/art-object-page.46657.html,https://www.wikidata.org/wiki/Q20191180,https://monet.1vasiliadi.com/#w1764
1765,Палаццо да Мула,Palazzo da Mula,Le palais de Mula,1908,65 × 92,частная коллекция,,,,,,цветная фотография,https://monet.1vasiliadi.com/img/1600/w1765.webp,https://commons.wikimedia.org/wiki/File:Claude_Monet_-_Le_palais_da_Mula.jpg,https://www.wikidata.org/wiki/Q48976852,https://monet.1vasiliadi.com/#w1765
1766,Палаццо Контарини,Palazzo Contarini,Le Palais Contarini,1908,73 × 92,музей,"Музей Барберини, Потсдам","Museum Barberini, Potsdam",Германия,Germany,,цветная фотография,https://monet.1vasiliadi.com/img/1600/w1766.webp,https://commons.wikimedia.org/wiki/File:Barberini_August_2023-Claude_Monet_-_Palazzo_Contarini%2C_1908_-_Sammlung_Hasso_Plattner.jpg,https://www.wikidata.org/wiki/Q66486301,https://monet.1vasiliadi.com/#w1766
1767,Палаццо Контарини,Palazzo Contarini,Le Palais Contarini,1908,92 × 81,музей,Художественный музей Санкт-Галлена,Kunstmuseum St. Gallen,Швейцария,Switzerland,,цветная фотография,https://monet.1vasiliadi.com/img/1600/w1767.webp,https://commons.wikimedia.org/wiki/File:Claude_Monet_-_Palazzo_Contarini%2C_Venice.jpg,https://www.wikidata.org/wiki/Q114413855,https://monet.1vasiliadi.com/#w1767
1768,Сан-Джорджо-Маджоре в сумерках,San Giorgio Maggiore at Dusk,San Giorgio Maggiore au crépuscule,1908,65 × 92,музей,"Национальный музей, Кардифф",National Museum Cardiff,Великобритания,United Kingdom,,цветная фотография,https://monet.1vasiliadi.com/img/1600/w1768.webp,https://commons.wikimedia.org/wiki/File:Amgueddfa_Cymru_-_San_Giorgio_Maggiore_yn_y_Gwyll_-_San_Giorgio_Maggiore%2C_Twilight_-_220983.jpeg,https://www.wikidata.org/wiki/Q3947218,https://monet.1vasiliadi.com/#w1768
1769,Сумерки. Венеция,"Twilight, Venice",Crépuscule à Venise,1908,73 × 92,музей,"Музей Артизон, Токио","Artizon Museum, Tokyo",Япония,Japan,,цветная фотография,https://monet.1vasiliadi.com/img/1600/w1769.webp,https://commons.wikimedia.org/wiki/File:Monet%2C_Claude_-_Twilight%2C_Venice_-_Artizon_Museum.jpg,https://www.wikidata.org/wiki/Q47781873,https://monet.1vasiliadi.com/#w1769
1770,Дворец дожей,The Palazzo Ducale,Le Palais ducal,1908,57 × 92,музей,"Собрание Хассо Платтнера, Музей Барберини, Потсдам","Hasso Plattner Collection, Museum Barberini, Potsdam",Германия,Germany,,цветная фотография,https://monet.1vasiliadi.com/img/1600/w1770.webp,https://commons.wikimedia.org/wiki/File:Claude_Monet_-_Le_Palais_Ducal.jpg,https://www.wikidata.org/wiki/Q48976445,https://monet.1vasiliadi.com/#w1770
1771,Красный дом,The Red House,La maison rouge,1908,65 × 81,частная коллекция,,,,,"Christie's, New York, 1986",цветная фотография,https://monet.1vasiliadi.com/img/1600/w1771.webp,https://commons.wikimedia.org/wiki/File:Claude_Monet_-_The_red_house.jpg,https://www.wikidata.org/wiki/Q138881194,https://monet.1vasiliadi.com/#w1771
1772,Гондола в Венеции,Gondola in Venice,Gondole à Venise,1908,81 × 55,музей,"Музей искусств, Нант",Musée d'Arts de Nantes,Франция,France,,цветная фотография,https://monet.1vasiliadi.com/img/1600/w1772.webp,https://commons.wikimedia.org/wiki/File:Claude_Monet_-_Gondel_in_Venedig_.jpg,https://www.wikidata.org/wiki/Q17627443,https://monet.1vasiliadi.com/#w1772
1773,Стог на закате,Grainstack at Sunset,"Meule, soleil couchant",1908,11.7 × 19,частная коллекция,,,,,Sotheby's 2014,цветная фотография,https://monet.1vasiliadi.com/img/1600/w1773.webp,https://commons.wikimedia.org/wiki/File:Meule%2C_soleil_couchant_(1909)_oil_on_vellum_-_Claude_Monet_(W_1773).jpg,,https://monet.1vasiliadi.com/#w1773
1774,Пейзаж в Пор-Вийе,Landscape at Port-Villez,Paysage à Port-Villez,1908–12,10.5 × 18,музей,"Национальный музей западного искусства, Токио","National Museum of Western Art, Tokyo",Япония,Japan,,скан из каталога,https://monet.1vasiliadi.com/img/1600/w1774.webp,https://commons.wikimedia.org/wiki/File:Monet_w1774.jpg,,https://monet.1vasiliadi.com/#w1774
1775,Сена в Пор-Вийе,The Seine at Port-Villez,La Seine à Port-Villez,1908–12,14.6 × 22.8,частная коллекция,,,,,,цветная фотография,https://monet.1vasiliadi.com/img/1600/w1775.webp,https://commons.wikimedia.org/wiki/File:LA_SEINE_%C3%80_PORT-VILLEZ_(1908-1909)_Claude_Monet_(W_1775).jpg,,https://monet.1vasiliadi.com/#w1775
1776,Сена в Пор-Вийе,The Seine at Port-Villez,La Seine à Port-Villez,1908–12,17.5 × 24,частная коллекция,,,,,Christie's 2022,цветная фотография,https://monet.1vasiliadi.com/img/1600/w1776.webp,https://commons.wikimedia.org/wiki/File:LA_SEINE_%C3%80_PORT-VILLEZ_(1909)_Claude_Monet_(W_1776).jpg,,https://monet.1vasiliadi.com/#w1776
1777,Дом художника в Живерни,The Artist's House at Giverny,La Maison de l'artiste à Giverny,1913,73 × 73,частная коллекция,,,,,Christie's 2019,цветная фотография,https://monet.1vasiliadi.com/img/1600/w1777.webp,https://commons.wikimedia.org/wiki/File:La_maison_de_l'artiste_%C3%A0_Giverny_(1912)_Claude_Monet_(W_1777).jpg,,https://monet.1vasiliadi.com/#w1777
1778,Дом художника в Живерни,The Artist's House at Giverny,La Maison de l'artiste à Giverny,1913,73 × 92,частная коллекция,,,Франция,France,Christie's 2004,цветная фотография,https://monet.1vasiliadi.com/img/1600/w1778.webp,https://commons.wikimedia.org/wiki/File:The_Artist's_House_at_Giverny_by_Claude_Monet%2C_private_collection.JPG,,https://monet.1vasiliadi.com/#w1778
1779,Цветочные арки в Живерни,The Flowered Arches at Giverny,"Les arceaux fleuris, Giverny",1913,81 × 92,музей,Художественный музей Финикса,Phoenix Art Museum,США,United States,,цветная фотография,https://monet.1vasiliadi.com/img/1600/w1779.webp,https://commons.wikimedia.org/wiki/File:Claude_Monet_Phoenix_Art_Museum.jpg,https://www.wikidata.org/wiki/Q63033941,https://monet.1vasiliadi.com/#w1779
1780,Арки из роз в Живерни,Rose Arches at Giverny (also known as The Floral Arch),"Les Arceaux de roses, Giverny",1913,81 × 92,частная коллекция,,,США,United States,,цветная фотография,https://monet.1vasiliadi.com/img/1600/w1780.webp,https://commons.wikimedia.org/wiki/File:Claude_Monet_-_Les_arceaux_de_roses%2C_Giverny_(Les_arceaux_fleuris).jpg,https://www.wikidata.org/wiki/Q136341504,https://monet.1vasiliadi.com/#w1780
1781,Пруд с кувшинками. Арки с розами,"The Water-Lily Pond, Rose Arches","Bassin aux nymphéas, les rosiers",1914–1917,73 × 100,частная коллекция,,,Франция,France,,цветная фотография,https://monet.1vasiliadi.com/img/1600/w1781.webp,https://commons.wikimedia.org/wiki/File:Bassin_aux_nymph%C3%A9as%2C_les_rosiers_(1913)_Claude_Monet_(1781).jpg,https://www.wikidata.org/wiki/Q136341524,https://monet.1vasiliadi.com/#w1781
1782,Кувшинки с отражениями зелёной травы,Water-Lilies with Reflections of Green Grasses,Nymphéas avec reflets de hautes herbes,1914–1917,130 × 200,частная коллекция,,,,,Sotheby's 2013,цветная фотография,https://monet.1vasiliadi.com/img/1600/w1782.webp,https://commons.wikimedia.org/wiki/File:CLAUDE_MONET_1840_-_1926_NYMPH%C3%89AS_AVEC_REFLETS_DE_HAUTES_HERBES.jpg,https://www.wikidata.org/wiki/Q136341525,https://monet.1vasiliadi.com/#w1782
1783,Кувшинки,Water-Lilies,Nymphéas,1914–1917,130 × 200,музей,"Музей Мармоттан-Моне, Париж","Musée Marmottan Monet, Paris",Франция,France,,скан из каталога,https://monet.1vasiliadi.com/img/1600/w1783.webp,https://commons.wikimedia.org/wiki/File:Monet_w1783.jpg,https://www.wikidata.org/wiki/Q105099588,https://monet.1vasiliadi.com/#w1783
1784,Кувшинки,Water-Lilies,Nymphéas,1914–1917,130 × 200,частная коллекция,,,,,,скан из каталога,https://monet.1vasiliadi.com/img/1600/w1784.webp,https://commons.wikimedia.org/wiki/File:Monet_w1784.jpg,,https://monet.1vasiliadi.com/#w1784
1785,Кувшинки,Water-Lilies,Nymphéas,1914–1917,150 × 200,частная коллекция,,,,,,скан из каталога,https://monet.1vasiliadi.com/img/1600/w1785.webp,https://commons.wikimedia.org/wiki/File:Monet_-_Wildenstein_1996%2C_1785.png,,https://monet.1vasiliadi.com/#w1785
1786,Кувшинки,Water-Lilies,Nymphéas,1914–1917,130 × 150,частная коллекция,,,,,,скан из каталога,https://monet.1vasiliadi.com/img/1600/w1786.webp,https://commons.wikimedia.org/wiki/File:Monet_w1786.jpg,,https://monet.1vasiliadi.com/#w1786
1787,Кувшинки,Water-Lilies,Nymphéas,1914–1917,135 × 145,частная коллекция,,,Франция,France,,скан из каталога,https://monet.1vasiliadi.com/img/1600/w1787.webp,https://commons.wikimedia.org/wiki/File:Monet_-_Wildenstein_1996%2C_1787.png,,https://monet.1vasiliadi.com/#w1787
1788,Кувшинки,Water-Lilies,Nymphéas rouges,1914–1917,180 × 146,музей,Музеи изящных искусств Сан-Франциско,"Fine Arts Museum, San Francisco",США,United States,,цветная фотография,https://monet.1vasiliadi.com/img/1600/w1788.webp,https://commons.wikimedia.org/wiki/File:Water_Lilies_by_Claude_Monet%2C_California_Palace_of_the_Legion_of_Honor_1973.3.JPG,https://www.wikidata.org/wiki/Q20198390,https://monet.1vasiliadi.com/#w1788
1789,Кувшинки,Water Lilies,Nymphéas,1914–1917,175 × 135,частная коллекция,,,Швейцария,Switzerland,,скан из каталога,https://monet.1vasiliadi.com/img/1600/w1789.webp,https://commons.wikimedia.org/wiki/File:Monet_-_Wildenstein_1996%2C_1789.png,https://www.wikidata.org/wiki/Q136341507,https://monet.1vasiliadi.com/#w1789
1790,Цветущие кувшинки,Water Lilies in Bloom,Nymphéas en fleur,1914–1917,160 × 180,частная коллекция,,,США,United States,Christie's 2018,цветная фотография,https://monet.1vasiliadi.com/img/1600/w1790.webp,https://commons.wikimedia.org/wiki/File:Claude_Monet_-_Nympheas_en_fleur.jpg,https://www.wikidata.org/wiki/Q115801348,https://monet.1vasiliadi.com/#w1790
1791,Кувшинки,Water Lilies,Nymphéas,1914–1917,150 × 200,музей,"Музей Мармоттан-Моне, Париж","Musée Marmottan Monet, Paris",Франция,France,,скан из каталога,https://monet.1vasiliadi.com/img/1600/w1791.webp,https://commons.wikimedia.org/wiki/File:Monet_w1791.jpg,https://www.wikidata.org/wiki/Q105099609,https://monet.1vasiliadi.com/#w1791
1792,Кувшинки,Water Lilies,Nymphéas,1914–1917,150 × 200,частная коллекция,,,,,Sotheby's 2004,цветная фотография,https://monet.1vasiliadi.com/img/1600/w1792.webp,https://commons.wikimedia.org/wiki/File:Nymph%C3%A9as_(1914-1917)_Claude_Monet_(W_1792).jpg,https://www.wikidata.org/wiki/Q136341508,https://monet.1vasiliadi.com/#w1792
1793,Кувшинки,Water Lilies,Nymphéas,1914–1917,152 × 200,музей,"Художественный музей «Вилла Асахи в Ямадзаки», Киото","Asahi beer Oyamazaki Villa Museum of Art, Kyoto",Япония,Japan,,цветная фотография,https://monet.1vasiliadi.com/img/1600/w1793.webp,https://commons.wikimedia.org/wiki/File:Water_Lilies_(1914-1917)_Claude_Monet_-_Asahi_Group_Sanso_Museum_(W_1793).jpg,https://www.wikidata.org/wiki/Q95689720,https://monet.1vasiliadi.com/#w1793
1794,Кувшинки,Water Lilies,Nymphaea,1914–1917,130 × 90,музей,"Музей современного искусства, Гумма","Museum of Modern Art, Gunma",Япония,Japan,,цветная фотография,https://monet.1vasiliadi.com/img/1600/w1794.webp,https://commons.wikimedia.org/wiki/File:Monet_-_water-lilies-1917-7.jpg,https://www.wikidata.org/wiki/Q66991870,https://monet.1vasiliadi.com/#w1794
1795,Кувшинки,Water Lilies,Nymphéas,1915,160 × 180,музей,"Художественный музей Портленда, Орегон","Portland Art Museum, Oregon",США,United States,,цветная фотография,https://monet.1vasiliadi.com/img/1600/w1795.webp,https://commons.wikimedia.org/wiki/File:Waterlillies_by_Claude_Monet_c_1914_-_Portland_Art_Museum.JPG,https://www.wikidata.org/wiki/Q84243169,https://monet.1vasiliadi.com/#w1795
1796,Кувшинки,Water-Lilies,Nymphéas,1915,151 × 200,музей,"Новая пинакотека, Мюнхен","Neue Pinakothek, Munich",Германия,Germany,,цветная фотография,https://monet.1vasiliadi.com/img/1600/w1796.webp,https://commons.wikimedia.org/wiki/File:Nympheas_71293_3.jpg,https://www.wikidata.org/wiki/Q29946168,https://monet.1vasiliadi.com/#w1796
1797,Кувшинки,Water Lilies,Nymphéas,1914–1917,130 × 153,музей,"Музей Мармоттан-Моне, Париж","Musée Marmottan Monet, Paris",Франция,France,,цветная фотография,https://monet.1vasiliadi.com/img/1600/w1797.webp,https://commons.wikimedia.org/wiki/File:Claude_Monet_Nympheas_1915_Musee_Marmottan_Paris.jpg,https://www.wikidata.org/wiki/Q50415946,https://monet.1vasiliadi.com/#w1797
1798,Кувшинки,Water Lilies,Nymphéas,1914–1917,132 × 84,частная коллекция,,,,,Sotheby's 2022,скан из каталога,https://monet.1vasiliadi.com/img/1600/w1798.webp,https://commons.wikimedia.org/wiki/File:Monet_-_Wildenstein_1996%2C_1798.png,https://www.wikidata.org/wiki/Q136341509,https://monet.1vasiliadi.com/#w1798
1799,Кувшинки,Water Lilies,Nymphéas,1914–1917,170 × 122,частная коллекция,,,Франция,France,Christie's 2003,цветная фотография,https://monet.1vasiliadi.com/img/1600/w1799.webp,https://commons.wikimedia.org/wiki/File:Monet_-_water-lilies-1917-2.jpg,https://www.wikidata.org/wiki/Q136341510,https://monet.1vasiliadi.com/#w1799
1800,Кувшинки,Water Lilies,Nymphéas,1916,200 × 200,музей,"Национальный музей западного искусства, Токио","National Museum of Western Art, Tokyo",Япония,Japan,,цветная фотография,https://monet.1vasiliadi.com/img/1600/w1800.webp,https://commons.wikimedia.org/wiki/File:%E3%82%AF%E3%83%AD%E3%83%BC%E3%83%89%E3%83%BB%E3%83%A2%E3%83%8D%EF%BC%88Claude_Monet%EF%BC%89%E3%80%8A%E7%9D%A1%E8%93%AE%EF%BC%88Water_Lilies%EF%BC%89%E3%80%8B1916%EF%BC%88%E5%A4%A7%E6%AD%A35%EF%BC%89%E5%B9%B4%E3%80%81%E5%9B%BD%E7%AB%8B%E8%A5%BF%E6%B4%8B%E7%BE%8E%E8%A1%93%E9%A4%A8%EF%BC%88%E6%9D%BE%E6%96%B9%E3%82%B3%E3%83%AC%E3%82%AF%E3%82%B7%E3%83%A7%E3%83%B3%EF%BC%89%E3%80%81%E6%9D%B1%E4%BA%AC.jpg,https://www.wikidata.org/wiki/Q3877088,https://monet.1vasiliadi.com/#w1800
1801,Белые и жёлтые кувшинки,White and Yellow Water Lilies,Nymphéas blancs et jaunes,1914–1917,200 × 200,музей,"Художественное общество, Винтертур","Kunstverein, Winterthur",Швейцария,Switzerland,,цветная фотография,https://monet.1vasiliadi.com/img/1600/w1801.webp,https://commons.wikimedia.org/wiki/File:Monet_-_Wei%C3%9Fe_und_gelbe_Seerosen.jpeg,https://www.wikidata.org/wiki/Q116025708,https://monet.1vasiliadi.com/#w1801
1802,Кувшинки,Water Lilies,Nymphéas,1914–1917,200 × 200,музей,"Художественный музей «Вилла Асахи в Ямадзаки», Киото","Asahi beer Oyamazaki Villa Museum of Art, Kyoto",Япония,Japan,,скан из каталога,https://monet.1vasiliadi.com/img/1600/w1802.webp,https://commons.wikimedia.org/wiki/File:Monet_w1802.jpg,https://www.wikidata.org/wiki/Q95689721,https://monet.1vasiliadi.com/#w1802
1803,Кувшинки,Water Lilies,Nymphéas,1914–1917,200 × 200,музей,"Собрание Хассо Платтнера, Музей Барберини, Потсдам","Hasso Plattner Collection, Museum Barberini, Potsdam",Германия,Germany,,цветная фотография,https://monet.1vasiliadi.com/img/1600/w1803.webp,https://commons.wikimedia.org/wiki/File:Barberini_August_2023-Claude_Monet_-_Seerosen%2C_1914-17_-_Sammlung_Hasso_Plattner.jpg,https://www.wikidata.org/wiki/Q106872137,https://monet.1vasiliadi.com/#w1803
1804,Кувшинки,Water Lilies,Nymphéas jaunes et lilas,1914–1917,200 × 215,музей,Художественный музей Толедо,Toledo Museum of Art,США,United States,,цветная фотография,https://monet.1vasiliadi.com/img/1600/w1804.webp,https://commons.wikimedia.org/wiki/File:Claude_Monet_-_Water_Lilies_-_Google_Art_Project.jpg,https://www.wikidata.org/wiki/Q28777018,https://monet.1vasiliadi.com/#w1804
1805,Кувшинки,Water Lilies,Nymphéas,1914–1917,160 × 180,частная коллекция,,,Франция,France,,цветная фотография,https://monet.1vasiliadi.com/img/1600/w1805.webp,https://commons.wikimedia.org/wiki/File:Monet_-_water-lilies-1917.jpg,,https://monet.1vasiliadi.com/#w1805
1806,Кувшинки,Water Lilies,Nymphéas,1914–1917,150 × 165,частная коллекция,,,США,United States,,скан из каталога,https://monet.1vasiliadi.com/img/1600/w1806.webp,https://commons.wikimedia.org/wiki/File:Monet_-_Wildenstein_1996%2C_1806.png,,https://monet.1vasiliadi.com/#w1806
1807,Кувшинки,Water Lilies,Nymphéas,1914–1917,180 × 200,музей,"Национальная галерея Австралии, Канберра","National Gallery of Australia, Canberra",Австралия,Australia,,цветная фотография,https://monet.1vasiliadi.com/img/1600/w1807.webp,https://commons.wikimedia.org/wiki/File:Claude_Monet_-_Nymph%C3%A9as_(Waterlilies)_-_Google_Art_Project.jpg,https://www.wikidata.org/wiki/Q50713335,https://monet.1vasiliadi.com/#w1807
1808,Кувшинки,Water Lilies,Nymphéas,1914–1917,180 × 200,частная коллекция,,,Япония,Japan,,скан из каталога,https://monet.1vasiliadi.com/img/1600/w1808.webp,https://commons.wikimedia.org/wiki/File:Monet_w1808.jpg,,https://monet.1vasiliadi.com/#w1808
1809,Кувшинки,Water Lilies,Nymphéas,1914–1917,135 × 145,частная коллекция,,,,,,скан из каталога,https://monet.1vasiliadi.com/img/1600/w1809.webp,https://commons.wikimedia.org/wiki/File:Monet_w1809.jpg,,https://monet.1vasiliadi.com/#w1809
1810,Кувшинки,Water Lilies,Nymphéas,1914–1919,120 × 200,частная коллекция,,,Япония,Japan,,скан из каталога,https://monet.1vasiliadi.com/img/1600/w1810.webp,https://commons.wikimedia.org/wiki/File:Monet_w1810.jpg,,https://monet.1vasiliadi.com/#w1810
1811,Кувшинки,Water Lilies,Nymphéas,1914–1919,200 × 200,музей,"Музей Мармоттан-Моне, Париж","Musée Marmottan Monet, Paris",Франция,France,,цветная фотография,https://monet.1vasiliadi.com/img/1600/w1811.webp,https://commons.wikimedia.org/wiki/File:Monet_-_Seerosen6.jpg,https://www.wikidata.org/wiki/Q50415949,https://monet.1vasiliadi.com/#w1811
1812,Кувшинки,Water Lilies,Les Nymphéas,1914–1917,135 × 145,музей,"Художественный музей Титю, Наосима","Chichu Art Museum, Naoshima",Япония,Japan,,цветная фотография,https://monet.1vasiliadi.com/img/1600/w1812.webp,https://commons.wikimedia.org/wiki/File:Monet-Water-lilies-Chichu-museum.tif,https://www.wikidata.org/wiki/Q56809139,https://monet.1vasiliadi.com/#w1812
1813,Кувшинки,Water Lilies,Nymphéas,1914–1917,180 × 200,уничтожена,,,США,United States,,цветная фотография,https://monet.1vasiliadi.com/img/1600/w1813.webp,https://commons.wikimedia.org/wiki/File:Nymph%C3%A9as_(1914-1917)_Claude_Monet_-_NYU_-_MoMA_(W_1813)_digital_restoration_Factum_Foundation.jpg,,https://monet.1vasiliadi.com/#w1813
1814,Кувшинки,Water Lilies,Nymphéas,1914–1917,150 × 200,музей,"Фонд Бейелер, Базель","Beyeler Foundation, Basel",Швейцария,Switzerland,,цветная фотография,https://monet.1vasiliadi.com/img/1600/w1814.webp,https://commons.wikimedia.org/wiki/File:Claude_Monet_img_595.jpg,,https://monet.1vasiliadi.com/#w1814
1815,Кувшинки,Water Lilies,Nymphéas,1914–1917,180 × 200,музей,"Музей Вальрафа-Рихарца, Кёльн","Wallraf-Richartz Museum, Cologne",Германия,Germany,,цветная фотография,https://monet.1vasiliadi.com/img/1600/w1815.webp,https://commons.wikimedia.org/wiki/File:Monet_Ninfee_(Colonia).jpg,https://www.wikidata.org/wiki/Q116143375,https://monet.1vasiliadi.com/#w1815
1816,Кувшинки,Water Lilies,Nymphéas,1914–1919,180 × 200,музей,"Музей Мармоттан-Моне, Париж","Musée Marmottan Monet, Paris",Франция,France,,скан из каталога,https://monet.1vasiliadi.com/img/1600/w1816.webp,https://commons.wikimedia.org/wiki/File:Monet_w1816.jpg,https://www.wikidata.org/wiki/Q105099613,https://monet.1vasiliadi.com/#w1816
1817,Кувшинки. Пучок травы,"Water-Lilies, Cluster of Grass","Nymphéas, bouquet d'herbes",1914–1917,200 × 213,музей,"Художественный музей Титю, Наосима","Chichu Art Museum, Naoshima",Япония,Japan,,цветная фотография,https://monet.1vasiliadi.com/img/1600/w1817.webp,https://commons.wikimedia.org/wiki/File:Monet-Water-lilies-cluster-of-grass-Chichu-museum.tif,https://www.wikidata.org/wiki/Q56809063,https://monet.1vasiliadi.com/#w1817
1818,Лилейники,Hamerocallis,Les hémérocalles,1914–17,150 × 140,музей,"Музей Мармоттан-Моне, Париж","Musée Marmottan Monet, Paris",Франция,France,,скан из каталога,https://monet.1vasiliadi.com/img/1600/w1818.webp,https://commons.wikimedia.org/wiki/File:Monet_-_Wildenstein_1996%2C_1818.png,https://www.wikidata.org/wiki/Q105099600,https://monet.1vasiliadi.com/#w1818
1819,Лилейники на краю пруда,Hamerocallis on the Edge of the Pond,Hémérocalles au bord de l’eau,1914–17,200 × 200,частная коллекция,,,,,,цветная фотография,https://monet.1vasiliadi.com/img/1600/w1819.webp,https://commons.wikimedia.org/wiki/File:Claude_Monet_-_H%C3%A9m%C3%A9rocalles_au_bord_de_l%E2%80%99eau.jpg,https://www.wikidata.org/wiki/Q66664068,https://monet.1vasiliadi.com/#w1819
1820,Агапантус,Agapanthus,Agapanthes,1914–17,200 × 150,музей,"Музей Мармоттан-Моне, Париж","Musée Marmottan Monet, Paris",Франция,France,,цветная фотография,https://monet.1vasiliadi.com/img/1600/w1820.webp,https://commons.wikimedia.org/wiki/File:Monet_Agapanthes_Marmottan_(cropped).jpg,https://www.wikidata.org/wiki/Q50415959,https://monet.1vasiliadi.com/#w1820
1821,Кувшинки и агапантусы,Water-Lilies and Agapanthus,Nymphéas et Agapanthes,1914–17,140 × 120,музей,"Музей Мармоттан-Моне, Париж","Musée Marmottan Monet, Paris",Франция,France,,цветная фотография,https://monet.1vasiliadi.com/img/1600/w1821.webp,https://commons.wikimedia.org/wiki/File:Water_Lilies_and_Agapanthus_by_Claude_Monet%2C_Mus%C3%A9e_Marmottan_Monet.JPG,https://www.wikidata.org/wiki/Q105099587,https://monet.1vasiliadi.com/#w1821
1822,Агапантус,Agapanthus,,1914–17,200 × 180,музей,"Музей современного искусства (МоМА), Нью-Йорк","Museum of Modern Art, New York",США,United States,,цветная фотография,https://monet.1vasiliadi.com/img/1600/w1822.webp,https://commons.wikimedia.org/wiki/File:Claude_Monet_-_Agapanthus.jpg,https://www.wikidata.org/wiki/Q19883731,https://monet.1vasiliadi.com/#w1822
1823,Ирисы и кувшинки,Irises and Water-lilies,Iris et nymphéas,1914–17,130 × 200,частная коллекция,,,,,,скан из каталога,https://monet.1vasiliadi.com/img/1600/w1823.webp,https://commons.wikimedia.org/wiki/File:Monet_-_Wildenstein_1996%2C_1823.jpg,,https://monet.1vasiliadi.com/#w1823
1824,Жёлтые ирисы,Yellow Irises,,1914–17,138 × 54,частная коллекция,,,,,,скан из каталога,https://monet.1vasiliadi.com/img/1600/w1824.webp,https://commons.wikimedia.org/wiki/File:Monet_-_Wildenstein_1996%2C_1824.png,,https://monet.1vasiliadi.com/#w1824
1825,Ирисы,Irises,Iris,1914–17,120 × 100,частная коллекция,,,,,,цветная фотография,https://monet.1vasiliadi.com/img/1600/w1825.webp,https://commons.wikimedia.org/wiki/File:Iris_(c._1914-1917)_Claude_Monet_(W1825).jpg,,https://monet.1vasiliadi.com/#w1825
1826,Жёлтые ирисы,Yellow Irises,,1914–17,200 × 100,музей,"Национальный музей западного искусства, Токио","National Museum of Western Art, Tokyo",Япония,Japan,,цветная фотография,https://monet.1vasiliadi.com/img/1600/w1826.webp,https://commons.wikimedia.org/wiki/File:Claude_Monet_-_Yellow_Irises_-_Google_Art_Project.jpg,https://www.wikidata.org/wiki/Q19200918,https://monet.1vasiliadi.com/#w1826
1827,Сиреневые ирисы,Lilac Irises,Iris mauves,1914–17,200 × 100,частная коллекция,,,,,,скан из каталога,https://monet.1vasiliadi.com/img/1600/w1827.webp,https://commons.wikimedia.org/wiki/File:Monet_w1827.jpg,,https://monet.1vasiliadi.com/#w1827
1828,Аллея среди ирисов,The Path through the Irises,Le Chemin au Milieu des Iris,1914–17,200 × 180,музей,"Метрополитен-музей, Нью-Йорк","Metropolitan Museum of Art, New York",США,United States,,цветная фотография,https://monet.1vasiliadi.com/img/1600/w1828.webp,https://commons.wikimedia.org/wiki/File:The_Path_through_the_Irises%2C_1917_-_Claude_Monet%2C_MET_DT1890.jpg,https://www.wikidata.org/wiki/Q19913089,https://monet.1vasiliadi.com/#w1828
1829,Ирисы,Irises,Iris,1914–17,200 × 150,музей,"Лондонская национальная галерея, Лондон","National Gallery, London",Великобритания,United Kingdom,,цветная фотография,https://monet.1vasiliadi.com/img/1600/w1829.webp,https://commons.wikimedia.org/wiki/File:Claude_Monet%2C_Irises.jpg,https://www.wikidata.org/wiki/Q25410218,https://monet.1vasiliadi.com/#w1829
1830,Ирисы у края дорожки,Irises at the Edge of the Path,Iris au bord du chemin,1914–17,200 × 200,частная коллекция,,,Франция,France,,скан из каталога,https://monet.1vasiliadi.com/img/1600/w1830.webp,https://commons.wikimedia.org/wiki/File:Monet_w1830.jpg,,https://monet.1vasiliadi.com/#w1830
1831,Ирисы,Irises,,1914–17,200 × 150,частная коллекция,,,,,,цветная фотография,https://monet.1vasiliadi.com/img/1600/w1831.webp,https://commons.wikimedia.org/wiki/File:5427858486_75356dd15d_o_w1831.jpg,,https://monet.1vasiliadi.com/#w1831
1832,Ирисы,Irises,Iris,1914–17,200 × 150,музей,"Музей изящных искусств Вирджинии, Ричмонд","Virginia Museum of Fine Arts, Richmond",США,United States,,цветная фотография,https://monet.1vasiliadi.com/img/1600/w1832.webp,https://commons.wikimedia.org/wiki/File:Monet_-_Irises_by_the_Pond%2C_1914-1917.jpg,https://www.wikidata.org/wiki/Q85225461,https://monet.1vasiliadi.com/#w1832
1833,Ирисы,Irises,,1914–17,200 × 200,музей,Чикагский институт искусств,Art Institute of Chicago,США,United States,,цветная фотография,https://monet.1vasiliadi.com/img/1600/w1833.webp,https://www.artic.edu/artworks/4887,https://www.wikidata.org/wiki/Q20268037,https://monet.1vasiliadi.com/#w1833
1834,Жёлтые ирисы,Yellow Irises,Iris jaunes,1914–17,150 × 130,частная коллекция,,,Франция,France,,цветная фотография,https://monet.1vasiliadi.com/img/1600/w1834.webp,https://commons.wikimedia.org/wiki/File:4773757458_f0e531e558_o_w1834.jpg,,https://monet.1vasiliadi.com/#w1834
1835,Жёлтые ирисы и розовое облако,Yellow Irises with Pink Cloud,Iris jaunes au nuage rose,1914–17,107 × 107,частная коллекция,,,,,"Sotheby's, New York, 1995",цветная фотография,https://monet.1vasiliadi.com/img/1600/w1835.webp,https://commons.wikimedia.org/wiki/File:Iris_jaunes_au_nuage_rose.jpg,,https://monet.1vasiliadi.com/#w1835
1836,Ирисы,Irises,Les Iris,1914–17,100 × 88,частная коллекция,,,,,Christie's 2019,цветная фотография,https://monet.1vasiliadi.com/img/1600/w1836.webp,https://commons.wikimedia.org/wiki/File:Monet_-_yellow-irises-1917.jpg,https://www.wikidata.org/wiki/Q135087938,https://monet.1vasiliadi.com/#w1836
1837,Жёлтые ирисы и мальвы,Yellow Irises and Malva,Iris jaunes et mauves,1914–17,106 × 155,музей,"Музей Мармоттан-Моне, Париж","Musée Marmottan Monet, Paris",Франция,France,,цветная фотография,https://monet.1vasiliadi.com/img/1600/w1837.webp,https://commons.wikimedia.org/wiki/File:Iris_jaunes_et_mauves_(1924-1925)_Claude_Monet_-_Mus%C3%A9e_Marmottan_Monet_(W_1837).jpg,https://www.wikidata.org/wiki/Q105099586,https://monet.1vasiliadi.com/#w1837
1838,Ирисы,Irises,Iris,1914–17,160 × 180,частная коллекция,,,,,,скан из каталога,https://monet.1vasiliadi.com/img/1600/w1838.webp,https://commons.wikimedia.org/wiki/File:Monet_-_Wildenstein_1996%2C_1838.png,,https://monet.1vasiliadi.com/#w1838
1839,Жёлтые ирисы,Yellow Irises,Les iris jaunes,1914–17,130 × 152,музей,"Музей Мармоттан-Моне, Париж","Musée Marmottan Monet, Paris",Франция,France,,цветная фотография,https://monet.1vasiliadi.com/img/1600/w1839.webp,https://commons.wikimedia.org/wiki/File:Yellow_Irises_by_Claude_Monet%2C_Mus%C3%A9e_Marmottan_Monet.JPG,https://www.wikidata.org/wiki/Q105099598,https://monet.1vasiliadi.com/#w1839
1840,Синие ирисы,Blue Ireses,Iris bleus,1914–17,100 × 72,частная коллекция,,,Франция,France,,скан из каталога,https://monet.1vasiliadi.com/img/1600/w1840.webp,https://commons.wikimedia.org/wiki/File:Monet_-_Wildenstein_1996%2C_1840.png,,https://monet.1vasiliadi.com/#w1840
1841,Ирисы,Irises,Iris,1914–17,105 × 73,музей,"Музей Мармоттан-Моне, Париж","Musée Marmottan Monet, Paris",Франция,France,,скан из каталога,https://monet.1vasiliadi.com/img/1600/w1841.webp,https://commons.wikimedia.org/wiki/File:Monet_w1841.jpg,https://www.wikidata.org/wiki/Q105099581,https://monet.1vasiliadi.com/#w1841
1842,Жёлтый ирис,Yellow Iris,Iris jaune,1914–17,61 × 46,частная коллекция,,,,,,скан из каталога,https://monet.1vasiliadi.com/img/1600/w1842.webp,https://commons.wikimedia.org/wiki/File:Monet_w1842.jpg,,https://monet.1vasiliadi.com/#w1842
1843,Автопортрет,Self Portrait,Autoportrait,1917,70 × 55,музей,"Музей Орсе, Париж","Musée d'Orsay, Paris",Франция,France,,цветная фотография,https://monet.1vasiliadi.com/img/1600/w1843.webp,https://commons.wikimedia.org/wiki/File:Claude_Monet-Portrait_de_l'artiste-1917.jpg,https://www.wikidata.org/wiki/Q2872715,https://monet.1vasiliadi.com/#w1843
1844,Автопортрет,Self Portrait,Autoportrait,1917,,уничтожена,,,,,,скан из каталога,https://monet.1vasiliadi.com/img/1600/w1844.webp,https://commons.wikimedia.org/wiki/File:Monet_-_Wildenstein_1996%2C_1844.png,,https://monet.1vasiliadi.com/#w1844
1845,Порт в Онфлёре,The Port of Honfleur,Le port de Honfleur,1917,60 × 80,музей,"Музей Саара, Саарбрюккен","Saarland Museum, Saarbrücken",Германия,Germany,,скан из каталога,https://monet.1vasiliadi.com/img/1600/w1845.webp,https://commons.wikimedia.org/wiki/File:Monet_w1845_port_at_harfleur.jpg,https://www.wikidata.org/wiki/Q93296543,https://monet.1vasiliadi.com/#w1845
1846,Лодки в порту Онфлёра,Boats in the Port of Honfleur,Bateaux dans le port de Honfleur,1917,50 × 61,музей,"Музей Мармоттан-Моне, Париж","Musée Marmottan Monet, Paris",Франция,France,,скан из каталога,https://monet.1vasiliadi.com/img/1600/w1846.webp,https://commons.wikimedia.org/wiki/File:Monet_w1846.jpg,https://www.wikidata.org/wiki/Q105099576,https://monet.1vasiliadi.com/#w1846
1847,Колокольня Сент-Катрин в Онфлёре,The Bell Tower of Saint Catherine at Honfleur,,1917,55 × 43,музей,"Музей Эжена Будена, Онфлёр","Musée Eugène Boudin, Honfleur",Франция,France,,скан из каталога,https://monet.1vasiliadi.com/img/1600/w1847.webp,https://commons.wikimedia.org/wiki/File:Monet_-_Wildenstein_1996%2C_1847.png,,https://monet.1vasiliadi.com/#w1847
1848,Плакучая ива и пруд с кувшинками,Weeping Willow and Water-Lily Pond,Saule pleureur et bassin aux nymphéas,1916–19,200 × 180,музей,"Музей Мармоттан-Моне, Париж","Musée Marmottan Monet, Paris",Франция,France,,скан из каталога,https://monet.1vasiliadi.com/img/1600/w1848.webp,https://commons.wikimedia.org/wiki/File:Monet_w1848.jpg,https://www.wikidata.org/wiki/Q105099616,https://monet.1vasiliadi.com/#w1848
1849,Плакучая ива и пруд с кувшинками,Weeping Willow and Water-Lily Pond,Saule pleureur et bassin aux nymphéas,1916–19,200 × 180,частная коллекция,,,,,,цветная фотография,https://monet.1vasiliadi.com/img/1600/w1849.webp,https://commons.wikimedia.org/wiki/File:Monet_-_weeping-willow-and-water-lily-pond-2-1919.jpg,,https://monet.1vasiliadi.com/#w1849
1850,Кувшинки,Water-Lilies,Nymphéas,1916–19,200 × 180,музей,"Музей Мармоттан-Моне, Париж","Musée Marmottan Monet, Paris",Франция,France,,скан из каталога,https://monet.1vasiliadi.com/img/1600/w1850.webp,https://commons.wikimedia.org/wiki/File:Monet_w1850.jpg,https://www.wikidata.org/wiki/Q105099610,https://monet.1vasiliadi.com/#w1850
1851,Плакучая ива и пруд с кувшинками,Weeping Willow and Water-Lily Pond,Nymphéas avec rameaux de saule,1916–19,104 × 180,музей,"Собрание лицея Клода Моне, Париж (на хранении в Музее импрессионизмов, Живерни)","Lycée Claude Monet, Paris (on deposit at the Musée des Impressionnismes, Giverny)",Франция,France,,скан из каталога,https://monet.1vasiliadi.com/img/1600/w1851.webp,https://commons.wikimedia.org/wiki/File:Monet_-_Wildenstein_1996%2C_1851.png,https://www.wikidata.org/wiki/Q108161580,https://monet.1vasiliadi.com/#w1851
1852,Кувшинки,Water-Lilies,Nymphéas,1916–1919,150 × 197,музей,"Музей Мармоттан-Моне, Париж","Musée Marmottan Monet, Paris",Франция,France,,цветная фотография,https://monet.1vasiliadi.com/img/1600/w1852.webp,https://commons.wikimedia.org/wiki/File:Claude_Monet_-_Nymph%C3%A9as_W1852_-_Mus%C3%A9e_Marmottan-Monet.jpg,https://www.wikidata.org/wiki/Q63952036,https://monet.1vasiliadi.com/#w1852
1853,Голубые кувшинки,Blue Water-Lilies,Nymphéas bleus,1916–1919,200 × 200,музей,"Музей Орсе, Париж","Musée d'Orsay, Paris",Франция,France,,цветная фотография,https://monet.1vasiliadi.com/img/1600/w1853.webp,https://commons.wikimedia.org/wiki/File:Claude_Monet_-_Blue_Water_Lilies_-_Google_Art_Project.jpg,https://www.wikidata.org/wiki/Q17494554,https://monet.1vasiliadi.com/#w1853
1854,Кувшинки,Water-Lilies,Nymphéas,1916–1919,200 × 180,музей,"Фонд Бейелер, Базель","Beyeler Foundation, Basel",Швейцария,Switzerland,,цветная фотография,https://monet.1vasiliadi.com/img/1600/w1854.webp,https://commons.wikimedia.org/wiki/File:Water_Lilies_by_Claude_Monet%2C_Fondation_Beyeler_03.2.JPG,https://www.wikidata.org/wiki/Q74425855,https://monet.1vasiliadi.com/#w1854
1855,Кувшинки. Отражение плакучей ивы,"Water-Lilies, Reflection of a Weeping Willow",Nymphéas,1916–1919,130 × 88,музей,"Музей Мармоттан-Моне, Париж","Musée Marmottan Monet, Paris",Франция,France,,цветная фотография,https://monet.1vasiliadi.com/img/1600/w1855.webp,https://commons.wikimedia.org/wiki/File:Paris_16e_Mus%C3%A9e_Marmottan_Monet_Nymph%C3%A9as_721.jpg,https://www.wikidata.org/wiki/Q105099612,https://monet.1vasiliadi.com/#w1855
1856,Кувшинки,Water-Lilies,Nymphéas,1916–1919,130 × 200,частная коллекция,,,,,,скан из каталога,https://monet.1vasiliadi.com/img/1600/w1856.webp,https://commons.wikimedia.org/wiki/File:Monet_-_Wildenstein_1996%2C_1856.jpg,,https://monet.1vasiliadi.com/#w1856
1857,Кувшинки. Отражение плакучей ивы,"Water-Lilies, Reflection of a Weeping Willow","Nymphéas, reflets de saules pleureurs",1916–1919,100 × 200,музей,"Художественный музей Титю, Наосима","Chichu Art Museum, Naoshima",Япония,Japan,,цветная фотография,https://monet.1vasiliadi.com/img/1600/w1857.webp,https://commons.wikimedia.org/wiki/File:Nympheas%2C_reflets_de_saule_-_Water-Lilies%2C_Reflections_of_Weeping_Willows_(1916-19)_Claude_Monet_-_Chichu_Museum_of_Art_(W_1857).jpg,https://www.wikidata.org/wiki/Q56809317,https://monet.1vasiliadi.com/#w1857
1858,Кувшинки. Отражения плакучей ивы,"Water-Lilies, Reflections of a Weeping Willow","Nymphéas, reflets de saule",1916–1919,130 × 200,музей,"Метрополитен-музей, Нью-Йорк","Metropolitan Museum of Art, New York",США,United States,,цветная фотография,https://monet.1vasiliadi.com/img/1600/w1858.webp,https://commons.wikimedia.org/wiki/File:Water_Lilies_MET_DT1856.jpg,https://www.wikidata.org/wiki/Q19912256,https://monet.1vasiliadi.com/#w1858
1859,Кувшинки. Отражение плакучей ивы,"Water-Lilies, Reflection of a Weeping Willow","Nymphéas, reflets de saule",1916–1919,200 × 200,музей,"Музей Мармоттан-Моне, Париж","Musée Marmottan Monet, Paris",Франция,France,,цветная фотография,https://monet.1vasiliadi.com/img/1600/w1859.webp,https://commons.wikimedia.org/wiki/File:Nymph%C3%A9as_reflets_de_saule_1916-19.jpg,https://www.wikidata.org/wiki/Q50415986,https://monet.1vasiliadi.com/#w1859
1860,Кувшинки. Отражение плакучей ивы,"Water-Lilies, Reflection of a Weeping Willow","Nymphéas, reflets de saule",1916–1919,130 × 200,музей,"Метрополитен-музей, Нью-Йорк","Metropolitan Museum of Art, New York",США,United States,,цветная фотография,https://monet.1vasiliadi.com/img/1600/w1860.webp,https://commons.wikimedia.org/wiki/File:Water_Lilies%2C_Reflections_of_Weeping_Willows_by_Claude_Monet%2C_c._1916-19.JPG,https://www.wikidata.org/wiki/Q124343564,https://monet.1vasiliadi.com/#w1860
1861,Кувшинки. Отражение плакучей ивы,"Water-Lilies, Reflection of a Weeping Willow","Nymphéas, reflets de saule",1916–1919,130 × 197,музей,Городской художественный музей Китакюсю,"Municipal Museum of Art, Kitakyushu",Япония,Japan,,цветная фотография,https://monet.1vasiliadi.com/img/1600/w1861.webp,https://commons.wikimedia.org/wiki/File:Claude_Monet_-_Nymph%C3%A9as%2C_reflets_de_saule_-_Kitakyushu.jpg,https://www.wikidata.org/wiki/Q96145959,https://monet.1vasiliadi.com/#w1861
1862,Кувшинки. Отражение плакучей ивы,"Water-Lilies, Reflection of a Weeping Willow",Nymphéas. Reflets de saule,1916–1919,200 × 200,музей,"Музей Мармоттан-Моне, Париж","Musée Marmottan Monet, Paris",Франция,France,,цветная фотография,https://monet.1vasiliadi.com/img/1600/w1862.webp,https://commons.wikimedia.org/wiki/File:Monet_-_water-lilies-reflection-of-a-weeping-willows-1919.jpg,https://www.wikidata.org/wiki/Q105099614,https://monet.1vasiliadi.com/#w1862
1863,Кувшинки,Water-Lilies,Nymphéas,1916–1919,130 × 200,музей,"Художественный музей Макней, Сан-Антонио","McNay Art Museum, San Antonio",США,United States,,цветная фотография,https://monet.1vasiliadi.com/img/1600/w1863.webp,https://commons.wikimedia.org/wiki/File:Los_nen%C3%BAfares_(Monet).jpg,,https://monet.1vasiliadi.com/#w1863
1864,Кувшинки,Water-Lilies,Nymphéas,1916–1919,130 × 152,музей,"Музей Мармоттан-Моне, Париж","Musée Marmottan Monet, Paris",Франция,France,,цветная фотография,https://monet.1vasiliadi.com/img/1600/w1864.webp,https://commons.wikimedia.org/wiki/File:Paris_16e_Mus%C3%A9e_Marmottan_Monet_Nymph%C3%A9as_725.jpg,https://www.wikidata.org/wiki/Q50415962,https://monet.1vasiliadi.com/#w1864
1865,Кувшинки,Water-Lilies,Nymphéas,1916–1919,89 × 130,частная коллекция,,,,,,скан из каталога,https://monet.1vasiliadi.com/img/1600/w1865.webp,https://commons.wikimedia.org/wiki/File:Monet_-_Wildenstein_1996%2C_1865.png,,https://monet.1vasiliadi.com/#w1865
1866,Плакучая ива и пруд с кувшинками,Weeping Willow and Water-Lily Pond,Vue du bassin aux nymphéas avec saule,1916–19,140 × 150,частная коллекция,,,,,,цветная фотография,https://monet.1vasiliadi.com/img/1600/w1866.webp,https://commons.wikimedia.org/wiki/File:Claude_Monet%2C_Water-Lily_Pond_and_Weeping_Willow.JPG,https://www.wikidata.org/wiki/Q112181570,https://monet.1vasiliadi.com/#w1866
1867,Плакучая ива и пруд с кувшинками,Weeping Willow and Water-Lily Pond,Vue du bassin aux nymphéas avec saule,1916–19,150 × 130,частная коллекция,,,США,United States,,скан из каталога,https://monet.1vasiliadi.com/img/1600/w1867.webp,https://commons.wikimedia.org/wiki/File:Monet_w1867.jpg,,https://monet.1vasiliadi.com/#w1867
1868,Плакучая ива,Weeping Willow,Saule pleureur,1918,130 × 90,частная коллекция,,,,,,скан из каталога,https://monet.1vasiliadi.com/img/1600/w1868.webp,https://commons.wikimedia.org/wiki/File:Monet_-_Wildenstein_1996%2C_1868.png,,https://monet.1vasiliadi.com/#w1868
1869,Плакучая ива,Weeping Willow,,1918,130 × 110,музей,Художественный музей Колумбуса,Columbus Museum of Art,США,United States,,цветная фотография,https://monet.1vasiliadi.com/img/1600/w1869.webp,https://commons.wikimedia.org/wiki/File:Claude_Monet_-_Weeping_Willow_(1918).jpg,https://www.wikidata.org/wiki/Q50532779,https://monet.1vasiliadi.com/#w1869
1870,Плакучая ива,Weeping Willow,Saule pleureur,1918–1919,130 × 152,частная коллекция,,,,,,скан из каталога,https://monet.1vasiliadi.com/img/1600/w1870.webp,https://commons.wikimedia.org/wiki/File:Monet_-_Wildenstein_1996%2C_1870.jpg,,https://monet.1vasiliadi.com/#w1870
1871,Плакучая ива,Weeping Willow,Saule pleureur,1918–19,130 × 100,частная коллекция,,,,,,скан из каталога,https://monet.1vasiliadi.com/img/1600/w1871.webp,https://commons.wikimedia.org/wiki/File:Monet_-_Wildenstein_1996%2C_1871.png,,https://monet.1vasiliadi.com/#w1871
1872,Плакучая ива,Weeping Willow,Saule pleureur,1918–19,100 × 80,частная коллекция,,,Франция,France,"Sotheby's, Paris, 22.10.2026 (est. €9–12M)",скан из каталога,https://monet.1vasiliadi.com/img/1600/w1872.webp,https://commons.wikimedia.org/wiki/File:Monet_-_Wildenstein_1996%2C_1872.jpg,,https://monet.1vasiliadi.com/#w1872
1873,Плакучая ива,Weeping Willow,Saule pleureur,1918–19,100 × 100,музей,"Музей Мармоттан-Моне, Париж","Musée Marmottan Monet, Paris",Франция,France,,цветная фотография,https://monet.1vasiliadi.com/img/1600/w1873.webp,https://commons.wikimedia.org/wiki/File:Claude_Monet_Saule_pleureur.jpg,https://www.wikidata.org/wiki/Q50415952,https://monet.1vasiliadi.com/#w1873
1874,Плакучая ива,Weeping Willow,Saule pleureur,1918–19,100 × 120,частная коллекция,,,,,,скан из каталога,https://monet.1vasiliadi.com/img/1600/w1874.webp,https://commons.wikimedia.org/wiki/File:Monet_w1874.jpg,,https://monet.1vasiliadi.com/#w1874
1875,Плакучая ива,Weeping Willow,Saule pleureur,1918–19,100 × 120,музей,"Музей Мармоттан-Моне, Париж","Musée Marmottan Monet, Paris",Франция,France,,цветная фотография,https://monet.1vasiliadi.com/img/1600/w1875.webp,https://commons.wikimedia.org/wiki/File:Monet_-_weeping-willow-4-1919.jpg,https://www.wikidata.org/wiki/Q105099585,https://monet.1vasiliadi.com/#w1875
1876,Плакучая ива,Weeping Willow,Saule pleureur,1918–19,100 × 120,музей,"Художественный музей Кимбелла, Форт-Уэрт","Kimbell Art Museum, Fort Worth",США,United States,,цветная фотография,https://monet.1vasiliadi.com/img/1600/w1876.webp,https://commons.wikimedia.org/wiki/File:Claude_Monet_Weeping_Willow.jpg,https://www.wikidata.org/wiki/Q2450237,https://monet.1vasiliadi.com/#w1876
1877,Плакучая ива,Weeping Willow,Saule pleureur,1918–19,100 × 110,музей,"Музей Мармоттан-Моне, Париж","Musée Marmottan Monet, Paris",Франция,France,,цветная фотография,https://monet.1vasiliadi.com/img/1600/w1877.webp,https://commons.wikimedia.org/wiki/File:Weeping_Willow_by_Claude_Monet%2C_Mus%C3%A9e_Marmottan_Monet_5078.JPG,https://www.wikidata.org/wiki/Q105099583,https://monet.1vasiliadi.com/#w1877
1878,Водяной сад в Живерни,Jardin d'eau à Giverny,Coin de l'étang à Giverny,1920,117 × 83,музей,"Музей Гренобля, Гренобль",Museum of Grenoble,Франция,France,,цветная фотография,https://monet.1vasiliadi.com/img/1600/w1878.webp,https://commons.wikimedia.org/wiki/File:At_Mus%C3%A9e_de_Grenoble_2025_048.jpg,https://www.wikidata.org/wiki/Q93643302,https://monet.1vasiliadi.com/#w1878
1879,Пруд с кувшинками,The Water-Lily Pond,Coin du Bassin aux Nymphéas,1918–1919,120 × 89,музей,"Музей искусства и истории, Женева","Musée d'Art et d'Histoire (Geneva), Geneva",Швейцария,Switzerland,,цветная фотография,https://monet.1vasiliadi.com/img/1600/w1879.webp,https://commons.wikimedia.org/wiki/File:Claude_monet%2C_angolo_di_stagno_con_le_ninfee%2C_1918.JPG,https://www.wikidata.org/wiki/Q67646427,https://monet.1vasiliadi.com/#w1879
1880,Пруд с кувшинками,The Water-Lily Pond,Coin du bassin aux nymphéas,1918–1919,130 × 88,частная коллекция,,,,,Sotheby's 2021,цветная фотография,https://monet.1vasiliadi.com/img/1600/w1880.webp,https://commons.wikimedia.org/wiki/File:Corner_of_Water_Lily_Pond_by_Claude_Monet%2C_1918-1819%2C_private_collection.JPG,https://www.wikidata.org/wiki/Q136341511,https://monet.1vasiliadi.com/#w1880
1881,Пруд с кувшинками,The Water-Lily Pond,Coin du bassin aux nymphéas,1918–1919,129 × 89,частная коллекция,,,,,Christie's 2019,цветная фотография,https://monet.1vasiliadi.com/img/1600/w1881.webp,https://commons.wikimedia.org/wiki/File:Coin_du_bassin_aux_nymph%C3%A9as_(1918-1919)_Claude_Monet_(W_1881).jpg,https://www.wikidata.org/wiki/Q136341512,https://monet.1vasiliadi.com/#w1881
1882,Пруд с кувшинками,The Water-Lily Pond,Bassin aux nymphéas,1918–1919,73 × 105,музей,"Музей Мармоттан-Моне, Париж","Musée Marmottan Monet, Paris",Франция,France,,цветная фотография,https://monet.1vasiliadi.com/img/1600/w1882.webp,https://commons.wikimedia.org/wiki/File:BASSIN_AUX_NYMPH%C3%89AS_(1918-1919)_Claude_Monet_-_Mus%C3%A9e_Marmottan_Monet_(W_1882).jpg,https://www.wikidata.org/wiki/Q105099605,https://monet.1vasiliadi.com/#w1882
1883,Пруд с кувшинками,The Water-Lily Pond,Le bassin aux nymphéas,1918–1919,130 × 200,музей,"Музей Фолькванг, Эссен","Museum Folkwang, Essen",Германия,Germany,,цветная фотография,https://monet.1vasiliadi.com/img/1600/w1883.webp,https://commons.wikimedia.org/wiki/File:Monet_-_Le_bassin_aux_nymph%C3%A9as%2C_um_1916.jpg,https://www.wikidata.org/wiki/Q67158045,https://monet.1vasiliadi.com/#w1883
1884,Пруд с кувшинками,The Water-Lily Pond,Le Bassin aux nymphéas,1917–1919,130 × 200,музей,"Художественный музей MOA, Атами","MOA Museum of Art, Atami",Германия,Germany,,цветная фотография,https://monet.1vasiliadi.com/img/1600/w1884.webp,https://commons.wikimedia.org/wiki/File:Barberini_August_2023-Claude_Monet_-_Der_Seerosenteich%2C_1918_-_Sammlung_Hasso_Plattner.jpg,https://www.wikidata.org/wiki/Q106869633,https://monet.1vasiliadi.com/#w1884
1885,Пруд с кувшинками,The Water-Lily Pond,Le Bassin aux Nymphéas,1917–1919,130 × 200,частная коллекция,,,,,,скан из каталога,https://monet.1vasiliadi.com/img/1600/w1885.webp,https://commons.wikimedia.org/wiki/File:Monet_-_Wildenstein_1996%2C_1885.png,,https://monet.1vasiliadi.com/#w1885
1886,Пруд с кувшинками,The Water-Lily Pond,Les Nymphéas à Giverny,1917–1919,100 × 200,музей,"Музей искусств, Нант",Musée d'Arts de Nantes,Франция,France,,цветная фотография,https://monet.1vasiliadi.com/img/1600/w1886.webp,https://commons.wikimedia.org/wiki/File:Monet-Nymph%C3%A9as-Nantes.jpg,https://www.wikidata.org/wiki/Q17627520,https://monet.1vasiliadi.com/#w1886
1887,Пруд с кувшинками,The Water-Lily Pond,Le bassin aux nymphéas,1917–1919,100 × 200,частная коллекция,,,,,Christie's 2018,цветная фотография,https://monet.1vasiliadi.com/img/1600/w1887.webp,https://commons.wikimedia.org/wiki/File:Claude_monet_le_bassin_aux_nympheas).jpg,https://www.wikidata.org/wiki/Q111039642,https://monet.1vasiliadi.com/#w1887
1888,Пруд с кувшинками,The Water-Lily Pond,Le Bassin aux Nymphéas (état primitif) découpé en 2 morceaux,1917–1919,130 × 120,музей,"Музей Мармоттан-Моне, Париж","Musée Marmottan Monet, Paris",Франция,France,,цветная фотография,https://monet.1vasiliadi.com/img/1600/w1888.webp,https://commons.wikimedia.org/wiki/File:Claude_Monet_-_Le_bassin_aux_nymph%C3%A9as_W1888(1)_-_Mus%C3%A9e_Marmottan-Monet.jpg,,https://monet.1vasiliadi.com/#w1888
1889,Пруд с водяными лилиями,Water Lily Pond,Le Bassin aux nymphéas,1917–1926,130.2 × 201.9,музей,Чикагский институт искусств,Art Institute of Chicago,США,United States,,цветная фотография,https://monet.1vasiliadi.com/img/1600/w1889.webp,https://www.artic.edu/artworks/97933,https://www.wikidata.org/wiki/Q20268712,https://monet.1vasiliadi.com/#w1889
1890,Пруд с кувшинками,The Water Lily Pond,Le bassin aux nymphéas,1917–1919,100 × 200,частная коллекция,,,,,Christie's 2008,цветная фотография,https://monet.1vasiliadi.com/img/1600/w1890.webp,https://commons.wikimedia.org/wiki/File:Le_bassin_aux_nymph%C3%A9as_-_Claude_Monet.jpg,https://www.wikidata.org/wiki/Q136341513,https://monet.1vasiliadi.com/#w1890
1891,Пруд с кувшинками (левая панель),The Water-Lily Pond (left panel),Nymphéas,1917–1919,101 × 200,музей,"Метрополитен-музей, Нью-Йорк","Metropolitan Museum of Art, New York",США,United States,,цветная фотография,https://monet.1vasiliadi.com/img/1600/w1891.webp,https://commons.wikimedia.org/wiki/File:Water_Lilies_MET_DP-1208-001.jpg,https://www.wikidata.org/wiki/Q7973309,https://monet.1vasiliadi.com/#w1891
1892,Пруд с кувшинками (правая панель),The Water-Lily Pond (right panel),Le Bassin aux nymphéas,1917–1919,100 × 200,частная коллекция,,,,,Sotheby's 2010,скан из каталога,https://monet.1vasiliadi.com/img/1600/w1892.webp,https://commons.wikimedia.org/wiki/File:Monet_-_Wildenstein_1996%2C_1892.png,https://www.wikidata.org/wiki/Q136341514,https://monet.1vasiliadi.com/#w1892
1893,Пруд с кувшинками (половина оригинала),The Water Lily Pond(half of original),Le Bassin aux nymphéas découpé en 2 parties,1917–1919,100 × 92,неизвестно,,,,,,нет,,,,https://monet.1vasiliadi.com/#w1893
1893b,Пруд с кувшинками,The Water Lily Pond,Le bassin aux nymphéas,1919,99.6 × 103.7,неизвестно,,,,,,цветная фотография,https://monet.1vasiliadi.com/img/1600/w1893b.webp,https://commons.wikimedia.org/wiki/File:Pond_with_Water_Lilies_by_Claude_Monet.jpg,https://www.wikidata.org/wiki/Q136341516,https://monet.1vasiliadi.com/#w1893b
1894,Кувшинки,Water Lilies,Le Bassin aux nymphéas,1917–1919,100 × 200,частная коллекция,,,,,Christie's 1992,цветная фотография,https://monet.1vasiliadi.com/img/1600/w1894.webp,https://commons.wikimedia.org/wiki/File:Claude_Monet%2C_Le_bassin_aux_nymph%C3%A9as%2C_1919_-_Paul_G._Allen_Collection.jpg,,https://monet.1vasiliadi.com/#w1894
1895,Кувшинки,Water Lilies,Le Bassin aux nymphéas,1917–1919,100 × 200,музей,Художественный музей Гонолулу,Honolulu Museum of Art,США,United States,,цветная фотография,https://monet.1vasiliadi.com/img/1600/w1895.webp,https://commons.wikimedia.org/wiki/File:Claude_Monet_-_Water_Lilies%2C_1917-1919.JPG,https://www.wikidata.org/wiki/Q84267851,https://monet.1vasiliadi.com/#w1895
1896,Пруд с кувшинками,The Water-Lily Pond,Bassin aux nymphéas,1917–1919,100 × 200,музей,"Художественный музей Титю, Наосима","Chichu Art Museum, Naoshima",Япония,Japan,,цветная фотография,https://monet.1vasiliadi.com/img/1600/w1896.webp,https://commons.wikimedia.org/wiki/File:The_Water_Lily_Pond_(1917-1919)_Claude_Monet_-_Chichu_Art_Museum_(W1896).jpg,https://www.wikidata.org/wiki/Q56809235,https://monet.1vasiliadi.com/#w1896
1897,Пруд с кувшинками,The Water-Lily Pond,Le Bassin aux nymphéas,1917–1919,100 × 200,частная коллекция,,,,,Sotheby's 2004,цветная фотография,https://monet.1vasiliadi.com/img/1600/w1897.webp,https://commons.wikimedia.org/wiki/File:Water-Lily_Pond_Monet.jpg,https://www.wikidata.org/wiki/Q106729777,https://monet.1vasiliadi.com/#w1897
1898,Пруд с кувшинками,Water-Lily Pond,Le bassin aux nymphéas,1917–1919,100 × 200,частная коллекция,,,США,United States,Christie's 2023,цветная фотография,https://monet.1vasiliadi.com/img/1600/w1898.webp,https://commons.wikimedia.org/wiki/File:Claude_Monet_-_Le_bassin_aux_nymph%C3%A9as_(W1898).jpg,https://www.wikidata.org/wiki/Q136341517,https://monet.1vasiliadi.com/#w1898
1899,Пруд с кувшинками,Water-Lily Pond,Le Bassin aux nymphéas,1917–1919,100 × 200,музей,"Альбертина, Вена","Albertina, Vienna",Австрия,Austria,,цветная фотография,https://monet.1vasiliadi.com/img/1600/w1899.webp,https://commons.wikimedia.org/wiki/File:Claude_Monet_-_The_Water_Lily_Pond%2C_c._1917-19_-_Google_Art_Project.jpg,https://www.wikidata.org/wiki/Q18683932,https://monet.1vasiliadi.com/#w1899
1900,Пруд с кувшинками,The Water-Lily Pond,Le Bassin aux nymphéas,1917–1920,100 × 200,музей,"Национальный музей современного искусства, Сеул","National Museum of Modern and Contemporary Art, Seoul",Южная Корея,South Korea,Sotheby's 2001,цветная фотография,https://monet.1vasiliadi.com/img/1600/w1900.webp,https://commons.wikimedia.org/wiki/File:Le_Bassin_aux_nymph%C3%A9as_(1917-1919)_Claude_Monet_(W_1900).jpg,https://www.wikidata.org/wiki/Q135653073,https://monet.1vasiliadi.com/#w1900
1901,Пруд с кувшинками (левая часть),The Water-Lily Pond (left side),Le Bassin aux nymphéas découpé en 2 morceaux,1917–1920,100 × 70,неизвестно,,,,,,нет,,,,https://monet.1vasiliadi.com/#w1901
1901a,Пруд с кувшинками,The Water-Lily Pond,Nymphéas,1917–1920,46 × 56,частная коллекция,,,,,Sotheby's 2015,цветная фотография,https://monet.1vasiliadi.com/img/1600/w1901a.webp,https://commons.wikimedia.org/wiki/File:LE_BASSIN_AUX_NYMPH%C3%89AS_-_Claude_Monet_(c.1917-20%2C_Sotheby's).jpg,https://www.wikidata.org/wiki/Q136341519,https://monet.1vasiliadi.com/#w1901a
1901b,Пруд с кувшинками,The Water-Lily Pond,Le Bassin aux nymphéas,1917–1920,86 × 90,частная коллекция,,,,,,скан из каталога,https://monet.1vasiliadi.com/img/1600/w1901b.webp,https://commons.wikimedia.org/wiki/File:Monet_w1901b_the_water_lily_pond.jpg,https://www.wikidata.org/wiki/Q136341518,https://monet.1vasiliadi.com/#w1901b
1902,Кувшинки,Water Lilies,Nymphéas,1919–1920,100 × 300,музей,"Музей Мармоттан-Моне, Париж","Musée Marmottan Monet, Paris",Франция,France,,скан из каталога,https://monet.1vasiliadi.com/img/1600/w1902.webp,https://commons.wikimedia.org/wiki/File:Monet_w1902.jpg,https://www.wikidata.org/wiki/Q105099611,https://monet.1vasiliadi.com/#w1902
1903,Глициния,Wisteria,Glycines,1917–20,100 × 300,музей,"Музей Мармоттан-Моне, Париж","Musée Marmottan Monet, Paris",Франция,France,,цветная фотография,https://monet.1vasiliadi.com/img/1600/w1903.webp,https://commons.wikimedia.org/wiki/File:Claude_Monet_-_Glycines_W1903_-_Mus%C3%A9e_Marmottan-Monet.jpg,https://www.wikidata.org/wiki/Q105099615,https://monet.1vasiliadi.com/#w1903
1904,Глициния,Wisteria,,1917–20,100 × 300,музей,"Музей Мармоттан-Моне, Париж","Musée Marmottan Monet, Paris",Франция,France,,цветная фотография,https://monet.1vasiliadi.com/img/1600/w1904.webp,https://commons.wikimedia.org/wiki/File:Wisteria_by_Claude_Monet%2C_Mus%C3%A9e_Marmottan_Monet_5124.JPG,,https://monet.1vasiliadi.com/#w1904
1905,Глициния,Wisteria,Étude de Glycines,1917–20,100 × 200,музей,"Музей искусства и истории, Дрё","Musée d'Art et d'Histoire, Dreux",Франция,France,,цветная фотография,https://monet.1vasiliadi.com/img/1600/w1905.webp,https://commons.wikimedia.org/wiki/File:Dreux_%C3%A9tude_de_glycine_1919-1920_Claude_Monet_Eure-et-Loir_France.jpg,https://www.wikidata.org/wiki/Q61227583,https://monet.1vasiliadi.com/#w1905
1906,Глициния (левая половина),Wisteria (left half),,1917–19,150 × 200,частная коллекция,,,,,,скан из каталога,https://monet.1vasiliadi.com/img/1600/w1906.webp,https://commons.wikimedia.org/wiki/File:Monet_w1906.jpg,,https://monet.1vasiliadi.com/#w1906
1907,Глициния (правая половина),Wisteria (right half),,1917–19,150 × 200,частная коллекция,,,,,,скан из каталога,https://monet.1vasiliadi.com/img/1600/w1907.webp,https://commons.wikimedia.org/wiki/File:Monet_w1907.jpg,,https://monet.1vasiliadi.com/#w1907
1908,Глициния,Wisteria,,1919–20,150 × 200,музей,Художественный музей Гааги,Kunstmuseum Den Haag,Нидерланды,Netherlands,,цветная фотография,https://monet.1vasiliadi.com/img/1600/w1908.webp,https://commons.wikimedia.org/wiki/File:Claude_Monet_-_Wisteria_-_Google_Art_Project.jpg,https://www.wikidata.org/wiki/Q24046494,https://monet.1vasiliadi.com/#w1908
1909,Глициния,Wisteria,Glycines,1919–20,150 × 200,музей,"Мемориальный художественный музей Аллена, Оберлин","Allen Memorial Art Museum, Oberlin",США,United States,,цветная фотография,https://monet.1vasiliadi.com/img/1600/w1909.webp,https://commons.wikimedia.org/wiki/File:Monet_-_Wisteria_(Glycines)%2C_ca._1919-20.jpg,https://www.wikidata.org/wiki/Q67515679,https://monet.1vasiliadi.com/#w1909
1910,Глициния,Wisteria,Glycines,1918–24,150 × 200,частная коллекция,,,Италия,Italy,,скан из каталога,https://monet.1vasiliadi.com/img/1600/w1910.webp,https://commons.wikimedia.org/wiki/File:Monet_-_Wildenstein_1996%2C_1910.png,,https://monet.1vasiliadi.com/#w1910
1911,Японский мостик,The Japanese Bridge,Le pont japonais,1918–24,100 × 200,музей,"Музей Мармоттан-Моне, Париж","Musée Marmottan Monet, Paris",Франция,France,,скан из каталога,https://monet.1vasiliadi.com/img/1600/w1911.webp,https://commons.wikimedia.org/wiki/File:Monet_-_Wildenstein_1996%2C_1911.jpg,https://www.wikidata.org/wiki/Q105099584,https://monet.1vasiliadi.com/#w1911
1912,Японский мостик,The Japanese Bridge,Le Pont japonais,1918–24,100 × 200,частная коллекция,,,Франция,France,,скан из каталога,https://monet.1vasiliadi.com/img/1600/w1912.webp,https://commons.wikimedia.org/wiki/File:Monet_-_Wildenstein_1996%2C_1912.png,,https://monet.1vasiliadi.com/#w1912
1913,Японский мостик,The Japanese Bridge,Le Pont japonais,1918–24,100 × 200,музей,"Музей Мармоттан-Моне, Париж","Musée Marmottan Monet, Paris",Франция,France,,цветная фотография,https://monet.1vasiliadi.com/img/1600/w1913.webp,https://commons.wikimedia.org/wiki/File:Claude_Monet_-_Le_Pont_japonais_W1913_-_Mus%C3%A9e_Marmottan-Monet.jpg,https://www.wikidata.org/wiki/Q63952037,https://monet.1vasiliadi.com/#w1913
1914,Японский мостик,The Japanese Bridge,Le pont japonais,1918–24,74 × 92,музей,"Музей Мармоттан-Моне, Париж","Musée Marmottan Monet, Paris",Франция,France,,скан из каталога,https://monet.1vasiliadi.com/img/1600/w1914.webp,https://commons.wikimedia.org/wiki/File:Monet_w1914.jpg,https://www.wikidata.org/wiki/Q105099626,https://monet.1vasiliadi.com/#w1914
1915,Японский мостик,The Japanese Bridge,Le Pont japonais,1918–24,73 × 100,частная коллекция,,,,,Christie's 2016,цветная фотография,https://monet.1vasiliadi.com/img/1600/w1915.webp,https://commons.wikimedia.org/wiki/File:Le_Pont_japonais_(1918-1924)_Claude_Monet_(W_1915).jpg,,https://monet.1vasiliadi.com/#w1915
1916,Мостик над прудом с кувшинками,The Footbridge over the Water-Lily Pond,La passerelle sur le bassin aux nymphéas,1918–24,65 × 107,музей,Художественный музей Базеля,Kunstmuseum Basel,Швейцария,Switzerland,,цветная фотография,https://monet.1vasiliadi.com/img/1600/w1916.webp,https://commons.wikimedia.org/wiki/File:Monet_-_La_passerelle_sur_le_bassin_aux_nymph%C3%A9as%2C_1919.jpg,https://www.wikidata.org/wiki/Q94636838,https://monet.1vasiliadi.com/#w1916
1917,Японский мостик,The Japanese Bridge,Le Pont japonais,1918–24,73 × 107,частная коллекция,,,,,Christie's 2002,цветная фотография,https://monet.1vasiliadi.com/img/1600/w1917.webp,https://commons.wikimedia.org/wiki/File:Le_Pont_japonais_(1918-1924)_Claude_Monet_(W_1917).jpg,,https://monet.1vasiliadi.com/#w1917
1918,Японский мостик,The Japanese Bridge,Le Pont japonais,1918–24,89 × 92,частная коллекция,,,,,,скан из каталога,https://monet.1vasiliadi.com/img/1600/w1918.webp,https://commons.wikimedia.org/wiki/File:Monet_-_Wildenstein_1996%2C_1918.png,,https://monet.1vasiliadi.com/#w1918
1919,Японский мостик,The Japanese Bridge,"Le Pont japonais, sur le bassin aux nymphéas",1918–24,87 × 90,музей,Художественный музей Сан-Паулу,São Paulo Museum of Art,Бразилия,Brazil,,цветная фотография,https://monet.1vasiliadi.com/img/1600/w1919.webp,https://commons.wikimedia.org/wiki/File:Monet_-_Ponte_Japonesa.JPG,https://www.wikidata.org/wiki/Q49864671,https://monet.1vasiliadi.com/#w1919
1920,Японский мостик,The Japanese Bridge,Le Pont japonais,1918–24,80 × 92,музей,"Кунстхаус, Цюрих","Kunsthaus Zürich, Zurich",Швейцария,Switzerland,,цветная фотография,https://monet.1vasiliadi.com/img/1600/w1920.webp,https://commons.wikimedia.org/wiki/File:Le_pont_japonais_(1918%E2%80%931924)_Claude_Monet_-_collection_Hideaki_Fukutake_(W_1920).jpg,,https://monet.1vasiliadi.com/#w1920
1921,Японский мостик,The Japanese Bridge,Le pont japonais,1918–24,89 × 116,музей,"Фонд Бейелер, Рихен","Beyeler Foundation, Riehen",Швейцария,Switzerland,,цветная фотография,https://monet.1vasiliadi.com/img/1600/w1921.webp,https://commons.wikimedia.org/wiki/File:Claude_Monet_-_The_Japanese_Bridge_-_Google_Art_Project.jpg,https://www.wikidata.org/wiki/Q74425851,https://monet.1vasiliadi.com/#w1921
1921a,Японский мостик,The Japanese Bridge,Le Pont japonais,1917–20,89 × 116,музей,"Музей Ван Гога, Амстердам","Van Gogh Museum, Amsterdam",Нидерланды,Netherlands,Sotheby's 2014,цветная фотография,https://monet.1vasiliadi.com/img/1600/w1921a.webp,https://commons.wikimedia.org/wiki/File:Claude_Monet_-_The_Japanese_bridge_-_Google_Art_Project.jpg,https://www.wikidata.org/wiki/Q28797613,https://monet.1vasiliadi.com/#w1921a
1922,Японский мостик,The Japanese Bridge,Le Pont japonais,1918–24,,частная коллекция,,,,,Sotheby's 2005,скан из каталога,https://monet.1vasiliadi.com/img/1600/w1922.webp,https://commons.wikimedia.org/wiki/File:Monet_w1922.jpg,https://www.wikidata.org/wiki/Q26707964,https://monet.1vasiliadi.com/#w1922
1923,Японский мостик,The Japanese Bridge,Le pont japonais,1918–24,89 × 100,музей,"Музей Мармоттан-Моне, Париж","Musée Marmottan Monet, Paris",Франция,France,,скан из каталога,https://monet.1vasiliadi.com/img/1600/w1923.webp,https://commons.wikimedia.org/wiki/File:Monet_w1923.jpg,https://www.wikidata.org/wiki/Q105099594,https://monet.1vasiliadi.com/#w1923
1924,Японский мостик,The Japanese Bridge,Le pont japonais,1918–24,89 × 100,музей,"Музей Мармоттан-Моне, Париж","Musée Marmottan Monet, Paris",Франция,France,,скан из каталога,https://monet.1vasiliadi.com/img/1600/w1924.webp,https://commons.wikimedia.org/wiki/File:Monet_-_Wildenstein_1996%2C_1924.png,https://www.wikidata.org/wiki/Q105099593,https://monet.1vasiliadi.com/#w1924
1925,Японский мостик,The Japanese Bridge,Le pont japonais,1918–24,89 × 93,музей,"Музей изящных искусств, Хьюстон","Museum of Fine Arts, Houston",США,United States,,цветная фотография,https://monet.1vasiliadi.com/img/1600/w1925.webp,https://commons.wikimedia.org/wiki/File:Claude_Monet_-_The_Japanese_Footbridge%2C_Giverny_-_Google_Art_Project.jpg,https://www.wikidata.org/wiki/Q28042166,https://monet.1vasiliadi.com/#w1925
1926,Японский мостик,The Japanese Bridge,Le Pont japonais,1918–24,89 × 93,музей,"Художественный музей «Вилла Асахи в Ямадзаки», Оямадзаки","Asahi Group Oyamazaki Villa Museum of Art, Ōyamazaki",Япония,Japan,,скан из каталога,https://monet.1vasiliadi.com/img/1600/w1926.webp,https://commons.wikimedia.org/wiki/File:Monet_-_Wildenstein_1996%2C_1926.png,https://www.wikidata.org/wiki/Q95689722,https://monet.1vasiliadi.com/#w1926
1927,Японский мостик,The Japanese Bridge,Le pont japonais,1918–24,89 × 100,музей,"Музей Мармоттан-Моне, Париж","Musée Marmottan Monet, Paris",Франция,France,,скан из каталога,https://monet.1vasiliadi.com/img/1600/w1927.webp,https://commons.wikimedia.org/wiki/File:Monet_w1927.jpg,https://www.wikidata.org/wiki/Q105099596,https://monet.1vasiliadi.com/#w1927
1928,Японский мостик,The Japanese Bridge,Le pont japonais,1918–24,89 × 100,музей,"Музей Мармоттан-Моне, Париж","Musée Marmottan Monet, Paris",Франция,France,,скан из каталога,https://monet.1vasiliadi.com/img/1600/w1928.webp,https://commons.wikimedia.org/wiki/File:Monet_w1928.jpg,https://www.wikidata.org/wiki/Q105099595,https://monet.1vasiliadi.com/#w1928
1929,Японский мостик,The Japanese Bridge,Le Pont japonais,1918–24,89 × 93,частная коллекция,,,,,,скан из каталога,https://monet.1vasiliadi.com/img/1600/w1929.webp,https://commons.wikimedia.org/wiki/File:Monet_w1929.jpg,,https://monet.1vasiliadi.com/#w1929
1930,Японский мостик,The Japanese Bridge,Nymphéas et Pont japonais,1918–24,89 × 91,музей,Художественный музей Филадельфии,Philadelphia Museum of Art,США,United States,,цветная фотография,https://monet.1vasiliadi.com/img/1600/w1930.webp,https://commons.wikimedia.org/wiki/File:Monet_-_Nymph%C3%A9as%2C_Japanese_Bridge%2C_1918-1926%2C_1974-178-38.jpg,https://www.wikidata.org/wiki/Q20809477,https://monet.1vasiliadi.com/#w1930
1931,Японский мостик,The Japanese Bridge,Le Pont japonais,1918–24,89 × 116,музей,Институт искусств Миннеаполиса,Minneapolis Institute of Art,США,United States,,цветная фотография,https://monet.1vasiliadi.com/img/1600/w1931.webp,https://commons.wikimedia.org/wiki/File:Claude_Monet_-_The_Japanese_Bridge_-_61.36.15_-_Minneapolis_Institute_of_Arts.jpg,https://www.wikidata.org/wiki/Q20890879,https://monet.1vasiliadi.com/#w1931
1932,Японский мостик,The Japanese Bridge,Le Pont japonais,1920–22,89 × 116,музей,"Музей современного искусства (МоМА), Нью-Йорк","Museum of Modern Art, New York",США,United States,,цветная фотография,https://monet.1vasiliadi.com/img/1600/w1932.webp,https://commons.wikimedia.org/wiki/File:Claude_Monet_-_The_Japanese_Footbridge.jpg,https://www.wikidata.org/wiki/Q3795198,https://monet.1vasiliadi.com/#w1932
1933,Японский мостик,The Japanese Bridge,Le Pont japonais,1918–24,89 × 116,музей,"Музей Мармоттан-Моне, Париж","Musée Marmottan Monet, Paris",Франция,France,,цветная фотография,https://monet.1vasiliadi.com/img/1600/w1933.webp,https://commons.wikimedia.org/wiki/File:Claude_Monet_-_Le_Pont_japonais_W1933_-_Mus%C3%A9e_Marmottan-Monet.jpg,https://www.wikidata.org/wiki/Q63952042,https://monet.1vasiliadi.com/#w1933
1934,Аллея под розами,The Path under the Rose Trees,"L'Allée de rosiers, Giverny",1918–24,89 × 116,музей,"Музей Мармоттан-Моне, Париж","Musée Marmottan Monet, Paris",Франция,France,,цветная фотография,https://monet.1vasiliadi.com/img/1600/w1934.webp,https://commons.wikimedia.org/wiki/File:Monet-_Der_Rosenweg_in_Giverny.jpeg,https://www.wikidata.org/wiki/Q50415971,https://monet.1vasiliadi.com/#w1934
1935,Аллея под розами,The Path under the Rose Trees,L'Allée de rosiers,1918–24,100 × 100,частная коллекция,,,Швейцария,Switzerland,,скан из каталога,https://monet.1vasiliadi.com/img/1600/w1935.webp,https://commons.wikimedia.org/wiki/File:Monet_w1935.jpg,,https://monet.1vasiliadi.com/#w1935
1936,Аллея под арками из роз,The Path under the Rose Arches,,1918–24,89 × 100,частная коллекция,,,Швейцария,Switzerland,,скан из каталога,https://monet.1vasiliadi.com/img/1600/w1936.webp,https://commons.wikimedia.org/wiki/File:Monet_w1936.jpg,,https://monet.1vasiliadi.com/#w1936
1937,Аллея под розами,The Path under the Rose Trees,L'allée des rosiers,1918–24,90 × 92,музей,"Музей Мармоттан-Моне, Париж","Musée Marmottan Monet, Paris",Франция,France,,скан из каталога,https://monet.1vasiliadi.com/img/1600/w1937.webp,https://commons.wikimedia.org/wiki/File:Monet_-_Wildenstein_1996%2C_1937.png,https://www.wikidata.org/wiki/Q105099591,https://monet.1vasiliadi.com/#w1937
1938,Аллея под розами,The Path under the Rose Trees,L'allée des rosiers,1918–24,92 × 89,музей,"Музей Мармоттан-Моне, Париж","Musée Marmottan Monet, Paris",Франция,France,,цветная фотография,https://monet.1vasiliadi.com/img/1600/w1938.webp,https://commons.wikimedia.org/wiki/File:Path_under_the_Rose_Arches_by_Claude_Monet%2C_Mus%C3%A9e_Marmottan_Monet_5104.JPG,https://www.wikidata.org/wiki/Q105099604,https://monet.1vasiliadi.com/#w1938
1939,Аллея под розами,The Path under the Rose Trees,L'allée des rosiers,1920–22,81 × 100,музей,"Музей Мармоттан-Моне, Париж","Musée Marmottan Monet, Paris",Франция,France,,скан из каталога,https://monet.1vasiliadi.com/img/1600/w1939.webp,https://commons.wikimedia.org/wiki/File:Monet_w1939.jpg,https://www.wikidata.org/wiki/Q105099592,https://monet.1vasiliadi.com/#w1939
1940,Аллея под розами,The Path under the Rose Trees,L'Allée de rosiers,1920–22,73 × 105,частная коллекция,,,,,,скан из каталога,https://monet.1vasiliadi.com/img/1600/w1940.webp,https://commons.wikimedia.org/wiki/File:Monet_-_Wildenstein_1996%2C_1940.jpg,,https://monet.1vasiliadi.com/#w1940
1941,Плакучая ива,Weeping Willow,,1920–22,120 × 100,частная коллекция,,,,,,скан из каталога,https://monet.1vasiliadi.com/img/1600/w1941.webp,https://commons.wikimedia.org/wiki/File:Monet_-_Wildenstein_1996%2C_1941.png,,https://monet.1vasiliadi.com/#w1941
1942,Плакучая ива,Weeping Willow,Saule pleureur,1920–22,110 × 100,музей,"Музей Орсе, Париж","Musée d'Orsay, Paris",Франция,France,,цветная фотография,https://monet.1vasiliadi.com/img/1600/w1942.webp,https://commons.wikimedia.org/wiki/File:Monet_-_weeping-willow-giverny-1922.jpg,https://www.wikidata.org/wiki/Q17495596,https://monet.1vasiliadi.com/#w1942
1943,Плакучая ива,Weeping Willow,Saule pleureur,1920–22,116 × 89,музей,"Музей Мармоттан-Моне, Париж","Musée Marmottan Monet, Paris",Франция,France,,цветная фотография,https://monet.1vasiliadi.com/img/1600/w1943.webp,https://commons.wikimedia.org/wiki/File:Weeping_Willow_by_Claude_Monet%2C_Mus%C3%A9e_Marmottan_Monet_5107.JPG,https://www.wikidata.org/wiki/Q105099606,https://monet.1vasiliadi.com/#w1943
1944,Дом художника со стороны розария,The Artist's House Seen from the Rose Garden,La maison de l'artiste vue du jardin aux roses,1922–24,89 × 92,музей,"Музей Мармоттан-Моне, Париж","Musée Marmottan Monet, Paris",Франция,France,,цветная фотография,https://monet.1vasiliadi.com/img/1600/w1944.webp,https://commons.wikimedia.org/wiki/File:The_Artist's_House_Seen_from_the_Rose_Garden_by_Claude_Monet_5108.JPG,https://www.wikidata.org/wiki/Q105099607,https://monet.1vasiliadi.com/#w1944
1945,Дом художника. Вид из розария,"The Artist's House, View from the Rose Garden",La maison vue du jardin aux roses,1922–24,81 × 93,музей,"Музей Мармоттан-Моне, Париж","Musée Marmottan Monet, Paris",Франция,France,,цветная фотография,https://monet.1vasiliadi.com/img/1600/w1945.webp,https://commons.wikimedia.org/wiki/File:The_Artist's_House_Seen_from_the_Rose_Garden_by_Claude_Monet_5087.JPG,https://www.wikidata.org/wiki/Q105099590,https://monet.1vasiliadi.com/#w1945
1946,Дом со стороны розария,The House Seen from the Rose Garden,La maison vue du jardin aux roses,1922–24,81 × 92,музей,"Музей Мармоттан-Моне, Париж","Musée Marmottan Monet, Paris",Франция,France,,скан из каталога,https://monet.1vasiliadi.com/img/1600/w1946.webp,https://commons.wikimedia.org/wiki/File:Monet_w1946.jpg,https://www.wikidata.org/wiki/Q105099589,https://monet.1vasiliadi.com/#w1946
1947,Дом со стороны розария,The House Seen from the Rose Garden,La maison vue du jardin aux roses,1922–24,89 × 100,музей,"Музей Мармоттан-Моне, Париж","Musée Marmottan Monet, Paris",Франция,France,,скан из каталога,https://monet.1vasiliadi.com/img/1600/w1947.webp,https://commons.wikimedia.org/wiki/File:Monet_w1947.jpg,https://www.wikidata.org/wiki/Q105099603,https://monet.1vasiliadi.com/#w1947
1948,Дом со стороны розария,The House Seen from the Rose Garden,La Maison vue du jardin aux roses,1922–24,89 × 91,частная коллекция,,,Швейцария,Switzerland,,скан из каталога,https://monet.1vasiliadi.com/img/1600/w1948.webp,https://commons.wikimedia.org/wiki/File:Monet_-_Wildenstein_1996%2C_1948.png,,https://monet.1vasiliadi.com/#w1948
1949,Дом со стороны розария,The House Seen from the Rose Garden,La Maison vue du jardin aux roses,1922–24,100 × 74,частная коллекция,,,Швейцария,Switzerland,,цветная фотография,https://monet.1vasiliadi.com/img/1600/w1949.webp,https://commons.wikimedia.org/wiki/File:Monet_-_the-house-seen-from-the-rose-garden-1924.jpg,,https://monet.1vasiliadi.com/#w1949
1950,Дом со стороны розария,The House Seen from the Rose Garden,La Maison vue du jardin aux roses,1922–24,93 × 81,частная коллекция,,,Швейцария,Switzerland,,скан из каталога,https://monet.1vasiliadi.com/img/1600/w1950.webp,https://commons.wikimedia.org/wiki/File:Monet_-_Wildenstein_1996%2C_1950.png,,https://monet.1vasiliadi.com/#w1950
1951,Дом со стороны розария,The House Seen from the Rose Garden,La Maison vue du jardin aux roses,1922–24,100 × 89,частная коллекция,,,,,,скан из каталога,https://monet.1vasiliadi.com/img/1600/w1951.webp,https://commons.wikimedia.org/wiki/File:Monet_-_Wildenstein_1996%2C_1951.png,,https://monet.1vasiliadi.com/#w1951
1952,Сад в Живерни,The Garden at Giverny,Le jardin à Giverny,1922–24,93 × 74,музей,"Музей Мармоттан-Моне, Париж","Musée Marmottan Monet, Paris",Франция,France,,цветная фотография,https://monet.1vasiliadi.com/img/1600/w1952.webp,https://commons.wikimedia.org/wiki/File:Monet_-_the-garden-at-giverny-1924.jpg,https://www.wikidata.org/wiki/Q105099602,https://monet.1vasiliadi.com/#w1952
1953,Дом среди роз,The House amongst the Roses,La Maison dans les roses,1925,89 × 100,частная коллекция,,,Япония,Japan,,цветная фотография,https://monet.1vasiliadi.com/img/1600/w1953.webp,https://commons.wikimedia.org/wiki/File:La_maison_dans_les_roses_(1925)_Claude_Monet_(W1953).jpg,,https://monet.1vasiliadi.com/#w1953
1954,Дом среди роз,The House amongst the Roses,La Maison dans les roses,1925,73 × 93,частная коллекция,,,,,,скан из каталога,https://monet.1vasiliadi.com/img/1600/w1954.webp,https://commons.wikimedia.org/wiki/File:Monet_w1954.jpg,,https://monet.1vasiliadi.com/#w1954
1955,Дом среди роз,The House amongst the Roses,,1925,59 × 72,частная коллекция,,,,,,скан из каталога,https://monet.1vasiliadi.com/img/1600/w1955.webp,https://commons.wikimedia.org/wiki/File:Monet_w1955.jpg,,https://monet.1vasiliadi.com/#w1955
1956,Дом среди роз,The House amongst the Roses,La Maison dans les roses,1925,91 × 89,музей,"Альбертина, Вена","Albertina, Vienna",Австрия,Austria,,цветная фотография,https://monet.1vasiliadi.com/img/1600/w1956.webp,https://commons.wikimedia.org/wiki/File:Monet_-_Das_Haus_in_den_Rosen.jpeg,https://www.wikidata.org/wiki/Q50377086,https://monet.1vasiliadi.com/#w1956
1957,Дом среди роз,The House among the Roses,,1925,92 × 73,музей,"Музей Тиссена-Борнемисы, Мадрид","Thyssen-Bornemisza Museum, Madrid",Испания,Spain,,цветная фотография,https://monet.1vasiliadi.com/img/1600/w1957.webp,https://commons.wikimedia.org/wiki/File:Claude_Monet_-_House_among_the_Roses%2C_the_(1925).jpg,https://www.wikidata.org/wiki/Q21712160,https://monet.1vasiliadi.com/#w1957
1958,Дом среди роз,The House among Roses,La Maison dans les roses,1925–26,92 × 73,частная коллекция,,,,,Christie's 2012,цветная фотография,https://monet.1vasiliadi.com/img/1600/w1958.webp,https://commons.wikimedia.org/wiki/File:La_maison_dans_les_roses_(1925)_Claude_Monet_(W1958).jpg,,https://monet.1vasiliadi.com/#w1958
1959,"Дом, увиденный сквозь розы",The House Seen through the Roses,La Maison à travers les roses,1925–26,66 × 82,музей,"Городской музей (Стеделейк), Амстердам","Stedelijk Museum, Amsterdam",Нидерланды,Netherlands,,цветная фотография,https://monet.1vasiliadi.com/img/1600/w1959.webp,https://commons.wikimedia.org/wiki/File:Monet_-_La_maison_%C3%A0_travers_les_roses%2C_1925-1926.jpg,https://www.wikidata.org/wiki/Q24058801,https://monet.1vasiliadi.com/#w1959
1960,Дом сквозь розы,The House through the Roses,La Maison à travers les roses,1925–26,62 × 80,частная коллекция,,,,,,цветная фотография,https://monet.1vasiliadi.com/img/1600/w1960.webp,https://commons.wikimedia.org/wiki/File:La_Maison_%C3%A0_travers_les_roses_(c.1925-26)_Claude_Monet_(W1960).jpg,,https://monet.1vasiliadi.com/#w1960
1961,Дом сквозь розы,The House through the Roses,La Maison à travers les roses,1925–26,73 × 91,частная коллекция,,,,,,скан из каталога,https://monet.1vasiliadi.com/img/1600/w1961.webp,https://commons.wikimedia.org/wiki/File:Monet_w1961.jpg,,https://monet.1vasiliadi.com/#w1961
1962,"Дом, увиденный сквозь розы",The House Seen through the Roses,,1925–26,55 × 92,частная коллекция,,,,,,скан из каталога,https://monet.1vasiliadi.com/img/1600/w1962.webp,https://commons.wikimedia.org/wiki/File:Monet_-_Wildenstein_1996%2C_1962.png,,https://monet.1vasiliadi.com/#w1962
1963,Розовый куст,The Rose Bush,Les roses,1925–26,130 × 200,музей,"Музей Мармоттан-Моне, Париж","Musée Marmottan Monet, Paris",Франция,France,,цветная фотография,https://monet.1vasiliadi.com/img/1600/w1963.webp,https://commons.wikimedia.org/wiki/File:Roses_by_Claude_Monet%2C_1925-26%2C_Mus%C3%A9e_Marmottan_Monet.JPG,https://www.wikidata.org/wiki/Q105099599,https://monet.1vasiliadi.com/#w1963
1964,Пруд с кувшинками. Вечер (левая панель),"Water-Lily Pond, Evening (left panel)","Le Bassin aux nymphéas, le soir diptyche",1920–1926,200 × 300,музей,"Кунстхаус, Цюрих",Kunsthaus Zurich,Швейцария,Switzerland,,скан из каталога,https://monet.1vasiliadi.com/img/1600/w1964.webp,https://commons.wikimedia.org/wiki/File:Monet_-_Wildenstein_1996%2C_1964-1965.png,,https://monet.1vasiliadi.com/#w1964
1965,"Пруд с кувшинками, вечер","The Water-Lily Pond, Evening","Le Bassin aux nymphéas, le soir",1918,200 × 600,музей,"Кунстхаус, Цюрих","Kunsthaus Zürich, Zurich",Швейцария,Switzerland,,цветная фотография,https://monet.1vasiliadi.com/img/1600/w1965.webp,https://commons.wikimedia.org/wiki/File:Claude_Monet_-_Le_Bassin_aux_nymph%C3%A9as%2C_le_soir_-_1952-0064_-_Kunsthaus_Z%C3%BCrich.jpg,https://www.wikidata.org/wiki/Q124250959,https://monet.1vasiliadi.com/#w1965
1966,Пруд с кувшинками (левая половина),Water-Lily Pond (left half),Le Bassin aux nymphéas diptyche,1920–1926,200 × 150,музей,"Художественный музей Титю, Наосима","Chichu Art Museum, Naoshima",Япония,Japan,,цветная фотография,https://monet.1vasiliadi.com/img/1600/w1966.webp,https://commons.wikimedia.org/wiki/File:Monet-Water-lily-pond-Chichu-museum.tif,,https://monet.1vasiliadi.com/#w1966
1967,Пруд с кувшинками (правая половина),Water-Lily Pond (right half),,1920–1926,200 × 150,музей,"Художественный музей Титю, Наосима","Chichu Art Museum, Naoshima",Япония,Japan,,цветная фотография,https://monet.1vasiliadi.com/img/1600/w1966.webp,https://commons.wikimedia.org/wiki/File:Monet-Water-lily-pond-Chichu-museum.tif,,https://monet.1vasiliadi.com/#w1967
1968,"Пруд с кувшинками (триптих, левая панель)","Water-Lily Pond (triptych, left panel)",Le Bassin aux nymphéas triptyche,1920–1926,200 × 300,музей,"Фонд Бейелер, Базель","Beyeler Foundation, Basel",Швейцария,Switzerland,,скан из каталога,https://monet.1vasiliadi.com/img/1600/w1968.webp,https://commons.wikimedia.org/wiki/File:Monet_-_Wildenstein_1996%2C_1968.jpg,,https://monet.1vasiliadi.com/#w1968
1969,"Пруд с кувшинками (триптих, центральная панель)","Water-Lily Pond (triptych, center panel)",,1920–1926,200 × 300,музей,"Фонд Бейелер, Базель","Beyeler Foundation, Basel",Швейцария,Switzerland,,скан из каталога,https://monet.1vasiliadi.com/img/1600/w1969.webp,https://commons.wikimedia.org/wiki/File:Monet_-_Wildenstein_1996%2C_1969.jpg,,https://monet.1vasiliadi.com/#w1969
1970,"Пруд с кувшинками (триптих, правая панель)","Water-Lily Pond (triptych, right panel)",,1920–1926,200 × 300,музей,"Фонд Бейелер, Базель","Beyeler Foundation, Basel",Швейцария,Switzerland,,скан из каталога,https://monet.1vasiliadi.com/img/1600/w1970.webp,https://commons.wikimedia.org/wiki/File:Monet_-_Wildenstein_1996%2C_1970.jpg,,https://monet.1vasiliadi.com/#w1970
1971,Отражения плакучей ивы в пруду с кувшинками,Reflections of the Weeping Willow on the Water-Lily Pond,"Le Bassin aux nympheas, reflets du saule (état primitif, partiellement brûlé pendant la 2e Guerre Mondiale)",1920–26,200 × 425,музей,"Национальный музей западного искусства, Токио","National Museum of Western Art, Tokyo",Япония,Japan,,цветная фотография,https://monet.1vasiliadi.com/img/1600/w1971.webp,https://commons.wikimedia.org/wiki/File:Water_Lilies%2C_Reflections_of_Weeping_Willows_(1916)_Claude_Monet_-_NMWA%2C_Tokyo_(W_1971).jpg,,https://monet.1vasiliadi.com/#w1971
1972,"Отражения облаков в пруду с кувшинками (триптих, левая часть)","Reflections of Clouds on the Water-Lily Pond (triptych, left panel)","Le Bassin aux Nymphéas, reflets de nuages triptyche",1920–1926,200 × 424,музей,"Музей современного искусства (МоМА), Нью-Йорк","Museum of Modern Art, New York",США,United States,,цветная фотография,https://monet.1vasiliadi.com/img/1600/w1972.webp,https://commons.wikimedia.org/wiki/File:Claude_Monet_-_Reflections_of_Clouds_on_the_Water-Lily_Pond.jpg,,https://monet.1vasiliadi.com/#w1972
1973,"Отражения облаков в пруду с кувшинками (триптих, центральная часть)","Reflections of Clouds on the Water-Lily Pond (triptych, center panel)",,1920–1926,200 × 424,музей,"Музей современного искусства (МоМА), Нью-Йорк","Museum of Modern Art, New York",США,United States,,цветная фотография,https://monet.1vasiliadi.com/img/1600/w1972.webp,https://commons.wikimedia.org/wiki/File:Claude_Monet_-_Reflections_of_Clouds_on_the_Water-Lily_Pond.jpg,,https://monet.1vasiliadi.com/#w1973
1974,"Отражения облаков в пруду с кувшинками (триптих, правая часть)","Reflections of Clouds on the Water-Lily Pond (triptych, right panel)",,1920–1926,200 × 424,музей,"Музей современного искусства (МоМА), Нью-Йорк","Museum of Modern Art, New York",США,United States,,цветная фотография,https://monet.1vasiliadi.com/img/1600/w1972.webp,https://commons.wikimedia.org/wiki/File:Claude_Monet_-_Reflections_of_Clouds_on_the_Water-Lily_Pond.jpg,,https://monet.1vasiliadi.com/#w1974
1975,Кувшинки. Агапантусы (левая панель),"Water Lilies, Agapanthus (left panel)",Nénuphars (Agapanthus),1920–1926,200 × 425,музей,Художественный музей Кливленда,Cleveland Museum of Art,США,United States,,цветная фотография,https://monet.1vasiliadi.com/img/1600/w1975.webp,https://commons.wikimedia.org/wiki/File:Water_Lilies_(Agapanthus)%2C_by_Claude_Monet%2C_Cleveland_Museum_of_Art%2C_1960.81.jpg,https://www.wikidata.org/wiki/Q60465880,https://monet.1vasiliadi.com/#w1975
1976,Кувшинки. Агапантусы (центральная панель),"Water Lilies, Agapanthus (center panel)",,1920–1926,200 × 425,музей,Художественный музей Сент-Луиса,Saint Louis Art Museum,США,United States,,скан из каталога,https://monet.1vasiliadi.com/img/1600/w1976.webp,https://commons.wikimedia.org/wiki/File:Monet_w1976.jpg,https://www.wikidata.org/wiki/Q78749603,https://monet.1vasiliadi.com/#w1976
1977,Кувшинки. Агапантусы (правая панель),"Water Lilies, Agapanthus (right panel)",Nymphéas,1920–1926,200 × 425,музей,"Художественный музей Нельсона-Аткинса, Канзас-Сити","Nelson-Atkins Museum of Art, Kansas City",США,United States,,цветная фотография,https://monet.1vasiliadi.com/img/1600/w1977.webp,https://commons.wikimedia.org/wiki/File:Claude_Monet_-_Water_Lilies_-_Google_Art_Project_(431238).jpg,https://www.wikidata.org/wiki/Q28796931,https://monet.1vasiliadi.com/#w1977
1978,Кувшинки,Water-Lilies,Nymphéas,1920–1926,200 × 427,музей,"Лондонская национальная галерея, Лондон","National Gallery, London",Великобритания,United Kingdom,,цветная фотография,https://monet.1vasiliadi.com/img/1600/w1978.webp,https://commons.wikimedia.org/wiki/File:Claude_Monet_044.jpg,https://www.wikidata.org/wiki/Q26492648,https://monet.1vasiliadi.com/#w1978
1979,Пруд с кувшинками. Зелёные отражения,"The Water-Lily Pond, Green Reflections","Le Bassin aux nymphéas, reflets verts",1920–1926,200 × 425,музей,"Кунстхаус, Цюрих",Kunsthaus Zurich,Швейцария,Switzerland,,цветная фотография,https://monet.1vasiliadi.com/img/1600/w1979.webp,https://commons.wikimedia.org/wiki/File:Le_bassin_aux_nymphes%2C_reflects_verts_by_Claude_Monet.jpg,https://www.wikidata.org/wiki/Q64174089,https://monet.1vasiliadi.com/#w1979
1980,Пруд с кувшинками и ирисами,Water-Lily Pond with Irises,Le Bassin aux nymphéas avec iris,1920–1926,200 × 600,музей,"Кунстхаус, Цюрих",Kunsthaus Zurich,Швейцария,Switzerland,,цветная фотография,https://monet.1vasiliadi.com/img/1600/w1980.webp,https://commons.wikimedia.org/wiki/File:Le_Bassin_aux_nymph%C3%A9as_avec_iris_1914-1922_Claude_Monet_(W1980)_Kunsthaus_Zurich.jpg,https://www.wikidata.org/wiki/Q124250958,https://monet.1vasiliadi.com/#w1980
1981,Кувшинки,Water Lilies,Le Bassin aux nymphéas,1920–1926,200 × 600,музей,"Музей современного искусства (МоМА), Нью-Йорк","Museum of Modern Art, New York",США,United States,,цветная фотография,https://monet.1vasiliadi.com/img/1600/w1981.webp,https://commons.wikimedia.org/wiki/File:Monet_-_Water_Lilies%2C_1914-26%2C_712.1959.jpg,https://www.wikidata.org/wiki/Q19883730,https://monet.1vasiliadi.com/#w1981
1982,Пруд с кувшинками,Water-Lily Pond,Le Bassin aux nymphéas,1920–1926,200 × 602,уничтожена,"Музей современного искусства (МоМА), Нью-Йорк","Museum of Modern Art, New York",США,United States,,скан из каталога,https://monet.1vasiliadi.com/img/1600/w1982.webp,https://commons.wikimedia.org/wiki/File:Monet_-_Wildenstein_1996%2C_1982.png,https://www.wikidata.org/wiki/Q102422380,https://monet.1vasiliadi.com/#w1982
1983,Пруд с кувшинками,Water-Lily Pond,Le Bassin aux nymphéas,1920–1926,200 × 600,музей,"Музеи Карнеги, Питтсбург",Carnegie Museums of Pittsburgh,США,United States,,цветная фотография,https://monet.1vasiliadi.com/img/1600/w1983.webp,https://commons.wikimedia.org/wiki/File:Claude_Monet_-_Nymph%C3%A9as_-_Carnegie_Museum_of_Art%2C_Pittsburgh%2C_2019-12-11.jpg,https://www.wikidata.org/wiki/Q42882593,https://monet.1vasiliadi.com/#w1983
,Портрет Базиля,Portrait of Bazille,,1864,40.5 × 31.5,музей,Музей Фабра,Musée Fabre,Франция,France,,цветная фотография,https://monet.1vasiliadi.com/img/1600/x661b330ef0.webp,https://commons.wikimedia.org/wiki/File:Bazille%2C_Fr%C3%A9d%C3%A9ric_-_Self_Portrait_at_Saint-Sauveur.jpeg,https://www.wikidata.org/wiki/Q95730067,https://monet.1vasiliadi.com/#x661b330ef0
,Две женщины в саду,Two Women in a Garden,Deux femmes dans un jardin,1872,51 × 66,музей,Музей искусств округа Лос-Анджелес,Los Angeles County Museum of Art,США,United States,,цветная фотография,https://monet.1vasiliadi.com/img/1600/xd18d5ad0d9.webp,https://commons.wikimedia.org/wiki/File:Claude_Monet_-_Madame_Monet_dans_un_jardin_(1872).jpg,https://www.wikidata.org/wiki/Q20882133,https://monet.1vasiliadi.com/#xd18d5ad0d9
,Фруктовый сад,The Orchard,,1874,59 × 80,частная коллекция,,,,,,скан из каталога,https://monet.1vasiliadi.com/img/1600/xffda54f869.webp,https://commons.wikimedia.org/wiki/File:Monet_w310.jpg,,https://monet.1vasiliadi.com/#xffda54f869
,Берега Сены в Аржантёе,Banks of the Seine at Argenteuil,Bords de la Seine à Argenteuil,1875,,частная коллекция,,,,,,цветная фотография,https://monet.1vasiliadi.com/img/1600/x1a40e7781d.webp,https://commons.wikimedia.org/wiki/File:Bords_de_la_Seine_a_Argenteuil_-_Monet.jpg,,https://monet.1vasiliadi.com/#x1a40e7781d
,"Въезд на Гранд-Рю в Аржантёе, зима","Entrance to the Grande Rue at Argenteuil, Winter","L'Entrée de la Grande Rue à Argenteuil, l'hiver",1875,56.7 × 63.3,музей,"Музей изящных искусств, Лион",Museum of Fine Arts of Lyon,Франция,France,,цветная фотография,https://monet.1vasiliadi.com/img/1600/x3a93ae1a1e.webp,https://commons.wikimedia.org/wiki/File:L'Entr%C3%A9e_de_la_Grande_Rue_%C3%A0_Argenteuil%2C_l'hiver%2C_par_Claude_Monet.jpg,https://www.wikidata.org/wiki/Q137324041,https://monet.1vasiliadi.com/#x3a93ae1a1e
,Берега Сены на острове Гранд-Жатт,Banks of the Seine at La Grande Jatte,,1878,55 × 74,частная коллекция,,,,,,скан из каталога,https://monet.1vasiliadi.com/img/1600/x59a398fd72.webp,https://commons.wikimedia.org/wiki/File:Monet_-_Wildenstein_1996%2C_460.png,,https://monet.1vasiliadi.com/#x59a398fd72
,На скале близ Фекана,On the Cliff near Fécamp,Sur la falaise près de Fécamp,1881,65 × 81,неизвестно,,,,,,цветная фотография,https://monet.1vasiliadi.com/img/1600/xb8f23a5645.webp,https://commons.wikimedia.org/wiki/File:Sur_la_falaise_pr%C3%A8s_de_F%C3%A9camp.png,https://www.wikidata.org/wiki/Q136515336,https://monet.1vasiliadi.com/#xb8f23a5645
,Сельский пейзаж с деревьями,Countryside landscape with trees,,1882,57 × 68,музей,"Национальный музей, Варшава",National Museum in Warsaw,Польша,Poland,,цветная фотография,https://monet.1vasiliadi.com/img/1600/xb8b90f4d28.webp,https://commons.wikimedia.org/wiki/File:Claude_Monet_-_Countryside_landscape_with_trees_-_M.Ob.2070_MNW_-_National_Museum_in_Warsaw.jpg,https://www.wikidata.org/wiki/Q104595258,https://monet.1vasiliadi.com/#xb8b90f4d28
,Дверь с махровыми цветами,Double-Flower Door,,1883,,музей,"Художественный музей Дэцзи, Нанкин","Deji Art Museum, Nanjing",Китай,China,,цветная фотография,https://monet.1vasiliadi.com/img/1600/x9d85545c78.webp,https://commons.wikimedia.org/wiki/File:%E5%85%8B%E5%8A%B3%E5%BE%B7%C2%B7%E8%8E%AB%E5%A5%88-%E5%8F%8C%E8%8A%B1%E9%97%A8-1883_-_54999245476.jpg,,https://monet.1vasiliadi.com/#x9d85545c78
,Этрета. Игла и Порт-д’Аваль,Étretat: The Needle and the Porte d'Aval,,1885,,неизвестно,,,,,,цветная фотография,https://monet.1vasiliadi.com/img/1600/x1ccd82d162.webp,https://commons.wikimedia.org/wiki/File:%C3%89tretat%2C_Falaise_d'Aval_(c._1885_)_Claude_Monet_(W_P_76).jpg,https://www.wikidata.org/wiki/Q140069752,https://monet.1vasiliadi.com/#x1ccd82d162
,Зима в Живерни,Winter at Giverny,Hiver à Giverny,1886,60 × 81.6,неизвестно,,,,,,цветная фотография,https://monet.1vasiliadi.com/img/1600/x6a1308ae3c.webp,https://commons.wikimedia.org/wiki/File:Claude_Monet_-_Hiver_%C3%A0_Giverny_(1886).jpg,https://www.wikidata.org/wiki/Q136956854,https://monet.1vasiliadi.com/#x6a1308ae3c
,"Сосны, мыс Антиб","Pins, cap d'Antibes",,1888,73.7 × 92.3,неизвестно,,,,,,цветная фотография,https://monet.1vasiliadi.com/img/1600/xe0f8cf4baf.webp,https://commons.wikimedia.org/wiki/File:Pins%2C_cap_d'Antibes_(1888)_Claude_Monet_(W_1190).jpg,https://www.wikidata.org/wiki/Q136511287,https://monet.1vasiliadi.com/#xe0f8cf4baf
,Цветы,Flowers,Fleurs,1890,91 × 48,музей,"Рейксмузеум, Амстердам","Rijksmuseum, Amsterdam",Нидерланды,Netherlands,,цветная фотография,https://monet.1vasiliadi.com/img/1600/xb4e78974e7.webp,https://commons.wikimedia.org/wiki/File:Bloemen_Rijksmuseum_SK-A-2933.jpeg,https://www.wikidata.org/wiki/Q17331228,https://monet.1vasiliadi.com/#xb4e78974e7
,Стог в лучах вечернего солнца,Haystack in the Evening Sun,,1891,38.5 × 52,музей,Фонд изящных искусств Гёсты Серлахиуса,Gösta Serlachius Fine Arts Foundation,Финляндия,Finland,,цветная фотография,https://monet.1vasiliadi.com/img/1600/x64234cd75d.webp,https://commons.wikimedia.org/wiki/File:Claude_Monet_-_Haystack_in_the_Evening_Sun_-_G%C3%B6sta_Serlachius_Fine_Arts_foundation.jpg,https://www.wikidata.org/wiki/Q63876550,https://monet.1vasiliadi.com/#x64234cd75d
,"Тополя, розовый эффект","Poplars, Pink Effect",,1891,,музей,"Художественный музей Далласа, Даллас","Dallas Museum of Art, Dallas",США,United States,,цветная фотография,https://monet.1vasiliadi.com/img/1600/x894e9cbdef.webp,https://commons.wikimedia.org/wiki/File:Claude_Monet_-_Poplars%2C_Pink_Effect_-_2019.67.14.McD_-_Dallas_Museum_of_Art.jpg,https://www.wikidata.org/wiki/Q79139231,https://monet.1vasiliadi.com/#x894e9cbdef
,"Арки из роз, Живерни","The Rose Arches, Giverny","Les arceaux de roses, Giverny",1912,46 × 38,музей,"Музей Мармоттан-Моне, Париж","Musée Marmottan Monet, Paris",Франция,France,,цветная фотография,https://monet.1vasiliadi.com/img/1600/xeebb7e80ea.webp,https://commons.wikimedia.org/wiki/File:Les_Arceaux_de_roses%2C_Giverny_(1912-1913)%2C_Claude_Monet_-_Mus%C3%A9e_Marmottan_Monet.jpg,https://www.wikidata.org/wiki/Q105099574,https://monet.1vasiliadi.com/#xeebb7e80ea
,Кувшинки. Ясное утро с ивами,Clear Morning with Willows,Les Nymphéas : Matin clair aux saules,1914–1926,200 × 1275,музей,"Музей Оранжери, Париж","Musée de l'Orangerie, Paris",Франция,France,,цветная фотография,https://monet.1vasiliadi.com/img/1600/x3eaa8cce4e.webp,https://commons.wikimedia.org/wiki/File:Claude_Monet_-_The_Water_Lilies_-_Clear_Morning_with_Willows_-_Google_Art_Project.jpg,,https://monet.1vasiliadi.com/#x3eaa8cce4e
,Кувшинки. Зелёные отражения,Green Reflections,Les Nymphéas : Reflets verts,1914–1926,200 × 850,музей,"Музей Оранжери, Париж","Musée de l'Orangerie, Paris",Франция,France,,цветная фотография,https://monet.1vasiliadi.com/img/1600/x96d55b8eac.webp,https://commons.wikimedia.org/wiki/File:Claude_Monet_-_The_Water_Lilies_-_Green_Reflections_-_Google_Art_Project.jpg,,https://monet.1vasiliadi.com/#x96d55b8eac
,Кувшинки. Утро,Morning,Les Nymphéas : Matin,1914–1926,200 × 1275,музей,"Музей Оранжери, Париж","Musée de l'Orangerie, Paris",Франция,France,,цветная фотография,https://monet.1vasiliadi.com/img/1600/x57d79f11f5.webp,https://commons.wikimedia.org/wiki/File:Claude_Monet_-_The_Water_Lilies_-_Morning_-_Google_Art_Project.jpg,,https://monet.1vasiliadi.com/#x57d79f11f5
,Кувшинки. Утро с ивами,Morning with Willows,Les Nymphéas : Le Matin aux saules,1914–1926,200 × 1275,музей,"Музей Оранжери, Париж","Musée de l'Orangerie, Paris",Франция,France,,скан из каталога,https://monet.1vasiliadi.com/img/1600/xd4fa4f9f00.webp,https://commons.wikimedia.org/wiki/File:Monet_-_Wildenstein_1996%2C_2e_salle%2C_2.png,,https://monet.1vasiliadi.com/#xd4fa4f9f00
,Кувшинки. Закат,Sunset,Les Nymphéas : Soleil couchant,1914–1926,200 × 600,музей,"Музей Оранжери, Париж","Musée de l'Orangerie, Paris",Франция,France,,цветная фотография,https://monet.1vasiliadi.com/img/1600/xcd5591ca79.webp,https://commons.wikimedia.org/wiki/File:Claude_Monet_-_The_Water_Lilies_-_Setting_Sun_-_Google_Art_Project.jpg,,https://monet.1vasiliadi.com/#xcd5591ca79
,Кувшинки. Облака,The Clouds,Les Nymphéas : Les Nuages,1914–1926,200 × 1275,музей,"Музей Оранжери, Париж","Musée de l'Orangerie, Paris",Франция,France,,цветная фотография,https://monet.1vasiliadi.com/img/1600/xc91ce251db.webp,https://commons.wikimedia.org/wiki/File:Claude_Monet_-_The_Water_Lilies_-_The_Clouds_-_Google_Art_Project.jpg,,https://monet.1vasiliadi.com/#xc91ce251db
,Кувшинки. Две ивы,The Two Willows,Les Nymphéas : Les Deux Saules,1914–1926,200 × 1700,музей,"Музей Оранжери, Париж","Musée de l'Orangerie, Paris",Франция,France,,цветная фотография,https://monet.1vasiliadi.com/img/1600/x84fc64d2bf.webp,https://commons.wikimedia.org/wiki/File:Claude_Monet_-_The_Water_Lilies_-_The_Two_Willows_-_Google_Art_Project.jpg,,https://monet.1vasiliadi.com/#x84fc64d2bf
,Кувшинки. Отражения деревьев,Tree Reflections,Les Nymphéas : Reflets d’arbres,1914–1926,200 × 850,музей,"Музей Оранжери, Париж","Musée de l'Orangerie, Paris",Франция,France,,цветная фотография,https://monet.1vasiliadi.com/img/1600/x04a62693f7.webp,https://commons.wikimedia.org/wiki/File:Claude_Monet_-_The_Water_Lilies_-_Tree_Reflections_-_Google_Art_Project.jpg,,https://monet.1vasiliadi.com/#x04a62693f7
,Японский мостик,The Japanese Bridge,Le pont japonais (Japanese Bridge),1921,111.5 × 100.5,музей,Художественная галерея Окленда,Auckland Art Gallery,Новая Зеландия,New Zealand,,цветная фотография,https://monet.1vasiliadi.com/img/1600/x3cb65478e7.webp,https://commons.wikimedia.org/wiki/File:Claude_Monet_-_Le_pont_japonais_(Japanese_Bridge)_-_L2016-18-1_-_Auckland_Art_Gallery.jpg,https://www.wikidata.org/wiki/Q27883272,https://monet.1vasiliadi.com/#x3cb65478e7
,Пейзаж,Landscape,Paysage,,21.8 × 33.6,музей,"Музей Сумайя, Пласа-Карсо",Museo Soumaya Plaza Carso,Мексика,Mexico,,цветная фотография,https://monet.1vasiliadi.com/img/1600/x2bfdcb8e68.webp,https://commons.wikimedia.org/wiki/File:7154_Paisaje.jpg,https://www.wikidata.org/wiki/Q123776454,https://monet.1vasiliadi.com/#x2bfdcb8e68
,Сена в Пти-Женвилье,The Seine at Petit Gennevilliers,,,,неизвестно,,,,,,цветная фотография,https://monet.1vasiliadi.com/img/1600/x7fce040cfc.webp,https://commons.wikimedia.org/wiki/File:Claude_Monet_The_Seine_at_Petit_Gennevilliers.jpg,https://www.wikidata.org/wiki/Q110620199,https://monet.1vasiliadi.com/#x7fce040cfc
